ISO-10303-21;
HEADER;
/* Generated by software containing ST-Developer
 * from STEP Tools, Inc. (www.steptools.com) 
 */
/* OPTION: using custom renumber hook */

FILE_DESCRIPTION(
/* description */ ('STEP AP242',
'CAx-IF Rec.Pracs.---Representation and Presentation of Product Manufa
cturing Information (PMI)---4.0---2014-10-13',
'CAx-IF Rec.Pracs.---3D Tessellated Geometry---0.4---2014-09-14','2;1'),

/* implementation_level */ '2;1');

FILE_NAME(
/* name */ 'CES-104-01-T-S',
/* time_stamp */ '2026-09-07T21:02:25+02:00',
/* author */ ('License CC BY-ND 4.0'),
/* organization */ ('CADENAS'),
/* preprocessor_version */ 'ST-DEVELOPER v20',
/* originating_system */ 'PARTsolutions',
/* authorisation */ '  ');

FILE_SCHEMA (('AP242_MANAGED_MODEL_BASED_3D_ENGINEERING_MIM_LF { 1 0 10303 442 1 1 4 }'));
ENDSEC;

DATA;
#10=CIRCLE('',#3213,0.015);
#11=CIRCLE('',#3214,0.015);
#12=CIRCLE('',#3216,0.015);
#13=CIRCLE('',#3217,0.015);
#14=CIRCLE('',#3219,0.015);
#15=CIRCLE('',#3220,0.015);
#16=CIRCLE('',#3222,0.015);
#17=CIRCLE('',#3223,0.015);
#18=CIRCLE('',#3237,0.005);
#19=CIRCLE('',#3238,0.005);
#20=CIRCLE('',#3240,0.005);
#21=CIRCLE('',#3241,0.005);
#22=CIRCLE('',#3243,0.005);
#23=CIRCLE('',#3244,0.005);
#24=CIRCLE('',#3246,0.005);
#25=CIRCLE('',#3247,0.005);
#26=CYLINDRICAL_SURFACE('',#3212,0.015);
#27=CYLINDRICAL_SURFACE('',#3215,0.015);
#28=CYLINDRICAL_SURFACE('',#3218,0.015);
#29=CYLINDRICAL_SURFACE('',#3221,0.015);
#30=CYLINDRICAL_SURFACE('',#3236,0.005);
#31=CYLINDRICAL_SURFACE('',#3239,0.005);
#32=CYLINDRICAL_SURFACE('',#3242,0.005);
#33=CYLINDRICAL_SURFACE('',#3245,0.005);
#34=CONTEXT_DEPENDENT_SHAPE_REPRESENTATION(#40,#4902);
#35=CONTEXT_DEPENDENT_SHAPE_REPRESENTATION(#41,#4904);
#36=CONTEXT_DEPENDENT_SHAPE_REPRESENTATION(#42,#4906);
#37=NEXT_ASSEMBLY_USAGE_OCCURRENCE('NAUO1','CES-104-01-S_socket',
'CES-104-01-S_socket',#4907,#4908,'');
#38=NEXT_ASSEMBLY_USAGE_OCCURRENCE('NAUO2','010401TS','010401TS',#4907,
#4909,'');
#39=NEXT_ASSEMBLY_USAGE_OCCURRENCE('NAUO3','010401TS2','010401TS2',#4907,
#4910,'');
#40=(
REPRESENTATION_RELATIONSHIP(' ',' ',#3082,#3081)
REPRESENTATION_RELATIONSHIP_WITH_TRANSFORMATION(#43)
SHAPE_REPRESENTATION_RELATIONSHIP()
);
#41=(
REPRESENTATION_RELATIONSHIP(' ',' ',#3083,#3081)
REPRESENTATION_RELATIONSHIP_WITH_TRANSFORMATION(#44)
SHAPE_REPRESENTATION_RELATIONSHIP()
);
#42=(
REPRESENTATION_RELATIONSHIP(' ',' ',#3084,#3081)
REPRESENTATION_RELATIONSHIP_WITH_TRANSFORMATION(#45)
SHAPE_REPRESENTATION_RELATIONSHIP()
);
#43=ITEM_DEFINED_TRANSFORMATION(' ',' ',#3085,#3176);
#44=ITEM_DEFINED_TRANSFORMATION(' ',' ',#3085,#3203);
#45=ITEM_DEFINED_TRANSFORMATION(' ',' ',#3085,#3262);
#46=SHAPE_REPRESENTATION_RELATIONSHIP('','',#3082,#49);
#47=SHAPE_REPRESENTATION_RELATIONSHIP('','',#3083,#50);
#48=SHAPE_REPRESENTATION_RELATIONSHIP('','',#3084,#51);
#49=ADVANCED_BREP_SHAPE_REPRESENTATION('',(#3074),#4887);
#50=ADVANCED_BREP_SHAPE_REPRESENTATION('',(#3075),#4888);
#51=ADVANCED_BREP_SHAPE_REPRESENTATION('',(#3076),#4889);
#52=ORIENTED_EDGE('',*,*,#892,.F.);
#53=ORIENTED_EDGE('',*,*,#893,.T.);
#54=ORIENTED_EDGE('',*,*,#894,.F.);
#55=ORIENTED_EDGE('',*,*,#895,.F.);
#56=ORIENTED_EDGE('',*,*,#896,.F.);
#57=ORIENTED_EDGE('',*,*,#897,.F.);
#58=ORIENTED_EDGE('',*,*,#898,.F.);
#59=ORIENTED_EDGE('',*,*,#899,.T.);
#60=ORIENTED_EDGE('',*,*,#900,.F.);
#61=ORIENTED_EDGE('',*,*,#901,.F.);
#62=ORIENTED_EDGE('',*,*,#902,.F.);
#63=ORIENTED_EDGE('',*,*,#903,.T.);
#64=ORIENTED_EDGE('',*,*,#904,.F.);
#65=ORIENTED_EDGE('',*,*,#905,.T.);
#66=ORIENTED_EDGE('',*,*,#906,.T.);
#67=ORIENTED_EDGE('',*,*,#907,.F.);
#68=ORIENTED_EDGE('',*,*,#908,.T.);
#69=ORIENTED_EDGE('',*,*,#909,.F.);
#70=ORIENTED_EDGE('',*,*,#910,.F.);
#71=ORIENTED_EDGE('',*,*,#911,.T.);
#72=ORIENTED_EDGE('',*,*,#912,.T.);
#73=ORIENTED_EDGE('',*,*,#913,.F.);
#74=ORIENTED_EDGE('',*,*,#914,.F.);
#75=ORIENTED_EDGE('',*,*,#915,.T.);
#76=ORIENTED_EDGE('',*,*,#916,.F.);
#77=ORIENTED_EDGE('',*,*,#892,.T.);
#78=ORIENTED_EDGE('',*,*,#917,.F.);
#79=ORIENTED_EDGE('',*,*,#918,.F.);
#80=ORIENTED_EDGE('',*,*,#919,.F.);
#81=ORIENTED_EDGE('',*,*,#920,.F.);
#82=ORIENTED_EDGE('',*,*,#921,.F.);
#83=ORIENTED_EDGE('',*,*,#898,.T.);
#84=ORIENTED_EDGE('',*,*,#922,.F.);
#85=ORIENTED_EDGE('',*,*,#923,.F.);
#86=ORIENTED_EDGE('',*,*,#924,.F.);
#87=ORIENTED_EDGE('',*,*,#902,.T.);
#88=ORIENTED_EDGE('',*,*,#925,.F.);
#89=ORIENTED_EDGE('',*,*,#926,.T.);
#90=ORIENTED_EDGE('',*,*,#927,.F.);
#91=ORIENTED_EDGE('',*,*,#906,.F.);
#92=ORIENTED_EDGE('',*,*,#928,.F.);
#93=ORIENTED_EDGE('',*,*,#908,.F.);
#94=ORIENTED_EDGE('',*,*,#929,.F.);
#95=ORIENTED_EDGE('',*,*,#930,.T.);
#96=ORIENTED_EDGE('',*,*,#931,.F.);
#97=ORIENTED_EDGE('',*,*,#912,.F.);
#98=ORIENTED_EDGE('',*,*,#932,.F.);
#99=ORIENTED_EDGE('',*,*,#933,.T.);
#100=ORIENTED_EDGE('',*,*,#934,.T.);
#101=ORIENTED_EDGE('',*,*,#935,.T.);
#102=ORIENTED_EDGE('',*,*,#904,.T.);
#103=ORIENTED_EDGE('',*,*,#936,.T.);
#104=ORIENTED_EDGE('',*,*,#937,.T.);
#105=ORIENTED_EDGE('',*,*,#938,.F.);
#106=ORIENTED_EDGE('',*,*,#939,.F.);
#107=ORIENTED_EDGE('',*,*,#940,.T.);
#108=ORIENTED_EDGE('',*,*,#910,.T.);
#109=ORIENTED_EDGE('',*,*,#941,.T.);
#110=ORIENTED_EDGE('',*,*,#942,.T.);
#111=ORIENTED_EDGE('',*,*,#943,.F.);
#112=ORIENTED_EDGE('',*,*,#944,.F.);
#113=ORIENTED_EDGE('',*,*,#945,.T.);
#114=ORIENTED_EDGE('',*,*,#946,.T.);
#115=ORIENTED_EDGE('',*,*,#947,.T.);
#116=ORIENTED_EDGE('',*,*,#914,.T.);
#117=ORIENTED_EDGE('',*,*,#948,.T.);
#118=ORIENTED_EDGE('',*,*,#949,.T.);
#119=ORIENTED_EDGE('',*,*,#950,.F.);
#120=ORIENTED_EDGE('',*,*,#951,.F.);
#121=ORIENTED_EDGE('',*,*,#952,.T.);
#122=ORIENTED_EDGE('',*,*,#953,.T.);
#123=ORIENTED_EDGE('',*,*,#954,.T.);
#124=ORIENTED_EDGE('',*,*,#955,.F.);
#125=ORIENTED_EDGE('',*,*,#956,.F.);
#126=ORIENTED_EDGE('',*,*,#957,.T.);
#127=ORIENTED_EDGE('',*,*,#958,.F.);
#128=ORIENTED_EDGE('',*,*,#959,.F.);
#129=ORIENTED_EDGE('',*,*,#960,.F.);
#130=ORIENTED_EDGE('',*,*,#961,.F.);
#131=ORIENTED_EDGE('',*,*,#962,.T.);
#132=ORIENTED_EDGE('',*,*,#963,.F.);
#133=ORIENTED_EDGE('',*,*,#964,.F.);
#134=ORIENTED_EDGE('',*,*,#900,.T.);
#135=ORIENTED_EDGE('',*,*,#965,.F.);
#136=ORIENTED_EDGE('',*,*,#966,.F.);
#137=ORIENTED_EDGE('',*,*,#967,.F.);
#138=ORIENTED_EDGE('',*,*,#968,.F.);
#139=ORIENTED_EDGE('',*,*,#969,.T.);
#140=ORIENTED_EDGE('',*,*,#970,.F.);
#141=ORIENTED_EDGE('',*,*,#971,.F.);
#142=ORIENTED_EDGE('',*,*,#896,.T.);
#143=ORIENTED_EDGE('',*,*,#972,.F.);
#144=ORIENTED_EDGE('',*,*,#973,.F.);
#145=ORIENTED_EDGE('',*,*,#974,.F.);
#146=ORIENTED_EDGE('',*,*,#975,.F.);
#147=ORIENTED_EDGE('',*,*,#976,.T.);
#148=ORIENTED_EDGE('',*,*,#977,.T.);
#149=ORIENTED_EDGE('',*,*,#978,.T.);
#150=ORIENTED_EDGE('',*,*,#979,.T.);
#151=ORIENTED_EDGE('',*,*,#980,.F.);
#152=ORIENTED_EDGE('',*,*,#981,.T.);
#153=ORIENTED_EDGE('',*,*,#982,.F.);
#154=ORIENTED_EDGE('',*,*,#983,.T.);
#155=ORIENTED_EDGE('',*,*,#984,.F.);
#156=ORIENTED_EDGE('',*,*,#957,.F.);
#157=ORIENTED_EDGE('',*,*,#985,.F.);
#158=ORIENTED_EDGE('',*,*,#986,.F.);
#159=ORIENTED_EDGE('',*,*,#987,.T.);
#160=ORIENTED_EDGE('',*,*,#988,.T.);
#161=ORIENTED_EDGE('',*,*,#989,.F.);
#162=ORIENTED_EDGE('',*,*,#990,.F.);
#163=ORIENTED_EDGE('',*,*,#991,.T.);
#164=ORIENTED_EDGE('',*,*,#990,.T.);
#165=ORIENTED_EDGE('',*,*,#992,.T.);
#166=ORIENTED_EDGE('',*,*,#993,.T.);
#167=ORIENTED_EDGE('',*,*,#994,.F.);
#168=ORIENTED_EDGE('',*,*,#995,.F.);
#169=ORIENTED_EDGE('',*,*,#996,.T.);
#170=ORIENTED_EDGE('',*,*,#997,.T.);
#171=ORIENTED_EDGE('',*,*,#998,.T.);
#172=ORIENTED_EDGE('',*,*,#894,.T.);
#173=ORIENTED_EDGE('',*,*,#999,.F.);
#174=ORIENTED_EDGE('',*,*,#1000,.F.);
#175=ORIENTED_EDGE('',*,*,#1001,.F.);
#176=ORIENTED_EDGE('',*,*,#1002,.F.);
#177=ORIENTED_EDGE('',*,*,#1003,.T.);
#178=ORIENTED_EDGE('',*,*,#1004,.F.);
#179=ORIENTED_EDGE('',*,*,#1005,.F.);
#180=ORIENTED_EDGE('',*,*,#1006,.T.);
#181=ORIENTED_EDGE('',*,*,#980,.T.);
#182=ORIENTED_EDGE('',*,*,#1007,.F.);
#183=ORIENTED_EDGE('',*,*,#1008,.T.);
#184=ORIENTED_EDGE('',*,*,#1002,.T.);
#185=ORIENTED_EDGE('',*,*,#1009,.T.);
#186=ORIENTED_EDGE('',*,*,#1010,.T.);
#187=ORIENTED_EDGE('',*,*,#1011,.T.);
#188=ORIENTED_EDGE('',*,*,#975,.T.);
#189=ORIENTED_EDGE('',*,*,#1012,.T.);
#190=ORIENTED_EDGE('',*,*,#1013,.T.);
#191=ORIENTED_EDGE('',*,*,#1014,.T.);
#192=ORIENTED_EDGE('',*,*,#968,.T.);
#193=ORIENTED_EDGE('',*,*,#1015,.T.);
#194=ORIENTED_EDGE('',*,*,#1016,.T.);
#195=ORIENTED_EDGE('',*,*,#1017,.T.);
#196=ORIENTED_EDGE('',*,*,#961,.T.);
#197=ORIENTED_EDGE('',*,*,#1018,.T.);
#198=ORIENTED_EDGE('',*,*,#1019,.T.);
#199=ORIENTED_EDGE('',*,*,#984,.T.);
#200=ORIENTED_EDGE('',*,*,#1020,.F.);
#201=ORIENTED_EDGE('',*,*,#1021,.T.);
#202=ORIENTED_EDGE('',*,*,#995,.T.);
#203=ORIENTED_EDGE('',*,*,#1022,.T.);
#204=ORIENTED_EDGE('',*,*,#1023,.T.);
#205=ORIENTED_EDGE('',*,*,#1024,.T.);
#206=ORIENTED_EDGE('',*,*,#951,.T.);
#207=ORIENTED_EDGE('',*,*,#1025,.T.);
#208=ORIENTED_EDGE('',*,*,#1026,.T.);
#209=ORIENTED_EDGE('',*,*,#1027,.T.);
#210=ORIENTED_EDGE('',*,*,#944,.T.);
#211=ORIENTED_EDGE('',*,*,#1028,.T.);
#212=ORIENTED_EDGE('',*,*,#1029,.T.);
#213=ORIENTED_EDGE('',*,*,#1030,.T.);
#214=ORIENTED_EDGE('',*,*,#939,.T.);
#215=ORIENTED_EDGE('',*,*,#1031,.T.);
#216=ORIENTED_EDGE('',*,*,#1032,.F.);
#217=ORIENTED_EDGE('',*,*,#1033,.F.);
#218=ORIENTED_EDGE('',*,*,#1034,.F.);
#219=ORIENTED_EDGE('',*,*,#1035,.F.);
#220=ORIENTED_EDGE('',*,*,#1036,.F.);
#221=ORIENTED_EDGE('',*,*,#1037,.F.);
#222=ORIENTED_EDGE('',*,*,#1038,.F.);
#223=ORIENTED_EDGE('',*,*,#1039,.F.);
#224=ORIENTED_EDGE('',*,*,#1040,.F.);
#225=ORIENTED_EDGE('',*,*,#1041,.F.);
#226=ORIENTED_EDGE('',*,*,#1042,.F.);
#227=ORIENTED_EDGE('',*,*,#1043,.F.);
#228=ORIENTED_EDGE('',*,*,#1044,.F.);
#229=ORIENTED_EDGE('',*,*,#1045,.F.);
#230=ORIENTED_EDGE('',*,*,#1046,.F.);
#231=ORIENTED_EDGE('',*,*,#1047,.F.);
#232=ORIENTED_EDGE('',*,*,#1048,.T.);
#233=ORIENTED_EDGE('',*,*,#1049,.T.);
#234=ORIENTED_EDGE('',*,*,#955,.T.);
#235=ORIENTED_EDGE('',*,*,#1050,.F.);
#236=ORIENTED_EDGE('',*,*,#1051,.F.);
#237=ORIENTED_EDGE('',*,*,#1052,.F.);
#238=ORIENTED_EDGE('',*,*,#966,.T.);
#239=ORIENTED_EDGE('',*,*,#1053,.F.);
#240=ORIENTED_EDGE('',*,*,#923,.T.);
#241=ORIENTED_EDGE('',*,*,#1054,.T.);
#242=ORIENTED_EDGE('',*,*,#963,.T.);
#243=ORIENTED_EDGE('',*,*,#1055,.F.);
#244=ORIENTED_EDGE('',*,*,#1056,.F.);
#245=ORIENTED_EDGE('',*,*,#1057,.F.);
#246=ORIENTED_EDGE('',*,*,#973,.T.);
#247=ORIENTED_EDGE('',*,*,#1058,.F.);
#248=ORIENTED_EDGE('',*,*,#920,.T.);
#249=ORIENTED_EDGE('',*,*,#1059,.T.);
#250=ORIENTED_EDGE('',*,*,#970,.T.);
#251=ORIENTED_EDGE('',*,*,#1060,.F.);
#252=ORIENTED_EDGE('',*,*,#1061,.F.);
#253=ORIENTED_EDGE('',*,*,#1062,.F.);
#254=ORIENTED_EDGE('',*,*,#1000,.T.);
#255=ORIENTED_EDGE('',*,*,#1063,.F.);
#256=ORIENTED_EDGE('',*,*,#918,.T.);
#257=ORIENTED_EDGE('',*,*,#1064,.T.);
#258=ORIENTED_EDGE('',*,*,#1004,.T.);
#259=ORIENTED_EDGE('',*,*,#1065,.F.);
#260=ORIENTED_EDGE('',*,*,#1066,.F.);
#261=ORIENTED_EDGE('',*,*,#978,.F.);
#262=ORIENTED_EDGE('',*,*,#1067,.F.);
#263=ORIENTED_EDGE('',*,*,#1068,.F.);
#264=ORIENTED_EDGE('',*,*,#937,.F.);
#265=ORIENTED_EDGE('',*,*,#1069,.T.);
#266=ORIENTED_EDGE('',*,*,#926,.F.);
#267=ORIENTED_EDGE('',*,*,#1070,.F.);
#268=ORIENTED_EDGE('',*,*,#934,.F.);
#269=ORIENTED_EDGE('',*,*,#1071,.F.);
#270=ORIENTED_EDGE('',*,*,#1072,.F.);
#271=ORIENTED_EDGE('',*,*,#1073,.F.);
#272=ORIENTED_EDGE('',*,*,#942,.F.);
#273=ORIENTED_EDGE('',*,*,#1074,.T.);
#274=ORIENTED_EDGE('',*,*,#930,.F.);
#275=ORIENTED_EDGE('',*,*,#1075,.F.);
#276=ORIENTED_EDGE('',*,*,#946,.F.);
#277=ORIENTED_EDGE('',*,*,#1076,.F.);
#278=ORIENTED_EDGE('',*,*,#1077,.F.);
#279=ORIENTED_EDGE('',*,*,#1078,.F.);
#280=ORIENTED_EDGE('',*,*,#949,.F.);
#281=ORIENTED_EDGE('',*,*,#1079,.T.);
#282=ORIENTED_EDGE('',*,*,#933,.F.);
#283=ORIENTED_EDGE('',*,*,#1080,.F.);
#284=ORIENTED_EDGE('',*,*,#953,.F.);
#285=ORIENTED_EDGE('',*,*,#1081,.F.);
#286=ORIENTED_EDGE('',*,*,#1082,.F.);
#287=ORIENTED_EDGE('',*,*,#1083,.F.);
#288=ORIENTED_EDGE('',*,*,#993,.F.);
#289=ORIENTED_EDGE('',*,*,#1084,.T.);
#290=ORIENTED_EDGE('',*,*,#1085,.F.);
#291=ORIENTED_EDGE('',*,*,#1086,.F.);
#292=ORIENTED_EDGE('',*,*,#997,.F.);
#293=ORIENTED_EDGE('',*,*,#1087,.F.);
#294=ORIENTED_EDGE('',*,*,#1088,.F.);
#295=ORIENTED_EDGE('',*,*,#982,.T.);
#296=ORIENTED_EDGE('',*,*,#1089,.F.);
#297=ORIENTED_EDGE('',*,*,#1090,.F.);
#298=ORIENTED_EDGE('',*,*,#959,.T.);
#299=ORIENTED_EDGE('',*,*,#1091,.F.);
#300=ORIENTED_EDGE('',*,*,#1092,.F.);
#301=ORIENTED_EDGE('',*,*,#1048,.F.);
#302=ORIENTED_EDGE('',*,*,#1093,.F.);
#303=ORIENTED_EDGE('',*,*,#986,.T.);
#304=ORIENTED_EDGE('',*,*,#1094,.F.);
#305=ORIENTED_EDGE('',*,*,#988,.F.);
#306=ORIENTED_EDGE('',*,*,#1095,.F.);
#307=ORIENTED_EDGE('',*,*,#1085,.T.);
#308=ORIENTED_EDGE('',*,*,#1044,.T.);
#309=ORIENTED_EDGE('',*,*,#1096,.F.);
#310=ORIENTED_EDGE('',*,*,#1097,.F.);
#311=ORIENTED_EDGE('',*,*,#1098,.T.);
#312=ORIENTED_EDGE('',*,*,#1047,.T.);
#313=ORIENTED_EDGE('',*,*,#1099,.F.);
#314=ORIENTED_EDGE('',*,*,#1100,.F.);
#315=ORIENTED_EDGE('',*,*,#1096,.T.);
#316=ORIENTED_EDGE('',*,*,#1046,.T.);
#317=ORIENTED_EDGE('',*,*,#1101,.F.);
#318=ORIENTED_EDGE('',*,*,#1102,.F.);
#319=ORIENTED_EDGE('',*,*,#1099,.T.);
#320=ORIENTED_EDGE('',*,*,#1045,.T.);
#321=ORIENTED_EDGE('',*,*,#1098,.F.);
#322=ORIENTED_EDGE('',*,*,#1103,.F.);
#323=ORIENTED_EDGE('',*,*,#1101,.T.);
#324=ORIENTED_EDGE('',*,*,#1097,.T.);
#325=ORIENTED_EDGE('',*,*,#1100,.T.);
#326=ORIENTED_EDGE('',*,*,#1102,.T.);
#327=ORIENTED_EDGE('',*,*,#1103,.T.);
#328=ORIENTED_EDGE('',*,*,#1040,.T.);
#329=ORIENTED_EDGE('',*,*,#1104,.F.);
#330=ORIENTED_EDGE('',*,*,#1105,.F.);
#331=ORIENTED_EDGE('',*,*,#1106,.T.);
#332=ORIENTED_EDGE('',*,*,#1043,.T.);
#333=ORIENTED_EDGE('',*,*,#1107,.F.);
#334=ORIENTED_EDGE('',*,*,#1108,.F.);
#335=ORIENTED_EDGE('',*,*,#1104,.T.);
#336=ORIENTED_EDGE('',*,*,#1042,.T.);
#337=ORIENTED_EDGE('',*,*,#1109,.F.);
#338=ORIENTED_EDGE('',*,*,#1110,.F.);
#339=ORIENTED_EDGE('',*,*,#1107,.T.);
#340=ORIENTED_EDGE('',*,*,#1041,.T.);
#341=ORIENTED_EDGE('',*,*,#1106,.F.);
#342=ORIENTED_EDGE('',*,*,#1111,.F.);
#343=ORIENTED_EDGE('',*,*,#1109,.T.);
#344=ORIENTED_EDGE('',*,*,#1105,.T.);
#345=ORIENTED_EDGE('',*,*,#1108,.T.);
#346=ORIENTED_EDGE('',*,*,#1110,.T.);
#347=ORIENTED_EDGE('',*,*,#1111,.T.);
#348=ORIENTED_EDGE('',*,*,#1036,.T.);
#349=ORIENTED_EDGE('',*,*,#1112,.F.);
#350=ORIENTED_EDGE('',*,*,#1113,.F.);
#351=ORIENTED_EDGE('',*,*,#1114,.T.);
#352=ORIENTED_EDGE('',*,*,#1039,.T.);
#353=ORIENTED_EDGE('',*,*,#1115,.F.);
#354=ORIENTED_EDGE('',*,*,#1116,.F.);
#355=ORIENTED_EDGE('',*,*,#1112,.T.);
#356=ORIENTED_EDGE('',*,*,#1038,.T.);
#357=ORIENTED_EDGE('',*,*,#1117,.F.);
#358=ORIENTED_EDGE('',*,*,#1118,.F.);
#359=ORIENTED_EDGE('',*,*,#1115,.T.);
#360=ORIENTED_EDGE('',*,*,#1037,.T.);
#361=ORIENTED_EDGE('',*,*,#1114,.F.);
#362=ORIENTED_EDGE('',*,*,#1119,.F.);
#363=ORIENTED_EDGE('',*,*,#1117,.T.);
#364=ORIENTED_EDGE('',*,*,#1113,.T.);
#365=ORIENTED_EDGE('',*,*,#1116,.T.);
#366=ORIENTED_EDGE('',*,*,#1118,.T.);
#367=ORIENTED_EDGE('',*,*,#1119,.T.);
#368=ORIENTED_EDGE('',*,*,#1032,.T.);
#369=ORIENTED_EDGE('',*,*,#1120,.F.);
#370=ORIENTED_EDGE('',*,*,#1121,.F.);
#371=ORIENTED_EDGE('',*,*,#1122,.T.);
#372=ORIENTED_EDGE('',*,*,#1035,.T.);
#373=ORIENTED_EDGE('',*,*,#1123,.F.);
#374=ORIENTED_EDGE('',*,*,#1124,.F.);
#375=ORIENTED_EDGE('',*,*,#1120,.T.);
#376=ORIENTED_EDGE('',*,*,#1034,.T.);
#377=ORIENTED_EDGE('',*,*,#1125,.F.);
#378=ORIENTED_EDGE('',*,*,#1126,.F.);
#379=ORIENTED_EDGE('',*,*,#1123,.T.);
#380=ORIENTED_EDGE('',*,*,#1033,.T.);
#381=ORIENTED_EDGE('',*,*,#1122,.F.);
#382=ORIENTED_EDGE('',*,*,#1127,.F.);
#383=ORIENTED_EDGE('',*,*,#1125,.T.);
#384=ORIENTED_EDGE('',*,*,#1121,.T.);
#385=ORIENTED_EDGE('',*,*,#1124,.T.);
#386=ORIENTED_EDGE('',*,*,#1126,.T.);
#387=ORIENTED_EDGE('',*,*,#1127,.T.);
#388=ORIENTED_EDGE('',*,*,#979,.F.);
#389=ORIENTED_EDGE('',*,*,#1066,.T.);
#390=ORIENTED_EDGE('',*,*,#1128,.F.);
#391=ORIENTED_EDGE('',*,*,#1007,.T.);
#392=ORIENTED_EDGE('',*,*,#1128,.T.);
#393=ORIENTED_EDGE('',*,*,#1065,.T.);
#394=ORIENTED_EDGE('',*,*,#1003,.F.);
#395=ORIENTED_EDGE('',*,*,#1008,.F.);
#396=ORIENTED_EDGE('',*,*,#1001,.T.);
#397=ORIENTED_EDGE('',*,*,#1062,.T.);
#398=ORIENTED_EDGE('',*,*,#1129,.F.);
#399=ORIENTED_EDGE('',*,*,#1009,.F.);
#400=ORIENTED_EDGE('',*,*,#1129,.T.);
#401=ORIENTED_EDGE('',*,*,#1061,.T.);
#402=ORIENTED_EDGE('',*,*,#1130,.F.);
#403=ORIENTED_EDGE('',*,*,#1010,.F.);
#404=ORIENTED_EDGE('',*,*,#1130,.T.);
#405=ORIENTED_EDGE('',*,*,#1060,.T.);
#406=ORIENTED_EDGE('',*,*,#976,.F.);
#407=ORIENTED_EDGE('',*,*,#1011,.F.);
#408=ORIENTED_EDGE('',*,*,#974,.T.);
#409=ORIENTED_EDGE('',*,*,#1057,.T.);
#410=ORIENTED_EDGE('',*,*,#1131,.F.);
#411=ORIENTED_EDGE('',*,*,#1012,.F.);
#412=ORIENTED_EDGE('',*,*,#1131,.T.);
#413=ORIENTED_EDGE('',*,*,#1056,.T.);
#414=ORIENTED_EDGE('',*,*,#1132,.F.);
#415=ORIENTED_EDGE('',*,*,#1013,.F.);
#416=ORIENTED_EDGE('',*,*,#1132,.T.);
#417=ORIENTED_EDGE('',*,*,#1055,.T.);
#418=ORIENTED_EDGE('',*,*,#969,.F.);
#419=ORIENTED_EDGE('',*,*,#1014,.F.);
#420=ORIENTED_EDGE('',*,*,#967,.T.);
#421=ORIENTED_EDGE('',*,*,#1052,.T.);
#422=ORIENTED_EDGE('',*,*,#1133,.F.);
#423=ORIENTED_EDGE('',*,*,#1015,.F.);
#424=ORIENTED_EDGE('',*,*,#1133,.T.);
#425=ORIENTED_EDGE('',*,*,#1051,.T.);
#426=ORIENTED_EDGE('',*,*,#1134,.F.);
#427=ORIENTED_EDGE('',*,*,#1016,.F.);
#428=ORIENTED_EDGE('',*,*,#1134,.T.);
#429=ORIENTED_EDGE('',*,*,#1050,.T.);
#430=ORIENTED_EDGE('',*,*,#962,.F.);
#431=ORIENTED_EDGE('',*,*,#1017,.F.);
#432=ORIENTED_EDGE('',*,*,#960,.T.);
#433=ORIENTED_EDGE('',*,*,#1090,.T.);
#434=ORIENTED_EDGE('',*,*,#1135,.F.);
#435=ORIENTED_EDGE('',*,*,#1018,.F.);
#436=ORIENTED_EDGE('',*,*,#1135,.T.);
#437=ORIENTED_EDGE('',*,*,#1089,.T.);
#438=ORIENTED_EDGE('',*,*,#981,.F.);
#439=ORIENTED_EDGE('',*,*,#1019,.F.);
#440=ORIENTED_EDGE('',*,*,#983,.F.);
#441=ORIENTED_EDGE('',*,*,#1088,.T.);
#442=ORIENTED_EDGE('',*,*,#1136,.F.);
#443=ORIENTED_EDGE('',*,*,#1020,.T.);
#444=ORIENTED_EDGE('',*,*,#1136,.T.);
#445=ORIENTED_EDGE('',*,*,#1087,.T.);
#446=ORIENTED_EDGE('',*,*,#996,.F.);
#447=ORIENTED_EDGE('',*,*,#1021,.F.);
#448=ORIENTED_EDGE('',*,*,#994,.T.);
#449=ORIENTED_EDGE('',*,*,#1083,.T.);
#450=ORIENTED_EDGE('',*,*,#1137,.F.);
#451=ORIENTED_EDGE('',*,*,#1022,.F.);
#452=ORIENTED_EDGE('',*,*,#1137,.T.);
#453=ORIENTED_EDGE('',*,*,#1082,.T.);
#454=ORIENTED_EDGE('',*,*,#1138,.F.);
#455=ORIENTED_EDGE('',*,*,#1023,.F.);
#456=ORIENTED_EDGE('',*,*,#1138,.T.);
#457=ORIENTED_EDGE('',*,*,#1081,.T.);
#458=ORIENTED_EDGE('',*,*,#952,.F.);
#459=ORIENTED_EDGE('',*,*,#1024,.F.);
#460=ORIENTED_EDGE('',*,*,#950,.T.);
#461=ORIENTED_EDGE('',*,*,#1078,.T.);
#462=ORIENTED_EDGE('',*,*,#1139,.F.);
#463=ORIENTED_EDGE('',*,*,#1025,.F.);
#464=ORIENTED_EDGE('',*,*,#1139,.T.);
#465=ORIENTED_EDGE('',*,*,#1077,.T.);
#466=ORIENTED_EDGE('',*,*,#1140,.F.);
#467=ORIENTED_EDGE('',*,*,#1026,.F.);
#468=ORIENTED_EDGE('',*,*,#1140,.T.);
#469=ORIENTED_EDGE('',*,*,#1076,.T.);
#470=ORIENTED_EDGE('',*,*,#945,.F.);
#471=ORIENTED_EDGE('',*,*,#1027,.F.);
#472=ORIENTED_EDGE('',*,*,#943,.T.);
#473=ORIENTED_EDGE('',*,*,#1073,.T.);
#474=ORIENTED_EDGE('',*,*,#1141,.F.);
#475=ORIENTED_EDGE('',*,*,#1028,.F.);
#476=ORIENTED_EDGE('',*,*,#1141,.T.);
#477=ORIENTED_EDGE('',*,*,#1072,.T.);
#478=ORIENTED_EDGE('',*,*,#1142,.F.);
#479=ORIENTED_EDGE('',*,*,#1029,.F.);
#480=ORIENTED_EDGE('',*,*,#1142,.T.);
#481=ORIENTED_EDGE('',*,*,#1071,.T.);
#482=ORIENTED_EDGE('',*,*,#940,.F.);
#483=ORIENTED_EDGE('',*,*,#1030,.F.);
#484=ORIENTED_EDGE('',*,*,#1143,.T.);
#485=ORIENTED_EDGE('',*,*,#1067,.T.);
#486=ORIENTED_EDGE('',*,*,#977,.F.);
#487=ORIENTED_EDGE('',*,*,#1006,.F.);
#488=ORIENTED_EDGE('',*,*,#938,.T.);
#489=ORIENTED_EDGE('',*,*,#1068,.T.);
#490=ORIENTED_EDGE('',*,*,#1143,.F.);
#491=ORIENTED_EDGE('',*,*,#1031,.F.);
#492=ORIENTED_EDGE('',*,*,#927,.T.);
#493=ORIENTED_EDGE('',*,*,#1069,.F.);
#494=ORIENTED_EDGE('',*,*,#936,.F.);
#495=ORIENTED_EDGE('',*,*,#907,.T.);
#496=ORIENTED_EDGE('',*,*,#917,.T.);
#497=ORIENTED_EDGE('',*,*,#895,.T.);
#498=ORIENTED_EDGE('',*,*,#1005,.T.);
#499=ORIENTED_EDGE('',*,*,#1064,.F.);
#500=ORIENTED_EDGE('',*,*,#928,.T.);
#501=ORIENTED_EDGE('',*,*,#1074,.F.);
#502=ORIENTED_EDGE('',*,*,#941,.F.);
#503=ORIENTED_EDGE('',*,*,#909,.T.);
#504=ORIENTED_EDGE('',*,*,#925,.T.);
#505=ORIENTED_EDGE('',*,*,#905,.F.);
#506=ORIENTED_EDGE('',*,*,#935,.F.);
#507=ORIENTED_EDGE('',*,*,#1070,.T.);
#508=ORIENTED_EDGE('',*,*,#931,.T.);
#509=ORIENTED_EDGE('',*,*,#1079,.F.);
#510=ORIENTED_EDGE('',*,*,#948,.F.);
#511=ORIENTED_EDGE('',*,*,#913,.T.);
#512=ORIENTED_EDGE('',*,*,#929,.T.);
#513=ORIENTED_EDGE('',*,*,#911,.F.);
#514=ORIENTED_EDGE('',*,*,#947,.F.);
#515=ORIENTED_EDGE('',*,*,#1075,.T.);
#516=ORIENTED_EDGE('',*,*,#1094,.T.);
#517=ORIENTED_EDGE('',*,*,#1084,.F.);
#518=ORIENTED_EDGE('',*,*,#992,.F.);
#519=ORIENTED_EDGE('',*,*,#989,.T.);
#520=ORIENTED_EDGE('',*,*,#932,.T.);
#521=ORIENTED_EDGE('',*,*,#915,.F.);
#522=ORIENTED_EDGE('',*,*,#954,.F.);
#523=ORIENTED_EDGE('',*,*,#1080,.T.);
#524=ORIENTED_EDGE('',*,*,#1095,.T.);
#525=ORIENTED_EDGE('',*,*,#991,.F.);
#526=ORIENTED_EDGE('',*,*,#998,.F.);
#527=ORIENTED_EDGE('',*,*,#1086,.T.);
#528=ORIENTED_EDGE('',*,*,#1093,.T.);
#529=ORIENTED_EDGE('',*,*,#1091,.T.);
#530=ORIENTED_EDGE('',*,*,#958,.T.);
#531=ORIENTED_EDGE('',*,*,#987,.F.);
#532=ORIENTED_EDGE('',*,*,#924,.T.);
#533=ORIENTED_EDGE('',*,*,#1053,.T.);
#534=ORIENTED_EDGE('',*,*,#965,.T.);
#535=ORIENTED_EDGE('',*,*,#903,.F.);
#536=ORIENTED_EDGE('',*,*,#1092,.T.);
#537=ORIENTED_EDGE('',*,*,#985,.T.);
#538=ORIENTED_EDGE('',*,*,#956,.T.);
#539=ORIENTED_EDGE('',*,*,#1049,.F.);
#540=ORIENTED_EDGE('',*,*,#921,.T.);
#541=ORIENTED_EDGE('',*,*,#1058,.T.);
#542=ORIENTED_EDGE('',*,*,#972,.T.);
#543=ORIENTED_EDGE('',*,*,#899,.F.);
#544=ORIENTED_EDGE('',*,*,#922,.T.);
#545=ORIENTED_EDGE('',*,*,#901,.T.);
#546=ORIENTED_EDGE('',*,*,#964,.T.);
#547=ORIENTED_EDGE('',*,*,#1054,.F.);
#548=ORIENTED_EDGE('',*,*,#916,.T.);
#549=ORIENTED_EDGE('',*,*,#1063,.T.);
#550=ORIENTED_EDGE('',*,*,#999,.T.);
#551=ORIENTED_EDGE('',*,*,#893,.F.);
#552=ORIENTED_EDGE('',*,*,#919,.T.);
#553=ORIENTED_EDGE('',*,*,#897,.T.);
#554=ORIENTED_EDGE('',*,*,#971,.T.);
#555=ORIENTED_EDGE('',*,*,#1059,.F.);
#556=ORIENTED_EDGE('',*,*,#1144,.T.);
#557=ORIENTED_EDGE('',*,*,#1145,.T.);
#558=ORIENTED_EDGE('',*,*,#1146,.T.);
#559=ORIENTED_EDGE('',*,*,#1147,.T.);
#560=ORIENTED_EDGE('',*,*,#1148,.F.);
#561=ORIENTED_EDGE('',*,*,#1149,.F.);
#562=ORIENTED_EDGE('',*,*,#1150,.F.);
#563=ORIENTED_EDGE('',*,*,#1151,.F.);
#564=ORIENTED_EDGE('',*,*,#1152,.T.);
#565=ORIENTED_EDGE('',*,*,#1153,.T.);
#566=ORIENTED_EDGE('',*,*,#1154,.T.);
#567=ORIENTED_EDGE('',*,*,#1155,.T.);
#568=ORIENTED_EDGE('',*,*,#1156,.T.);
#569=ORIENTED_EDGE('',*,*,#1157,.T.);
#570=ORIENTED_EDGE('',*,*,#1158,.T.);
#571=ORIENTED_EDGE('',*,*,#1159,.T.);
#572=ORIENTED_EDGE('',*,*,#1160,.T.);
#573=ORIENTED_EDGE('',*,*,#1161,.T.);
#574=ORIENTED_EDGE('',*,*,#1162,.T.);
#575=ORIENTED_EDGE('',*,*,#1163,.T.);
#576=ORIENTED_EDGE('',*,*,#1164,.T.);
#577=ORIENTED_EDGE('',*,*,#1165,.T.);
#578=ORIENTED_EDGE('',*,*,#1166,.T.);
#579=ORIENTED_EDGE('',*,*,#1167,.T.);
#580=ORIENTED_EDGE('',*,*,#1150,.T.);
#581=ORIENTED_EDGE('',*,*,#1168,.F.);
#582=ORIENTED_EDGE('',*,*,#1146,.F.);
#583=ORIENTED_EDGE('',*,*,#1169,.T.);
#584=ORIENTED_EDGE('',*,*,#1149,.T.);
#585=ORIENTED_EDGE('',*,*,#1170,.F.);
#586=ORIENTED_EDGE('',*,*,#1147,.F.);
#587=ORIENTED_EDGE('',*,*,#1168,.T.);
#588=ORIENTED_EDGE('',*,*,#1148,.T.);
#589=ORIENTED_EDGE('',*,*,#1171,.F.);
#590=ORIENTED_EDGE('',*,*,#1144,.F.);
#591=ORIENTED_EDGE('',*,*,#1170,.T.);
#592=ORIENTED_EDGE('',*,*,#1151,.T.);
#593=ORIENTED_EDGE('',*,*,#1169,.F.);
#594=ORIENTED_EDGE('',*,*,#1145,.F.);
#595=ORIENTED_EDGE('',*,*,#1171,.T.);
#596=ORIENTED_EDGE('',*,*,#1172,.F.);
#597=ORIENTED_EDGE('',*,*,#1173,.F.);
#598=ORIENTED_EDGE('',*,*,#1174,.T.);
#599=ORIENTED_EDGE('',*,*,#1165,.F.);
#600=ORIENTED_EDGE('',*,*,#1175,.F.);
#601=ORIENTED_EDGE('',*,*,#1176,.F.);
#602=ORIENTED_EDGE('',*,*,#1172,.T.);
#603=ORIENTED_EDGE('',*,*,#1164,.F.);
#604=ORIENTED_EDGE('',*,*,#1177,.F.);
#605=ORIENTED_EDGE('',*,*,#1178,.F.);
#606=ORIENTED_EDGE('',*,*,#1175,.T.);
#607=ORIENTED_EDGE('',*,*,#1167,.F.);
#608=ORIENTED_EDGE('',*,*,#1174,.F.);
#609=ORIENTED_EDGE('',*,*,#1179,.F.);
#610=ORIENTED_EDGE('',*,*,#1177,.T.);
#611=ORIENTED_EDGE('',*,*,#1166,.F.);
#612=ORIENTED_EDGE('',*,*,#1173,.T.);
#613=ORIENTED_EDGE('',*,*,#1176,.T.);
#614=ORIENTED_EDGE('',*,*,#1178,.T.);
#615=ORIENTED_EDGE('',*,*,#1179,.T.);
#616=ORIENTED_EDGE('',*,*,#1180,.F.);
#617=ORIENTED_EDGE('',*,*,#1181,.F.);
#618=ORIENTED_EDGE('',*,*,#1182,.T.);
#619=ORIENTED_EDGE('',*,*,#1161,.F.);
#620=ORIENTED_EDGE('',*,*,#1183,.F.);
#621=ORIENTED_EDGE('',*,*,#1184,.F.);
#622=ORIENTED_EDGE('',*,*,#1180,.T.);
#623=ORIENTED_EDGE('',*,*,#1160,.F.);
#624=ORIENTED_EDGE('',*,*,#1185,.F.);
#625=ORIENTED_EDGE('',*,*,#1186,.F.);
#626=ORIENTED_EDGE('',*,*,#1183,.T.);
#627=ORIENTED_EDGE('',*,*,#1163,.F.);
#628=ORIENTED_EDGE('',*,*,#1182,.F.);
#629=ORIENTED_EDGE('',*,*,#1187,.F.);
#630=ORIENTED_EDGE('',*,*,#1185,.T.);
#631=ORIENTED_EDGE('',*,*,#1162,.F.);
#632=ORIENTED_EDGE('',*,*,#1181,.T.);
#633=ORIENTED_EDGE('',*,*,#1184,.T.);
#634=ORIENTED_EDGE('',*,*,#1186,.T.);
#635=ORIENTED_EDGE('',*,*,#1187,.T.);
#636=ORIENTED_EDGE('',*,*,#1188,.F.);
#637=ORIENTED_EDGE('',*,*,#1189,.F.);
#638=ORIENTED_EDGE('',*,*,#1190,.T.);
#639=ORIENTED_EDGE('',*,*,#1157,.F.);
#640=ORIENTED_EDGE('',*,*,#1191,.F.);
#641=ORIENTED_EDGE('',*,*,#1192,.F.);
#642=ORIENTED_EDGE('',*,*,#1188,.T.);
#643=ORIENTED_EDGE('',*,*,#1156,.F.);
#644=ORIENTED_EDGE('',*,*,#1193,.F.);
#645=ORIENTED_EDGE('',*,*,#1194,.F.);
#646=ORIENTED_EDGE('',*,*,#1191,.T.);
#647=ORIENTED_EDGE('',*,*,#1159,.F.);
#648=ORIENTED_EDGE('',*,*,#1190,.F.);
#649=ORIENTED_EDGE('',*,*,#1195,.F.);
#650=ORIENTED_EDGE('',*,*,#1193,.T.);
#651=ORIENTED_EDGE('',*,*,#1158,.F.);
#652=ORIENTED_EDGE('',*,*,#1189,.T.);
#653=ORIENTED_EDGE('',*,*,#1192,.T.);
#654=ORIENTED_EDGE('',*,*,#1194,.T.);
#655=ORIENTED_EDGE('',*,*,#1195,.T.);
#656=ORIENTED_EDGE('',*,*,#1196,.F.);
#657=ORIENTED_EDGE('',*,*,#1197,.F.);
#658=ORIENTED_EDGE('',*,*,#1198,.T.);
#659=ORIENTED_EDGE('',*,*,#1153,.F.);
#660=ORIENTED_EDGE('',*,*,#1199,.F.);
#661=ORIENTED_EDGE('',*,*,#1200,.F.);
#662=ORIENTED_EDGE('',*,*,#1196,.T.);
#663=ORIENTED_EDGE('',*,*,#1152,.F.);
#664=ORIENTED_EDGE('',*,*,#1201,.F.);
#665=ORIENTED_EDGE('',*,*,#1202,.F.);
#666=ORIENTED_EDGE('',*,*,#1199,.T.);
#667=ORIENTED_EDGE('',*,*,#1155,.F.);
#668=ORIENTED_EDGE('',*,*,#1198,.F.);
#669=ORIENTED_EDGE('',*,*,#1203,.F.);
#670=ORIENTED_EDGE('',*,*,#1201,.T.);
#671=ORIENTED_EDGE('',*,*,#1154,.F.);
#672=ORIENTED_EDGE('',*,*,#1197,.T.);
#673=ORIENTED_EDGE('',*,*,#1200,.T.);
#674=ORIENTED_EDGE('',*,*,#1202,.T.);
#675=ORIENTED_EDGE('',*,*,#1203,.T.);
#676=ORIENTED_EDGE('',*,*,#1204,.T.);
#677=ORIENTED_EDGE('',*,*,#1205,.T.);
#678=ORIENTED_EDGE('',*,*,#1206,.T.);
#679=ORIENTED_EDGE('',*,*,#1207,.T.);
#680=ORIENTED_EDGE('',*,*,#1208,.F.);
#681=ORIENTED_EDGE('',*,*,#1209,.F.);
#682=ORIENTED_EDGE('',*,*,#1210,.F.);
#683=ORIENTED_EDGE('',*,*,#1211,.F.);
#684=ORIENTED_EDGE('',*,*,#1212,.F.);
#685=ORIENTED_EDGE('',*,*,#1211,.T.);
#686=ORIENTED_EDGE('',*,*,#1213,.F.);
#687=ORIENTED_EDGE('',*,*,#1206,.F.);
#688=ORIENTED_EDGE('',*,*,#1214,.F.);
#689=ORIENTED_EDGE('',*,*,#1204,.F.);
#690=ORIENTED_EDGE('',*,*,#1215,.T.);
#691=ORIENTED_EDGE('',*,*,#1209,.T.);
#692=ORIENTED_EDGE('',*,*,#1216,.F.);
#693=ORIENTED_EDGE('',*,*,#1217,.T.);
#694=ORIENTED_EDGE('',*,*,#1218,.F.);
#695=ORIENTED_EDGE('',*,*,#1219,.F.);
#696=ORIENTED_EDGE('',*,*,#1220,.F.);
#697=ORIENTED_EDGE('',*,*,#1221,.T.);
#698=ORIENTED_EDGE('',*,*,#1222,.F.);
#699=ORIENTED_EDGE('',*,*,#1223,.F.);
#700=ORIENTED_EDGE('',*,*,#1224,.F.);
#701=ORIENTED_EDGE('',*,*,#1225,.T.);
#702=ORIENTED_EDGE('',*,*,#1226,.F.);
#703=ORIENTED_EDGE('',*,*,#1227,.F.);
#704=ORIENTED_EDGE('',*,*,#1228,.F.);
#705=ORIENTED_EDGE('',*,*,#1229,.T.);
#706=ORIENTED_EDGE('',*,*,#1230,.F.);
#707=ORIENTED_EDGE('',*,*,#1231,.F.);
#708=ORIENTED_EDGE('',*,*,#1232,.F.);
#709=ORIENTED_EDGE('',*,*,#1219,.T.);
#710=ORIENTED_EDGE('',*,*,#1233,.F.);
#711=ORIENTED_EDGE('',*,*,#1234,.F.);
#712=ORIENTED_EDGE('',*,*,#1235,.F.);
#713=ORIENTED_EDGE('',*,*,#1223,.T.);
#714=ORIENTED_EDGE('',*,*,#1236,.F.);
#715=ORIENTED_EDGE('',*,*,#1237,.F.);
#716=ORIENTED_EDGE('',*,*,#1238,.F.);
#717=ORIENTED_EDGE('',*,*,#1227,.T.);
#718=ORIENTED_EDGE('',*,*,#1239,.F.);
#719=ORIENTED_EDGE('',*,*,#1240,.F.);
#720=ORIENTED_EDGE('',*,*,#1241,.F.);
#721=ORIENTED_EDGE('',*,*,#1231,.T.);
#722=ORIENTED_EDGE('',*,*,#1242,.F.);
#723=ORIENTED_EDGE('',*,*,#1243,.F.);
#724=ORIENTED_EDGE('',*,*,#1244,.F.);
#725=ORIENTED_EDGE('',*,*,#1234,.T.);
#726=ORIENTED_EDGE('',*,*,#1245,.F.);
#727=ORIENTED_EDGE('',*,*,#1246,.F.);
#728=ORIENTED_EDGE('',*,*,#1247,.F.);
#729=ORIENTED_EDGE('',*,*,#1237,.T.);
#730=ORIENTED_EDGE('',*,*,#1248,.F.);
#731=ORIENTED_EDGE('',*,*,#1249,.F.);
#732=ORIENTED_EDGE('',*,*,#1250,.F.);
#733=ORIENTED_EDGE('',*,*,#1240,.T.);
#734=ORIENTED_EDGE('',*,*,#1251,.F.);
#735=ORIENTED_EDGE('',*,*,#1252,.F.);
#736=ORIENTED_EDGE('',*,*,#1253,.F.);
#737=ORIENTED_EDGE('',*,*,#1243,.T.);
#738=ORIENTED_EDGE('',*,*,#1254,.F.);
#739=ORIENTED_EDGE('',*,*,#1255,.F.);
#740=ORIENTED_EDGE('',*,*,#1256,.F.);
#741=ORIENTED_EDGE('',*,*,#1246,.T.);
#742=ORIENTED_EDGE('',*,*,#1257,.T.);
#743=ORIENTED_EDGE('',*,*,#1258,.F.);
#744=ORIENTED_EDGE('',*,*,#1259,.F.);
#745=ORIENTED_EDGE('',*,*,#1249,.T.);
#746=ORIENTED_EDGE('',*,*,#1260,.T.);
#747=ORIENTED_EDGE('',*,*,#1261,.F.);
#748=ORIENTED_EDGE('',*,*,#1262,.F.);
#749=ORIENTED_EDGE('',*,*,#1252,.T.);
#750=ORIENTED_EDGE('',*,*,#1263,.T.);
#751=ORIENTED_EDGE('',*,*,#1264,.F.);
#752=ORIENTED_EDGE('',*,*,#1265,.F.);
#753=ORIENTED_EDGE('',*,*,#1255,.T.);
#754=ORIENTED_EDGE('',*,*,#1266,.T.);
#755=ORIENTED_EDGE('',*,*,#1267,.F.);
#756=ORIENTED_EDGE('',*,*,#1268,.F.);
#757=ORIENTED_EDGE('',*,*,#1258,.T.);
#758=ORIENTED_EDGE('',*,*,#1269,.F.);
#759=ORIENTED_EDGE('',*,*,#1270,.F.);
#760=ORIENTED_EDGE('',*,*,#1271,.F.);
#761=ORIENTED_EDGE('',*,*,#1261,.T.);
#762=ORIENTED_EDGE('',*,*,#1272,.F.);
#763=ORIENTED_EDGE('',*,*,#1273,.F.);
#764=ORIENTED_EDGE('',*,*,#1274,.F.);
#765=ORIENTED_EDGE('',*,*,#1264,.T.);
#766=ORIENTED_EDGE('',*,*,#1275,.F.);
#767=ORIENTED_EDGE('',*,*,#1276,.F.);
#768=ORIENTED_EDGE('',*,*,#1277,.F.);
#769=ORIENTED_EDGE('',*,*,#1267,.T.);
#770=ORIENTED_EDGE('',*,*,#1278,.F.);
#771=ORIENTED_EDGE('',*,*,#1279,.F.);
#772=ORIENTED_EDGE('',*,*,#1280,.F.);
#773=ORIENTED_EDGE('',*,*,#1281,.T.);
#774=ORIENTED_EDGE('',*,*,#1270,.T.);
#775=ORIENTED_EDGE('',*,*,#1282,.T.);
#776=ORIENTED_EDGE('',*,*,#1283,.F.);
#777=ORIENTED_EDGE('',*,*,#1284,.T.);
#778=ORIENTED_EDGE('',*,*,#1273,.T.);
#779=ORIENTED_EDGE('',*,*,#1285,.T.);
#780=ORIENTED_EDGE('',*,*,#1286,.F.);
#781=ORIENTED_EDGE('',*,*,#1287,.T.);
#782=ORIENTED_EDGE('',*,*,#1276,.T.);
#783=ORIENTED_EDGE('',*,*,#1288,.T.);
#784=ORIENTED_EDGE('',*,*,#1289,.F.);
#785=ORIENTED_EDGE('',*,*,#1290,.T.);
#786=ORIENTED_EDGE('',*,*,#1279,.T.);
#787=ORIENTED_EDGE('',*,*,#1291,.T.);
#788=ORIENTED_EDGE('',*,*,#1292,.F.);
#789=ORIENTED_EDGE('',*,*,#1280,.T.);
#790=ORIENTED_EDGE('',*,*,#1293,.F.);
#791=ORIENTED_EDGE('',*,*,#1294,.F.);
#792=ORIENTED_EDGE('',*,*,#1295,.F.);
#793=ORIENTED_EDGE('',*,*,#1283,.T.);
#794=ORIENTED_EDGE('',*,*,#1296,.F.);
#795=ORIENTED_EDGE('',*,*,#1297,.F.);
#796=ORIENTED_EDGE('',*,*,#1298,.F.);
#797=ORIENTED_EDGE('',*,*,#1286,.T.);
#798=ORIENTED_EDGE('',*,*,#1299,.F.);
#799=ORIENTED_EDGE('',*,*,#1300,.F.);
#800=ORIENTED_EDGE('',*,*,#1301,.F.);
#801=ORIENTED_EDGE('',*,*,#1289,.T.);
#802=ORIENTED_EDGE('',*,*,#1302,.F.);
#803=ORIENTED_EDGE('',*,*,#1303,.F.);
#804=ORIENTED_EDGE('',*,*,#1217,.F.);
#805=ORIENTED_EDGE('',*,*,#1304,.T.);
#806=ORIENTED_EDGE('',*,*,#1294,.T.);
#807=ORIENTED_EDGE('',*,*,#1305,.F.);
#808=ORIENTED_EDGE('',*,*,#1221,.F.);
#809=ORIENTED_EDGE('',*,*,#1306,.T.);
#810=ORIENTED_EDGE('',*,*,#1297,.T.);
#811=ORIENTED_EDGE('',*,*,#1307,.F.);
#812=ORIENTED_EDGE('',*,*,#1225,.F.);
#813=ORIENTED_EDGE('',*,*,#1308,.T.);
#814=ORIENTED_EDGE('',*,*,#1300,.T.);
#815=ORIENTED_EDGE('',*,*,#1309,.F.);
#816=ORIENTED_EDGE('',*,*,#1229,.F.);
#817=ORIENTED_EDGE('',*,*,#1310,.T.);
#818=ORIENTED_EDGE('',*,*,#1303,.T.);
#819=ORIENTED_EDGE('',*,*,#1311,.F.);
#820=ORIENTED_EDGE('',*,*,#1210,.T.);
#821=ORIENTED_EDGE('',*,*,#1215,.F.);
#822=ORIENTED_EDGE('',*,*,#1207,.F.);
#823=ORIENTED_EDGE('',*,*,#1213,.T.);
#824=ORIENTED_EDGE('',*,*,#1230,.T.);
#825=ORIENTED_EDGE('',*,*,#1311,.T.);
#826=ORIENTED_EDGE('',*,*,#1302,.T.);
#827=ORIENTED_EDGE('',*,*,#1291,.F.);
#828=ORIENTED_EDGE('',*,*,#1278,.T.);
#829=ORIENTED_EDGE('',*,*,#1266,.F.);
#830=ORIENTED_EDGE('',*,*,#1254,.T.);
#831=ORIENTED_EDGE('',*,*,#1242,.T.);
#832=ORIENTED_EDGE('',*,*,#1216,.T.);
#833=ORIENTED_EDGE('',*,*,#1232,.T.);
#834=ORIENTED_EDGE('',*,*,#1244,.T.);
#835=ORIENTED_EDGE('',*,*,#1256,.T.);
#836=ORIENTED_EDGE('',*,*,#1268,.T.);
#837=ORIENTED_EDGE('',*,*,#1281,.F.);
#838=ORIENTED_EDGE('',*,*,#1292,.T.);
#839=ORIENTED_EDGE('',*,*,#1304,.F.);
#840=ORIENTED_EDGE('',*,*,#1228,.T.);
#841=ORIENTED_EDGE('',*,*,#1241,.T.);
#842=ORIENTED_EDGE('',*,*,#1253,.T.);
#843=ORIENTED_EDGE('',*,*,#1265,.T.);
#844=ORIENTED_EDGE('',*,*,#1277,.T.);
#845=ORIENTED_EDGE('',*,*,#1290,.F.);
#846=ORIENTED_EDGE('',*,*,#1301,.T.);
#847=ORIENTED_EDGE('',*,*,#1310,.F.);
#848=ORIENTED_EDGE('',*,*,#1226,.T.);
#849=ORIENTED_EDGE('',*,*,#1309,.T.);
#850=ORIENTED_EDGE('',*,*,#1299,.T.);
#851=ORIENTED_EDGE('',*,*,#1288,.F.);
#852=ORIENTED_EDGE('',*,*,#1275,.T.);
#853=ORIENTED_EDGE('',*,*,#1263,.F.);
#854=ORIENTED_EDGE('',*,*,#1251,.T.);
#855=ORIENTED_EDGE('',*,*,#1239,.T.);
#856=ORIENTED_EDGE('',*,*,#1224,.T.);
#857=ORIENTED_EDGE('',*,*,#1238,.T.);
#858=ORIENTED_EDGE('',*,*,#1250,.T.);
#859=ORIENTED_EDGE('',*,*,#1262,.T.);
#860=ORIENTED_EDGE('',*,*,#1274,.T.);
#861=ORIENTED_EDGE('',*,*,#1287,.F.);
#862=ORIENTED_EDGE('',*,*,#1298,.T.);
#863=ORIENTED_EDGE('',*,*,#1308,.F.);
#864=ORIENTED_EDGE('',*,*,#1222,.T.);
#865=ORIENTED_EDGE('',*,*,#1307,.T.);
#866=ORIENTED_EDGE('',*,*,#1296,.T.);
#867=ORIENTED_EDGE('',*,*,#1285,.F.);
#868=ORIENTED_EDGE('',*,*,#1272,.T.);
#869=ORIENTED_EDGE('',*,*,#1260,.F.);
#870=ORIENTED_EDGE('',*,*,#1248,.T.);
#871=ORIENTED_EDGE('',*,*,#1236,.T.);
#872=ORIENTED_EDGE('',*,*,#1218,.T.);
#873=ORIENTED_EDGE('',*,*,#1305,.T.);
#874=ORIENTED_EDGE('',*,*,#1293,.T.);
#875=ORIENTED_EDGE('',*,*,#1282,.F.);
#876=ORIENTED_EDGE('',*,*,#1269,.T.);
#877=ORIENTED_EDGE('',*,*,#1257,.F.);
#878=ORIENTED_EDGE('',*,*,#1245,.T.);
#879=ORIENTED_EDGE('',*,*,#1233,.T.);
#880=ORIENTED_EDGE('',*,*,#1220,.T.);
#881=ORIENTED_EDGE('',*,*,#1235,.T.);
#882=ORIENTED_EDGE('',*,*,#1247,.T.);
#883=ORIENTED_EDGE('',*,*,#1259,.T.);
#884=ORIENTED_EDGE('',*,*,#1271,.T.);
#885=ORIENTED_EDGE('',*,*,#1284,.F.);
#886=ORIENTED_EDGE('',*,*,#1295,.T.);
#887=ORIENTED_EDGE('',*,*,#1306,.F.);
#888=ORIENTED_EDGE('',*,*,#1212,.T.);
#889=ORIENTED_EDGE('',*,*,#1205,.F.);
#890=ORIENTED_EDGE('',*,*,#1214,.T.);
#891=ORIENTED_EDGE('',*,*,#1208,.T.);
#892=EDGE_CURVE('',#1312,#1313,#1592,.T.);
#893=EDGE_CURVE('',#1312,#1314,#1593,.T.);
#894=EDGE_CURVE('',#1315,#1314,#1594,.T.);
#895=EDGE_CURVE('',#1313,#1315,#1595,.T.);
#896=EDGE_CURVE('',#1316,#1317,#1596,.T.);
#897=EDGE_CURVE('',#1318,#1316,#1597,.T.);
#898=EDGE_CURVE('',#1319,#1318,#1598,.T.);
#899=EDGE_CURVE('',#1319,#1317,#1599,.T.);
#900=EDGE_CURVE('',#1320,#1321,#1600,.T.);
#901=EDGE_CURVE('',#1322,#1320,#1601,.T.);
#902=EDGE_CURVE('',#1323,#1322,#1602,.T.);
#903=EDGE_CURVE('',#1323,#1321,#1603,.T.);
#904=EDGE_CURVE('',#1324,#1325,#1604,.T.);
#905=EDGE_CURVE('',#1324,#1326,#1605,.T.);
#906=EDGE_CURVE('',#1326,#1327,#1606,.T.);
#907=EDGE_CURVE('',#1325,#1327,#1607,.T.);
#908=EDGE_CURVE('',#1328,#1329,#1608,.T.);
#909=EDGE_CURVE('',#1330,#1329,#1609,.T.);
#910=EDGE_CURVE('',#1331,#1330,#1610,.T.);
#911=EDGE_CURVE('',#1331,#1328,#1611,.T.);
#912=EDGE_CURVE('',#1332,#1333,#1612,.T.);
#913=EDGE_CURVE('',#1334,#1333,#1613,.T.);
#914=EDGE_CURVE('',#1335,#1334,#1614,.T.);
#915=EDGE_CURVE('',#1335,#1332,#1615,.T.);
#916=EDGE_CURVE('',#1312,#1336,#1616,.T.);
#917=EDGE_CURVE('',#1337,#1313,#1617,.T.);
#918=EDGE_CURVE('',#1336,#1337,#1618,.T.);
#919=EDGE_CURVE('',#1338,#1318,#1619,.T.);
#920=EDGE_CURVE('',#1339,#1338,#1620,.T.);
#921=EDGE_CURVE('',#1319,#1339,#1621,.T.);
#922=EDGE_CURVE('',#1340,#1322,#1622,.T.);
#923=EDGE_CURVE('',#1341,#1340,#1623,.T.);
#924=EDGE_CURVE('',#1323,#1341,#1624,.T.);
#925=EDGE_CURVE('',#1342,#1326,#1625,.T.);
#926=EDGE_CURVE('',#1342,#1343,#1626,.T.);
#927=EDGE_CURVE('',#1327,#1343,#1627,.T.);
#928=EDGE_CURVE('',#1329,#1344,#1628,.T.);
#929=EDGE_CURVE('',#1345,#1328,#1629,.T.);
#930=EDGE_CURVE('',#1345,#1344,#1630,.T.);
#931=EDGE_CURVE('',#1333,#1346,#1631,.T.);
#932=EDGE_CURVE('',#1347,#1332,#1632,.T.);
#933=EDGE_CURVE('',#1347,#1346,#1633,.T.);
#934=EDGE_CURVE('',#1348,#1349,#1634,.T.);
#935=EDGE_CURVE('',#1349,#1324,#1635,.T.);
#936=EDGE_CURVE('',#1325,#1350,#1636,.T.);
#937=EDGE_CURVE('',#1350,#1351,#1637,.T.);
#938=EDGE_CURVE('',#1352,#1351,#1638,.T.);
#939=EDGE_CURVE('',#1353,#1352,#1639,.T.);
#940=EDGE_CURVE('',#1353,#1348,#1640,.T.);
#941=EDGE_CURVE('',#1330,#1354,#1641,.T.);
#942=EDGE_CURVE('',#1354,#1355,#1642,.T.);
#943=EDGE_CURVE('',#1356,#1355,#1643,.T.);
#944=EDGE_CURVE('',#1357,#1356,#1644,.T.);
#945=EDGE_CURVE('',#1357,#1358,#1645,.T.);
#946=EDGE_CURVE('',#1358,#1359,#1646,.T.);
#947=EDGE_CURVE('',#1359,#1331,#1647,.T.);
#948=EDGE_CURVE('',#1334,#1360,#1648,.T.);
#949=EDGE_CURVE('',#1360,#1361,#1649,.T.);
#950=EDGE_CURVE('',#1362,#1361,#1650,.T.);
#951=EDGE_CURVE('',#1363,#1362,#1651,.T.);
#952=EDGE_CURVE('',#1363,#1364,#1652,.T.);
#953=EDGE_CURVE('',#1364,#1365,#1653,.T.);
#954=EDGE_CURVE('',#1365,#1335,#1654,.T.);
#955=EDGE_CURVE('',#1366,#1367,#1655,.T.);
#956=EDGE_CURVE('',#1368,#1366,#1656,.T.);
#957=EDGE_CURVE('',#1368,#1369,#1657,.T.);
#958=EDGE_CURVE('',#1370,#1369,#1658,.T.);
#959=EDGE_CURVE('',#1371,#1370,#1659,.T.);
#960=EDGE_CURVE('',#1372,#1371,#1660,.T.);
#961=EDGE_CURVE('',#1373,#1372,#1661,.T.);
#962=EDGE_CURVE('',#1373,#1367,#1662,.T.);
#963=EDGE_CURVE('',#1374,#1375,#1663,.T.);
#964=EDGE_CURVE('',#1320,#1374,#1664,.T.);
#965=EDGE_CURVE('',#1376,#1321,#1665,.T.);
#966=EDGE_CURVE('',#1377,#1376,#1666,.T.);
#967=EDGE_CURVE('',#1378,#1377,#1667,.T.);
#968=EDGE_CURVE('',#1379,#1378,#1668,.T.);
#969=EDGE_CURVE('',#1379,#1375,#1669,.T.);
#970=EDGE_CURVE('',#1380,#1381,#1670,.T.);
#971=EDGE_CURVE('',#1316,#1380,#1671,.T.);
#972=EDGE_CURVE('',#1382,#1317,#1672,.T.);
#973=EDGE_CURVE('',#1383,#1382,#1673,.T.);
#974=EDGE_CURVE('',#1384,#1383,#1674,.T.);
#975=EDGE_CURVE('',#1385,#1384,#1675,.T.);
#976=EDGE_CURVE('',#1385,#1381,#1676,.T.);
#977=EDGE_CURVE('',#1386,#1387,#1677,.T.);
#978=EDGE_CURVE('',#1387,#1388,#1678,.T.);
#979=EDGE_CURVE('',#1388,#1389,#1679,.T.);
#980=EDGE_CURVE('',#1386,#1389,#1680,.T.);
#981=EDGE_CURVE('',#1390,#1391,#1681,.T.);
#982=EDGE_CURVE('',#1392,#1391,#1682,.T.);
#983=EDGE_CURVE('',#1392,#1393,#1683,.T.);
#984=EDGE_CURVE('',#1390,#1393,#1684,.T.);
#985=EDGE_CURVE('',#1394,#1368,#1685,.T.);
#986=EDGE_CURVE('',#1395,#1394,#1686,.T.);
#987=EDGE_CURVE('',#1395,#1369,#1687,.T.);
#988=EDGE_CURVE('',#1396,#1397,#1688,.T.);
#989=EDGE_CURVE('',#1398,#1397,#1689,.T.);
#990=EDGE_CURVE('',#1399,#1398,#1690,.T.);
#991=EDGE_CURVE('',#1399,#1396,#1691,.T.);
#992=EDGE_CURVE('',#1398,#1400,#1692,.T.);
#993=EDGE_CURVE('',#1400,#1401,#1693,.T.);
#994=EDGE_CURVE('',#1402,#1401,#1694,.T.);
#995=EDGE_CURVE('',#1403,#1402,#1695,.T.);
#996=EDGE_CURVE('',#1403,#1404,#1696,.T.);
#997=EDGE_CURVE('',#1404,#1405,#1697,.T.);
#998=EDGE_CURVE('',#1405,#1399,#1698,.T.);
#999=EDGE_CURVE('',#1406,#1314,#1699,.T.);
#1000=EDGE_CURVE('',#1407,#1406,#1700,.T.);
#1001=EDGE_CURVE('',#1408,#1407,#1701,.T.);
#1002=EDGE_CURVE('',#1409,#1408,#1702,.T.);
#1003=EDGE_CURVE('',#1409,#1410,#1703,.T.);
#1004=EDGE_CURVE('',#1411,#1410,#1704,.T.);
#1005=EDGE_CURVE('',#1315,#1411,#1705,.T.);
#1006=EDGE_CURVE('',#1412,#1386,#1706,.T.);
#1007=EDGE_CURVE('',#1413,#1389,#1707,.T.);
#1008=EDGE_CURVE('',#1413,#1409,#1708,.T.);
#1009=EDGE_CURVE('',#1408,#1414,#1709,.T.);
#1010=EDGE_CURVE('',#1414,#1415,#1710,.T.);
#1011=EDGE_CURVE('',#1415,#1385,#1711,.T.);
#1012=EDGE_CURVE('',#1384,#1416,#1712,.T.);
#1013=EDGE_CURVE('',#1416,#1417,#1713,.T.);
#1014=EDGE_CURVE('',#1417,#1379,#1714,.T.);
#1015=EDGE_CURVE('',#1378,#1418,#1715,.T.);
#1016=EDGE_CURVE('',#1418,#1419,#1716,.T.);
#1017=EDGE_CURVE('',#1419,#1373,#1717,.T.);
#1018=EDGE_CURVE('',#1372,#1420,#1718,.T.);
#1019=EDGE_CURVE('',#1420,#1390,#1719,.T.);
#1020=EDGE_CURVE('',#1421,#1393,#1720,.T.);
#1021=EDGE_CURVE('',#1421,#1403,#1721,.T.);
#1022=EDGE_CURVE('',#1402,#1422,#1722,.T.);
#1023=EDGE_CURVE('',#1422,#1423,#1723,.T.);
#1024=EDGE_CURVE('',#1423,#1363,#1724,.T.);
#1025=EDGE_CURVE('',#1362,#1424,#1725,.T.);
#1026=EDGE_CURVE('',#1424,#1425,#1726,.T.);
#1027=EDGE_CURVE('',#1425,#1357,#1727,.T.);
#1028=EDGE_CURVE('',#1356,#1426,#1728,.T.);
#1029=EDGE_CURVE('',#1426,#1427,#1729,.T.);
#1030=EDGE_CURVE('',#1427,#1353,#1730,.T.);
#1031=EDGE_CURVE('',#1352,#1412,#1731,.T.);
#1032=EDGE_CURVE('',#1428,#1429,#1732,.T.);
#1033=EDGE_CURVE('',#1430,#1428,#1733,.T.);
#1034=EDGE_CURVE('',#1431,#1430,#1734,.T.);
#1035=EDGE_CURVE('',#1429,#1431,#1735,.T.);
#1036=EDGE_CURVE('',#1432,#1433,#1736,.T.);
#1037=EDGE_CURVE('',#1434,#1432,#1737,.T.);
#1038=EDGE_CURVE('',#1435,#1434,#1738,.T.);
#1039=EDGE_CURVE('',#1433,#1435,#1739,.T.);
#1040=EDGE_CURVE('',#1436,#1437,#1740,.T.);
#1041=EDGE_CURVE('',#1438,#1436,#1741,.T.);
#1042=EDGE_CURVE('',#1439,#1438,#1742,.T.);
#1043=EDGE_CURVE('',#1437,#1439,#1743,.T.);
#1044=EDGE_CURVE('',#1440,#1441,#1744,.T.);
#1045=EDGE_CURVE('',#1442,#1440,#1745,.T.);
#1046=EDGE_CURVE('',#1443,#1442,#1746,.T.);
#1047=EDGE_CURVE('',#1441,#1443,#1747,.T.);
#1048=EDGE_CURVE('',#1444,#1445,#1748,.T.);
#1049=EDGE_CURVE('',#1445,#1366,#1749,.T.);
#1050=EDGE_CURVE('',#1446,#1367,#1750,.T.);
#1051=EDGE_CURVE('',#1447,#1446,#1751,.T.);
#1052=EDGE_CURVE('',#1377,#1447,#1752,.T.);
#1053=EDGE_CURVE('',#1341,#1376,#1753,.T.);
#1054=EDGE_CURVE('',#1340,#1374,#1754,.T.);
#1055=EDGE_CURVE('',#1448,#1375,#1755,.T.);
#1056=EDGE_CURVE('',#1449,#1448,#1756,.T.);
#1057=EDGE_CURVE('',#1383,#1449,#1757,.T.);
#1058=EDGE_CURVE('',#1339,#1382,#1758,.T.);
#1059=EDGE_CURVE('',#1338,#1380,#1759,.T.);
#1060=EDGE_CURVE('',#1450,#1381,#1760,.T.);
#1061=EDGE_CURVE('',#1451,#1450,#1761,.T.);
#1062=EDGE_CURVE('',#1407,#1451,#1762,.T.);
#1063=EDGE_CURVE('',#1336,#1406,#1763,.T.);
#1064=EDGE_CURVE('',#1337,#1411,#1764,.T.);
#1065=EDGE_CURVE('',#1452,#1410,#1765,.T.);
#1066=EDGE_CURVE('',#1388,#1452,#1766,.T.);
#1067=EDGE_CURVE('',#1453,#1387,#1767,.T.);
#1068=EDGE_CURVE('',#1351,#1453,#1768,.T.);
#1069=EDGE_CURVE('',#1350,#1343,#1769,.T.);
#1070=EDGE_CURVE('',#1349,#1342,#1770,.T.);
#1071=EDGE_CURVE('',#1454,#1348,#1771,.T.);
#1072=EDGE_CURVE('',#1455,#1454,#1772,.T.);
#1073=EDGE_CURVE('',#1355,#1455,#1773,.T.);
#1074=EDGE_CURVE('',#1354,#1344,#1774,.T.);
#1075=EDGE_CURVE('',#1359,#1345,#1775,.T.);
#1076=EDGE_CURVE('',#1456,#1358,#1776,.T.);
#1077=EDGE_CURVE('',#1457,#1456,#1777,.T.);
#1078=EDGE_CURVE('',#1361,#1457,#1778,.T.);
#1079=EDGE_CURVE('',#1360,#1346,#1779,.T.);
#1080=EDGE_CURVE('',#1365,#1347,#1780,.T.);
#1081=EDGE_CURVE('',#1458,#1364,#1781,.T.);
#1082=EDGE_CURVE('',#1459,#1458,#1782,.T.);
#1083=EDGE_CURVE('',#1401,#1459,#1783,.T.);
#1084=EDGE_CURVE('',#1400,#1460,#1784,.T.);
#1085=EDGE_CURVE('',#1461,#1460,#1785,.T.);
#1086=EDGE_CURVE('',#1405,#1461,#1786,.T.);
#1087=EDGE_CURVE('',#1462,#1404,#1787,.T.);
#1088=EDGE_CURVE('',#1392,#1462,#1788,.T.);
#1089=EDGE_CURVE('',#1463,#1391,#1789,.T.);
#1090=EDGE_CURVE('',#1371,#1463,#1790,.T.);
#1091=EDGE_CURVE('',#1444,#1370,#1791,.T.);
#1092=EDGE_CURVE('',#1445,#1394,#1792,.T.);
#1093=EDGE_CURVE('',#1395,#1444,#1793,.T.);
#1094=EDGE_CURVE('',#1397,#1460,#1794,.T.);
#1095=EDGE_CURVE('',#1461,#1396,#1795,.T.);
#1096=EDGE_CURVE('',#1464,#1441,#1796,.T.);
#1097=EDGE_CURVE('',#1465,#1464,#1797,.T.);
#1098=EDGE_CURVE('',#1465,#1440,#1798,.T.);
#1099=EDGE_CURVE('',#1466,#1443,#1799,.T.);
#1100=EDGE_CURVE('',#1464,#1466,#1800,.T.);
#1101=EDGE_CURVE('',#1467,#1442,#1801,.T.);
#1102=EDGE_CURVE('',#1466,#1467,#1802,.T.);
#1103=EDGE_CURVE('',#1467,#1465,#1803,.T.);
#1104=EDGE_CURVE('',#1468,#1437,#1804,.T.);
#1105=EDGE_CURVE('',#1469,#1468,#1805,.T.);
#1106=EDGE_CURVE('',#1469,#1436,#1806,.T.);
#1107=EDGE_CURVE('',#1470,#1439,#1807,.T.);
#1108=EDGE_CURVE('',#1468,#1470,#1808,.T.);
#1109=EDGE_CURVE('',#1471,#1438,#1809,.T.);
#1110=EDGE_CURVE('',#1470,#1471,#1810,.T.);
#1111=EDGE_CURVE('',#1471,#1469,#1811,.T.);
#1112=EDGE_CURVE('',#1472,#1433,#1812,.T.);
#1113=EDGE_CURVE('',#1473,#1472,#1813,.T.);
#1114=EDGE_CURVE('',#1473,#1432,#1814,.T.);
#1115=EDGE_CURVE('',#1474,#1435,#1815,.T.);
#1116=EDGE_CURVE('',#1472,#1474,#1816,.T.);
#1117=EDGE_CURVE('',#1475,#1434,#1817,.T.);
#1118=EDGE_CURVE('',#1474,#1475,#1818,.T.);
#1119=EDGE_CURVE('',#1475,#1473,#1819,.T.);
#1120=EDGE_CURVE('',#1476,#1429,#1820,.T.);
#1121=EDGE_CURVE('',#1477,#1476,#1821,.T.);
#1122=EDGE_CURVE('',#1477,#1428,#1822,.T.);
#1123=EDGE_CURVE('',#1478,#1431,#1823,.T.);
#1124=EDGE_CURVE('',#1476,#1478,#1824,.T.);
#1125=EDGE_CURVE('',#1479,#1430,#1825,.T.);
#1126=EDGE_CURVE('',#1478,#1479,#1826,.T.);
#1127=EDGE_CURVE('',#1479,#1477,#1827,.T.);
#1128=EDGE_CURVE('',#1413,#1452,#1828,.T.);
#1129=EDGE_CURVE('',#1414,#1451,#1829,.T.);
#1130=EDGE_CURVE('',#1415,#1450,#1830,.T.);
#1131=EDGE_CURVE('',#1416,#1449,#1831,.T.);
#1132=EDGE_CURVE('',#1417,#1448,#1832,.T.);
#1133=EDGE_CURVE('',#1418,#1447,#1833,.T.);
#1134=EDGE_CURVE('',#1419,#1446,#1834,.T.);
#1135=EDGE_CURVE('',#1420,#1463,#1835,.T.);
#1136=EDGE_CURVE('',#1421,#1462,#1836,.T.);
#1137=EDGE_CURVE('',#1422,#1459,#1837,.T.);
#1138=EDGE_CURVE('',#1423,#1458,#1838,.T.);
#1139=EDGE_CURVE('',#1424,#1457,#1839,.T.);
#1140=EDGE_CURVE('',#1425,#1456,#1840,.T.);
#1141=EDGE_CURVE('',#1426,#1455,#1841,.T.);
#1142=EDGE_CURVE('',#1427,#1454,#1842,.T.);
#1143=EDGE_CURVE('',#1412,#1453,#1843,.T.);
#1144=EDGE_CURVE('',#1480,#1481,#1844,.T.);
#1145=EDGE_CURVE('',#1481,#1482,#1845,.T.);
#1146=EDGE_CURVE('',#1482,#1483,#1846,.T.);
#1147=EDGE_CURVE('',#1483,#1480,#1847,.T.);
#1148=EDGE_CURVE('',#1484,#1485,#1848,.T.);
#1149=EDGE_CURVE('',#1486,#1484,#1849,.T.);
#1150=EDGE_CURVE('',#1487,#1486,#1850,.T.);
#1151=EDGE_CURVE('',#1485,#1487,#1851,.T.);
#1152=EDGE_CURVE('',#1488,#1489,#1852,.T.);
#1153=EDGE_CURVE('',#1489,#1490,#1853,.T.);
#1154=EDGE_CURVE('',#1490,#1491,#1854,.T.);
#1155=EDGE_CURVE('',#1491,#1488,#1855,.T.);
#1156=EDGE_CURVE('',#1492,#1493,#1856,.T.);
#1157=EDGE_CURVE('',#1493,#1494,#1857,.T.);
#1158=EDGE_CURVE('',#1494,#1495,#1858,.T.);
#1159=EDGE_CURVE('',#1495,#1492,#1859,.T.);
#1160=EDGE_CURVE('',#1496,#1497,#1860,.T.);
#1161=EDGE_CURVE('',#1497,#1498,#1861,.T.);
#1162=EDGE_CURVE('',#1498,#1499,#1862,.T.);
#1163=EDGE_CURVE('',#1499,#1496,#1863,.T.);
#1164=EDGE_CURVE('',#1500,#1501,#1864,.T.);
#1165=EDGE_CURVE('',#1501,#1502,#1865,.T.);
#1166=EDGE_CURVE('',#1502,#1503,#1866,.T.);
#1167=EDGE_CURVE('',#1503,#1500,#1867,.T.);
#1168=EDGE_CURVE('',#1483,#1486,#1868,.T.);
#1169=EDGE_CURVE('',#1482,#1487,#1869,.T.);
#1170=EDGE_CURVE('',#1480,#1484,#1870,.T.);
#1171=EDGE_CURVE('',#1481,#1485,#1871,.T.);
#1172=EDGE_CURVE('',#1504,#1501,#1872,.T.);
#1173=EDGE_CURVE('',#1505,#1504,#1873,.T.);
#1174=EDGE_CURVE('',#1505,#1502,#1874,.T.);
#1175=EDGE_CURVE('',#1506,#1500,#1875,.T.);
#1176=EDGE_CURVE('',#1504,#1506,#1876,.T.);
#1177=EDGE_CURVE('',#1507,#1503,#1877,.T.);
#1178=EDGE_CURVE('',#1506,#1507,#1878,.T.);
#1179=EDGE_CURVE('',#1507,#1505,#1879,.T.);
#1180=EDGE_CURVE('',#1508,#1497,#1880,.T.);
#1181=EDGE_CURVE('',#1509,#1508,#1881,.T.);
#1182=EDGE_CURVE('',#1509,#1498,#1882,.T.);
#1183=EDGE_CURVE('',#1510,#1496,#1883,.T.);
#1184=EDGE_CURVE('',#1508,#1510,#1884,.T.);
#1185=EDGE_CURVE('',#1511,#1499,#1885,.T.);
#1186=EDGE_CURVE('',#1510,#1511,#1886,.T.);
#1187=EDGE_CURVE('',#1511,#1509,#1887,.T.);
#1188=EDGE_CURVE('',#1512,#1493,#1888,.T.);
#1189=EDGE_CURVE('',#1513,#1512,#1889,.T.);
#1190=EDGE_CURVE('',#1513,#1494,#1890,.T.);
#1191=EDGE_CURVE('',#1514,#1492,#1891,.T.);
#1192=EDGE_CURVE('',#1512,#1514,#1892,.T.);
#1193=EDGE_CURVE('',#1515,#1495,#1893,.T.);
#1194=EDGE_CURVE('',#1514,#1515,#1894,.T.);
#1195=EDGE_CURVE('',#1515,#1513,#1895,.T.);
#1196=EDGE_CURVE('',#1516,#1489,#1896,.T.);
#1197=EDGE_CURVE('',#1517,#1516,#1897,.T.);
#1198=EDGE_CURVE('',#1517,#1490,#1898,.T.);
#1199=EDGE_CURVE('',#1518,#1488,#1899,.T.);
#1200=EDGE_CURVE('',#1516,#1518,#1900,.T.);
#1201=EDGE_CURVE('',#1519,#1491,#1901,.T.);
#1202=EDGE_CURVE('',#1518,#1519,#1902,.T.);
#1203=EDGE_CURVE('',#1519,#1517,#1903,.T.);
#1204=EDGE_CURVE('',#1520,#1521,#1904,.T.);
#1205=EDGE_CURVE('',#1521,#1522,#1905,.T.);
#1206=EDGE_CURVE('',#1522,#1523,#1906,.T.);
#1207=EDGE_CURVE('',#1523,#1520,#1907,.T.);
#1208=EDGE_CURVE('',#1524,#1525,#1908,.T.);
#1209=EDGE_CURVE('',#1526,#1524,#1909,.T.);
#1210=EDGE_CURVE('',#1527,#1526,#1910,.T.);
#1211=EDGE_CURVE('',#1525,#1527,#1911,.T.);
#1212=EDGE_CURVE('',#1525,#1522,#1912,.T.);
#1213=EDGE_CURVE('',#1523,#1527,#1913,.T.);
#1214=EDGE_CURVE('',#1521,#1524,#1914,.T.);
#1215=EDGE_CURVE('',#1520,#1526,#1915,.T.);
#1216=EDGE_CURVE('',#1528,#1529,#1916,.T.);
#1217=EDGE_CURVE('',#1528,#1530,#1917,.T.);
#1218=EDGE_CURVE('',#1531,#1530,#1918,.T.);
#1219=EDGE_CURVE('',#1529,#1531,#1919,.T.);
#1220=EDGE_CURVE('',#1532,#1533,#1920,.T.);
#1221=EDGE_CURVE('',#1532,#1534,#1921,.T.);
#1222=EDGE_CURVE('',#1535,#1534,#1922,.T.);
#1223=EDGE_CURVE('',#1533,#1535,#1923,.T.);
#1224=EDGE_CURVE('',#1536,#1537,#1924,.T.);
#1225=EDGE_CURVE('',#1536,#1538,#1925,.T.);
#1226=EDGE_CURVE('',#1539,#1538,#1926,.T.);
#1227=EDGE_CURVE('',#1537,#1539,#1927,.T.);
#1228=EDGE_CURVE('',#1540,#1541,#1928,.T.);
#1229=EDGE_CURVE('',#1540,#1542,#1929,.T.);
#1230=EDGE_CURVE('',#1543,#1542,#1930,.T.);
#1231=EDGE_CURVE('',#1541,#1543,#1931,.T.);
#1232=EDGE_CURVE('',#1529,#1544,#10,.T.);
#1233=EDGE_CURVE('',#1545,#1531,#11,.T.);
#1234=EDGE_CURVE('',#1544,#1545,#1932,.T.);
#1235=EDGE_CURVE('',#1533,#1546,#12,.T.);
#1236=EDGE_CURVE('',#1547,#1535,#13,.T.);
#1237=EDGE_CURVE('',#1546,#1547,#1933,.T.);
#1238=EDGE_CURVE('',#1537,#1548,#14,.T.);
#1239=EDGE_CURVE('',#1549,#1539,#15,.T.);
#1240=EDGE_CURVE('',#1548,#1549,#1934,.T.);
#1241=EDGE_CURVE('',#1541,#1550,#16,.T.);
#1242=EDGE_CURVE('',#1551,#1543,#17,.T.);
#1243=EDGE_CURVE('',#1550,#1551,#1935,.T.);
#1244=EDGE_CURVE('',#1544,#1552,#1936,.T.);
#1245=EDGE_CURVE('',#1553,#1545,#1937,.T.);
#1246=EDGE_CURVE('',#1552,#1553,#1938,.T.);
#1247=EDGE_CURVE('',#1546,#1554,#1939,.T.);
#1248=EDGE_CURVE('',#1555,#1547,#1940,.T.);
#1249=EDGE_CURVE('',#1554,#1555,#1941,.T.);
#1250=EDGE_CURVE('',#1548,#1556,#1942,.T.);
#1251=EDGE_CURVE('',#1557,#1549,#1943,.T.);
#1252=EDGE_CURVE('',#1556,#1557,#1944,.T.);
#1253=EDGE_CURVE('',#1550,#1558,#1945,.T.);
#1254=EDGE_CURVE('',#1559,#1551,#1946,.T.);
#1255=EDGE_CURVE('',#1558,#1559,#1947,.T.);
#1256=EDGE_CURVE('',#1552,#1560,#1948,.T.);
#1257=EDGE_CURVE('',#1553,#1561,#1949,.T.);
#1258=EDGE_CURVE('',#1560,#1561,#1950,.T.);
#1259=EDGE_CURVE('',#1554,#1562,#1951,.T.);
#1260=EDGE_CURVE('',#1555,#1563,#1952,.T.);
#1261=EDGE_CURVE('',#1562,#1563,#1953,.T.);
#1262=EDGE_CURVE('',#1556,#1564,#1954,.T.);
#1263=EDGE_CURVE('',#1557,#1565,#1955,.T.);
#1264=EDGE_CURVE('',#1564,#1565,#1956,.T.);
#1265=EDGE_CURVE('',#1558,#1566,#1957,.T.);
#1266=EDGE_CURVE('',#1559,#1567,#1958,.T.);
#1267=EDGE_CURVE('',#1566,#1567,#1959,.T.);
#1268=EDGE_CURVE('',#1560,#1568,#1960,.T.);
#1269=EDGE_CURVE('',#1569,#1561,#1961,.T.);
#1270=EDGE_CURVE('',#1568,#1569,#1962,.T.);
#1271=EDGE_CURVE('',#1562,#1570,#1963,.T.);
#1272=EDGE_CURVE('',#1571,#1563,#1964,.T.);
#1273=EDGE_CURVE('',#1570,#1571,#1965,.T.);
#1274=EDGE_CURVE('',#1564,#1572,#1966,.T.);
#1275=EDGE_CURVE('',#1573,#1565,#1967,.T.);
#1276=EDGE_CURVE('',#1572,#1573,#1968,.T.);
#1277=EDGE_CURVE('',#1566,#1574,#1969,.T.);
#1278=EDGE_CURVE('',#1575,#1567,#1970,.T.);
#1279=EDGE_CURVE('',#1574,#1575,#1971,.T.);
#1280=EDGE_CURVE('',#1576,#1577,#1972,.T.);
#1281=EDGE_CURVE('',#1576,#1568,#18,.T.);
#1282=EDGE_CURVE('',#1569,#1577,#19,.T.);
#1283=EDGE_CURVE('',#1578,#1579,#1973,.T.);
#1284=EDGE_CURVE('',#1578,#1570,#20,.T.);
#1285=EDGE_CURVE('',#1571,#1579,#21,.T.);
#1286=EDGE_CURVE('',#1580,#1581,#1974,.T.);
#1287=EDGE_CURVE('',#1580,#1572,#22,.T.);
#1288=EDGE_CURVE('',#1573,#1581,#23,.T.);
#1289=EDGE_CURVE('',#1582,#1583,#1975,.T.);
#1290=EDGE_CURVE('',#1582,#1574,#24,.T.);
#1291=EDGE_CURVE('',#1575,#1583,#25,.T.);
#1292=EDGE_CURVE('',#1576,#1584,#1976,.T.);
#1293=EDGE_CURVE('',#1585,#1577,#1977,.T.);
#1294=EDGE_CURVE('',#1584,#1585,#1978,.T.);
#1295=EDGE_CURVE('',#1578,#1586,#1979,.T.);
#1296=EDGE_CURVE('',#1587,#1579,#1980,.T.);
#1297=EDGE_CURVE('',#1586,#1587,#1981,.T.);
#1298=EDGE_CURVE('',#1580,#1588,#1982,.T.);
#1299=EDGE_CURVE('',#1589,#1581,#1983,.T.);
#1300=EDGE_CURVE('',#1588,#1589,#1984,.T.);
#1301=EDGE_CURVE('',#1582,#1590,#1985,.T.);
#1302=EDGE_CURVE('',#1591,#1583,#1986,.T.);
#1303=EDGE_CURVE('',#1590,#1591,#1987,.T.);
#1304=EDGE_CURVE('',#1528,#1584,#1988,.T.);
#1305=EDGE_CURVE('',#1530,#1585,#1989,.T.);
#1306=EDGE_CURVE('',#1532,#1586,#1990,.T.);
#1307=EDGE_CURVE('',#1534,#1587,#1991,.T.);
#1308=EDGE_CURVE('',#1536,#1588,#1992,.T.);
#1309=EDGE_CURVE('',#1538,#1589,#1993,.T.);
#1310=EDGE_CURVE('',#1540,#1590,#1994,.T.);
#1311=EDGE_CURVE('',#1542,#1591,#1995,.T.);
#1312=VERTEX_POINT('',#4026);
#1313=VERTEX_POINT('',#4027);
#1314=VERTEX_POINT('',#4029);
#1315=VERTEX_POINT('',#4031);
#1316=VERTEX_POINT('',#4035);
#1317=VERTEX_POINT('',#4036);
#1318=VERTEX_POINT('',#4038);
#1319=VERTEX_POINT('',#4040);
#1320=VERTEX_POINT('',#4044);
#1321=VERTEX_POINT('',#4045);
#1322=VERTEX_POINT('',#4047);
#1323=VERTEX_POINT('',#4049);
#1324=VERTEX_POINT('',#4053);
#1325=VERTEX_POINT('',#4054);
#1326=VERTEX_POINT('',#4056);
#1327=VERTEX_POINT('',#4058);
#1328=VERTEX_POINT('',#4062);
#1329=VERTEX_POINT('',#4063);
#1330=VERTEX_POINT('',#4065);
#1331=VERTEX_POINT('',#4067);
#1332=VERTEX_POINT('',#4071);
#1333=VERTEX_POINT('',#4072);
#1334=VERTEX_POINT('',#4074);
#1335=VERTEX_POINT('',#4076);
#1336=VERTEX_POINT('',#4080);
#1337=VERTEX_POINT('',#4082);
#1338=VERTEX_POINT('',#4086);
#1339=VERTEX_POINT('',#4088);
#1340=VERTEX_POINT('',#4092);
#1341=VERTEX_POINT('',#4094);
#1342=VERTEX_POINT('',#4098);
#1343=VERTEX_POINT('',#4100);
#1344=VERTEX_POINT('',#4104);
#1345=VERTEX_POINT('',#4106);
#1346=VERTEX_POINT('',#4110);
#1347=VERTEX_POINT('',#4112);
#1348=VERTEX_POINT('',#4116);
#1349=VERTEX_POINT('',#4117);
#1350=VERTEX_POINT('',#4120);
#1351=VERTEX_POINT('',#4122);
#1352=VERTEX_POINT('',#4124);
#1353=VERTEX_POINT('',#4126);
#1354=VERTEX_POINT('',#4130);
#1355=VERTEX_POINT('',#4132);
#1356=VERTEX_POINT('',#4134);
#1357=VERTEX_POINT('',#4136);
#1358=VERTEX_POINT('',#4138);
#1359=VERTEX_POINT('',#4140);
#1360=VERTEX_POINT('',#4144);
#1361=VERTEX_POINT('',#4146);
#1362=VERTEX_POINT('',#4148);
#1363=VERTEX_POINT('',#4150);
#1364=VERTEX_POINT('',#4152);
#1365=VERTEX_POINT('',#4154);
#1366=VERTEX_POINT('',#4158);
#1367=VERTEX_POINT('',#4159);
#1368=VERTEX_POINT('',#4161);
#1369=VERTEX_POINT('',#4163);
#1370=VERTEX_POINT('',#4165);
#1371=VERTEX_POINT('',#4167);
#1372=VERTEX_POINT('',#4169);
#1373=VERTEX_POINT('',#4171);
#1374=VERTEX_POINT('',#4175);
#1375=VERTEX_POINT('',#4176);
#1376=VERTEX_POINT('',#4179);
#1377=VERTEX_POINT('',#4181);
#1378=VERTEX_POINT('',#4183);
#1379=VERTEX_POINT('',#4185);
#1380=VERTEX_POINT('',#4189);
#1381=VERTEX_POINT('',#4190);
#1382=VERTEX_POINT('',#4193);
#1383=VERTEX_POINT('',#4195);
#1384=VERTEX_POINT('',#4197);
#1385=VERTEX_POINT('',#4199);
#1386=VERTEX_POINT('',#4203);
#1387=VERTEX_POINT('',#4204);
#1388=VERTEX_POINT('',#4206);
#1389=VERTEX_POINT('',#4208);
#1390=VERTEX_POINT('',#4212);
#1391=VERTEX_POINT('',#4213);
#1392=VERTEX_POINT('',#4215);
#1393=VERTEX_POINT('',#4217);
#1394=VERTEX_POINT('',#4221);
#1395=VERTEX_POINT('',#4223);
#1396=VERTEX_POINT('',#4227);
#1397=VERTEX_POINT('',#4228);
#1398=VERTEX_POINT('',#4230);
#1399=VERTEX_POINT('',#4232);
#1400=VERTEX_POINT('',#4236);
#1401=VERTEX_POINT('',#4238);
#1402=VERTEX_POINT('',#4240);
#1403=VERTEX_POINT('',#4242);
#1404=VERTEX_POINT('',#4244);
#1405=VERTEX_POINT('',#4246);
#1406=VERTEX_POINT('',#4250);
#1407=VERTEX_POINT('',#4252);
#1408=VERTEX_POINT('',#4254);
#1409=VERTEX_POINT('',#4256);
#1410=VERTEX_POINT('',#4258);
#1411=VERTEX_POINT('',#4260);
#1412=VERTEX_POINT('',#4264);
#1413=VERTEX_POINT('',#4266);
#1414=VERTEX_POINT('',#4269);
#1415=VERTEX_POINT('',#4271);
#1416=VERTEX_POINT('',#4274);
#1417=VERTEX_POINT('',#4276);
#1418=VERTEX_POINT('',#4279);
#1419=VERTEX_POINT('',#4281);
#1420=VERTEX_POINT('',#4284);
#1421=VERTEX_POINT('',#4287);
#1422=VERTEX_POINT('',#4290);
#1423=VERTEX_POINT('',#4292);
#1424=VERTEX_POINT('',#4295);
#1425=VERTEX_POINT('',#4297);
#1426=VERTEX_POINT('',#4300);
#1427=VERTEX_POINT('',#4302);
#1428=VERTEX_POINT('',#4306);
#1429=VERTEX_POINT('',#4307);
#1430=VERTEX_POINT('',#4309);
#1431=VERTEX_POINT('',#4311);
#1432=VERTEX_POINT('',#4314);
#1433=VERTEX_POINT('',#4315);
#1434=VERTEX_POINT('',#4317);
#1435=VERTEX_POINT('',#4319);
#1436=VERTEX_POINT('',#4322);
#1437=VERTEX_POINT('',#4323);
#1438=VERTEX_POINT('',#4325);
#1439=VERTEX_POINT('',#4327);
#1440=VERTEX_POINT('',#4330);
#1441=VERTEX_POINT('',#4331);
#1442=VERTEX_POINT('',#4333);
#1443=VERTEX_POINT('',#4335);
#1444=VERTEX_POINT('',#4339);
#1445=VERTEX_POINT('',#4340);
#1446=VERTEX_POINT('',#4343);
#1447=VERTEX_POINT('',#4345);
#1448=VERTEX_POINT('',#4350);
#1449=VERTEX_POINT('',#4352);
#1450=VERTEX_POINT('',#4357);
#1451=VERTEX_POINT('',#4359);
#1452=VERTEX_POINT('',#4364);
#1453=VERTEX_POINT('',#4367);
#1454=VERTEX_POINT('',#4372);
#1455=VERTEX_POINT('',#4374);
#1456=VERTEX_POINT('',#4379);
#1457=VERTEX_POINT('',#4381);
#1458=VERTEX_POINT('',#4386);
#1459=VERTEX_POINT('',#4388);
#1460=VERTEX_POINT('',#4391);
#1461=VERTEX_POINT('',#4393);
#1462=VERTEX_POINT('',#4396);
#1463=VERTEX_POINT('',#4399);
#1464=VERTEX_POINT('',#4410);
#1465=VERTEX_POINT('',#4412);
#1466=VERTEX_POINT('',#4416);
#1467=VERTEX_POINT('',#4420);
#1468=VERTEX_POINT('',#4427);
#1469=VERTEX_POINT('',#4429);
#1470=VERTEX_POINT('',#4433);
#1471=VERTEX_POINT('',#4437);
#1472=VERTEX_POINT('',#4444);
#1473=VERTEX_POINT('',#4446);
#1474=VERTEX_POINT('',#4450);
#1475=VERTEX_POINT('',#4454);
#1476=VERTEX_POINT('',#4461);
#1477=VERTEX_POINT('',#4463);
#1478=VERTEX_POINT('',#4467);
#1479=VERTEX_POINT('',#4471);
#1480=VERTEX_POINT('',#4537);
#1481=VERTEX_POINT('',#4538);
#1482=VERTEX_POINT('',#4540);
#1483=VERTEX_POINT('',#4542);
#1484=VERTEX_POINT('',#4546);
#1485=VERTEX_POINT('',#4547);
#1486=VERTEX_POINT('',#4549);
#1487=VERTEX_POINT('',#4551);
#1488=VERTEX_POINT('',#4555);
#1489=VERTEX_POINT('',#4556);
#1490=VERTEX_POINT('',#4558);
#1491=VERTEX_POINT('',#4560);
#1492=VERTEX_POINT('',#4563);
#1493=VERTEX_POINT('',#4564);
#1494=VERTEX_POINT('',#4566);
#1495=VERTEX_POINT('',#4568);
#1496=VERTEX_POINT('',#4571);
#1497=VERTEX_POINT('',#4572);
#1498=VERTEX_POINT('',#4574);
#1499=VERTEX_POINT('',#4576);
#1500=VERTEX_POINT('',#4579);
#1501=VERTEX_POINT('',#4580);
#1502=VERTEX_POINT('',#4582);
#1503=VERTEX_POINT('',#4584);
#1504=VERTEX_POINT('',#4595);
#1505=VERTEX_POINT('',#4597);
#1506=VERTEX_POINT('',#4601);
#1507=VERTEX_POINT('',#4605);
#1508=VERTEX_POINT('',#4612);
#1509=VERTEX_POINT('',#4614);
#1510=VERTEX_POINT('',#4618);
#1511=VERTEX_POINT('',#4622);
#1512=VERTEX_POINT('',#4629);
#1513=VERTEX_POINT('',#4631);
#1514=VERTEX_POINT('',#4635);
#1515=VERTEX_POINT('',#4639);
#1516=VERTEX_POINT('',#4646);
#1517=VERTEX_POINT('',#4648);
#1518=VERTEX_POINT('',#4652);
#1519=VERTEX_POINT('',#4656);
#1520=VERTEX_POINT('',#4664);
#1521=VERTEX_POINT('',#4665);
#1522=VERTEX_POINT('',#4667);
#1523=VERTEX_POINT('',#4669);
#1524=VERTEX_POINT('',#4673);
#1525=VERTEX_POINT('',#4674);
#1526=VERTEX_POINT('',#4676);
#1527=VERTEX_POINT('',#4678);
#1528=VERTEX_POINT('',#4688);
#1529=VERTEX_POINT('',#4689);
#1530=VERTEX_POINT('',#4691);
#1531=VERTEX_POINT('',#4693);
#1532=VERTEX_POINT('',#4697);
#1533=VERTEX_POINT('',#4698);
#1534=VERTEX_POINT('',#4700);
#1535=VERTEX_POINT('',#4702);
#1536=VERTEX_POINT('',#4706);
#1537=VERTEX_POINT('',#4707);
#1538=VERTEX_POINT('',#4709);
#1539=VERTEX_POINT('',#4711);
#1540=VERTEX_POINT('',#4715);
#1541=VERTEX_POINT('',#4716);
#1542=VERTEX_POINT('',#4718);
#1543=VERTEX_POINT('',#4720);
#1544=VERTEX_POINT('',#4724);
#1545=VERTEX_POINT('',#4726);
#1546=VERTEX_POINT('',#4730);
#1547=VERTEX_POINT('',#4732);
#1548=VERTEX_POINT('',#4736);
#1549=VERTEX_POINT('',#4738);
#1550=VERTEX_POINT('',#4742);
#1551=VERTEX_POINT('',#4744);
#1552=VERTEX_POINT('',#4748);
#1553=VERTEX_POINT('',#4750);
#1554=VERTEX_POINT('',#4754);
#1555=VERTEX_POINT('',#4756);
#1556=VERTEX_POINT('',#4760);
#1557=VERTEX_POINT('',#4762);
#1558=VERTEX_POINT('',#4766);
#1559=VERTEX_POINT('',#4768);
#1560=VERTEX_POINT('',#4772);
#1561=VERTEX_POINT('',#4774);
#1562=VERTEX_POINT('',#4778);
#1563=VERTEX_POINT('',#4780);
#1564=VERTEX_POINT('',#4784);
#1565=VERTEX_POINT('',#4786);
#1566=VERTEX_POINT('',#4790);
#1567=VERTEX_POINT('',#4792);
#1568=VERTEX_POINT('',#4796);
#1569=VERTEX_POINT('',#4798);
#1570=VERTEX_POINT('',#4802);
#1571=VERTEX_POINT('',#4804);
#1572=VERTEX_POINT('',#4808);
#1573=VERTEX_POINT('',#4810);
#1574=VERTEX_POINT('',#4814);
#1575=VERTEX_POINT('',#4816);
#1576=VERTEX_POINT('',#4820);
#1577=VERTEX_POINT('',#4821);
#1578=VERTEX_POINT('',#4826);
#1579=VERTEX_POINT('',#4827);
#1580=VERTEX_POINT('',#4832);
#1581=VERTEX_POINT('',#4833);
#1582=VERTEX_POINT('',#4838);
#1583=VERTEX_POINT('',#4839);
#1584=VERTEX_POINT('',#4844);
#1585=VERTEX_POINT('',#4846);
#1586=VERTEX_POINT('',#4850);
#1587=VERTEX_POINT('',#4852);
#1588=VERTEX_POINT('',#4856);
#1589=VERTEX_POINT('',#4858);
#1590=VERTEX_POINT('',#4862);
#1591=VERTEX_POINT('',#4864);
#1592=LINE('',#4025,#1996);
#1593=LINE('',#4028,#1997);
#1594=LINE('',#4030,#1998);
#1595=LINE('',#4032,#1999);
#1596=LINE('',#4034,#2000);
#1597=LINE('',#4037,#2001);
#1598=LINE('',#4039,#2002);
#1599=LINE('',#4041,#2003);
#1600=LINE('',#4043,#2004);
#1601=LINE('',#4046,#2005);
#1602=LINE('',#4048,#2006);
#1603=LINE('',#4050,#2007);
#1604=LINE('',#4052,#2008);
#1605=LINE('',#4055,#2009);
#1606=LINE('',#4057,#2010);
#1607=LINE('',#4059,#2011);
#1608=LINE('',#4061,#2012);
#1609=LINE('',#4064,#2013);
#1610=LINE('',#4066,#2014);
#1611=LINE('',#4068,#2015);
#1612=LINE('',#4070,#2016);
#1613=LINE('',#4073,#2017);
#1614=LINE('',#4075,#2018);
#1615=LINE('',#4077,#2019);
#1616=LINE('',#4079,#2020);
#1617=LINE('',#4081,#2021);
#1618=LINE('',#4083,#2022);
#1619=LINE('',#4085,#2023);
#1620=LINE('',#4087,#2024);
#1621=LINE('',#4089,#2025);
#1622=LINE('',#4091,#2026);
#1623=LINE('',#4093,#2027);
#1624=LINE('',#4095,#2028);
#1625=LINE('',#4097,#2029);
#1626=LINE('',#4099,#2030);
#1627=LINE('',#4101,#2031);
#1628=LINE('',#4103,#2032);
#1629=LINE('',#4105,#2033);
#1630=LINE('',#4107,#2034);
#1631=LINE('',#4109,#2035);
#1632=LINE('',#4111,#2036);
#1633=LINE('',#4113,#2037);
#1634=LINE('',#4115,#2038);
#1635=LINE('',#4118,#2039);
#1636=LINE('',#4119,#2040);
#1637=LINE('',#4121,#2041);
#1638=LINE('',#4123,#2042);
#1639=LINE('',#4125,#2043);
#1640=LINE('',#4127,#2044);
#1641=LINE('',#4129,#2045);
#1642=LINE('',#4131,#2046);
#1643=LINE('',#4133,#2047);
#1644=LINE('',#4135,#2048);
#1645=LINE('',#4137,#2049);
#1646=LINE('',#4139,#2050);
#1647=LINE('',#4141,#2051);
#1648=LINE('',#4143,#2052);
#1649=LINE('',#4145,#2053);
#1650=LINE('',#4147,#2054);
#1651=LINE('',#4149,#2055);
#1652=LINE('',#4151,#2056);
#1653=LINE('',#4153,#2057);
#1654=LINE('',#4155,#2058);
#1655=LINE('',#4157,#2059);
#1656=LINE('',#4160,#2060);
#1657=LINE('',#4162,#2061);
#1658=LINE('',#4164,#2062);
#1659=LINE('',#4166,#2063);
#1660=LINE('',#4168,#2064);
#1661=LINE('',#4170,#2065);
#1662=LINE('',#4172,#2066);
#1663=LINE('',#4174,#2067);
#1664=LINE('',#4177,#2068);
#1665=LINE('',#4178,#2069);
#1666=LINE('',#4180,#2070);
#1667=LINE('',#4182,#2071);
#1668=LINE('',#4184,#2072);
#1669=LINE('',#4186,#2073);
#1670=LINE('',#4188,#2074);
#1671=LINE('',#4191,#2075);
#1672=LINE('',#4192,#2076);
#1673=LINE('',#4194,#2077);
#1674=LINE('',#4196,#2078);
#1675=LINE('',#4198,#2079);
#1676=LINE('',#4200,#2080);
#1677=LINE('',#4202,#2081);
#1678=LINE('',#4205,#2082);
#1679=LINE('',#4207,#2083);
#1680=LINE('',#4209,#2084);
#1681=LINE('',#4211,#2085);
#1682=LINE('',#4214,#2086);
#1683=LINE('',#4216,#2087);
#1684=LINE('',#4218,#2088);
#1685=LINE('',#4220,#2089);
#1686=LINE('',#4222,#2090);
#1687=LINE('',#4224,#2091);
#1688=LINE('',#4226,#2092);
#1689=LINE('',#4229,#2093);
#1690=LINE('',#4231,#2094);
#1691=LINE('',#4233,#2095);
#1692=LINE('',#4235,#2096);
#1693=LINE('',#4237,#2097);
#1694=LINE('',#4239,#2098);
#1695=LINE('',#4241,#2099);
#1696=LINE('',#4243,#2100);
#1697=LINE('',#4245,#2101);
#1698=LINE('',#4247,#2102);
#1699=LINE('',#4249,#2103);
#1700=LINE('',#4251,#2104);
#1701=LINE('',#4253,#2105);
#1702=LINE('',#4255,#2106);
#1703=LINE('',#4257,#2107);
#1704=LINE('',#4259,#2108);
#1705=LINE('',#4261,#2109);
#1706=LINE('',#4263,#2110);
#1707=LINE('',#4265,#2111);
#1708=LINE('',#4267,#2112);
#1709=LINE('',#4268,#2113);
#1710=LINE('',#4270,#2114);
#1711=LINE('',#4272,#2115);
#1712=LINE('',#4273,#2116);
#1713=LINE('',#4275,#2117);
#1714=LINE('',#4277,#2118);
#1715=LINE('',#4278,#2119);
#1716=LINE('',#4280,#2120);
#1717=LINE('',#4282,#2121);
#1718=LINE('',#4283,#2122);
#1719=LINE('',#4285,#2123);
#1720=LINE('',#4286,#2124);
#1721=LINE('',#4288,#2125);
#1722=LINE('',#4289,#2126);
#1723=LINE('',#4291,#2127);
#1724=LINE('',#4293,#2128);
#1725=LINE('',#4294,#2129);
#1726=LINE('',#4296,#2130);
#1727=LINE('',#4298,#2131);
#1728=LINE('',#4299,#2132);
#1729=LINE('',#4301,#2133);
#1730=LINE('',#4303,#2134);
#1731=LINE('',#4304,#2135);
#1732=LINE('',#4305,#2136);
#1733=LINE('',#4308,#2137);
#1734=LINE('',#4310,#2138);
#1735=LINE('',#4312,#2139);
#1736=LINE('',#4313,#2140);
#1737=LINE('',#4316,#2141);
#1738=LINE('',#4318,#2142);
#1739=LINE('',#4320,#2143);
#1740=LINE('',#4321,#2144);
#1741=LINE('',#4324,#2145);
#1742=LINE('',#4326,#2146);
#1743=LINE('',#4328,#2147);
#1744=LINE('',#4329,#2148);
#1745=LINE('',#4332,#2149);
#1746=LINE('',#4334,#2150);
#1747=LINE('',#4336,#2151);
#1748=LINE('',#4338,#2152);
#1749=LINE('',#4341,#2153);
#1750=LINE('',#4342,#2154);
#1751=LINE('',#4344,#2155);
#1752=LINE('',#4346,#2156);
#1753=LINE('',#4347,#2157);
#1754=LINE('',#4348,#2158);
#1755=LINE('',#4349,#2159);
#1756=LINE('',#4351,#2160);
#1757=LINE('',#4353,#2161);
#1758=LINE('',#4354,#2162);
#1759=LINE('',#4355,#2163);
#1760=LINE('',#4356,#2164);
#1761=LINE('',#4358,#2165);
#1762=LINE('',#4360,#2166);
#1763=LINE('',#4361,#2167);
#1764=LINE('',#4362,#2168);
#1765=LINE('',#4363,#2169);
#1766=LINE('',#4365,#2170);
#1767=LINE('',#4366,#2171);
#1768=LINE('',#4368,#2172);
#1769=LINE('',#4369,#2173);
#1770=LINE('',#4370,#2174);
#1771=LINE('',#4371,#2175);
#1772=LINE('',#4373,#2176);
#1773=LINE('',#4375,#2177);
#1774=LINE('',#4376,#2178);
#1775=LINE('',#4377,#2179);
#1776=LINE('',#4378,#2180);
#1777=LINE('',#4380,#2181);
#1778=LINE('',#4382,#2182);
#1779=LINE('',#4383,#2183);
#1780=LINE('',#4384,#2184);
#1781=LINE('',#4385,#2185);
#1782=LINE('',#4387,#2186);
#1783=LINE('',#4389,#2187);
#1784=LINE('',#4390,#2188);
#1785=LINE('',#4392,#2189);
#1786=LINE('',#4394,#2190);
#1787=LINE('',#4395,#2191);
#1788=LINE('',#4397,#2192);
#1789=LINE('',#4398,#2193);
#1790=LINE('',#4400,#2194);
#1791=LINE('',#4401,#2195);
#1792=LINE('',#4403,#2196);
#1793=LINE('',#4404,#2197);
#1794=LINE('',#4406,#2198);
#1795=LINE('',#4407,#2199);
#1796=LINE('',#4409,#2200);
#1797=LINE('',#4411,#2201);
#1798=LINE('',#4413,#2202);
#1799=LINE('',#4415,#2203);
#1800=LINE('',#4417,#2204);
#1801=LINE('',#4419,#2205);
#1802=LINE('',#4421,#2206);
#1803=LINE('',#4423,#2207);
#1804=LINE('',#4426,#2208);
#1805=LINE('',#4428,#2209);
#1806=LINE('',#4430,#2210);
#1807=LINE('',#4432,#2211);
#1808=LINE('',#4434,#2212);
#1809=LINE('',#4436,#2213);
#1810=LINE('',#4438,#2214);
#1811=LINE('',#4440,#2215);
#1812=LINE('',#4443,#2216);
#1813=LINE('',#4445,#2217);
#1814=LINE('',#4447,#2218);
#1815=LINE('',#4449,#2219);
#1816=LINE('',#4451,#2220);
#1817=LINE('',#4453,#2221);
#1818=LINE('',#4455,#2222);
#1819=LINE('',#4457,#2223);
#1820=LINE('',#4460,#2224);
#1821=LINE('',#4462,#2225);
#1822=LINE('',#4464,#2226);
#1823=LINE('',#4466,#2227);
#1824=LINE('',#4468,#2228);
#1825=LINE('',#4470,#2229);
#1826=LINE('',#4472,#2230);
#1827=LINE('',#4474,#2231);
#1828=LINE('',#4477,#2232);
#1829=LINE('',#4480,#2233);
#1830=LINE('',#4482,#2234);
#1831=LINE('',#4485,#2235);
#1832=LINE('',#4487,#2236);
#1833=LINE('',#4490,#2237);
#1834=LINE('',#4492,#2238);
#1835=LINE('',#4495,#2239);
#1836=LINE('',#4498,#2240);
#1837=LINE('',#4501,#2241);
#1838=LINE('',#4503,#2242);
#1839=LINE('',#4506,#2243);
#1840=LINE('',#4508,#2244);
#1841=LINE('',#4511,#2245);
#1842=LINE('',#4513,#2246);
#1843=LINE('',#4516,#2247);
#1844=LINE('',#4536,#2248);
#1845=LINE('',#4539,#2249);
#1846=LINE('',#4541,#2250);
#1847=LINE('',#4543,#2251);
#1848=LINE('',#4545,#2252);
#1849=LINE('',#4548,#2253);
#1850=LINE('',#4550,#2254);
#1851=LINE('',#4552,#2255);
#1852=LINE('',#4554,#2256);
#1853=LINE('',#4557,#2257);
#1854=LINE('',#4559,#2258);
#1855=LINE('',#4561,#2259);
#1856=LINE('',#4562,#2260);
#1857=LINE('',#4565,#2261);
#1858=LINE('',#4567,#2262);
#1859=LINE('',#4569,#2263);
#1860=LINE('',#4570,#2264);
#1861=LINE('',#4573,#2265);
#1862=LINE('',#4575,#2266);
#1863=LINE('',#4577,#2267);
#1864=LINE('',#4578,#2268);
#1865=LINE('',#4581,#2269);
#1866=LINE('',#4583,#2270);
#1867=LINE('',#4585,#2271);
#1868=LINE('',#4586,#2272);
#1869=LINE('',#4587,#2273);
#1870=LINE('',#4589,#2274);
#1871=LINE('',#4591,#2275);
#1872=LINE('',#4594,#2276);
#1873=LINE('',#4596,#2277);
#1874=LINE('',#4598,#2278);
#1875=LINE('',#4600,#2279);
#1876=LINE('',#4602,#2280);
#1877=LINE('',#4604,#2281);
#1878=LINE('',#4606,#2282);
#1879=LINE('',#4608,#2283);
#1880=LINE('',#4611,#2284);
#1881=LINE('',#4613,#2285);
#1882=LINE('',#4615,#2286);
#1883=LINE('',#4617,#2287);
#1884=LINE('',#4619,#2288);
#1885=LINE('',#4621,#2289);
#1886=LINE('',#4623,#2290);
#1887=LINE('',#4625,#2291);
#1888=LINE('',#4628,#2292);
#1889=LINE('',#4630,#2293);
#1890=LINE('',#4632,#2294);
#1891=LINE('',#4634,#2295);
#1892=LINE('',#4636,#2296);
#1893=LINE('',#4638,#2297);
#1894=LINE('',#4640,#2298);
#1895=LINE('',#4642,#2299);
#1896=LINE('',#4645,#2300);
#1897=LINE('',#4647,#2301);
#1898=LINE('',#4649,#2302);
#1899=LINE('',#4651,#2303);
#1900=LINE('',#4653,#2304);
#1901=LINE('',#4655,#2305);
#1902=LINE('',#4657,#2306);
#1903=LINE('',#4659,#2307);
#1904=LINE('',#4663,#2308);
#1905=LINE('',#4666,#2309);
#1906=LINE('',#4668,#2310);
#1907=LINE('',#4670,#2311);
#1908=LINE('',#4672,#2312);
#1909=LINE('',#4675,#2313);
#1910=LINE('',#4677,#2314);
#1911=LINE('',#4679,#2315);
#1912=LINE('',#4681,#2316);
#1913=LINE('',#4682,#2317);
#1914=LINE('',#4684,#2318);
#1915=LINE('',#4685,#2319);
#1916=LINE('',#4687,#2320);
#1917=LINE('',#4690,#2321);
#1918=LINE('',#4692,#2322);
#1919=LINE('',#4694,#2323);
#1920=LINE('',#4696,#2324);
#1921=LINE('',#4699,#2325);
#1922=LINE('',#4701,#2326);
#1923=LINE('',#4703,#2327);
#1924=LINE('',#4705,#2328);
#1925=LINE('',#4708,#2329);
#1926=LINE('',#4710,#2330);
#1927=LINE('',#4712,#2331);
#1928=LINE('',#4714,#2332);
#1929=LINE('',#4717,#2333);
#1930=LINE('',#4719,#2334);
#1931=LINE('',#4721,#2335);
#1932=LINE('',#4727,#2336);
#1933=LINE('',#4733,#2337);
#1934=LINE('',#4739,#2338);
#1935=LINE('',#4745,#2339);
#1936=LINE('',#4747,#2340);
#1937=LINE('',#4749,#2341);
#1938=LINE('',#4751,#2342);
#1939=LINE('',#4753,#2343);
#1940=LINE('',#4755,#2344);
#1941=LINE('',#4757,#2345);
#1942=LINE('',#4759,#2346);
#1943=LINE('',#4761,#2347);
#1944=LINE('',#4763,#2348);
#1945=LINE('',#4765,#2349);
#1946=LINE('',#4767,#2350);
#1947=LINE('',#4769,#2351);
#1948=LINE('',#4771,#2352);
#1949=LINE('',#4773,#2353);
#1950=LINE('',#4775,#2354);
#1951=LINE('',#4777,#2355);
#1952=LINE('',#4779,#2356);
#1953=LINE('',#4781,#2357);
#1954=LINE('',#4783,#2358);
#1955=LINE('',#4785,#2359);
#1956=LINE('',#4787,#2360);
#1957=LINE('',#4789,#2361);
#1958=LINE('',#4791,#2362);
#1959=LINE('',#4793,#2363);
#1960=LINE('',#4795,#2364);
#1961=LINE('',#4797,#2365);
#1962=LINE('',#4799,#2366);
#1963=LINE('',#4801,#2367);
#1964=LINE('',#4803,#2368);
#1965=LINE('',#4805,#2369);
#1966=LINE('',#4807,#2370);
#1967=LINE('',#4809,#2371);
#1968=LINE('',#4811,#2372);
#1969=LINE('',#4813,#2373);
#1970=LINE('',#4815,#2374);
#1971=LINE('',#4817,#2375);
#1972=LINE('',#4819,#2376);
#1973=LINE('',#4825,#2377);
#1974=LINE('',#4831,#2378);
#1975=LINE('',#4837,#2379);
#1976=LINE('',#4843,#2380);
#1977=LINE('',#4845,#2381);
#1978=LINE('',#4847,#2382);
#1979=LINE('',#4849,#2383);
#1980=LINE('',#4851,#2384);
#1981=LINE('',#4853,#2385);
#1982=LINE('',#4855,#2386);
#1983=LINE('',#4857,#2387);
#1984=LINE('',#4859,#2388);
#1985=LINE('',#4861,#2389);
#1986=LINE('',#4863,#2390);
#1987=LINE('',#4865,#2391);
#1988=LINE('',#4867,#2392);
#1989=LINE('',#4868,#2393);
#1990=LINE('',#4869,#2394);
#1991=LINE('',#4870,#2395);
#1992=LINE('',#4871,#2396);
#1993=LINE('',#4872,#2397);
#1994=LINE('',#4873,#2398);
#1995=LINE('',#4874,#2399);
#1996=VECTOR('',#3267,39.3700787401575);
#1997=VECTOR('',#3268,39.3700787401575);
#1998=VECTOR('',#3269,39.3700787401575);
#1999=VECTOR('',#3270,39.3700787401575);
#2000=VECTOR('',#3273,39.3700787401575);
#2001=VECTOR('',#3274,39.3700787401575);
#2002=VECTOR('',#3275,39.3700787401575);
#2003=VECTOR('',#3276,39.3700787401575);
#2004=VECTOR('',#3279,39.3700787401575);
#2005=VECTOR('',#3280,39.3700787401575);
#2006=VECTOR('',#3281,39.3700787401575);
#2007=VECTOR('',#3282,39.3700787401575);
#2008=VECTOR('',#3285,39.3700787401575);
#2009=VECTOR('',#3286,39.3700787401575);
#2010=VECTOR('',#3287,39.3700787401575);
#2011=VECTOR('',#3288,39.3700787401575);
#2012=VECTOR('',#3291,39.3700787401575);
#2013=VECTOR('',#3292,39.3700787401575);
#2014=VECTOR('',#3293,39.3700787401575);
#2015=VECTOR('',#3294,39.3700787401575);
#2016=VECTOR('',#3297,39.3700787401575);
#2017=VECTOR('',#3298,39.3700787401575);
#2018=VECTOR('',#3299,39.3700787401575);
#2019=VECTOR('',#3300,39.3700787401575);
#2020=VECTOR('',#3303,39.3700787401575);
#2021=VECTOR('',#3304,39.3700787401575);
#2022=VECTOR('',#3305,39.3700787401575);
#2023=VECTOR('',#3308,39.3700787401575);
#2024=VECTOR('',#3309,39.3700787401575);
#2025=VECTOR('',#3310,39.3700787401575);
#2026=VECTOR('',#3313,39.3700787401575);
#2027=VECTOR('',#3314,39.3700787401575);
#2028=VECTOR('',#3315,39.3700787401575);
#2029=VECTOR('',#3318,39.3700787401575);
#2030=VECTOR('',#3319,39.3700787401575);
#2031=VECTOR('',#3320,39.3700787401575);
#2032=VECTOR('',#3323,39.3700787401575);
#2033=VECTOR('',#3324,39.3700787401575);
#2034=VECTOR('',#3325,39.3700787401575);
#2035=VECTOR('',#3328,39.3700787401575);
#2036=VECTOR('',#3329,39.3700787401575);
#2037=VECTOR('',#3330,39.3700787401575);
#2038=VECTOR('',#3333,39.3700787401575);
#2039=VECTOR('',#3334,39.3700787401575);
#2040=VECTOR('',#3335,39.3700787401575);
#2041=VECTOR('',#3336,39.3700787401575);
#2042=VECTOR('',#3337,39.3700787401575);
#2043=VECTOR('',#3338,39.3700787401575);
#2044=VECTOR('',#3339,39.3700787401575);
#2045=VECTOR('',#3342,39.3700787401575);
#2046=VECTOR('',#3343,39.3700787401575);
#2047=VECTOR('',#3344,39.3700787401575);
#2048=VECTOR('',#3345,39.3700787401575);
#2049=VECTOR('',#3346,39.3700787401575);
#2050=VECTOR('',#3347,39.3700787401575);
#2051=VECTOR('',#3348,39.3700787401575);
#2052=VECTOR('',#3351,39.3700787401575);
#2053=VECTOR('',#3352,39.3700787401575);
#2054=VECTOR('',#3353,39.3700787401575);
#2055=VECTOR('',#3354,39.3700787401575);
#2056=VECTOR('',#3355,39.3700787401575);
#2057=VECTOR('',#3356,39.3700787401575);
#2058=VECTOR('',#3357,39.3700787401575);
#2059=VECTOR('',#3360,39.3700787401575);
#2060=VECTOR('',#3361,39.3700787401575);
#2061=VECTOR('',#3362,39.3700787401575);
#2062=VECTOR('',#3363,39.3700787401575);
#2063=VECTOR('',#3364,39.3700787401575);
#2064=VECTOR('',#3365,39.3700787401575);
#2065=VECTOR('',#3366,39.3700787401575);
#2066=VECTOR('',#3367,39.3700787401575);
#2067=VECTOR('',#3370,39.3700787401575);
#2068=VECTOR('',#3371,39.3700787401575);
#2069=VECTOR('',#3372,39.3700787401575);
#2070=VECTOR('',#3373,39.3700787401575);
#2071=VECTOR('',#3374,39.3700787401575);
#2072=VECTOR('',#3375,39.3700787401575);
#2073=VECTOR('',#3376,39.3700787401575);
#2074=VECTOR('',#3379,39.3700787401575);
#2075=VECTOR('',#3380,39.3700787401575);
#2076=VECTOR('',#3381,39.3700787401575);
#2077=VECTOR('',#3382,39.3700787401575);
#2078=VECTOR('',#3383,39.3700787401575);
#2079=VECTOR('',#3384,39.3700787401575);
#2080=VECTOR('',#3385,39.3700787401575);
#2081=VECTOR('',#3388,39.3700787401575);
#2082=VECTOR('',#3389,39.3700787401575);
#2083=VECTOR('',#3390,39.3700787401575);
#2084=VECTOR('',#3391,39.3700787401575);
#2085=VECTOR('',#3394,39.3700787401575);
#2086=VECTOR('',#3395,39.3700787401575);
#2087=VECTOR('',#3396,39.3700787401575);
#2088=VECTOR('',#3397,39.3700787401575);
#2089=VECTOR('',#3400,39.3700787401575);
#2090=VECTOR('',#3401,39.3700787401575);
#2091=VECTOR('',#3402,39.3700787401575);
#2092=VECTOR('',#3405,39.3700787401575);
#2093=VECTOR('',#3406,39.3700787401575);
#2094=VECTOR('',#3407,39.3700787401575);
#2095=VECTOR('',#3408,39.3700787401575);
#2096=VECTOR('',#3411,39.3700787401575);
#2097=VECTOR('',#3412,39.3700787401575);
#2098=VECTOR('',#3413,39.3700787401575);
#2099=VECTOR('',#3414,39.3700787401575);
#2100=VECTOR('',#3415,39.3700787401575);
#2101=VECTOR('',#3416,39.3700787401575);
#2102=VECTOR('',#3417,39.3700787401575);
#2103=VECTOR('',#3420,39.3700787401575);
#2104=VECTOR('',#3421,39.3700787401575);
#2105=VECTOR('',#3422,39.3700787401575);
#2106=VECTOR('',#3423,39.3700787401575);
#2107=VECTOR('',#3424,39.3700787401575);
#2108=VECTOR('',#3425,39.3700787401575);
#2109=VECTOR('',#3426,39.3700787401575);
#2110=VECTOR('',#3429,39.3700787401575);
#2111=VECTOR('',#3430,39.3700787401575);
#2112=VECTOR('',#3431,39.3700787401575);
#2113=VECTOR('',#3432,39.3700787401575);
#2114=VECTOR('',#3433,39.3700787401575);
#2115=VECTOR('',#3434,39.3700787401575);
#2116=VECTOR('',#3435,39.3700787401575);
#2117=VECTOR('',#3436,39.3700787401575);
#2118=VECTOR('',#3437,39.3700787401575);
#2119=VECTOR('',#3438,39.3700787401575);
#2120=VECTOR('',#3439,39.3700787401575);
#2121=VECTOR('',#3440,39.3700787401575);
#2122=VECTOR('',#3441,39.3700787401575);
#2123=VECTOR('',#3442,39.3700787401575);
#2124=VECTOR('',#3443,39.3700787401575);
#2125=VECTOR('',#3444,39.3700787401575);
#2126=VECTOR('',#3445,39.3700787401575);
#2127=VECTOR('',#3446,39.3700787401575);
#2128=VECTOR('',#3447,39.3700787401575);
#2129=VECTOR('',#3448,39.3700787401575);
#2130=VECTOR('',#3449,39.3700787401575);
#2131=VECTOR('',#3450,39.3700787401575);
#2132=VECTOR('',#3451,39.3700787401575);
#2133=VECTOR('',#3452,39.3700787401575);
#2134=VECTOR('',#3453,39.3700787401575);
#2135=VECTOR('',#3454,39.3700787401575);
#2136=VECTOR('',#3455,39.3700787401575);
#2137=VECTOR('',#3456,39.3700787401575);
#2138=VECTOR('',#3457,39.3700787401575);
#2139=VECTOR('',#3458,39.3700787401575);
#2140=VECTOR('',#3459,39.3700787401575);
#2141=VECTOR('',#3460,39.3700787401575);
#2142=VECTOR('',#3461,39.3700787401575);
#2143=VECTOR('',#3462,39.3700787401575);
#2144=VECTOR('',#3463,39.3700787401575);
#2145=VECTOR('',#3464,39.3700787401575);
#2146=VECTOR('',#3465,39.3700787401575);
#2147=VECTOR('',#3466,39.3700787401575);
#2148=VECTOR('',#3467,39.3700787401575);
#2149=VECTOR('',#3468,39.3700787401575);
#2150=VECTOR('',#3469,39.3700787401575);
#2151=VECTOR('',#3470,39.3700787401575);
#2152=VECTOR('',#3473,39.3700787401575);
#2153=VECTOR('',#3474,39.3700787401575);
#2154=VECTOR('',#3475,39.3700787401575);
#2155=VECTOR('',#3476,39.3700787401575);
#2156=VECTOR('',#3477,39.3700787401575);
#2157=VECTOR('',#3478,39.3700787401575);
#2158=VECTOR('',#3479,39.3700787401575);
#2159=VECTOR('',#3480,39.3700787401575);
#2160=VECTOR('',#3481,39.3700787401575);
#2161=VECTOR('',#3482,39.3700787401575);
#2162=VECTOR('',#3483,39.3700787401575);
#2163=VECTOR('',#3484,39.3700787401575);
#2164=VECTOR('',#3485,39.3700787401575);
#2165=VECTOR('',#3486,39.3700787401575);
#2166=VECTOR('',#3487,39.3700787401575);
#2167=VECTOR('',#3488,39.3700787401575);
#2168=VECTOR('',#3489,39.3700787401575);
#2169=VECTOR('',#3490,39.3700787401575);
#2170=VECTOR('',#3491,39.3700787401575);
#2171=VECTOR('',#3492,39.3700787401575);
#2172=VECTOR('',#3493,39.3700787401575);
#2173=VECTOR('',#3494,39.3700787401575);
#2174=VECTOR('',#3495,39.3700787401575);
#2175=VECTOR('',#3496,39.3700787401575);
#2176=VECTOR('',#3497,39.3700787401575);
#2177=VECTOR('',#3498,39.3700787401575);
#2178=VECTOR('',#3499,39.3700787401575);
#2179=VECTOR('',#3500,39.3700787401575);
#2180=VECTOR('',#3501,39.3700787401575);
#2181=VECTOR('',#3502,39.3700787401575);
#2182=VECTOR('',#3503,39.3700787401575);
#2183=VECTOR('',#3504,39.3700787401575);
#2184=VECTOR('',#3505,39.3700787401575);
#2185=VECTOR('',#3506,39.3700787401575);
#2186=VECTOR('',#3507,39.3700787401575);
#2187=VECTOR('',#3508,39.3700787401575);
#2188=VECTOR('',#3509,39.3700787401575);
#2189=VECTOR('',#3510,39.3700787401575);
#2190=VECTOR('',#3511,39.3700787401575);
#2191=VECTOR('',#3512,39.3700787401575);
#2192=VECTOR('',#3513,39.3700787401575);
#2193=VECTOR('',#3514,39.3700787401575);
#2194=VECTOR('',#3515,39.3700787401575);
#2195=VECTOR('',#3516,39.3700787401575);
#2196=VECTOR('',#3519,39.3700787401575);
#2197=VECTOR('',#3520,39.3700787401575);
#2198=VECTOR('',#3523,39.3700787401575);
#2199=VECTOR('',#3524,39.3700787401575);
#2200=VECTOR('',#3527,39.3700787401575);
#2201=VECTOR('',#3528,39.3700787401575);
#2202=VECTOR('',#3529,39.3700787401575);
#2203=VECTOR('',#3532,39.3700787401575);
#2204=VECTOR('',#3533,39.3700787401575);
#2205=VECTOR('',#3536,39.3700787401575);
#2206=VECTOR('',#3537,39.3700787401575);
#2207=VECTOR('',#3540,39.3700787401575);
#2208=VECTOR('',#3545,39.3700787401575);
#2209=VECTOR('',#3546,39.3700787401575);
#2210=VECTOR('',#3547,39.3700787401575);
#2211=VECTOR('',#3550,39.3700787401575);
#2212=VECTOR('',#3551,39.3700787401575);
#2213=VECTOR('',#3554,39.3700787401575);
#2214=VECTOR('',#3555,39.3700787401575);
#2215=VECTOR('',#3558,39.3700787401575);
#2216=VECTOR('',#3563,39.3700787401575);
#2217=VECTOR('',#3564,39.3700787401575);
#2218=VECTOR('',#3565,39.3700787401575);
#2219=VECTOR('',#3568,39.3700787401575);
#2220=VECTOR('',#3569,39.3700787401575);
#2221=VECTOR('',#3572,39.3700787401575);
#2222=VECTOR('',#3573,39.3700787401575);
#2223=VECTOR('',#3576,39.3700787401575);
#2224=VECTOR('',#3581,39.3700787401575);
#2225=VECTOR('',#3582,39.3700787401575);
#2226=VECTOR('',#3583,39.3700787401575);
#2227=VECTOR('',#3586,39.3700787401575);
#2228=VECTOR('',#3587,39.3700787401575);
#2229=VECTOR('',#3590,39.3700787401575);
#2230=VECTOR('',#3591,39.3700787401575);
#2231=VECTOR('',#3594,39.3700787401575);
#2232=VECTOR('',#3599,39.3700787401575);
#2233=VECTOR('',#3604,39.3700787401575);
#2234=VECTOR('',#3607,39.3700787401575);
#2235=VECTOR('',#3612,39.3700787401575);
#2236=VECTOR('',#3615,39.3700787401575);
#2237=VECTOR('',#3620,39.3700787401575);
#2238=VECTOR('',#3623,39.3700787401575);
#2239=VECTOR('',#3628,39.3700787401575);
#2240=VECTOR('',#3633,39.3700787401575);
#2241=VECTOR('',#3638,39.3700787401575);
#2242=VECTOR('',#3641,39.3700787401575);
#2243=VECTOR('',#3646,39.3700787401575);
#2244=VECTOR('',#3649,39.3700787401575);
#2245=VECTOR('',#3654,39.3700787401575);
#2246=VECTOR('',#3657,39.3700787401575);
#2247=VECTOR('',#3662,39.3700787401575);
#2248=VECTOR('',#3701,39.3700787401575);
#2249=VECTOR('',#3702,39.3700787401575);
#2250=VECTOR('',#3703,39.3700787401575);
#2251=VECTOR('',#3704,39.3700787401575);
#2252=VECTOR('',#3707,39.3700787401575);
#2253=VECTOR('',#3708,39.3700787401575);
#2254=VECTOR('',#3709,39.3700787401575);
#2255=VECTOR('',#3710,39.3700787401575);
#2256=VECTOR('',#3713,39.3700787401575);
#2257=VECTOR('',#3714,39.3700787401575);
#2258=VECTOR('',#3715,39.3700787401575);
#2259=VECTOR('',#3716,39.3700787401575);
#2260=VECTOR('',#3717,39.3700787401575);
#2261=VECTOR('',#3718,39.3700787401575);
#2262=VECTOR('',#3719,39.3700787401575);
#2263=VECTOR('',#3720,39.3700787401575);
#2264=VECTOR('',#3721,39.3700787401575);
#2265=VECTOR('',#3722,39.3700787401575);
#2266=VECTOR('',#3723,39.3700787401575);
#2267=VECTOR('',#3724,39.3700787401575);
#2268=VECTOR('',#3725,39.3700787401575);
#2269=VECTOR('',#3726,39.3700787401575);
#2270=VECTOR('',#3727,39.3700787401575);
#2271=VECTOR('',#3728,39.3700787401575);
#2272=VECTOR('',#3729,39.3700787401575);
#2273=VECTOR('',#3730,39.3700787401575);
#2274=VECTOR('',#3733,39.3700787401575);
#2275=VECTOR('',#3736,39.3700787401575);
#2276=VECTOR('',#3741,39.3700787401575);
#2277=VECTOR('',#3742,39.3700787401575);
#2278=VECTOR('',#3743,39.3700787401575);
#2279=VECTOR('',#3746,39.3700787401575);
#2280=VECTOR('',#3747,39.3700787401575);
#2281=VECTOR('',#3750,39.3700787401575);
#2282=VECTOR('',#3751,39.3700787401575);
#2283=VECTOR('',#3754,39.3700787401575);
#2284=VECTOR('',#3759,39.3700787401575);
#2285=VECTOR('',#3760,39.3700787401575);
#2286=VECTOR('',#3761,39.3700787401575);
#2287=VECTOR('',#3764,39.3700787401575);
#2288=VECTOR('',#3765,39.3700787401575);
#2289=VECTOR('',#3768,39.3700787401575);
#2290=VECTOR('',#3769,39.3700787401575);
#2291=VECTOR('',#3772,39.3700787401575);
#2292=VECTOR('',#3777,39.3700787401575);
#2293=VECTOR('',#3778,39.3700787401575);
#2294=VECTOR('',#3779,39.3700787401575);
#2295=VECTOR('',#3782,39.3700787401575);
#2296=VECTOR('',#3783,39.3700787401575);
#2297=VECTOR('',#3786,39.3700787401575);
#2298=VECTOR('',#3787,39.3700787401575);
#2299=VECTOR('',#3790,39.3700787401575);
#2300=VECTOR('',#3795,39.3700787401575);
#2301=VECTOR('',#3796,39.3700787401575);
#2302=VECTOR('',#3797,39.3700787401575);
#2303=VECTOR('',#3800,39.3700787401575);
#2304=VECTOR('',#3801,39.3700787401575);
#2305=VECTOR('',#3804,39.3700787401575);
#2306=VECTOR('',#3805,39.3700787401575);
#2307=VECTOR('',#3808,39.3700787401575);
#2308=VECTOR('',#3815,39.3700787401575);
#2309=VECTOR('',#3816,39.3700787401575);
#2310=VECTOR('',#3817,39.3700787401575);
#2311=VECTOR('',#3818,39.3700787401575);
#2312=VECTOR('',#3821,39.3700787401575);
#2313=VECTOR('',#3822,39.3700787401575);
#2314=VECTOR('',#3823,39.3700787401575);
#2315=VECTOR('',#3824,39.3700787401575);
#2316=VECTOR('',#3827,39.3700787401575);
#2317=VECTOR('',#3828,39.3700787401575);
#2318=VECTOR('',#3831,39.3700787401575);
#2319=VECTOR('',#3832,39.3700787401575);
#2320=VECTOR('',#3835,39.3700787401575);
#2321=VECTOR('',#3836,39.3700787401575);
#2322=VECTOR('',#3837,39.3700787401575);
#2323=VECTOR('',#3838,39.3700787401575);
#2324=VECTOR('',#3841,39.3700787401575);
#2325=VECTOR('',#3842,39.3700787401575);
#2326=VECTOR('',#3843,39.3700787401575);
#2327=VECTOR('',#3844,39.3700787401575);
#2328=VECTOR('',#3847,39.3700787401575);
#2329=VECTOR('',#3848,39.3700787401575);
#2330=VECTOR('',#3849,39.3700787401575);
#2331=VECTOR('',#3850,39.3700787401575);
#2332=VECTOR('',#3853,39.3700787401575);
#2333=VECTOR('',#3854,39.3700787401575);
#2334=VECTOR('',#3855,39.3700787401575);
#2335=VECTOR('',#3856,39.3700787401575);
#2336=VECTOR('',#3863,39.3700787401575);
#2337=VECTOR('',#3870,39.3700787401575);
#2338=VECTOR('',#3877,39.3700787401575);
#2339=VECTOR('',#3884,39.3700787401575);
#2340=VECTOR('',#3887,39.3700787401575);
#2341=VECTOR('',#3888,39.3700787401575);
#2342=VECTOR('',#3889,39.3700787401575);
#2343=VECTOR('',#3892,39.3700787401575);
#2344=VECTOR('',#3893,39.3700787401575);
#2345=VECTOR('',#3894,39.3700787401575);
#2346=VECTOR('',#3897,39.3700787401575);
#2347=VECTOR('',#3898,39.3700787401575);
#2348=VECTOR('',#3899,39.3700787401575);
#2349=VECTOR('',#3902,39.3700787401575);
#2350=VECTOR('',#3903,39.3700787401575);
#2351=VECTOR('',#3904,39.3700787401575);
#2352=VECTOR('',#3907,39.3700787401575);
#2353=VECTOR('',#3908,39.3700787401575);
#2354=VECTOR('',#3909,39.3700787401575);
#2355=VECTOR('',#3912,39.3700787401575);
#2356=VECTOR('',#3913,39.3700787401575);
#2357=VECTOR('',#3914,39.3700787401575);
#2358=VECTOR('',#3917,39.3700787401575);
#2359=VECTOR('',#3918,39.3700787401575);
#2360=VECTOR('',#3919,39.3700787401575);
#2361=VECTOR('',#3922,39.3700787401575);
#2362=VECTOR('',#3923,39.3700787401575);
#2363=VECTOR('',#3924,39.3700787401575);
#2364=VECTOR('',#3927,39.3700787401575);
#2365=VECTOR('',#3928,39.3700787401575);
#2366=VECTOR('',#3929,39.3700787401575);
#2367=VECTOR('',#3932,39.3700787401575);
#2368=VECTOR('',#3933,39.3700787401575);
#2369=VECTOR('',#3934,39.3700787401575);
#2370=VECTOR('',#3937,39.3700787401575);
#2371=VECTOR('',#3938,39.3700787401575);
#2372=VECTOR('',#3939,39.3700787401575);
#2373=VECTOR('',#3942,39.3700787401575);
#2374=VECTOR('',#3943,39.3700787401575);
#2375=VECTOR('',#3944,39.3700787401575);
#2376=VECTOR('',#3947,39.3700787401575);
#2377=VECTOR('',#3954,39.3700787401575);
#2378=VECTOR('',#3961,39.3700787401575);
#2379=VECTOR('',#3968,39.3700787401575);
#2380=VECTOR('',#3975,39.3700787401575);
#2381=VECTOR('',#3976,39.3700787401575);
#2382=VECTOR('',#3977,39.3700787401575);
#2383=VECTOR('',#3980,39.3700787401575);
#2384=VECTOR('',#3981,39.3700787401575);
#2385=VECTOR('',#3982,39.3700787401575);
#2386=VECTOR('',#3985,39.3700787401575);
#2387=VECTOR('',#3986,39.3700787401575);
#2388=VECTOR('',#3987,39.3700787401575);
#2389=VECTOR('',#3990,39.3700787401575);
#2390=VECTOR('',#3991,39.3700787401575);
#2391=VECTOR('',#3992,39.3700787401575);
#2392=VECTOR('',#3995,39.3700787401575);
#2393=VECTOR('',#3996,39.3700787401575);
#2394=VECTOR('',#3997,39.3700787401575);
#2395=VECTOR('',#3998,39.3700787401575);
#2396=VECTOR('',#3999,39.3700787401575);
#2397=VECTOR('',#4000,39.3700787401575);
#2398=VECTOR('',#4001,39.3700787401575);
#2399=VECTOR('',#4002,39.3700787401575);
#2400=EDGE_LOOP('',(#52,#53,#54,#55));
#2401=EDGE_LOOP('',(#56,#57,#58,#59));
#2402=EDGE_LOOP('',(#60,#61,#62,#63));
#2403=EDGE_LOOP('',(#64,#65,#66,#67));
#2404=EDGE_LOOP('',(#68,#69,#70,#71));
#2405=EDGE_LOOP('',(#72,#73,#74,#75));
#2406=EDGE_LOOP('',(#76,#77,#78,#79));
#2407=EDGE_LOOP('',(#80,#81,#82,#83));
#2408=EDGE_LOOP('',(#84,#85,#86,#87));
#2409=EDGE_LOOP('',(#88,#89,#90,#91));
#2410=EDGE_LOOP('',(#92,#93,#94,#95));
#2411=EDGE_LOOP('',(#96,#97,#98,#99));
#2412=EDGE_LOOP('',(#100,#101,#102,#103,#104,#105,#106,#107));
#2413=EDGE_LOOP('',(#108,#109,#110,#111,#112,#113,#114,#115));
#2414=EDGE_LOOP('',(#116,#117,#118,#119,#120,#121,#122,#123));
#2415=EDGE_LOOP('',(#124,#125,#126,#127,#128,#129,#130,#131));
#2416=EDGE_LOOP('',(#132,#133,#134,#135,#136,#137,#138,#139));
#2417=EDGE_LOOP('',(#140,#141,#142,#143,#144,#145,#146,#147));
#2418=EDGE_LOOP('',(#148,#149,#150,#151));
#2419=EDGE_LOOP('',(#152,#153,#154,#155));
#2420=EDGE_LOOP('',(#156,#157,#158,#159));
#2421=EDGE_LOOP('',(#160,#161,#162,#163));
#2422=EDGE_LOOP('',(#164,#165,#166,#167,#168,#169,#170,#171));
#2423=EDGE_LOOP('',(#172,#173,#174,#175,#176,#177,#178,#179));
#2424=EDGE_LOOP('',(#180,#181,#182,#183,#184,#185,#186,#187,#188,#189,#190,
#191,#192,#193,#194,#195,#196,#197,#198,#199,#200,#201,#202,#203,#204,#205,
#206,#207,#208,#209,#210,#211,#212,#213,#214,#215));
#2425=EDGE_LOOP('',(#216,#217,#218,#219));
#2426=EDGE_LOOP('',(#220,#221,#222,#223));
#2427=EDGE_LOOP('',(#224,#225,#226,#227));
#2428=EDGE_LOOP('',(#228,#229,#230,#231));
#2429=EDGE_LOOP('',(#232,#233,#234,#235,#236,#237,#238,#239,#240,#241,#242,
#243,#244,#245,#246,#247,#248,#249,#250,#251,#252,#253,#254,#255,#256,#257,
#258,#259,#260,#261,#262,#263,#264,#265,#266,#267,#268,#269,#270,#271,#272,
#273,#274,#275,#276,#277,#278,#279,#280,#281,#282,#283,#284,#285,#286,#287,
#288,#289,#290,#291,#292,#293,#294,#295,#296,#297,#298,#299));
#2430=EDGE_LOOP('',(#300,#301,#302,#303));
#2431=EDGE_LOOP('',(#304,#305,#306,#307));
#2432=EDGE_LOOP('',(#308,#309,#310,#311));
#2433=EDGE_LOOP('',(#312,#313,#314,#315));
#2434=EDGE_LOOP('',(#316,#317,#318,#319));
#2435=EDGE_LOOP('',(#320,#321,#322,#323));
#2436=EDGE_LOOP('',(#324,#325,#326,#327));
#2437=EDGE_LOOP('',(#328,#329,#330,#331));
#2438=EDGE_LOOP('',(#332,#333,#334,#335));
#2439=EDGE_LOOP('',(#336,#337,#338,#339));
#2440=EDGE_LOOP('',(#340,#341,#342,#343));
#2441=EDGE_LOOP('',(#344,#345,#346,#347));
#2442=EDGE_LOOP('',(#348,#349,#350,#351));
#2443=EDGE_LOOP('',(#352,#353,#354,#355));
#2444=EDGE_LOOP('',(#356,#357,#358,#359));
#2445=EDGE_LOOP('',(#360,#361,#362,#363));
#2446=EDGE_LOOP('',(#364,#365,#366,#367));
#2447=EDGE_LOOP('',(#368,#369,#370,#371));
#2448=EDGE_LOOP('',(#372,#373,#374,#375));
#2449=EDGE_LOOP('',(#376,#377,#378,#379));
#2450=EDGE_LOOP('',(#380,#381,#382,#383));
#2451=EDGE_LOOP('',(#384,#385,#386,#387));
#2452=EDGE_LOOP('',(#388,#389,#390,#391));
#2453=EDGE_LOOP('',(#392,#393,#394,#395));
#2454=EDGE_LOOP('',(#396,#397,#398,#399));
#2455=EDGE_LOOP('',(#400,#401,#402,#403));
#2456=EDGE_LOOP('',(#404,#405,#406,#407));
#2457=EDGE_LOOP('',(#408,#409,#410,#411));
#2458=EDGE_LOOP('',(#412,#413,#414,#415));
#2459=EDGE_LOOP('',(#416,#417,#418,#419));
#2460=EDGE_LOOP('',(#420,#421,#422,#423));
#2461=EDGE_LOOP('',(#424,#425,#426,#427));
#2462=EDGE_LOOP('',(#428,#429,#430,#431));
#2463=EDGE_LOOP('',(#432,#433,#434,#435));
#2464=EDGE_LOOP('',(#436,#437,#438,#439));
#2465=EDGE_LOOP('',(#440,#441,#442,#443));
#2466=EDGE_LOOP('',(#444,#445,#446,#447));
#2467=EDGE_LOOP('',(#448,#449,#450,#451));
#2468=EDGE_LOOP('',(#452,#453,#454,#455));
#2469=EDGE_LOOP('',(#456,#457,#458,#459));
#2470=EDGE_LOOP('',(#460,#461,#462,#463));
#2471=EDGE_LOOP('',(#464,#465,#466,#467));
#2472=EDGE_LOOP('',(#468,#469,#470,#471));
#2473=EDGE_LOOP('',(#472,#473,#474,#475));
#2474=EDGE_LOOP('',(#476,#477,#478,#479));
#2475=EDGE_LOOP('',(#480,#481,#482,#483));
#2476=EDGE_LOOP('',(#484,#485,#486,#487));
#2477=EDGE_LOOP('',(#488,#489,#490,#491));
#2478=EDGE_LOOP('',(#492,#493,#494,#495));
#2479=EDGE_LOOP('',(#496,#497,#498,#499));
#2480=EDGE_LOOP('',(#500,#501,#502,#503));
#2481=EDGE_LOOP('',(#504,#505,#506,#507));
#2482=EDGE_LOOP('',(#508,#509,#510,#511));
#2483=EDGE_LOOP('',(#512,#513,#514,#515));
#2484=EDGE_LOOP('',(#516,#517,#518,#519));
#2485=EDGE_LOOP('',(#520,#521,#522,#523));
#2486=EDGE_LOOP('',(#524,#525,#526,#527));
#2487=EDGE_LOOP('',(#528,#529,#530,#531));
#2488=EDGE_LOOP('',(#532,#533,#534,#535));
#2489=EDGE_LOOP('',(#536,#537,#538,#539));
#2490=EDGE_LOOP('',(#540,#541,#542,#543));
#2491=EDGE_LOOP('',(#544,#545,#546,#547));
#2492=EDGE_LOOP('',(#548,#549,#550,#551));
#2493=EDGE_LOOP('',(#552,#553,#554,#555));
#2494=EDGE_LOOP('',(#556,#557,#558,#559));
#2495=EDGE_LOOP('',(#560,#561,#562,#563));
#2496=EDGE_LOOP('',(#564,#565,#566,#567));
#2497=EDGE_LOOP('',(#568,#569,#570,#571));
#2498=EDGE_LOOP('',(#572,#573,#574,#575));
#2499=EDGE_LOOP('',(#576,#577,#578,#579));
#2500=EDGE_LOOP('',(#580,#581,#582,#583));
#2501=EDGE_LOOP('',(#584,#585,#586,#587));
#2502=EDGE_LOOP('',(#588,#589,#590,#591));
#2503=EDGE_LOOP('',(#592,#593,#594,#595));
#2504=EDGE_LOOP('',(#596,#597,#598,#599));
#2505=EDGE_LOOP('',(#600,#601,#602,#603));
#2506=EDGE_LOOP('',(#604,#605,#606,#607));
#2507=EDGE_LOOP('',(#608,#609,#610,#611));
#2508=EDGE_LOOP('',(#612,#613,#614,#615));
#2509=EDGE_LOOP('',(#616,#617,#618,#619));
#2510=EDGE_LOOP('',(#620,#621,#622,#623));
#2511=EDGE_LOOP('',(#624,#625,#626,#627));
#2512=EDGE_LOOP('',(#628,#629,#630,#631));
#2513=EDGE_LOOP('',(#632,#633,#634,#635));
#2514=EDGE_LOOP('',(#636,#637,#638,#639));
#2515=EDGE_LOOP('',(#640,#641,#642,#643));
#2516=EDGE_LOOP('',(#644,#645,#646,#647));
#2517=EDGE_LOOP('',(#648,#649,#650,#651));
#2518=EDGE_LOOP('',(#652,#653,#654,#655));
#2519=EDGE_LOOP('',(#656,#657,#658,#659));
#2520=EDGE_LOOP('',(#660,#661,#662,#663));
#2521=EDGE_LOOP('',(#664,#665,#666,#667));
#2522=EDGE_LOOP('',(#668,#669,#670,#671));
#2523=EDGE_LOOP('',(#672,#673,#674,#675));
#2524=EDGE_LOOP('',(#676,#677,#678,#679));
#2525=EDGE_LOOP('',(#680,#681,#682,#683));
#2526=EDGE_LOOP('',(#684,#685,#686,#687));
#2527=EDGE_LOOP('',(#688,#689,#690,#691));
#2528=EDGE_LOOP('',(#692,#693,#694,#695));
#2529=EDGE_LOOP('',(#696,#697,#698,#699));
#2530=EDGE_LOOP('',(#700,#701,#702,#703));
#2531=EDGE_LOOP('',(#704,#705,#706,#707));
#2532=EDGE_LOOP('',(#708,#709,#710,#711));
#2533=EDGE_LOOP('',(#712,#713,#714,#715));
#2534=EDGE_LOOP('',(#716,#717,#718,#719));
#2535=EDGE_LOOP('',(#720,#721,#722,#723));
#2536=EDGE_LOOP('',(#724,#725,#726,#727));
#2537=EDGE_LOOP('',(#728,#729,#730,#731));
#2538=EDGE_LOOP('',(#732,#733,#734,#735));
#2539=EDGE_LOOP('',(#736,#737,#738,#739));
#2540=EDGE_LOOP('',(#740,#741,#742,#743));
#2541=EDGE_LOOP('',(#744,#745,#746,#747));
#2542=EDGE_LOOP('',(#748,#749,#750,#751));
#2543=EDGE_LOOP('',(#752,#753,#754,#755));
#2544=EDGE_LOOP('',(#756,#757,#758,#759));
#2545=EDGE_LOOP('',(#760,#761,#762,#763));
#2546=EDGE_LOOP('',(#764,#765,#766,#767));
#2547=EDGE_LOOP('',(#768,#769,#770,#771));
#2548=EDGE_LOOP('',(#772,#773,#774,#775));
#2549=EDGE_LOOP('',(#776,#777,#778,#779));
#2550=EDGE_LOOP('',(#780,#781,#782,#783));
#2551=EDGE_LOOP('',(#784,#785,#786,#787));
#2552=EDGE_LOOP('',(#788,#789,#790,#791));
#2553=EDGE_LOOP('',(#792,#793,#794,#795));
#2554=EDGE_LOOP('',(#796,#797,#798,#799));
#2555=EDGE_LOOP('',(#800,#801,#802,#803));
#2556=EDGE_LOOP('',(#804,#805,#806,#807));
#2557=EDGE_LOOP('',(#808,#809,#810,#811));
#2558=EDGE_LOOP('',(#812,#813,#814,#815));
#2559=EDGE_LOOP('',(#816,#817,#818,#819));
#2560=EDGE_LOOP('',(#820,#821,#822,#823));
#2561=EDGE_LOOP('',(#824,#825,#826,#827,#828,#829,#830,#831));
#2562=EDGE_LOOP('',(#832,#833,#834,#835,#836,#837,#838,#839));
#2563=EDGE_LOOP('',(#840,#841,#842,#843,#844,#845,#846,#847));
#2564=EDGE_LOOP('',(#848,#849,#850,#851,#852,#853,#854,#855));
#2565=EDGE_LOOP('',(#856,#857,#858,#859,#860,#861,#862,#863));
#2566=EDGE_LOOP('',(#864,#865,#866,#867,#868,#869,#870,#871));
#2567=EDGE_LOOP('',(#872,#873,#874,#875,#876,#877,#878,#879));
#2568=EDGE_LOOP('',(#880,#881,#882,#883,#884,#885,#886,#887));
#2569=EDGE_LOOP('',(#888,#889,#890,#891));
#2570=FACE_BOUND('',#2400,.T.);
#2571=FACE_BOUND('',#2401,.T.);
#2572=FACE_BOUND('',#2402,.T.);
#2573=FACE_BOUND('',#2403,.T.);
#2574=FACE_BOUND('',#2404,.T.);
#2575=FACE_BOUND('',#2405,.T.);
#2576=FACE_BOUND('',#2406,.T.);
#2577=FACE_BOUND('',#2407,.T.);
#2578=FACE_BOUND('',#2408,.T.);
#2579=FACE_BOUND('',#2409,.T.);
#2580=FACE_BOUND('',#2410,.T.);
#2581=FACE_BOUND('',#2411,.T.);
#2582=FACE_BOUND('',#2412,.T.);
#2583=FACE_BOUND('',#2413,.T.);
#2584=FACE_BOUND('',#2414,.T.);
#2585=FACE_BOUND('',#2415,.T.);
#2586=FACE_BOUND('',#2416,.T.);
#2587=FACE_BOUND('',#2417,.T.);
#2588=FACE_BOUND('',#2418,.T.);
#2589=FACE_BOUND('',#2419,.T.);
#2590=FACE_BOUND('',#2420,.T.);
#2591=FACE_BOUND('',#2421,.T.);
#2592=FACE_BOUND('',#2422,.T.);
#2593=FACE_BOUND('',#2423,.T.);
#2594=FACE_BOUND('',#2424,.T.);
#2595=FACE_BOUND('',#2425,.T.);
#2596=FACE_BOUND('',#2426,.T.);
#2597=FACE_BOUND('',#2427,.T.);
#2598=FACE_BOUND('',#2428,.T.);
#2599=FACE_BOUND('',#2429,.T.);
#2600=FACE_BOUND('',#2430,.T.);
#2601=FACE_BOUND('',#2431,.T.);
#2602=FACE_BOUND('',#2432,.T.);
#2603=FACE_BOUND('',#2433,.T.);
#2604=FACE_BOUND('',#2434,.T.);
#2605=FACE_BOUND('',#2435,.T.);
#2606=FACE_BOUND('',#2436,.T.);
#2607=FACE_BOUND('',#2437,.T.);
#2608=FACE_BOUND('',#2438,.T.);
#2609=FACE_BOUND('',#2439,.T.);
#2610=FACE_BOUND('',#2440,.T.);
#2611=FACE_BOUND('',#2441,.T.);
#2612=FACE_BOUND('',#2442,.T.);
#2613=FACE_BOUND('',#2443,.T.);
#2614=FACE_BOUND('',#2444,.T.);
#2615=FACE_BOUND('',#2445,.T.);
#2616=FACE_BOUND('',#2446,.T.);
#2617=FACE_BOUND('',#2447,.T.);
#2618=FACE_BOUND('',#2448,.T.);
#2619=FACE_BOUND('',#2449,.T.);
#2620=FACE_BOUND('',#2450,.T.);
#2621=FACE_BOUND('',#2451,.T.);
#2622=FACE_BOUND('',#2452,.T.);
#2623=FACE_BOUND('',#2453,.T.);
#2624=FACE_BOUND('',#2454,.T.);
#2625=FACE_BOUND('',#2455,.T.);
#2626=FACE_BOUND('',#2456,.T.);
#2627=FACE_BOUND('',#2457,.T.);
#2628=FACE_BOUND('',#2458,.T.);
#2629=FACE_BOUND('',#2459,.T.);
#2630=FACE_BOUND('',#2460,.T.);
#2631=FACE_BOUND('',#2461,.T.);
#2632=FACE_BOUND('',#2462,.T.);
#2633=FACE_BOUND('',#2463,.T.);
#2634=FACE_BOUND('',#2464,.T.);
#2635=FACE_BOUND('',#2465,.T.);
#2636=FACE_BOUND('',#2466,.T.);
#2637=FACE_BOUND('',#2467,.T.);
#2638=FACE_BOUND('',#2468,.T.);
#2639=FACE_BOUND('',#2469,.T.);
#2640=FACE_BOUND('',#2470,.T.);
#2641=FACE_BOUND('',#2471,.T.);
#2642=FACE_BOUND('',#2472,.T.);
#2643=FACE_BOUND('',#2473,.T.);
#2644=FACE_BOUND('',#2474,.T.);
#2645=FACE_BOUND('',#2475,.T.);
#2646=FACE_BOUND('',#2476,.T.);
#2647=FACE_BOUND('',#2477,.T.);
#2648=FACE_BOUND('',#2478,.T.);
#2649=FACE_BOUND('',#2479,.T.);
#2650=FACE_BOUND('',#2480,.T.);
#2651=FACE_BOUND('',#2481,.T.);
#2652=FACE_BOUND('',#2482,.T.);
#2653=FACE_BOUND('',#2483,.T.);
#2654=FACE_BOUND('',#2484,.T.);
#2655=FACE_BOUND('',#2485,.T.);
#2656=FACE_BOUND('',#2486,.T.);
#2657=FACE_BOUND('',#2487,.T.);
#2658=FACE_BOUND('',#2488,.T.);
#2659=FACE_BOUND('',#2489,.T.);
#2660=FACE_BOUND('',#2490,.T.);
#2661=FACE_BOUND('',#2491,.T.);
#2662=FACE_BOUND('',#2492,.T.);
#2663=FACE_BOUND('',#2493,.T.);
#2664=FACE_BOUND('',#2494,.T.);
#2665=FACE_BOUND('',#2495,.T.);
#2666=FACE_BOUND('',#2496,.T.);
#2667=FACE_BOUND('',#2497,.T.);
#2668=FACE_BOUND('',#2498,.T.);
#2669=FACE_BOUND('',#2499,.T.);
#2670=FACE_BOUND('',#2500,.T.);
#2671=FACE_BOUND('',#2501,.T.);
#2672=FACE_BOUND('',#2502,.T.);
#2673=FACE_BOUND('',#2503,.T.);
#2674=FACE_BOUND('',#2504,.T.);
#2675=FACE_BOUND('',#2505,.T.);
#2676=FACE_BOUND('',#2506,.T.);
#2677=FACE_BOUND('',#2507,.T.);
#2678=FACE_BOUND('',#2508,.T.);
#2679=FACE_BOUND('',#2509,.T.);
#2680=FACE_BOUND('',#2510,.T.);
#2681=FACE_BOUND('',#2511,.T.);
#2682=FACE_BOUND('',#2512,.T.);
#2683=FACE_BOUND('',#2513,.T.);
#2684=FACE_BOUND('',#2514,.T.);
#2685=FACE_BOUND('',#2515,.T.);
#2686=FACE_BOUND('',#2516,.T.);
#2687=FACE_BOUND('',#2517,.T.);
#2688=FACE_BOUND('',#2518,.T.);
#2689=FACE_BOUND('',#2519,.T.);
#2690=FACE_BOUND('',#2520,.T.);
#2691=FACE_BOUND('',#2521,.T.);
#2692=FACE_BOUND('',#2522,.T.);
#2693=FACE_BOUND('',#2523,.T.);
#2694=FACE_BOUND('',#2524,.T.);
#2695=FACE_BOUND('',#2525,.T.);
#2696=FACE_BOUND('',#2526,.T.);
#2697=FACE_BOUND('',#2527,.T.);
#2698=FACE_BOUND('',#2528,.T.);
#2699=FACE_BOUND('',#2529,.T.);
#2700=FACE_BOUND('',#2530,.T.);
#2701=FACE_BOUND('',#2531,.T.);
#2702=FACE_BOUND('',#2532,.T.);
#2703=FACE_BOUND('',#2533,.T.);
#2704=FACE_BOUND('',#2534,.T.);
#2705=FACE_BOUND('',#2535,.T.);
#2706=FACE_BOUND('',#2536,.T.);
#2707=FACE_BOUND('',#2537,.T.);
#2708=FACE_BOUND('',#2538,.T.);
#2709=FACE_BOUND('',#2539,.T.);
#2710=FACE_BOUND('',#2540,.T.);
#2711=FACE_BOUND('',#2541,.T.);
#2712=FACE_BOUND('',#2542,.T.);
#2713=FACE_BOUND('',#2543,.T.);
#2714=FACE_BOUND('',#2544,.T.);
#2715=FACE_BOUND('',#2545,.T.);
#2716=FACE_BOUND('',#2546,.T.);
#2717=FACE_BOUND('',#2547,.T.);
#2718=FACE_BOUND('',#2548,.T.);
#2719=FACE_BOUND('',#2549,.T.);
#2720=FACE_BOUND('',#2550,.T.);
#2721=FACE_BOUND('',#2551,.T.);
#2722=FACE_BOUND('',#2552,.T.);
#2723=FACE_BOUND('',#2553,.T.);
#2724=FACE_BOUND('',#2554,.T.);
#2725=FACE_BOUND('',#2555,.T.);
#2726=FACE_BOUND('',#2556,.T.);
#2727=FACE_BOUND('',#2557,.T.);
#2728=FACE_BOUND('',#2558,.T.);
#2729=FACE_BOUND('',#2559,.T.);
#2730=FACE_BOUND('',#2560,.T.);
#2731=FACE_BOUND('',#2561,.T.);
#2732=FACE_BOUND('',#2562,.T.);
#2733=FACE_BOUND('',#2563,.T.);
#2734=FACE_BOUND('',#2564,.T.);
#2735=FACE_BOUND('',#2565,.T.);
#2736=FACE_BOUND('',#2566,.T.);
#2737=FACE_BOUND('',#2567,.T.);
#2738=FACE_BOUND('',#2568,.T.);
#2739=FACE_BOUND('',#2569,.T.);
#2740=PLANE('',#3086);
#2741=PLANE('',#3087);
#2742=PLANE('',#3088);
#2743=PLANE('',#3089);
#2744=PLANE('',#3090);
#2745=PLANE('',#3091);
#2746=PLANE('',#3092);
#2747=PLANE('',#3093);
#2748=PLANE('',#3094);
#2749=PLANE('',#3095);
#2750=PLANE('',#3096);
#2751=PLANE('',#3097);
#2752=PLANE('',#3098);
#2753=PLANE('',#3099);
#2754=PLANE('',#3100);
#2755=PLANE('',#3101);
#2756=PLANE('',#3102);
#2757=PLANE('',#3103);
#2758=PLANE('',#3104);
#2759=PLANE('',#3105);
#2760=PLANE('',#3106);
#2761=PLANE('',#3107);
#2762=PLANE('',#3108);
#2763=PLANE('',#3109);
#2764=PLANE('',#3110);
#2765=PLANE('',#3111);
#2766=PLANE('',#3112);
#2767=PLANE('',#3113);
#2768=PLANE('',#3114);
#2769=PLANE('',#3115);
#2770=PLANE('',#3116);
#2771=PLANE('',#3117);
#2772=PLANE('',#3118);
#2773=PLANE('',#3119);
#2774=PLANE('',#3120);
#2775=PLANE('',#3121);
#2776=PLANE('',#3122);
#2777=PLANE('',#3123);
#2778=PLANE('',#3124);
#2779=PLANE('',#3125);
#2780=PLANE('',#3126);
#2781=PLANE('',#3127);
#2782=PLANE('',#3128);
#2783=PLANE('',#3129);
#2784=PLANE('',#3130);
#2785=PLANE('',#3131);
#2786=PLANE('',#3132);
#2787=PLANE('',#3133);
#2788=PLANE('',#3134);
#2789=PLANE('',#3135);
#2790=PLANE('',#3136);
#2791=PLANE('',#3137);
#2792=PLANE('',#3138);
#2793=PLANE('',#3139);
#2794=PLANE('',#3140);
#2795=PLANE('',#3141);
#2796=PLANE('',#3142);
#2797=PLANE('',#3143);
#2798=PLANE('',#3144);
#2799=PLANE('',#3145);
#2800=PLANE('',#3146);
#2801=PLANE('',#3147);
#2802=PLANE('',#3148);
#2803=PLANE('',#3149);
#2804=PLANE('',#3150);
#2805=PLANE('',#3151);
#2806=PLANE('',#3152);
#2807=PLANE('',#3153);
#2808=PLANE('',#3154);
#2809=PLANE('',#3155);
#2810=PLANE('',#3156);
#2811=PLANE('',#3157);
#2812=PLANE('',#3158);
#2813=PLANE('',#3159);
#2814=PLANE('',#3160);
#2815=PLANE('',#3161);
#2816=PLANE('',#3162);
#2817=PLANE('',#3163);
#2818=PLANE('',#3164);
#2819=PLANE('',#3165);
#2820=PLANE('',#3166);
#2821=PLANE('',#3167);
#2822=PLANE('',#3168);
#2823=PLANE('',#3169);
#2824=PLANE('',#3170);
#2825=PLANE('',#3171);
#2826=PLANE('',#3172);
#2827=PLANE('',#3173);
#2828=PLANE('',#3174);
#2829=PLANE('',#3175);
#2830=PLANE('',#3177);
#2831=PLANE('',#3178);
#2832=PLANE('',#3179);
#2833=PLANE('',#3180);
#2834=PLANE('',#3181);
#2835=PLANE('',#3182);
#2836=PLANE('',#3183);
#2837=PLANE('',#3184);
#2838=PLANE('',#3185);
#2839=PLANE('',#3186);
#2840=PLANE('',#3187);
#2841=PLANE('',#3188);
#2842=PLANE('',#3189);
#2843=PLANE('',#3190);
#2844=PLANE('',#3191);
#2845=PLANE('',#3192);
#2846=PLANE('',#3193);
#2847=PLANE('',#3194);
#2848=PLANE('',#3195);
#2849=PLANE('',#3196);
#2850=PLANE('',#3197);
#2851=PLANE('',#3198);
#2852=PLANE('',#3199);
#2853=PLANE('',#3200);
#2854=PLANE('',#3201);
#2855=PLANE('',#3202);
#2856=PLANE('',#3204);
#2857=PLANE('',#3205);
#2858=PLANE('',#3206);
#2859=PLANE('',#3207);
#2860=PLANE('',#3208);
#2861=PLANE('',#3209);
#2862=PLANE('',#3210);
#2863=PLANE('',#3211);
#2864=PLANE('',#3224);
#2865=PLANE('',#3225);
#2866=PLANE('',#3226);
#2867=PLANE('',#3227);
#2868=PLANE('',#3228);
#2869=PLANE('',#3229);
#2870=PLANE('',#3230);
#2871=PLANE('',#3231);
#2872=PLANE('',#3232);
#2873=PLANE('',#3233);
#2874=PLANE('',#3234);
#2875=PLANE('',#3235);
#2876=PLANE('',#3248);
#2877=PLANE('',#3249);
#2878=PLANE('',#3250);
#2879=PLANE('',#3251);
#2880=PLANE('',#3252);
#2881=PLANE('',#3253);
#2882=PLANE('',#3254);
#2883=PLANE('',#3255);
#2884=PLANE('',#3256);
#2885=PLANE('',#3257);
#2886=PLANE('',#3258);
#2887=PLANE('',#3259);
#2888=PLANE('',#3260);
#2889=PLANE('',#3261);
#2890=ADVANCED_FACE('',(#2570),#2740,.F.);
#2891=ADVANCED_FACE('',(#2571),#2741,.F.);
#2892=ADVANCED_FACE('',(#2572),#2742,.F.);
#2893=ADVANCED_FACE('',(#2573),#2743,.F.);
#2894=ADVANCED_FACE('',(#2574),#2744,.F.);
#2895=ADVANCED_FACE('',(#2575),#2745,.F.);
#2896=ADVANCED_FACE('',(#2576),#2746,.T.);
#2897=ADVANCED_FACE('',(#2577),#2747,.T.);
#2898=ADVANCED_FACE('',(#2578),#2748,.T.);
#2899=ADVANCED_FACE('',(#2579),#2749,.T.);
#2900=ADVANCED_FACE('',(#2580),#2750,.T.);
#2901=ADVANCED_FACE('',(#2581),#2751,.T.);
#2902=ADVANCED_FACE('',(#2582),#2752,.F.);
#2903=ADVANCED_FACE('',(#2583),#2753,.F.);
#2904=ADVANCED_FACE('',(#2584),#2754,.F.);
#2905=ADVANCED_FACE('',(#2585),#2755,.F.);
#2906=ADVANCED_FACE('',(#2586),#2756,.F.);
#2907=ADVANCED_FACE('',(#2587),#2757,.F.);
#2908=ADVANCED_FACE('',(#2588),#2758,.F.);
#2909=ADVANCED_FACE('',(#2589),#2759,.F.);
#2910=ADVANCED_FACE('',(#2590),#2760,.F.);
#2911=ADVANCED_FACE('',(#2591),#2761,.F.);
#2912=ADVANCED_FACE('',(#2592),#2762,.F.);
#2913=ADVANCED_FACE('',(#2593),#2763,.F.);
#2914=ADVANCED_FACE('',(#2594,#2595,#2596,#2597,#2598),#2764,.T.);
#2915=ADVANCED_FACE('',(#2599),#2765,.T.);
#2916=ADVANCED_FACE('',(#2600),#2766,.T.);
#2917=ADVANCED_FACE('',(#2601),#2767,.T.);
#2918=ADVANCED_FACE('',(#2602),#2768,.F.);
#2919=ADVANCED_FACE('',(#2603),#2769,.F.);
#2920=ADVANCED_FACE('',(#2604),#2770,.F.);
#2921=ADVANCED_FACE('',(#2605),#2771,.F.);
#2922=ADVANCED_FACE('',(#2606),#2772,.T.);
#2923=ADVANCED_FACE('',(#2607),#2773,.F.);
#2924=ADVANCED_FACE('',(#2608),#2774,.F.);
#2925=ADVANCED_FACE('',(#2609),#2775,.F.);
#2926=ADVANCED_FACE('',(#2610),#2776,.F.);
#2927=ADVANCED_FACE('',(#2611),#2777,.T.);
#2928=ADVANCED_FACE('',(#2612),#2778,.F.);
#2929=ADVANCED_FACE('',(#2613),#2779,.F.);
#2930=ADVANCED_FACE('',(#2614),#2780,.F.);
#2931=ADVANCED_FACE('',(#2615),#2781,.F.);
#2932=ADVANCED_FACE('',(#2616),#2782,.T.);
#2933=ADVANCED_FACE('',(#2617),#2783,.F.);
#2934=ADVANCED_FACE('',(#2618),#2784,.F.);
#2935=ADVANCED_FACE('',(#2619),#2785,.F.);
#2936=ADVANCED_FACE('',(#2620),#2786,.F.);
#2937=ADVANCED_FACE('',(#2621),#2787,.T.);
#2938=ADVANCED_FACE('',(#2622),#2788,.F.);
#2939=ADVANCED_FACE('',(#2623),#2789,.F.);
#2940=ADVANCED_FACE('',(#2624),#2790,.F.);
#2941=ADVANCED_FACE('',(#2625),#2791,.F.);
#2942=ADVANCED_FACE('',(#2626),#2792,.F.);
#2943=ADVANCED_FACE('',(#2627),#2793,.F.);
#2944=ADVANCED_FACE('',(#2628),#2794,.F.);
#2945=ADVANCED_FACE('',(#2629),#2795,.F.);
#2946=ADVANCED_FACE('',(#2630),#2796,.F.);
#2947=ADVANCED_FACE('',(#2631),#2797,.F.);
#2948=ADVANCED_FACE('',(#2632),#2798,.F.);
#2949=ADVANCED_FACE('',(#2633),#2799,.F.);
#2950=ADVANCED_FACE('',(#2634),#2800,.F.);
#2951=ADVANCED_FACE('',(#2635),#2801,.F.);
#2952=ADVANCED_FACE('',(#2636),#2802,.F.);
#2953=ADVANCED_FACE('',(#2637),#2803,.F.);
#2954=ADVANCED_FACE('',(#2638),#2804,.F.);
#2955=ADVANCED_FACE('',(#2639),#2805,.F.);
#2956=ADVANCED_FACE('',(#2640),#2806,.F.);
#2957=ADVANCED_FACE('',(#2641),#2807,.F.);
#2958=ADVANCED_FACE('',(#2642),#2808,.F.);
#2959=ADVANCED_FACE('',(#2643),#2809,.F.);
#2960=ADVANCED_FACE('',(#2644),#2810,.F.);
#2961=ADVANCED_FACE('',(#2645),#2811,.F.);
#2962=ADVANCED_FACE('',(#2646),#2812,.F.);
#2963=ADVANCED_FACE('',(#2647),#2813,.F.);
#2964=ADVANCED_FACE('',(#2648),#2814,.F.);
#2965=ADVANCED_FACE('',(#2649),#2815,.F.);
#2966=ADVANCED_FACE('',(#2650),#2816,.F.);
#2967=ADVANCED_FACE('',(#2651),#2817,.F.);
#2968=ADVANCED_FACE('',(#2652),#2818,.F.);
#2969=ADVANCED_FACE('',(#2653),#2819,.F.);
#2970=ADVANCED_FACE('',(#2654),#2820,.F.);
#2971=ADVANCED_FACE('',(#2655),#2821,.F.);
#2972=ADVANCED_FACE('',(#2656),#2822,.F.);
#2973=ADVANCED_FACE('',(#2657),#2823,.F.);
#2974=ADVANCED_FACE('',(#2658),#2824,.F.);
#2975=ADVANCED_FACE('',(#2659),#2825,.F.);
#2976=ADVANCED_FACE('',(#2660),#2826,.F.);
#2977=ADVANCED_FACE('',(#2661),#2827,.F.);
#2978=ADVANCED_FACE('',(#2662),#2828,.F.);
#2979=ADVANCED_FACE('',(#2663),#2829,.F.);
#2980=ADVANCED_FACE('',(#2664),#2830,.T.);
#2981=ADVANCED_FACE('',(#2665),#2831,.F.);
#2982=ADVANCED_FACE('',(#2666,#2667,#2668,#2669,#2670),#2832,.F.);
#2983=ADVANCED_FACE('',(#2671),#2833,.F.);
#2984=ADVANCED_FACE('',(#2672),#2834,.F.);
#2985=ADVANCED_FACE('',(#2673),#2835,.F.);
#2986=ADVANCED_FACE('',(#2674),#2836,.F.);
#2987=ADVANCED_FACE('',(#2675),#2837,.F.);
#2988=ADVANCED_FACE('',(#2676),#2838,.F.);
#2989=ADVANCED_FACE('',(#2677),#2839,.F.);
#2990=ADVANCED_FACE('',(#2678),#2840,.T.);
#2991=ADVANCED_FACE('',(#2679),#2841,.F.);
#2992=ADVANCED_FACE('',(#2680),#2842,.F.);
#2993=ADVANCED_FACE('',(#2681),#2843,.F.);
#2994=ADVANCED_FACE('',(#2682),#2844,.F.);
#2995=ADVANCED_FACE('',(#2683),#2845,.T.);
#2996=ADVANCED_FACE('',(#2684),#2846,.F.);
#2997=ADVANCED_FACE('',(#2685),#2847,.F.);
#2998=ADVANCED_FACE('',(#2686),#2848,.F.);
#2999=ADVANCED_FACE('',(#2687),#2849,.F.);
#3000=ADVANCED_FACE('',(#2688),#2850,.T.);
#3001=ADVANCED_FACE('',(#2689),#2851,.F.);
#3002=ADVANCED_FACE('',(#2690),#2852,.F.);
#3003=ADVANCED_FACE('',(#2691),#2853,.F.);
#3004=ADVANCED_FACE('',(#2692),#2854,.F.);
#3005=ADVANCED_FACE('',(#2693),#2855,.T.);
#3006=ADVANCED_FACE('',(#2694),#2856,.T.);
#3007=ADVANCED_FACE('',(#2695),#2857,.F.);
#3008=ADVANCED_FACE('',(#2696),#2858,.F.);
#3009=ADVANCED_FACE('',(#2697),#2859,.F.);
#3010=ADVANCED_FACE('',(#2698),#2860,.F.);
#3011=ADVANCED_FACE('',(#2699),#2861,.F.);
#3012=ADVANCED_FACE('',(#2700),#2862,.F.);
#3013=ADVANCED_FACE('',(#2701),#2863,.F.);
#3014=ADVANCED_FACE('',(#2702),#26,.T.);
#3015=ADVANCED_FACE('',(#2703),#27,.T.);
#3016=ADVANCED_FACE('',(#2704),#28,.T.);
#3017=ADVANCED_FACE('',(#2705),#29,.T.);
#3018=ADVANCED_FACE('',(#2706),#2864,.F.);
#3019=ADVANCED_FACE('',(#2707),#2865,.F.);
#3020=ADVANCED_FACE('',(#2708),#2866,.F.);
#3021=ADVANCED_FACE('',(#2709),#2867,.F.);
#3022=ADVANCED_FACE('',(#2710),#2868,.F.);
#3023=ADVANCED_FACE('',(#2711),#2869,.F.);
#3024=ADVANCED_FACE('',(#2712),#2870,.F.);
#3025=ADVANCED_FACE('',(#2713),#2871,.F.);
#3026=ADVANCED_FACE('',(#2714),#2872,.F.);
#3027=ADVANCED_FACE('',(#2715),#2873,.F.);
#3028=ADVANCED_FACE('',(#2716),#2874,.F.);
#3029=ADVANCED_FACE('',(#2717),#2875,.F.);
#3030=ADVANCED_FACE('',(#2718),#30,.F.);
#3031=ADVANCED_FACE('',(#2719),#31,.F.);
#3032=ADVANCED_FACE('',(#2720),#32,.F.);
#3033=ADVANCED_FACE('',(#2721),#33,.F.);
#3034=ADVANCED_FACE('',(#2722),#2876,.F.);
#3035=ADVANCED_FACE('',(#2723),#2877,.F.);
#3036=ADVANCED_FACE('',(#2724),#2878,.F.);
#3037=ADVANCED_FACE('',(#2725),#2879,.F.);
#3038=ADVANCED_FACE('',(#2726,#2727,#2728,#2729,#2730),#2880,.F.);
#3039=ADVANCED_FACE('',(#2731),#2881,.T.);
#3040=ADVANCED_FACE('',(#2732),#2882,.T.);
#3041=ADVANCED_FACE('',(#2733),#2883,.T.);
#3042=ADVANCED_FACE('',(#2734),#2884,.T.);
#3043=ADVANCED_FACE('',(#2735),#2885,.T.);
#3044=ADVANCED_FACE('',(#2736),#2886,.T.);
#3045=ADVANCED_FACE('',(#2737),#2887,.T.);
#3046=ADVANCED_FACE('',(#2738),#2888,.T.);
#3047=ADVANCED_FACE('',(#2739),#2889,.T.);
#3048=CLOSED_SHELL('',(#2890,#2891,#2892,#2893,#2894,#2895,#2896,#2897,
#2898,#2899,#2900,#2901,#2902,#2903,#2904,#2905,#2906,#2907,#2908,#2909,
#2910,#2911,#2912,#2913,#2914,#2915,#2916,#2917,#2918,#2919,#2920,#2921,
#2922,#2923,#2924,#2925,#2926,#2927,#2928,#2929,#2930,#2931,#2932,#2933,
#2934,#2935,#2936,#2937,#2938,#2939,#2940,#2941,#2942,#2943,#2944,#2945,
#2946,#2947,#2948,#2949,#2950,#2951,#2952,#2953,#2954,#2955,#2956,#2957,
#2958,#2959,#2960,#2961,#2962,#2963,#2964,#2965,#2966,#2967,#2968,#2969,
#2970,#2971,#2972,#2973,#2974,#2975,#2976,#2977,#2978,#2979));
#3049=CLOSED_SHELL('',(#2980,#2981,#2982,#2983,#2984,#2985,#2986,#2987,
#2988,#2989,#2990,#2991,#2992,#2993,#2994,#2995,#2996,#2997,#2998,#2999,
#3000,#3001,#3002,#3003,#3004,#3005));
#3050=CLOSED_SHELL('',(#3006,#3007,#3008,#3009,#3010,#3011,#3012,#3013,
#3014,#3015,#3016,#3017,#3018,#3019,#3020,#3021,#3022,#3023,#3024,#3025,
#3026,#3027,#3028,#3029,#3030,#3031,#3032,#3033,#3034,#3035,#3036,#3037,
#3038,#3039,#3040,#3041,#3042,#3043,#3044,#3045,#3046,#3047));
#3051=STYLED_ITEM('',(#3054),#3074);
#3052=STYLED_ITEM('',(#3055),#3075);
#3053=STYLED_ITEM('',(#3056),#3076);
#3054=PRESENTATION_STYLE_ASSIGNMENT((#3057));
#3055=PRESENTATION_STYLE_ASSIGNMENT((#3058));
#3056=PRESENTATION_STYLE_ASSIGNMENT((#3059));
#3057=SURFACE_STYLE_USAGE(.BOTH.,#3060);
#3058=SURFACE_STYLE_USAGE(.BOTH.,#3061);
#3059=SURFACE_STYLE_USAGE(.BOTH.,#3062);
#3060=SURFACE_SIDE_STYLE('',(#3063));
#3061=SURFACE_SIDE_STYLE('',(#3064));
#3062=SURFACE_SIDE_STYLE('',(#3065));
#3063=SURFACE_STYLE_FILL_AREA(#3066);
#3064=SURFACE_STYLE_FILL_AREA(#3067);
#3065=SURFACE_STYLE_FILL_AREA(#3068);
#3066=FILL_AREA_STYLE('',(#3069));
#3067=FILL_AREA_STYLE('',(#3070));
#3068=FILL_AREA_STYLE('',(#3071));
#3069=FILL_AREA_STYLE_COLOUR('',#3072);
#3070=FILL_AREA_STYLE_COLOUR('',#3073);
#3071=FILL_AREA_STYLE_COLOUR('',#3073);
#3072=COLOUR_RGB('',0.689999997615814,0.689999997615814,0.689999997615814);
#3073=COLOUR_RGB('',0.769999980926514,0.769999980926514,0.769999980926514);
#3074=MANIFOLD_SOLID_BREP('CES-104-01-S_socket',#3048);
#3075=MANIFOLD_SOLID_BREP('010401TS',#3049);
#3076=MANIFOLD_SOLID_BREP('010401TS2',#3050);
#3077=SHAPE_DEFINITION_REPRESENTATION(#4900,#3081);
#3078=SHAPE_DEFINITION_REPRESENTATION(#4901,#3082);
#3079=SHAPE_DEFINITION_REPRESENTATION(#4903,#3083);
#3080=SHAPE_DEFINITION_REPRESENTATION(#4905,#3084);
#3081=SHAPE_REPRESENTATION('CES-104-01-T-S',(#3085,#3176,#3203,#3262),#4886);
#3082=SHAPE_REPRESENTATION('CES-104-01-S_socket',(#3085),#4887);
#3083=SHAPE_REPRESENTATION('010401TS',(#3085),#4888);
#3084=SHAPE_REPRESENTATION('010401TS2',(#3085),#4889);
#3085=AXIS2_PLACEMENT_3D('',#4023,#3263,#3264);
#3086=AXIS2_PLACEMENT_3D('',#4024,#3265,#3266);
#3087=AXIS2_PLACEMENT_3D('',#4033,#3271,#3272);
#3088=AXIS2_PLACEMENT_3D('',#4042,#3277,#3278);
#3089=AXIS2_PLACEMENT_3D('',#4051,#3283,#3284);
#3090=AXIS2_PLACEMENT_3D('',#4060,#3289,#3290);
#3091=AXIS2_PLACEMENT_3D('',#4069,#3295,#3296);
#3092=AXIS2_PLACEMENT_3D('',#4078,#3301,#3302);
#3093=AXIS2_PLACEMENT_3D('',#4084,#3306,#3307);
#3094=AXIS2_PLACEMENT_3D('',#4090,#3311,#3312);
#3095=AXIS2_PLACEMENT_3D('',#4096,#3316,#3317);
#3096=AXIS2_PLACEMENT_3D('',#4102,#3321,#3322);
#3097=AXIS2_PLACEMENT_3D('',#4108,#3326,#3327);
#3098=AXIS2_PLACEMENT_3D('',#4114,#3331,#3332);
#3099=AXIS2_PLACEMENT_3D('',#4128,#3340,#3341);
#3100=AXIS2_PLACEMENT_3D('',#4142,#3349,#3350);
#3101=AXIS2_PLACEMENT_3D('',#4156,#3358,#3359);
#3102=AXIS2_PLACEMENT_3D('',#4173,#3368,#3369);
#3103=AXIS2_PLACEMENT_3D('',#4187,#3377,#3378);
#3104=AXIS2_PLACEMENT_3D('',#4201,#3386,#3387);
#3105=AXIS2_PLACEMENT_3D('',#4210,#3392,#3393);
#3106=AXIS2_PLACEMENT_3D('',#4219,#3398,#3399);
#3107=AXIS2_PLACEMENT_3D('',#4225,#3403,#3404);
#3108=AXIS2_PLACEMENT_3D('',#4234,#3409,#3410);
#3109=AXIS2_PLACEMENT_3D('',#4248,#3418,#3419);
#3110=AXIS2_PLACEMENT_3D('',#4262,#3427,#3428);
#3111=AXIS2_PLACEMENT_3D('',#4337,#3471,#3472);
#3112=AXIS2_PLACEMENT_3D('',#4402,#3517,#3518);
#3113=AXIS2_PLACEMENT_3D('',#4405,#3521,#3522);
#3114=AXIS2_PLACEMENT_3D('',#4408,#3525,#3526);
#3115=AXIS2_PLACEMENT_3D('',#4414,#3530,#3531);
#3116=AXIS2_PLACEMENT_3D('',#4418,#3534,#3535);
#3117=AXIS2_PLACEMENT_3D('',#4422,#3538,#3539);
#3118=AXIS2_PLACEMENT_3D('',#4424,#3541,#3542);
#3119=AXIS2_PLACEMENT_3D('',#4425,#3543,#3544);
#3120=AXIS2_PLACEMENT_3D('',#4431,#3548,#3549);
#3121=AXIS2_PLACEMENT_3D('',#4435,#3552,#3553);
#3122=AXIS2_PLACEMENT_3D('',#4439,#3556,#3557);
#3123=AXIS2_PLACEMENT_3D('',#4441,#3559,#3560);
#3124=AXIS2_PLACEMENT_3D('',#4442,#3561,#3562);
#3125=AXIS2_PLACEMENT_3D('',#4448,#3566,#3567);
#3126=AXIS2_PLACEMENT_3D('',#4452,#3570,#3571);
#3127=AXIS2_PLACEMENT_3D('',#4456,#3574,#3575);
#3128=AXIS2_PLACEMENT_3D('',#4458,#3577,#3578);
#3129=AXIS2_PLACEMENT_3D('',#4459,#3579,#3580);
#3130=AXIS2_PLACEMENT_3D('',#4465,#3584,#3585);
#3131=AXIS2_PLACEMENT_3D('',#4469,#3588,#3589);
#3132=AXIS2_PLACEMENT_3D('',#4473,#3592,#3593);
#3133=AXIS2_PLACEMENT_3D('',#4475,#3595,#3596);
#3134=AXIS2_PLACEMENT_3D('',#4476,#3597,#3598);
#3135=AXIS2_PLACEMENT_3D('',#4478,#3600,#3601);
#3136=AXIS2_PLACEMENT_3D('',#4479,#3602,#3603);
#3137=AXIS2_PLACEMENT_3D('',#4481,#3605,#3606);
#3138=AXIS2_PLACEMENT_3D('',#4483,#3608,#3609);
#3139=AXIS2_PLACEMENT_3D('',#4484,#3610,#3611);
#3140=AXIS2_PLACEMENT_3D('',#4486,#3613,#3614);
#3141=AXIS2_PLACEMENT_3D('',#4488,#3616,#3617);
#3142=AXIS2_PLACEMENT_3D('',#4489,#3618,#3619);
#3143=AXIS2_PLACEMENT_3D('',#4491,#3621,#3622);
#3144=AXIS2_PLACEMENT_3D('',#4493,#3624,#3625);
#3145=AXIS2_PLACEMENT_3D('',#4494,#3626,#3627);
#3146=AXIS2_PLACEMENT_3D('',#4496,#3629,#3630);
#3147=AXIS2_PLACEMENT_3D('',#4497,#3631,#3632);
#3148=AXIS2_PLACEMENT_3D('',#4499,#3634,#3635);
#3149=AXIS2_PLACEMENT_3D('',#4500,#3636,#3637);
#3150=AXIS2_PLACEMENT_3D('',#4502,#3639,#3640);
#3151=AXIS2_PLACEMENT_3D('',#4504,#3642,#3643);
#3152=AXIS2_PLACEMENT_3D('',#4505,#3644,#3645);
#3153=AXIS2_PLACEMENT_3D('',#4507,#3647,#3648);
#3154=AXIS2_PLACEMENT_3D('',#4509,#3650,#3651);
#3155=AXIS2_PLACEMENT_3D('',#4510,#3652,#3653);
#3156=AXIS2_PLACEMENT_3D('',#4512,#3655,#3656);
#3157=AXIS2_PLACEMENT_3D('',#4514,#3658,#3659);
#3158=AXIS2_PLACEMENT_3D('',#4515,#3660,#3661);
#3159=AXIS2_PLACEMENT_3D('',#4517,#3663,#3664);
#3160=AXIS2_PLACEMENT_3D('',#4518,#3665,#3666);
#3161=AXIS2_PLACEMENT_3D('',#4519,#3667,#3668);
#3162=AXIS2_PLACEMENT_3D('',#4520,#3669,#3670);
#3163=AXIS2_PLACEMENT_3D('',#4521,#3671,#3672);
#3164=AXIS2_PLACEMENT_3D('',#4522,#3673,#3674);
#3165=AXIS2_PLACEMENT_3D('',#4523,#3675,#3676);
#3166=AXIS2_PLACEMENT_3D('',#4524,#3677,#3678);
#3167=AXIS2_PLACEMENT_3D('',#4525,#3679,#3680);
#3168=AXIS2_PLACEMENT_3D('',#4526,#3681,#3682);
#3169=AXIS2_PLACEMENT_3D('',#4527,#3683,#3684);
#3170=AXIS2_PLACEMENT_3D('',#4528,#3685,#3686);
#3171=AXIS2_PLACEMENT_3D('',#4529,#3687,#3688);
#3172=AXIS2_PLACEMENT_3D('',#4530,#3689,#3690);
#3173=AXIS2_PLACEMENT_3D('',#4531,#3691,#3692);
#3174=AXIS2_PLACEMENT_3D('',#4532,#3693,#3694);
#3175=AXIS2_PLACEMENT_3D('',#4533,#3695,#3696);
#3176=AXIS2_PLACEMENT_3D('',#4534,#3697,#3698);
#3177=AXIS2_PLACEMENT_3D('',#4535,#3699,#3700);
#3178=AXIS2_PLACEMENT_3D('',#4544,#3705,#3706);
#3179=AXIS2_PLACEMENT_3D('',#4553,#3711,#3712);
#3180=AXIS2_PLACEMENT_3D('',#4588,#3731,#3732);
#3181=AXIS2_PLACEMENT_3D('',#4590,#3734,#3735);
#3182=AXIS2_PLACEMENT_3D('',#4592,#3737,#3738);
#3183=AXIS2_PLACEMENT_3D('',#4593,#3739,#3740);
#3184=AXIS2_PLACEMENT_3D('',#4599,#3744,#3745);
#3185=AXIS2_PLACEMENT_3D('',#4603,#3748,#3749);
#3186=AXIS2_PLACEMENT_3D('',#4607,#3752,#3753);
#3187=AXIS2_PLACEMENT_3D('',#4609,#3755,#3756);
#3188=AXIS2_PLACEMENT_3D('',#4610,#3757,#3758);
#3189=AXIS2_PLACEMENT_3D('',#4616,#3762,#3763);
#3190=AXIS2_PLACEMENT_3D('',#4620,#3766,#3767);
#3191=AXIS2_PLACEMENT_3D('',#4624,#3770,#3771);
#3192=AXIS2_PLACEMENT_3D('',#4626,#3773,#3774);
#3193=AXIS2_PLACEMENT_3D('',#4627,#3775,#3776);
#3194=AXIS2_PLACEMENT_3D('',#4633,#3780,#3781);
#3195=AXIS2_PLACEMENT_3D('',#4637,#3784,#3785);
#3196=AXIS2_PLACEMENT_3D('',#4641,#3788,#3789);
#3197=AXIS2_PLACEMENT_3D('',#4643,#3791,#3792);
#3198=AXIS2_PLACEMENT_3D('',#4644,#3793,#3794);
#3199=AXIS2_PLACEMENT_3D('',#4650,#3798,#3799);
#3200=AXIS2_PLACEMENT_3D('',#4654,#3802,#3803);
#3201=AXIS2_PLACEMENT_3D('',#4658,#3806,#3807);
#3202=AXIS2_PLACEMENT_3D('',#4660,#3809,#3810);
#3203=AXIS2_PLACEMENT_3D('',#4661,#3811,#3812);
#3204=AXIS2_PLACEMENT_3D('',#4662,#3813,#3814);
#3205=AXIS2_PLACEMENT_3D('',#4671,#3819,#3820);
#3206=AXIS2_PLACEMENT_3D('',#4680,#3825,#3826);
#3207=AXIS2_PLACEMENT_3D('',#4683,#3829,#3830);
#3208=AXIS2_PLACEMENT_3D('',#4686,#3833,#3834);
#3209=AXIS2_PLACEMENT_3D('',#4695,#3839,#3840);
#3210=AXIS2_PLACEMENT_3D('',#4704,#3845,#3846);
#3211=AXIS2_PLACEMENT_3D('',#4713,#3851,#3852);
#3212=AXIS2_PLACEMENT_3D('',#4722,#3857,#3858);
#3213=AXIS2_PLACEMENT_3D('',#4723,#3859,#3860);
#3214=AXIS2_PLACEMENT_3D('',#4725,#3861,#3862);
#3215=AXIS2_PLACEMENT_3D('',#4728,#3864,#3865);
#3216=AXIS2_PLACEMENT_3D('',#4729,#3866,#3867);
#3217=AXIS2_PLACEMENT_3D('',#4731,#3868,#3869);
#3218=AXIS2_PLACEMENT_3D('',#4734,#3871,#3872);
#3219=AXIS2_PLACEMENT_3D('',#4735,#3873,#3874);
#3220=AXIS2_PLACEMENT_3D('',#4737,#3875,#3876);
#3221=AXIS2_PLACEMENT_3D('',#4740,#3878,#3879);
#3222=AXIS2_PLACEMENT_3D('',#4741,#3880,#3881);
#3223=AXIS2_PLACEMENT_3D('',#4743,#3882,#3883);
#3224=AXIS2_PLACEMENT_3D('',#4746,#3885,#3886);
#3225=AXIS2_PLACEMENT_3D('',#4752,#3890,#3891);
#3226=AXIS2_PLACEMENT_3D('',#4758,#3895,#3896);
#3227=AXIS2_PLACEMENT_3D('',#4764,#3900,#3901);
#3228=AXIS2_PLACEMENT_3D('',#4770,#3905,#3906);
#3229=AXIS2_PLACEMENT_3D('',#4776,#3910,#3911);
#3230=AXIS2_PLACEMENT_3D('',#4782,#3915,#3916);
#3231=AXIS2_PLACEMENT_3D('',#4788,#3920,#3921);
#3232=AXIS2_PLACEMENT_3D('',#4794,#3925,#3926);
#3233=AXIS2_PLACEMENT_3D('',#4800,#3930,#3931);
#3234=AXIS2_PLACEMENT_3D('',#4806,#3935,#3936);
#3235=AXIS2_PLACEMENT_3D('',#4812,#3940,#3941);
#3236=AXIS2_PLACEMENT_3D('',#4818,#3945,#3946);
#3237=AXIS2_PLACEMENT_3D('',#4822,#3948,#3949);
#3238=AXIS2_PLACEMENT_3D('',#4823,#3950,#3951);
#3239=AXIS2_PLACEMENT_3D('',#4824,#3952,#3953);
#3240=AXIS2_PLACEMENT_3D('',#4828,#3955,#3956);
#3241=AXIS2_PLACEMENT_3D('',#4829,#3957,#3958);
#3242=AXIS2_PLACEMENT_3D('',#4830,#3959,#3960);
#3243=AXIS2_PLACEMENT_3D('',#4834,#3962,#3963);
#3244=AXIS2_PLACEMENT_3D('',#4835,#3964,#3965);
#3245=AXIS2_PLACEMENT_3D('',#4836,#3966,#3967);
#3246=AXIS2_PLACEMENT_3D('',#4840,#3969,#3970);
#3247=AXIS2_PLACEMENT_3D('',#4841,#3971,#3972);
#3248=AXIS2_PLACEMENT_3D('',#4842,#3973,#3974);
#3249=AXIS2_PLACEMENT_3D('',#4848,#3978,#3979);
#3250=AXIS2_PLACEMENT_3D('',#4854,#3983,#3984);
#3251=AXIS2_PLACEMENT_3D('',#4860,#3988,#3989);
#3252=AXIS2_PLACEMENT_3D('',#4866,#3993,#3994);
#3253=AXIS2_PLACEMENT_3D('',#4875,#4003,#4004);
#3254=AXIS2_PLACEMENT_3D('',#4876,#4005,#4006);
#3255=AXIS2_PLACEMENT_3D('',#4877,#4007,#4008);
#3256=AXIS2_PLACEMENT_3D('',#4878,#4009,#4010);
#3257=AXIS2_PLACEMENT_3D('',#4879,#4011,#4012);
#3258=AXIS2_PLACEMENT_3D('',#4880,#4013,#4014);
#3259=AXIS2_PLACEMENT_3D('',#4881,#4015,#4016);
#3260=AXIS2_PLACEMENT_3D('',#4882,#4017,#4018);
#3261=AXIS2_PLACEMENT_3D('',#4883,#4019,#4020);
#3262=AXIS2_PLACEMENT_3D('',#4884,#4021,#4022);
#3263=DIRECTION('',(0.,0.,1.));
#3264=DIRECTION('',(1.,0.,0.));
#3265=DIRECTION('',(0.,1.,0.));
#3266=DIRECTION('',(0.,0.,1.));
#3267=DIRECTION('',(-1.,0.,0.));
#3268=DIRECTION('',(0.,0.,1.));
#3269=DIRECTION('',(1.,0.,0.));
#3270=DIRECTION('',(0.,0.,1.));
#3271=DIRECTION('',(0.,1.,0.));
#3272=DIRECTION('',(0.,0.,1.));
#3273=DIRECTION('',(1.,0.,0.));
#3274=DIRECTION('',(0.,0.,1.));
#3275=DIRECTION('',(-1.,0.,0.));
#3276=DIRECTION('',(0.,0.,1.));
#3277=DIRECTION('',(0.,1.,0.));
#3278=DIRECTION('',(0.,0.,1.));
#3279=DIRECTION('',(1.,0.,0.));
#3280=DIRECTION('',(0.,0.,1.));
#3281=DIRECTION('',(-1.,0.,0.));
#3282=DIRECTION('',(0.,0.,1.));
#3283=DIRECTION('',(0.,1.,0.));
#3284=DIRECTION('',(0.,0.,1.));
#3285=DIRECTION('',(-1.,0.,0.));
#3286=DIRECTION('',(0.,0.,1.));
#3287=DIRECTION('',(-1.,0.,0.));
#3288=DIRECTION('',(0.,0.,1.));
#3289=DIRECTION('',(0.,1.,0.));
#3290=DIRECTION('',(0.,0.,1.));
#3291=DIRECTION('',(-1.,0.,0.));
#3292=DIRECTION('',(0.,0.,1.));
#3293=DIRECTION('',(-1.,0.,0.));
#3294=DIRECTION('',(0.,0.,1.));
#3295=DIRECTION('',(0.,1.,0.));
#3296=DIRECTION('',(0.,0.,1.));
#3297=DIRECTION('',(-1.,0.,0.));
#3298=DIRECTION('',(0.,0.,1.));
#3299=DIRECTION('',(-1.,0.,0.));
#3300=DIRECTION('',(0.,0.,1.));
#3301=DIRECTION('',(0.,0.,-1.));
#3302=DIRECTION('',(-1.,0.,0.));
#3303=DIRECTION('',(0.258819045102521,0.965925826289068,0.));
#3304=DIRECTION('',(0.258819045102521,-0.965925826289068,0.));
#3305=DIRECTION('',(-1.,0.,0.));
#3306=DIRECTION('',(0.,0.,-1.));
#3307=DIRECTION('',(-1.,0.,0.));
#3308=DIRECTION('',(0.258819045102521,-0.965925826289068,0.));
#3309=DIRECTION('',(-1.,0.,0.));
#3310=DIRECTION('',(0.258819045102521,0.965925826289068,0.));
#3311=DIRECTION('',(0.,0.,-1.));
#3312=DIRECTION('',(-1.,0.,0.));
#3313=DIRECTION('',(0.258819045102521,-0.965925826289068,0.));
#3314=DIRECTION('',(-1.,0.,0.));
#3315=DIRECTION('',(0.258819045102521,0.965925826289068,0.));
#3316=DIRECTION('',(0.,0.,1.));
#3317=DIRECTION('',(1.,0.,0.));
#3318=DIRECTION('',(-0.258819045102521,-0.965925826289068,0.));
#3319=DIRECTION('',(-1.,0.,0.));
#3320=DIRECTION('',(-0.258819045102521,0.965925826289068,0.));
#3321=DIRECTION('',(0.,0.,1.));
#3322=DIRECTION('',(1.,0.,0.));
#3323=DIRECTION('',(-0.258819045102521,0.965925826289068,0.));
#3324=DIRECTION('',(-0.258819045102521,-0.965925826289068,0.));
#3325=DIRECTION('',(-1.,0.,0.));
#3326=DIRECTION('',(0.,0.,1.));
#3327=DIRECTION('',(1.,0.,0.));
#3328=DIRECTION('',(-0.258819045102521,0.965925826289068,0.));
#3329=DIRECTION('',(-0.258819045102521,-0.965925826289068,0.));
#3330=DIRECTION('',(-1.,0.,0.));
#3331=DIRECTION('',(0.,0.,1.));
#3332=DIRECTION('',(1.,0.,0.));
#3333=DIRECTION('',(-1.,0.,0.));
#3334=DIRECTION('',(-0.258819045102521,-0.965925826289068,0.));
#3335=DIRECTION('',(-0.258819045102521,0.965925826289068,0.));
#3336=DIRECTION('',(-1.,0.,0.));
#3337=DIRECTION('',(0.,-1.,0.));
#3338=DIRECTION('',(-1.,0.,0.));
#3339=DIRECTION('',(0.,-1.,0.));
#3340=DIRECTION('',(0.,0.,1.));
#3341=DIRECTION('',(1.,0.,0.));
#3342=DIRECTION('',(-0.258819045102521,0.965925826289068,0.));
#3343=DIRECTION('',(-1.,0.,0.));
#3344=DIRECTION('',(0.,-1.,0.));
#3345=DIRECTION('',(-1.,0.,0.));
#3346=DIRECTION('',(0.,-1.,0.));
#3347=DIRECTION('',(-1.,0.,0.));
#3348=DIRECTION('',(-0.258819045102521,-0.965925826289068,0.));
#3349=DIRECTION('',(0.,0.,1.));
#3350=DIRECTION('',(1.,0.,0.));
#3351=DIRECTION('',(-0.258819045102521,0.965925826289068,0.));
#3352=DIRECTION('',(-1.,0.,0.));
#3353=DIRECTION('',(0.,-1.,0.));
#3354=DIRECTION('',(-1.,0.,0.));
#3355=DIRECTION('',(0.,-1.,0.));
#3356=DIRECTION('',(-1.,0.,0.));
#3357=DIRECTION('',(-0.258819045102521,-0.965925826289068,0.));
#3358=DIRECTION('',(0.,0.,-1.));
#3359=DIRECTION('',(-1.,0.,0.));
#3360=DIRECTION('',(-1.,0.,0.));
#3361=DIRECTION('',(-0.258819045102521,0.965925826289068,0.));
#3362=DIRECTION('',(1.,0.,0.));
#3363=DIRECTION('',(-0.258819045102521,-0.965925826289068,0.));
#3364=DIRECTION('',(-1.,0.,0.));
#3365=DIRECTION('',(0.,-1.,0.));
#3366=DIRECTION('',(1.,0.,0.));
#3367=DIRECTION('',(0.,-1.,0.));
#3368=DIRECTION('',(0.,0.,-1.));
#3369=DIRECTION('',(-1.,0.,0.));
#3370=DIRECTION('',(-1.,0.,0.));
#3371=DIRECTION('',(-0.258819045102521,0.965925826289068,0.));
#3372=DIRECTION('',(-0.258819045102521,-0.965925826289068,0.));
#3373=DIRECTION('',(-1.,0.,0.));
#3374=DIRECTION('',(0.,-1.,0.));
#3375=DIRECTION('',(1.,0.,0.));
#3376=DIRECTION('',(0.,-1.,0.));
#3377=DIRECTION('',(0.,0.,-1.));
#3378=DIRECTION('',(-1.,0.,0.));
#3379=DIRECTION('',(-1.,0.,0.));
#3380=DIRECTION('',(-0.258819045102521,0.965925826289068,0.));
#3381=DIRECTION('',(-0.258819045102521,-0.965925826289068,0.));
#3382=DIRECTION('',(-1.,0.,0.));
#3383=DIRECTION('',(0.,-1.,0.));
#3384=DIRECTION('',(1.,0.,0.));
#3385=DIRECTION('',(0.,-1.,0.));
#3386=DIRECTION('',(1.,0.,0.));
#3387=DIRECTION('',(0.,0.,-1.));
#3388=DIRECTION('',(0.,-1.,0.));
#3389=DIRECTION('',(0.,0.,1.));
#3390=DIRECTION('',(0.,1.,0.));
#3391=DIRECTION('',(0.,0.,1.));
#3392=DIRECTION('',(-1.,0.,0.));
#3393=DIRECTION('',(0.,0.,1.));
#3394=DIRECTION('',(0.,-1.,0.));
#3395=DIRECTION('',(0.,0.,1.));
#3396=DIRECTION('',(0.,1.,0.));
#3397=DIRECTION('',(0.,0.,-1.));
#3398=DIRECTION('',(0.,1.,0.));
#3399=DIRECTION('',(0.,0.,1.));
#3400=DIRECTION('',(0.,0.,1.));
#3401=DIRECTION('',(-1.,0.,0.));
#3402=DIRECTION('',(0.,0.,1.));
#3403=DIRECTION('',(0.,1.,0.));
#3404=DIRECTION('',(0.,0.,1.));
#3405=DIRECTION('',(-1.,0.,0.));
#3406=DIRECTION('',(0.,0.,1.));
#3407=DIRECTION('',(-1.,0.,0.));
#3408=DIRECTION('',(0.,0.,1.));
#3409=DIRECTION('',(0.,0.,1.));
#3410=DIRECTION('',(1.,0.,0.));
#3411=DIRECTION('',(-0.258819045102521,0.965925826289068,0.));
#3412=DIRECTION('',(-1.,0.,0.));
#3413=DIRECTION('',(0.,-1.,0.));
#3414=DIRECTION('',(-1.,0.,0.));
#3415=DIRECTION('',(0.,-1.,0.));
#3416=DIRECTION('',(-1.,0.,0.));
#3417=DIRECTION('',(-0.258819045102521,-0.965925826289068,0.));
#3418=DIRECTION('',(0.,0.,-1.));
#3419=DIRECTION('',(-1.,0.,0.));
#3420=DIRECTION('',(-0.258819045102521,-0.965925826289068,0.));
#3421=DIRECTION('',(-1.,0.,0.));
#3422=DIRECTION('',(0.,-1.,0.));
#3423=DIRECTION('',(1.,0.,0.));
#3424=DIRECTION('',(0.,-1.,0.));
#3425=DIRECTION('',(-1.,0.,0.));
#3426=DIRECTION('',(-0.258819045102521,0.965925826289068,0.));
#3427=DIRECTION('',(0.,1.,0.));
#3428=DIRECTION('',(0.,0.,1.));
#3429=DIRECTION('',(-1.,0.,0.));
#3430=DIRECTION('',(-1.,0.,0.));
#3431=DIRECTION('',(0.34202014332567,0.,0.939692620785908));
#3432=DIRECTION('',(0.342020143325669,0.,-0.939692620785908));
#3433=DIRECTION('',(1.,0.,0.));
#3434=DIRECTION('',(0.342020143325669,0.,0.939692620785908));
#3435=DIRECTION('',(0.342020143325669,0.,-0.939692620785908));
#3436=DIRECTION('',(1.,0.,0.));
#3437=DIRECTION('',(0.342020143325669,0.,0.939692620785908));
#3438=DIRECTION('',(0.342020143325669,0.,-0.939692620785908));
#3439=DIRECTION('',(1.,0.,0.));
#3440=DIRECTION('',(0.342020143325669,0.,0.939692620785908));
#3441=DIRECTION('',(0.342020143325668,0.,-0.939692620785909));
#3442=DIRECTION('',(1.,0.,0.));
#3443=DIRECTION('',(1.,0.,0.));
#3444=DIRECTION('',(-0.34202014332567,0.,-0.939692620785908));
#3445=DIRECTION('',(-0.342020143325665,0.,0.93969262078591));
#3446=DIRECTION('',(-1.,0.,0.));
#3447=DIRECTION('',(-0.342020143325669,0.,-0.939692620785908));
#3448=DIRECTION('',(-0.342020143325669,0.,0.939692620785908));
#3449=DIRECTION('',(-1.,0.,0.));
#3450=DIRECTION('',(-0.342020143325668,0.,-0.939692620785909));
#3451=DIRECTION('',(-0.342020143325669,0.,0.939692620785908));
#3452=DIRECTION('',(-1.,0.,0.));
#3453=DIRECTION('',(-0.342020143325669,0.,-0.939692620785908));
#3454=DIRECTION('',(-0.342020143325668,0.,0.939692620785909));
#3455=DIRECTION('',(-1.,0.,0.));
#3456=DIRECTION('',(0.,0.,-1.));
#3457=DIRECTION('',(1.,0.,0.));
#3458=DIRECTION('',(0.,0.,1.));
#3459=DIRECTION('',(-1.,0.,0.));
#3460=DIRECTION('',(0.,0.,-1.));
#3461=DIRECTION('',(1.,0.,0.));
#3462=DIRECTION('',(0.,0.,1.));
#3463=DIRECTION('',(-1.,0.,0.));
#3464=DIRECTION('',(0.,0.,-1.));
#3465=DIRECTION('',(1.,0.,0.));
#3466=DIRECTION('',(0.,0.,1.));
#3467=DIRECTION('',(-1.,0.,0.));
#3468=DIRECTION('',(0.,0.,-1.));
#3469=DIRECTION('',(1.,0.,0.));
#3470=DIRECTION('',(0.,0.,1.));
#3471=DIRECTION('',(0.,-1.,0.));
#3472=DIRECTION('',(0.,0.,-1.));
#3473=DIRECTION('',(-1.,0.,0.));
#3474=DIRECTION('',(0.,0.,1.));
#3475=DIRECTION('',(0.342020143325669,0.,0.939692620785908));
#3476=DIRECTION('',(1.,0.,0.));
#3477=DIRECTION('',(0.342020143325669,0.,-0.939692620785908));
#3478=DIRECTION('',(0.,0.,1.));
#3479=DIRECTION('',(0.,0.,1.));
#3480=DIRECTION('',(0.342020143325669,0.,0.939692620785908));
#3481=DIRECTION('',(1.,0.,0.));
#3482=DIRECTION('',(0.342020143325669,0.,-0.939692620785908));
#3483=DIRECTION('',(0.,0.,1.));
#3484=DIRECTION('',(0.,0.,1.));
#3485=DIRECTION('',(0.342020143325669,0.,0.939692620785908));
#3486=DIRECTION('',(1.,0.,0.));
#3487=DIRECTION('',(0.342020143325669,0.,-0.939692620785908));
#3488=DIRECTION('',(0.,0.,1.));
#3489=DIRECTION('',(0.,0.,1.));
#3490=DIRECTION('',(0.34202014332567,0.,0.939692620785908));
#3491=DIRECTION('',(1.,0.,0.));
#3492=DIRECTION('',(-1.,0.,0.));
#3493=DIRECTION('',(-0.342020143325668,0.,0.939692620785909));
#3494=DIRECTION('',(0.,0.,1.));
#3495=DIRECTION('',(0.,0.,1.));
#3496=DIRECTION('',(-0.342020143325669,0.,-0.939692620785908));
#3497=DIRECTION('',(-1.,0.,0.));
#3498=DIRECTION('',(-0.342020143325669,0.,0.939692620785908));
#3499=DIRECTION('',(0.,0.,1.));
#3500=DIRECTION('',(0.,0.,1.));
#3501=DIRECTION('',(-0.342020143325668,0.,-0.939692620785909));
#3502=DIRECTION('',(-1.,0.,0.));
#3503=DIRECTION('',(-0.342020143325669,0.,0.939692620785908));
#3504=DIRECTION('',(0.,0.,1.));
#3505=DIRECTION('',(0.,0.,1.));
#3506=DIRECTION('',(-0.342020143325669,0.,-0.939692620785908));
#3507=DIRECTION('',(-1.,0.,0.));
#3508=DIRECTION('',(-0.342020143325665,0.,0.93969262078591));
#3509=DIRECTION('',(0.,0.,1.));
#3510=DIRECTION('',(-1.,0.,0.));
#3511=DIRECTION('',(0.,0.,1.));
#3512=DIRECTION('',(-0.34202014332567,0.,-0.939692620785908));
#3513=DIRECTION('',(-1.,0.,0.));
#3514=DIRECTION('',(1.,0.,0.));
#3515=DIRECTION('',(0.342020143325668,0.,-0.939692620785909));
#3516=DIRECTION('',(0.,0.,1.));
#3517=DIRECTION('',(0.,0.,-1.));
#3518=DIRECTION('',(-1.,0.,0.));
#3519=DIRECTION('',(0.258819045102521,-0.965925826289068,0.));
#3520=DIRECTION('',(0.258819045102521,0.965925826289068,0.));
#3521=DIRECTION('',(0.,0.,1.));
#3522=DIRECTION('',(1.,0.,0.));
#3523=DIRECTION('',(-0.258819045102521,0.965925826289068,0.));
#3524=DIRECTION('',(-0.258819045102521,-0.965925826289068,0.));
#3525=DIRECTION('',(0.,0.,-1.));
#3526=DIRECTION('',(-1.,0.,0.));
#3527=DIRECTION('',(0.,1.,0.));
#3528=DIRECTION('',(-1.,0.,0.));
#3529=DIRECTION('',(0.,1.,0.));
#3530=DIRECTION('',(-1.,0.,0.));
#3531=DIRECTION('',(0.,0.,1.));
#3532=DIRECTION('',(0.,1.,0.));
#3533=DIRECTION('',(0.,0.,1.));
#3534=DIRECTION('',(0.,0.,1.));
#3535=DIRECTION('',(1.,0.,0.));
#3536=DIRECTION('',(0.,1.,0.));
#3537=DIRECTION('',(1.,0.,0.));
#3538=DIRECTION('',(1.,0.,0.));
#3539=DIRECTION('',(0.,0.,-1.));
#3540=DIRECTION('',(0.,0.,-1.));
#3541=DIRECTION('',(0.,1.,0.));
#3542=DIRECTION('',(0.,0.,1.));
#3543=DIRECTION('',(0.,0.,-1.));
#3544=DIRECTION('',(-1.,0.,0.));
#3545=DIRECTION('',(0.,1.,0.));
#3546=DIRECTION('',(-1.,0.,0.));
#3547=DIRECTION('',(0.,1.,0.));
#3548=DIRECTION('',(-1.,0.,0.));
#3549=DIRECTION('',(0.,0.,1.));
#3550=DIRECTION('',(0.,1.,0.));
#3551=DIRECTION('',(0.,0.,1.));
#3552=DIRECTION('',(0.,0.,1.));
#3553=DIRECTION('',(1.,0.,0.));
#3554=DIRECTION('',(0.,1.,0.));
#3555=DIRECTION('',(1.,0.,0.));
#3556=DIRECTION('',(1.,0.,0.));
#3557=DIRECTION('',(0.,0.,-1.));
#3558=DIRECTION('',(0.,0.,-1.));
#3559=DIRECTION('',(0.,1.,0.));
#3560=DIRECTION('',(0.,0.,1.));
#3561=DIRECTION('',(0.,0.,-1.));
#3562=DIRECTION('',(-1.,0.,0.));
#3563=DIRECTION('',(0.,1.,0.));
#3564=DIRECTION('',(-1.,0.,0.));
#3565=DIRECTION('',(0.,1.,0.));
#3566=DIRECTION('',(-1.,0.,0.));
#3567=DIRECTION('',(0.,0.,1.));
#3568=DIRECTION('',(0.,1.,0.));
#3569=DIRECTION('',(0.,0.,1.));
#3570=DIRECTION('',(0.,0.,1.));
#3571=DIRECTION('',(1.,0.,0.));
#3572=DIRECTION('',(0.,1.,0.));
#3573=DIRECTION('',(1.,0.,0.));
#3574=DIRECTION('',(1.,0.,0.));
#3575=DIRECTION('',(0.,0.,-1.));
#3576=DIRECTION('',(0.,0.,-1.));
#3577=DIRECTION('',(0.,1.,0.));
#3578=DIRECTION('',(0.,0.,1.));
#3579=DIRECTION('',(0.,0.,-1.));
#3580=DIRECTION('',(-1.,0.,0.));
#3581=DIRECTION('',(0.,1.,0.));
#3582=DIRECTION('',(-1.,0.,0.));
#3583=DIRECTION('',(0.,1.,0.));
#3584=DIRECTION('',(-1.,0.,0.));
#3585=DIRECTION('',(0.,0.,1.));
#3586=DIRECTION('',(0.,1.,0.));
#3587=DIRECTION('',(0.,0.,1.));
#3588=DIRECTION('',(0.,0.,1.));
#3589=DIRECTION('',(1.,0.,0.));
#3590=DIRECTION('',(0.,1.,0.));
#3591=DIRECTION('',(1.,0.,0.));
#3592=DIRECTION('',(1.,0.,0.));
#3593=DIRECTION('',(0.,0.,-1.));
#3594=DIRECTION('',(0.,0.,-1.));
#3595=DIRECTION('',(0.,1.,0.));
#3596=DIRECTION('',(0.,0.,1.));
#3597=DIRECTION('',(0.,0.,-1.));
#3598=DIRECTION('',(-1.,0.,0.));
#3599=DIRECTION('',(0.,-1.,0.));
#3600=DIRECTION('',(0.939692620785908,0.,-0.34202014332567));
#3601=DIRECTION('',(-0.34202014332567,0.,-0.939692620785908));
#3602=DIRECTION('',(-0.939692620785908,0.,-0.342020143325669));
#3603=DIRECTION('',(-0.342020143325669,0.,0.939692620785908));
#3604=DIRECTION('',(0.,-1.,0.));
#3605=DIRECTION('',(0.,0.,-1.));
#3606=DIRECTION('',(-1.,0.,0.));
#3607=DIRECTION('',(0.,-1.,0.));
#3608=DIRECTION('',(0.939692620785908,0.,-0.342020143325669));
#3609=DIRECTION('',(-0.342020143325669,0.,-0.939692620785908));
#3610=DIRECTION('',(-0.939692620785908,0.,-0.342020143325669));
#3611=DIRECTION('',(-0.342020143325669,0.,0.939692620785908));
#3612=DIRECTION('',(0.,-1.,0.));
#3613=DIRECTION('',(0.,0.,-1.));
#3614=DIRECTION('',(-1.,0.,0.));
#3615=DIRECTION('',(0.,-1.,0.));
#3616=DIRECTION('',(0.939692620785908,0.,-0.342020143325669));
#3617=DIRECTION('',(-0.342020143325669,0.,-0.939692620785908));
#3618=DIRECTION('',(-0.939692620785908,0.,-0.342020143325669));
#3619=DIRECTION('',(-0.342020143325669,0.,0.939692620785908));
#3620=DIRECTION('',(0.,-1.,0.));
#3621=DIRECTION('',(0.,0.,-1.));
#3622=DIRECTION('',(-1.,0.,0.));
#3623=DIRECTION('',(0.,-1.,0.));
#3624=DIRECTION('',(0.939692620785908,0.,-0.342020143325669));
#3625=DIRECTION('',(-0.342020143325669,0.,-0.939692620785908));
#3626=DIRECTION('',(-0.939692620785909,0.,-0.342020143325668));
#3627=DIRECTION('',(-0.342020143325668,0.,0.939692620785909));
#3628=DIRECTION('',(0.,-1.,0.));
#3629=DIRECTION('',(0.,0.,-1.));
#3630=DIRECTION('',(-1.,0.,0.));
#3631=DIRECTION('',(0.,0.,1.));
#3632=DIRECTION('',(1.,0.,0.));
#3633=DIRECTION('',(0.,-1.,0.));
#3634=DIRECTION('',(-0.939692620785908,0.,0.34202014332567));
#3635=DIRECTION('',(0.34202014332567,0.,0.939692620785908));
#3636=DIRECTION('',(0.93969262078591,0.,0.342020143325665));
#3637=DIRECTION('',(0.342020143325665,0.,-0.93969262078591));
#3638=DIRECTION('',(0.,-1.,0.));
#3639=DIRECTION('',(0.,0.,1.));
#3640=DIRECTION('',(1.,0.,0.));
#3641=DIRECTION('',(0.,-1.,0.));
#3642=DIRECTION('',(-0.939692620785908,0.,0.342020143325669));
#3643=DIRECTION('',(0.342020143325669,0.,0.939692620785908));
#3644=DIRECTION('',(0.939692620785908,0.,0.342020143325669));
#3645=DIRECTION('',(0.342020143325669,0.,-0.939692620785908));
#3646=DIRECTION('',(0.,-1.,0.));
#3647=DIRECTION('',(0.,0.,1.));
#3648=DIRECTION('',(1.,0.,0.));
#3649=DIRECTION('',(0.,-1.,0.));
#3650=DIRECTION('',(-0.939692620785909,0.,0.342020143325668));
#3651=DIRECTION('',(0.342020143325668,0.,0.939692620785909));
#3652=DIRECTION('',(0.939692620785908,0.,0.342020143325669));
#3653=DIRECTION('',(0.342020143325669,0.,-0.939692620785908));
#3654=DIRECTION('',(0.,-1.,0.));
#3655=DIRECTION('',(0.,0.,1.));
#3656=DIRECTION('',(1.,0.,0.));
#3657=DIRECTION('',(0.,-1.,0.));
#3658=DIRECTION('',(-0.939692620785908,0.,0.342020143325669));
#3659=DIRECTION('',(0.342020143325669,0.,0.939692620785908));
#3660=DIRECTION('',(0.,0.,1.));
#3661=DIRECTION('',(1.,0.,0.));
#3662=DIRECTION('',(0.,-1.,0.));
#3663=DIRECTION('',(0.939692620785909,0.,0.342020143325668));
#3664=DIRECTION('',(0.342020143325668,0.,-0.939692620785909));
#3665=DIRECTION('',(0.965925826289068,0.258819045102521,0.));
#3666=DIRECTION('',(-0.258819045102521,0.965925826289068,0.));
#3667=DIRECTION('',(0.965925826289068,0.258819045102521,0.));
#3668=DIRECTION('',(-0.258819045102521,0.965925826289068,0.));
#3669=DIRECTION('',(0.965925826289068,0.258819045102521,0.));
#3670=DIRECTION('',(-0.258819045102521,0.965925826289068,0.));
#3671=DIRECTION('',(-0.965925826289068,0.258819045102521,0.));
#3672=DIRECTION('',(-0.258819045102521,-0.965925826289068,0.));
#3673=DIRECTION('',(0.965925826289068,0.258819045102521,0.));
#3674=DIRECTION('',(-0.258819045102521,0.965925826289068,0.));
#3675=DIRECTION('',(-0.965925826289068,0.258819045102521,0.));
#3676=DIRECTION('',(-0.258819045102521,-0.965925826289068,0.));
#3677=DIRECTION('',(0.965925826289068,0.258819045102521,0.));
#3678=DIRECTION('',(-0.258819045102521,0.965925826289068,0.));
#3679=DIRECTION('',(-0.965925826289068,0.258819045102521,0.));
#3680=DIRECTION('',(-0.258819045102521,-0.965925826289068,0.));
#3681=DIRECTION('',(-0.965925826289068,0.258819045102521,0.));
#3682=DIRECTION('',(-0.258819045102521,-0.965925826289068,0.));
#3683=DIRECTION('',(-0.965925826289068,0.258819045102521,0.));
#3684=DIRECTION('',(-0.258819045102521,-0.965925826289068,0.));
#3685=DIRECTION('',(-0.965925826289068,0.258819045102521,0.));
#3686=DIRECTION('',(-0.258819045102521,-0.965925826289068,0.));
#3687=DIRECTION('',(0.965925826289068,0.258819045102521,0.));
#3688=DIRECTION('',(-0.258819045102521,0.965925826289068,0.));
#3689=DIRECTION('',(-0.965925826289068,0.258819045102521,0.));
#3690=DIRECTION('',(-0.258819045102521,-0.965925826289068,0.));
#3691=DIRECTION('',(0.965925826289068,0.258819045102521,0.));
#3692=DIRECTION('',(-0.258819045102521,0.965925826289068,0.));
#3693=DIRECTION('',(-0.965925826289068,0.258819045102521,0.));
#3694=DIRECTION('',(-0.258819045102521,-0.965925826289068,0.));
#3695=DIRECTION('',(0.965925826289068,0.258819045102521,0.));
#3696=DIRECTION('',(-0.258819045102521,0.965925826289068,0.));
#3697=DIRECTION('',(0.,0.,1.));
#3698=DIRECTION('',(1.,0.,0.));
#3699=DIRECTION('',(1.,0.,0.));
#3700=DIRECTION('',(0.,0.,-1.));
#3701=DIRECTION('',(0.,0.,-1.));
#3702=DIRECTION('',(0.,1.,0.));
#3703=DIRECTION('',(0.,0.,1.));
#3704=DIRECTION('',(0.,-1.,0.));
#3705=DIRECTION('',(1.,0.,0.));
#3706=DIRECTION('',(0.,0.,-1.));
#3707=DIRECTION('',(0.,0.,-1.));
#3708=DIRECTION('',(0.,-1.,0.));
#3709=DIRECTION('',(0.,0.,1.));
#3710=DIRECTION('',(0.,1.,0.));
#3711=DIRECTION('',(0.,-1.,0.));
#3712=DIRECTION('',(0.,0.,-1.));
#3713=DIRECTION('',(0.,0.,-1.));
#3714=DIRECTION('',(1.,0.,0.));
#3715=DIRECTION('',(0.,0.,1.));
#3716=DIRECTION('',(-1.,0.,0.));
#3717=DIRECTION('',(0.,0.,-1.));
#3718=DIRECTION('',(1.,0.,0.));
#3719=DIRECTION('',(0.,0.,1.));
#3720=DIRECTION('',(-1.,0.,0.));
#3721=DIRECTION('',(0.,0.,-1.));
#3722=DIRECTION('',(1.,0.,0.));
#3723=DIRECTION('',(0.,0.,1.));
#3724=DIRECTION('',(-1.,0.,0.));
#3725=DIRECTION('',(0.,0.,-1.));
#3726=DIRECTION('',(1.,0.,0.));
#3727=DIRECTION('',(0.,0.,1.));
#3728=DIRECTION('',(-1.,0.,0.));
#3729=DIRECTION('',(-1.,0.,0.));
#3730=DIRECTION('',(-1.,0.,0.));
#3731=DIRECTION('',(0.,0.,-1.));
#3732=DIRECTION('',(-1.,0.,0.));
#3733=DIRECTION('',(-1.,0.,0.));
#3734=DIRECTION('',(0.,1.,0.));
#3735=DIRECTION('',(0.,0.,1.));
#3736=DIRECTION('',(-1.,0.,0.));
#3737=DIRECTION('',(0.,0.,1.));
#3738=DIRECTION('',(1.,0.,0.));
#3739=DIRECTION('',(0.,0.,-1.));
#3740=DIRECTION('',(-1.,0.,0.));
#3741=DIRECTION('',(0.,1.,0.));
#3742=DIRECTION('',(-1.,0.,0.));
#3743=DIRECTION('',(0.,1.,0.));
#3744=DIRECTION('',(-1.,0.,0.));
#3745=DIRECTION('',(0.,0.,1.));
#3746=DIRECTION('',(0.,1.,0.));
#3747=DIRECTION('',(0.,0.,1.));
#3748=DIRECTION('',(0.,0.,1.));
#3749=DIRECTION('',(1.,0.,0.));
#3750=DIRECTION('',(0.,1.,0.));
#3751=DIRECTION('',(1.,0.,0.));
#3752=DIRECTION('',(1.,0.,0.));
#3753=DIRECTION('',(0.,0.,-1.));
#3754=DIRECTION('',(0.,0.,-1.));
#3755=DIRECTION('',(0.,1.,0.));
#3756=DIRECTION('',(0.,0.,1.));
#3757=DIRECTION('',(0.,0.,-1.));
#3758=DIRECTION('',(-1.,0.,0.));
#3759=DIRECTION('',(0.,1.,0.));
#3760=DIRECTION('',(-1.,0.,0.));
#3761=DIRECTION('',(0.,1.,0.));
#3762=DIRECTION('',(-1.,0.,0.));
#3763=DIRECTION('',(0.,0.,1.));
#3764=DIRECTION('',(0.,1.,0.));
#3765=DIRECTION('',(0.,0.,1.));
#3766=DIRECTION('',(0.,0.,1.));
#3767=DIRECTION('',(1.,0.,0.));
#3768=DIRECTION('',(0.,1.,0.));
#3769=DIRECTION('',(1.,0.,0.));
#3770=DIRECTION('',(1.,0.,0.));
#3771=DIRECTION('',(0.,0.,-1.));
#3772=DIRECTION('',(0.,0.,-1.));
#3773=DIRECTION('',(0.,1.,0.));
#3774=DIRECTION('',(0.,0.,1.));
#3775=DIRECTION('',(0.,0.,-1.));
#3776=DIRECTION('',(-1.,0.,0.));
#3777=DIRECTION('',(0.,1.,0.));
#3778=DIRECTION('',(-1.,0.,0.));
#3779=DIRECTION('',(0.,1.,0.));
#3780=DIRECTION('',(-1.,0.,0.));
#3781=DIRECTION('',(0.,0.,1.));
#3782=DIRECTION('',(0.,1.,0.));
#3783=DIRECTION('',(0.,0.,1.));
#3784=DIRECTION('',(0.,0.,1.));
#3785=DIRECTION('',(1.,0.,0.));
#3786=DIRECTION('',(0.,1.,0.));
#3787=DIRECTION('',(1.,0.,0.));
#3788=DIRECTION('',(1.,0.,0.));
#3789=DIRECTION('',(0.,0.,-1.));
#3790=DIRECTION('',(0.,0.,-1.));
#3791=DIRECTION('',(0.,1.,0.));
#3792=DIRECTION('',(0.,0.,1.));
#3793=DIRECTION('',(0.,0.,-1.));
#3794=DIRECTION('',(-1.,0.,0.));
#3795=DIRECTION('',(0.,1.,0.));
#3796=DIRECTION('',(-1.,0.,0.));
#3797=DIRECTION('',(0.,1.,0.));
#3798=DIRECTION('',(-1.,0.,0.));
#3799=DIRECTION('',(0.,0.,1.));
#3800=DIRECTION('',(0.,1.,0.));
#3801=DIRECTION('',(0.,0.,1.));
#3802=DIRECTION('',(0.,0.,1.));
#3803=DIRECTION('',(1.,0.,0.));
#3804=DIRECTION('',(0.,1.,0.));
#3805=DIRECTION('',(1.,0.,0.));
#3806=DIRECTION('',(1.,0.,0.));
#3807=DIRECTION('',(0.,0.,-1.));
#3808=DIRECTION('',(0.,0.,-1.));
#3809=DIRECTION('',(0.,1.,0.));
#3810=DIRECTION('',(0.,0.,1.));
#3811=DIRECTION('',(0.,0.,1.));
#3812=DIRECTION('',(1.,0.,0.));
#3813=DIRECTION('',(1.,0.,0.));
#3814=DIRECTION('',(0.,0.,-1.));
#3815=DIRECTION('',(0.,1.,0.));
#3816=DIRECTION('',(0.,1.28055374703012E-18,1.));
#3817=DIRECTION('',(0.,-1.,0.));
#3818=DIRECTION('',(0.,0.,-1.));
#3819=DIRECTION('',(1.,0.,0.));
#3820=DIRECTION('',(0.,0.,-1.));
#3821=DIRECTION('',(0.,1.28055374703012E-18,1.));
#3822=DIRECTION('',(0.,1.,0.));
#3823=DIRECTION('',(0.,0.,-1.));
#3824=DIRECTION('',(0.,-1.,0.));
#3825=DIRECTION('',(0.,0.,-1.));
#3826=DIRECTION('',(-1.,0.,0.));
#3827=DIRECTION('',(1.,0.,0.));
#3828=DIRECTION('',(-1.,0.,0.));
#3829=DIRECTION('',(0.,0.,1.));
#3830=DIRECTION('',(1.,0.,0.));
#3831=DIRECTION('',(-1.,0.,0.));
#3832=DIRECTION('',(-1.,0.,0.));
#3833=DIRECTION('',(0.,-0.759256602365296,-0.650791373455969));
#3834=DIRECTION('',(0.,0.650791373455969,-0.759256602365296));
#3835=DIRECTION('',(0.,-0.650791373455969,0.759256602365297));
#3836=DIRECTION('',(-1.,0.,0.));
#3837=DIRECTION('',(0.,0.650791373455969,-0.759256602365297));
#3838=DIRECTION('',(-1.,0.,0.));
#3839=DIRECTION('',(0.,-0.759256602365296,-0.650791373455969));
#3840=DIRECTION('',(0.,0.650791373455969,-0.759256602365296));
#3841=DIRECTION('',(0.,-0.650791373455969,0.759256602365297));
#3842=DIRECTION('',(-1.,0.,0.));
#3843=DIRECTION('',(0.,0.650791373455969,-0.759256602365297));
#3844=DIRECTION('',(-1.,0.,0.));
#3845=DIRECTION('',(0.,-0.759256602365296,-0.650791373455969));
#3846=DIRECTION('',(0.,0.650791373455969,-0.759256602365296));
#3847=DIRECTION('',(0.,-0.650791373455969,0.759256602365297));
#3848=DIRECTION('',(-1.,0.,0.));
#3849=DIRECTION('',(0.,0.650791373455969,-0.759256602365297));
#3850=DIRECTION('',(-1.,0.,0.));
#3851=DIRECTION('',(0.,-0.759256602365296,-0.650791373455969));
#3852=DIRECTION('',(0.,0.650791373455969,-0.759256602365296));
#3853=DIRECTION('',(0.,-0.650791373455969,0.759256602365297));
#3854=DIRECTION('',(-1.,0.,0.));
#3855=DIRECTION('',(0.,0.650791373455969,-0.759256602365297));
#3856=DIRECTION('',(-1.,0.,0.));
#3857=DIRECTION('',(-1.,0.,0.));
#3858=DIRECTION('',(0.,0.,1.));
#3859=DIRECTION('',(1.,0.,0.));
#3860=DIRECTION('',(0.,0.,-1.));
#3861=DIRECTION('',(-1.,0.,0.));
#3862=DIRECTION('',(0.,0.,1.));
#3863=DIRECTION('',(-1.,0.,0.));
#3864=DIRECTION('',(-1.,0.,0.));
#3865=DIRECTION('',(0.,0.,1.));
#3866=DIRECTION('',(1.,0.,0.));
#3867=DIRECTION('',(0.,0.,-1.));
#3868=DIRECTION('',(-1.,0.,0.));
#3869=DIRECTION('',(0.,0.,1.));
#3870=DIRECTION('',(-1.,0.,0.));
#3871=DIRECTION('',(-1.,0.,0.));
#3872=DIRECTION('',(0.,0.,1.));
#3873=DIRECTION('',(1.,0.,0.));
#3874=DIRECTION('',(0.,0.,-1.));
#3875=DIRECTION('',(-1.,0.,0.));
#3876=DIRECTION('',(0.,0.,1.));
#3877=DIRECTION('',(-1.,0.,0.));
#3878=DIRECTION('',(-1.,0.,0.));
#3879=DIRECTION('',(0.,0.,1.));
#3880=DIRECTION('',(1.,0.,0.));
#3881=DIRECTION('',(0.,0.,-1.));
#3882=DIRECTION('',(-1.,0.,0.));
#3883=DIRECTION('',(0.,0.,1.));
#3884=DIRECTION('',(-1.,0.,0.));
#3885=DIRECTION('',(0.,0.,-1.));
#3886=DIRECTION('',(-1.,0.,0.));
#3887=DIRECTION('',(0.,-1.,0.));
#3888=DIRECTION('',(0.,1.,0.));
#3889=DIRECTION('',(-1.,0.,0.));
#3890=DIRECTION('',(0.,0.,-1.));
#3891=DIRECTION('',(-1.,0.,0.));
#3892=DIRECTION('',(0.,-1.,0.));
#3893=DIRECTION('',(0.,1.,0.));
#3894=DIRECTION('',(-1.,0.,0.));
#3895=DIRECTION('',(0.,0.,-1.));
#3896=DIRECTION('',(-1.,0.,0.));
#3897=DIRECTION('',(0.,-1.,0.));
#3898=DIRECTION('',(0.,1.,0.));
#3899=DIRECTION('',(-1.,0.,0.));
#3900=DIRECTION('',(0.,0.,-1.));
#3901=DIRECTION('',(-1.,0.,0.));
#3902=DIRECTION('',(0.,-1.,0.));
#3903=DIRECTION('',(0.,1.,0.));
#3904=DIRECTION('',(-1.,0.,0.));
#3905=DIRECTION('',(0.,1.,0.));
#3906=DIRECTION('',(0.,0.,1.));
#3907=DIRECTION('',(0.,0.,-1.));
#3908=DIRECTION('',(0.,0.,-1.));
#3909=DIRECTION('',(-1.,0.,0.));
#3910=DIRECTION('',(0.,1.,0.));
#3911=DIRECTION('',(0.,0.,1.));
#3912=DIRECTION('',(0.,0.,-1.));
#3913=DIRECTION('',(0.,0.,-1.));
#3914=DIRECTION('',(-1.,0.,0.));
#3915=DIRECTION('',(0.,1.,0.));
#3916=DIRECTION('',(0.,0.,1.));
#3917=DIRECTION('',(0.,0.,-1.));
#3918=DIRECTION('',(0.,0.,-1.));
#3919=DIRECTION('',(-1.,0.,0.));
#3920=DIRECTION('',(0.,1.,0.));
#3921=DIRECTION('',(0.,0.,1.));
#3922=DIRECTION('',(0.,0.,-1.));
#3923=DIRECTION('',(0.,0.,-1.));
#3924=DIRECTION('',(-1.,0.,0.));
#3925=DIRECTION('',(0.,0.,1.));
#3926=DIRECTION('',(1.,0.,0.));
#3927=DIRECTION('',(0.,1.,0.));
#3928=DIRECTION('',(0.,-1.,0.));
#3929=DIRECTION('',(-1.,0.,0.));
#3930=DIRECTION('',(0.,0.,1.));
#3931=DIRECTION('',(1.,0.,0.));
#3932=DIRECTION('',(0.,1.,0.));
#3933=DIRECTION('',(0.,-1.,0.));
#3934=DIRECTION('',(-1.,0.,0.));
#3935=DIRECTION('',(0.,0.,1.));
#3936=DIRECTION('',(1.,0.,0.));
#3937=DIRECTION('',(0.,1.,0.));
#3938=DIRECTION('',(0.,-1.,0.));
#3939=DIRECTION('',(-1.,0.,0.));
#3940=DIRECTION('',(0.,0.,1.));
#3941=DIRECTION('',(1.,0.,0.));
#3942=DIRECTION('',(0.,1.,0.));
#3943=DIRECTION('',(0.,-1.,0.));
#3944=DIRECTION('',(-1.,0.,0.));
#3945=DIRECTION('',(-1.,0.,0.));
#3946=DIRECTION('',(0.,0.,1.));
#3947=DIRECTION('',(-1.,0.,0.));
#3948=DIRECTION('',(1.,0.,0.));
#3949=DIRECTION('',(0.,0.,-1.));
#3950=DIRECTION('',(-1.,0.,0.));
#3951=DIRECTION('',(0.,0.,1.));
#3952=DIRECTION('',(-1.,0.,0.));
#3953=DIRECTION('',(0.,0.,1.));
#3954=DIRECTION('',(-1.,0.,0.));
#3955=DIRECTION('',(1.,0.,0.));
#3956=DIRECTION('',(0.,0.,-1.));
#3957=DIRECTION('',(-1.,0.,0.));
#3958=DIRECTION('',(0.,0.,1.));
#3959=DIRECTION('',(-1.,0.,0.));
#3960=DIRECTION('',(0.,0.,1.));
#3961=DIRECTION('',(-1.,0.,0.));
#3962=DIRECTION('',(1.,0.,0.));
#3963=DIRECTION('',(0.,0.,-1.));
#3964=DIRECTION('',(-1.,0.,0.));
#3965=DIRECTION('',(0.,0.,1.));
#3966=DIRECTION('',(-1.,0.,0.));
#3967=DIRECTION('',(0.,0.,1.));
#3968=DIRECTION('',(-1.,0.,0.));
#3969=DIRECTION('',(1.,0.,0.));
#3970=DIRECTION('',(0.,0.,-1.));
#3971=DIRECTION('',(-1.,0.,0.));
#3972=DIRECTION('',(0.,0.,1.));
#3973=DIRECTION('',(0.,0.759256602365296,0.650791373455969));
#3974=DIRECTION('',(0.,-0.650791373455969,0.759256602365296));
#3975=DIRECTION('',(0.,0.650791373455969,-0.759256602365297));
#3976=DIRECTION('',(0.,-0.650791373455969,0.759256602365297));
#3977=DIRECTION('',(-1.,0.,0.));
#3978=DIRECTION('',(0.,0.759256602365296,0.650791373455969));
#3979=DIRECTION('',(0.,-0.650791373455969,0.759256602365296));
#3980=DIRECTION('',(0.,0.650791373455969,-0.759256602365297));
#3981=DIRECTION('',(0.,-0.650791373455969,0.759256602365297));
#3982=DIRECTION('',(-1.,0.,0.));
#3983=DIRECTION('',(0.,0.759256602365296,0.650791373455969));
#3984=DIRECTION('',(0.,-0.650791373455969,0.759256602365296));
#3985=DIRECTION('',(0.,0.650791373455969,-0.759256602365297));
#3986=DIRECTION('',(0.,-0.650791373455969,0.759256602365297));
#3987=DIRECTION('',(-1.,0.,0.));
#3988=DIRECTION('',(0.,0.759256602365296,0.650791373455969));
#3989=DIRECTION('',(0.,-0.650791373455969,0.759256602365296));
#3990=DIRECTION('',(0.,0.650791373455969,-0.759256602365297));
#3991=DIRECTION('',(0.,-0.650791373455969,0.759256602365297));
#3992=DIRECTION('',(-1.,0.,0.));
#3993=DIRECTION('',(0.,1.,0.));
#3994=DIRECTION('',(0.,0.,1.));
#3995=DIRECTION('',(0.,0.,-1.));
#3996=DIRECTION('',(0.,0.,-1.));
#3997=DIRECTION('',(0.,0.,-1.));
#3998=DIRECTION('',(0.,0.,-1.));
#3999=DIRECTION('',(0.,0.,-1.));
#4000=DIRECTION('',(0.,0.,-1.));
#4001=DIRECTION('',(0.,0.,-1.));
#4002=DIRECTION('',(0.,0.,-1.));
#4003=DIRECTION('',(-1.,0.,0.));
#4004=DIRECTION('',(0.,0.,1.));
#4005=DIRECTION('',(1.,0.,0.));
#4006=DIRECTION('',(0.,0.,-1.));
#4007=DIRECTION('',(1.,0.,0.));
#4008=DIRECTION('',(0.,0.,-1.));
#4009=DIRECTION('',(-1.,0.,0.));
#4010=DIRECTION('',(0.,0.,1.));
#4011=DIRECTION('',(1.,0.,0.));
#4012=DIRECTION('',(0.,0.,-1.));
#4013=DIRECTION('',(-1.,0.,0.));
#4014=DIRECTION('',(0.,0.,1.));
#4015=DIRECTION('',(-1.,0.,0.));
#4016=DIRECTION('',(0.,0.,1.));
#4017=DIRECTION('',(1.,0.,0.));
#4018=DIRECTION('',(0.,0.,-1.));
#4019=DIRECTION('',(0.,1.,-1.28055374703012E-18));
#4020=DIRECTION('',(0.,1.28055374703012E-18,1.));
#4021=DIRECTION('',(0.,0.,1.));
#4022=DIRECTION('',(1.,0.,0.));
#4023=CARTESIAN_POINT('',(0.,0.,0.));
#4024=CARTESIAN_POINT('',(0.,0.,0.));
#4025=CARTESIAN_POINT('',(0.2,0.,0.04));
#4026=CARTESIAN_POINT('',(-0.140358983848622,0.,0.04));
#4027=CARTESIAN_POINT('',(-0.159641016151378,0.,0.04));
#4028=CARTESIAN_POINT('',(-0.140358983848622,0.,-0.06));
#4029=CARTESIAN_POINT('',(-0.140358983848622,0.,0.06));
#4030=CARTESIAN_POINT('',(-0.2,0.,0.06));
#4031=CARTESIAN_POINT('',(-0.159641016151378,0.,0.06));
#4032=CARTESIAN_POINT('',(-0.159641016151378,0.,-0.06));
#4033=CARTESIAN_POINT('',(0.,0.,0.));
#4034=CARTESIAN_POINT('',(-0.2,0.,0.06));
#4035=CARTESIAN_POINT('',(-0.0596410161513775,0.,0.06));
#4036=CARTESIAN_POINT('',(-0.0403589838486225,0.,0.06));
#4037=CARTESIAN_POINT('',(-0.0596410161513775,0.,-0.06));
#4038=CARTESIAN_POINT('',(-0.0596410161513775,0.,0.04));
#4039=CARTESIAN_POINT('',(0.2,0.,0.04));
#4040=CARTESIAN_POINT('',(-0.0403589838486225,0.,0.04));
#4041=CARTESIAN_POINT('',(-0.0403589838486225,0.,-0.06));
#4042=CARTESIAN_POINT('',(0.,0.,0.));
#4043=CARTESIAN_POINT('',(-0.2,0.,0.06));
#4044=CARTESIAN_POINT('',(0.0403589838486225,0.,0.06));
#4045=CARTESIAN_POINT('',(0.0596410161513776,0.,0.06));
#4046=CARTESIAN_POINT('',(0.0403589838486225,0.,-0.06));
#4047=CARTESIAN_POINT('',(0.0403589838486225,0.,0.04));
#4048=CARTESIAN_POINT('',(0.2,0.,0.04));
#4049=CARTESIAN_POINT('',(0.0596410161513776,0.,0.04));
#4050=CARTESIAN_POINT('',(0.0596410161513776,0.,-0.06));
#4051=CARTESIAN_POINT('',(0.,0.,0.));
#4052=CARTESIAN_POINT('',(0.2,0.,-0.06));
#4053=CARTESIAN_POINT('',(-0.140358983848622,0.,-0.06));
#4054=CARTESIAN_POINT('',(-0.159641016151378,0.,-0.06));
#4055=CARTESIAN_POINT('',(-0.140358983848622,0.,-0.06));
#4056=CARTESIAN_POINT('',(-0.140358983848622,0.,-0.04));
#4057=CARTESIAN_POINT('',(0.2,0.,-0.04));
#4058=CARTESIAN_POINT('',(-0.159641016151378,0.,-0.04));
#4059=CARTESIAN_POINT('',(-0.159641016151378,0.,-0.06));
#4060=CARTESIAN_POINT('',(0.,0.,0.));
#4061=CARTESIAN_POINT('',(0.2,0.,-0.04));
#4062=CARTESIAN_POINT('',(-0.0403589838486225,0.,-0.04));
#4063=CARTESIAN_POINT('',(-0.0596410161513775,0.,-0.04));
#4064=CARTESIAN_POINT('',(-0.0596410161513775,0.,-0.06));
#4065=CARTESIAN_POINT('',(-0.0596410161513775,0.,-0.06));
#4066=CARTESIAN_POINT('',(0.2,0.,-0.06));
#4067=CARTESIAN_POINT('',(-0.0403589838486225,0.,-0.06));
#4068=CARTESIAN_POINT('',(-0.0403589838486225,0.,-0.06));
#4069=CARTESIAN_POINT('',(0.,0.,0.));
#4070=CARTESIAN_POINT('',(0.2,0.,-0.04));
#4071=CARTESIAN_POINT('',(0.0596410161513776,0.,-0.04));
#4072=CARTESIAN_POINT('',(0.0403589838486225,0.,-0.04));
#4073=CARTESIAN_POINT('',(0.0403589838486225,0.,-0.06));
#4074=CARTESIAN_POINT('',(0.0403589838486225,0.,-0.06));
#4075=CARTESIAN_POINT('',(0.2,0.,-0.06));
#4076=CARTESIAN_POINT('',(0.0596410161513776,0.,-0.06));
#4077=CARTESIAN_POINT('',(0.0596410161513776,0.,-0.06));
#4078=CARTESIAN_POINT('',(0.2,0.02,0.04));
#4079=CARTESIAN_POINT('',(-0.112559255133893,0.10375,0.04));
#4080=CARTESIAN_POINT('',(-0.135,0.02,0.04));
#4081=CARTESIAN_POINT('',(-0.14054963619066,-0.0712500000000001,0.04));
#4082=CARTESIAN_POINT('',(-0.165,0.02,0.04));
#4083=CARTESIAN_POINT('',(0.2,0.02,0.04));
#4084=CARTESIAN_POINT('',(0.2,0.02,0.04));
#4085=CARTESIAN_POINT('',(-0.0472483660014381,-0.0462500000000001,0.04));
#4086=CARTESIAN_POINT('',(-0.065,0.02,0.04));
#4087=CARTESIAN_POINT('',(0.2,0.02,0.04));
#4088=CARTESIAN_POINT('',(-0.035,0.02,0.04));
#4089=CARTESIAN_POINT('',(-0.0192579849446715,0.07875,0.04));
#4090=CARTESIAN_POINT('',(0.2,0.02,0.04));
#4091=CARTESIAN_POINT('',(0.0460529041877838,-0.02125,0.04));
#4092=CARTESIAN_POINT('',(0.035,0.02,0.04));
#4093=CARTESIAN_POINT('',(0.2,0.02,0.04));
#4094=CARTESIAN_POINT('',(0.065,0.02,0.04));
#4095=CARTESIAN_POINT('',(0.0740432852445504,0.05375,0.04));
#4096=CARTESIAN_POINT('',(0.2,0.,-0.04));
#4097=CARTESIAN_POINT('',(-0.117559255133893,0.0850897459621557,-0.04));
#4098=CARTESIAN_POINT('',(-0.135,0.02,-0.04));
#4099=CARTESIAN_POINT('',(0.2,0.02,-0.04));
#4100=CARTESIAN_POINT('',(-0.165,0.02,-0.04));
#4101=CARTESIAN_POINT('',(-0.13554963619066,-0.0899102540378445,-0.04));
#4102=CARTESIAN_POINT('',(0.2,0.,-0.04));
#4103=CARTESIAN_POINT('',(-0.0422483660014381,-0.0649102540378445,-0.04));
#4104=CARTESIAN_POINT('',(-0.065,0.02,-0.04));
#4105=CARTESIAN_POINT('',(-0.0242579849446715,0.0600897459621557,-0.04));
#4106=CARTESIAN_POINT('',(-0.035,0.02,-0.04));
#4107=CARTESIAN_POINT('',(0.2,0.02,-0.04));
#4108=CARTESIAN_POINT('',(0.2,0.,-0.04));
#4109=CARTESIAN_POINT('',(0.0510529041877838,-0.0399102540378444,-0.04));
#4110=CARTESIAN_POINT('',(0.035,0.02,-0.04));
#4111=CARTESIAN_POINT('',(0.0690432852445504,0.0350897459621556,-0.04));
#4112=CARTESIAN_POINT('',(0.065,0.02,-0.04));
#4113=CARTESIAN_POINT('',(0.2,0.02,-0.04));
#4114=CARTESIAN_POINT('',(0.2,0.2,-0.06));
#4115=CARTESIAN_POINT('',(-0.065,0.02,-0.06));
#4116=CARTESIAN_POINT('',(-0.115,0.02,-0.06));
#4117=CARTESIAN_POINT('',(-0.135,0.02,-0.06));
#4118=CARTESIAN_POINT('',(-0.135,0.02,-0.06));
#4119=CARTESIAN_POINT('',(-0.159641016151378,0.,-0.06));
#4120=CARTESIAN_POINT('',(-0.165,0.02,-0.06));
#4121=CARTESIAN_POINT('',(-0.165,0.02,-0.06));
#4122=CARTESIAN_POINT('',(-0.185,0.02,-0.06));
#4123=CARTESIAN_POINT('',(-0.185,0.2,-0.06));
#4124=CARTESIAN_POINT('',(-0.185,0.2,-0.06));
#4125=CARTESIAN_POINT('',(0.2,0.2,-0.06));
#4126=CARTESIAN_POINT('',(-0.115,0.2,-0.06));
#4127=CARTESIAN_POINT('',(-0.115,0.2,-0.06));
#4128=CARTESIAN_POINT('',(0.2,0.2,-0.06));
#4129=CARTESIAN_POINT('',(-0.0596410161513775,0.,-0.06));
#4130=CARTESIAN_POINT('',(-0.065,0.02,-0.06));
#4131=CARTESIAN_POINT('',(-0.065,0.02,-0.06));
#4132=CARTESIAN_POINT('',(-0.085,0.02,-0.06));
#4133=CARTESIAN_POINT('',(-0.085,0.2,-0.06));
#4134=CARTESIAN_POINT('',(-0.085,0.2,-0.06));
#4135=CARTESIAN_POINT('',(0.2,0.2,-0.06));
#4136=CARTESIAN_POINT('',(-0.015,0.2,-0.06));
#4137=CARTESIAN_POINT('',(-0.015,0.2,-0.06));
#4138=CARTESIAN_POINT('',(-0.015,0.02,-0.06));
#4139=CARTESIAN_POINT('',(0.035,0.02,-0.06));
#4140=CARTESIAN_POINT('',(-0.035,0.02,-0.06));
#4141=CARTESIAN_POINT('',(-0.035,0.02,-0.06));
#4142=CARTESIAN_POINT('',(0.2,0.2,-0.06));
#4143=CARTESIAN_POINT('',(0.0403589838486225,0.,-0.06));
#4144=CARTESIAN_POINT('',(0.035,0.02,-0.06));
#4145=CARTESIAN_POINT('',(0.035,0.02,-0.06));
#4146=CARTESIAN_POINT('',(0.015,0.02,-0.06));
#4147=CARTESIAN_POINT('',(0.015,0.2,-0.06));
#4148=CARTESIAN_POINT('',(0.015,0.2,-0.06));
#4149=CARTESIAN_POINT('',(0.2,0.2,-0.06));
#4150=CARTESIAN_POINT('',(0.085,0.2,-0.06));
#4151=CARTESIAN_POINT('',(0.085,0.2,-0.06));
#4152=CARTESIAN_POINT('',(0.085,0.02,-0.06));
#4153=CARTESIAN_POINT('',(0.135,0.02,-0.06));
#4154=CARTESIAN_POINT('',(0.065,0.02,-0.06));
#4155=CARTESIAN_POINT('',(0.065,0.02,-0.06));
#4156=CARTESIAN_POINT('',(-0.2,0.2,0.06));
#4157=CARTESIAN_POINT('',(0.135,0.02,0.06));
#4158=CARTESIAN_POINT('',(0.135,0.02,0.06));
#4159=CARTESIAN_POINT('',(0.115,0.02,0.06));
#4160=CARTESIAN_POINT('',(0.140358983848622,0.,0.06));
#4161=CARTESIAN_POINT('',(0.140358983848622,0.,0.06));
#4162=CARTESIAN_POINT('',(-0.2,0.,0.06));
#4163=CARTESIAN_POINT('',(0.159641016151378,0.,0.06));
#4164=CARTESIAN_POINT('',(0.165,0.02,0.06));
#4165=CARTESIAN_POINT('',(0.165,0.02,0.06));
#4166=CARTESIAN_POINT('',(0.235,0.02,0.06));
#4167=CARTESIAN_POINT('',(0.185,0.02,0.06));
#4168=CARTESIAN_POINT('',(0.185,0.2,0.06));
#4169=CARTESIAN_POINT('',(0.185,0.2,0.06));
#4170=CARTESIAN_POINT('',(-0.2,0.2,0.06));
#4171=CARTESIAN_POINT('',(0.115,0.2,0.06));
#4172=CARTESIAN_POINT('',(0.115,0.2,0.06));
#4173=CARTESIAN_POINT('',(-0.2,0.2,0.06));
#4174=CARTESIAN_POINT('',(0.035,0.02,0.06));
#4175=CARTESIAN_POINT('',(0.035,0.02,0.06));
#4176=CARTESIAN_POINT('',(0.015,0.02,0.06));
#4177=CARTESIAN_POINT('',(0.0403589838486225,0.,0.06));
#4178=CARTESIAN_POINT('',(0.065,0.02,0.06));
#4179=CARTESIAN_POINT('',(0.065,0.02,0.06));
#4180=CARTESIAN_POINT('',(0.135,0.02,0.06));
#4181=CARTESIAN_POINT('',(0.085,0.02,0.06));
#4182=CARTESIAN_POINT('',(0.085,0.2,0.06));
#4183=CARTESIAN_POINT('',(0.085,0.2,0.06));
#4184=CARTESIAN_POINT('',(-0.2,0.2,0.06));
#4185=CARTESIAN_POINT('',(0.015,0.2,0.06));
#4186=CARTESIAN_POINT('',(0.015,0.2,0.06));
#4187=CARTESIAN_POINT('',(-0.2,0.2,0.06));
#4188=CARTESIAN_POINT('',(-0.065,0.02,0.06));
#4189=CARTESIAN_POINT('',(-0.065,0.02,0.06));
#4190=CARTESIAN_POINT('',(-0.085,0.02,0.06));
#4191=CARTESIAN_POINT('',(-0.0596410161513775,0.,0.06));
#4192=CARTESIAN_POINT('',(-0.035,0.02,0.06));
#4193=CARTESIAN_POINT('',(-0.035,0.02,0.06));
#4194=CARTESIAN_POINT('',(0.035,0.02,0.06));
#4195=CARTESIAN_POINT('',(-0.015,0.02,0.06));
#4196=CARTESIAN_POINT('',(-0.015,0.2,0.06));
#4197=CARTESIAN_POINT('',(-0.015,0.2,0.06));
#4198=CARTESIAN_POINT('',(-0.2,0.2,0.06));
#4199=CARTESIAN_POINT('',(-0.085,0.2,0.06));
#4200=CARTESIAN_POINT('',(-0.085,0.2,0.06));
#4201=CARTESIAN_POINT('',(-0.2,0.2,-0.06));
#4202=CARTESIAN_POINT('',(-0.2,0.2,-0.05));
#4203=CARTESIAN_POINT('',(-0.2,0.2,-0.05));
#4204=CARTESIAN_POINT('',(-0.2,0.02,-0.05));
#4205=CARTESIAN_POINT('',(-0.2,0.02,-0.04));
#4206=CARTESIAN_POINT('',(-0.2,0.02,0.05));
#4207=CARTESIAN_POINT('',(-0.2,0.2,0.05));
#4208=CARTESIAN_POINT('',(-0.2,0.2,0.05));
#4209=CARTESIAN_POINT('',(-0.2,0.2,-0.06));
#4210=CARTESIAN_POINT('',(0.2,0.2,0.06));
#4211=CARTESIAN_POINT('',(0.2,0.2,0.05));
#4212=CARTESIAN_POINT('',(0.2,0.2,0.05));
#4213=CARTESIAN_POINT('',(0.2,0.02,0.05));
#4214=CARTESIAN_POINT('',(0.2,0.02,-0.04));
#4215=CARTESIAN_POINT('',(0.2,0.02,-0.05));
#4216=CARTESIAN_POINT('',(0.2,0.2,-0.05));
#4217=CARTESIAN_POINT('',(0.2,0.2,-0.05));
#4218=CARTESIAN_POINT('',(0.2,0.2,0.06));
#4219=CARTESIAN_POINT('',(0.,0.,0.));
#4220=CARTESIAN_POINT('',(0.140358983848622,0.,-0.06));
#4221=CARTESIAN_POINT('',(0.140358983848622,0.,0.04));
#4222=CARTESIAN_POINT('',(0.2,0.,0.04));
#4223=CARTESIAN_POINT('',(0.159641016151378,0.,0.04));
#4224=CARTESIAN_POINT('',(0.159641016151378,0.,-0.06));
#4225=CARTESIAN_POINT('',(0.,0.,0.));
#4226=CARTESIAN_POINT('',(0.2,0.,-0.04));
#4227=CARTESIAN_POINT('',(0.159641016151378,0.,-0.04));
#4228=CARTESIAN_POINT('',(0.140358983848622,0.,-0.04));
#4229=CARTESIAN_POINT('',(0.140358983848622,0.,-0.06));
#4230=CARTESIAN_POINT('',(0.140358983848622,0.,-0.06));
#4231=CARTESIAN_POINT('',(0.2,0.,-0.06));
#4232=CARTESIAN_POINT('',(0.159641016151378,0.,-0.06));
#4233=CARTESIAN_POINT('',(0.159641016151378,0.,-0.06));
#4234=CARTESIAN_POINT('',(0.2,0.2,-0.06));
#4235=CARTESIAN_POINT('',(0.140358983848622,0.,-0.06));
#4236=CARTESIAN_POINT('',(0.135,0.02,-0.06));
#4237=CARTESIAN_POINT('',(0.135,0.02,-0.06));
#4238=CARTESIAN_POINT('',(0.115,0.02,-0.06));
#4239=CARTESIAN_POINT('',(0.115,0.2,-0.06));
#4240=CARTESIAN_POINT('',(0.115,0.2,-0.06));
#4241=CARTESIAN_POINT('',(0.2,0.2,-0.06));
#4242=CARTESIAN_POINT('',(0.185,0.2,-0.06));
#4243=CARTESIAN_POINT('',(0.185,0.2,-0.06));
#4244=CARTESIAN_POINT('',(0.185,0.02,-0.06));
#4245=CARTESIAN_POINT('',(0.235,0.02,-0.06));
#4246=CARTESIAN_POINT('',(0.165,0.02,-0.06));
#4247=CARTESIAN_POINT('',(0.165,0.02,-0.06));
#4248=CARTESIAN_POINT('',(-0.2,0.2,0.06));
#4249=CARTESIAN_POINT('',(-0.135,0.02,0.06));
#4250=CARTESIAN_POINT('',(-0.135,0.02,0.06));
#4251=CARTESIAN_POINT('',(-0.065,0.02,0.06));
#4252=CARTESIAN_POINT('',(-0.115,0.02,0.06));
#4253=CARTESIAN_POINT('',(-0.115,0.2,0.06));
#4254=CARTESIAN_POINT('',(-0.115,0.2,0.06));
#4255=CARTESIAN_POINT('',(-0.2,0.2,0.06));
#4256=CARTESIAN_POINT('',(-0.185,0.2,0.06));
#4257=CARTESIAN_POINT('',(-0.185,0.2,0.06));
#4258=CARTESIAN_POINT('',(-0.185,0.02,0.06));
#4259=CARTESIAN_POINT('',(-0.165,0.02,0.06));
#4260=CARTESIAN_POINT('',(-0.165,0.02,0.06));
#4261=CARTESIAN_POINT('',(-0.159641016151378,0.,0.06));
#4262=CARTESIAN_POINT('',(0.,0.2,0.));
#4263=CARTESIAN_POINT('',(-0.188639702342662,0.2,-0.05));
#4264=CARTESIAN_POINT('',(-0.188639702342662,0.2,-0.05));
#4265=CARTESIAN_POINT('',(0.,0.2,0.05));
#4266=CARTESIAN_POINT('',(-0.188639702342662,0.2,0.05));
#4267=CARTESIAN_POINT('',(-0.188639702342662,0.2,0.05));
#4268=CARTESIAN_POINT('',(-0.115,0.2,0.06));
#4269=CARTESIAN_POINT('',(-0.111360297657338,0.2,0.05));
#4270=CARTESIAN_POINT('',(-0.111360297657338,0.2,0.05));
#4271=CARTESIAN_POINT('',(-0.088639702342662,0.2,0.05));
#4272=CARTESIAN_POINT('',(-0.088639702342662,0.2,0.05));
#4273=CARTESIAN_POINT('',(-0.015,0.2,0.06));
#4274=CARTESIAN_POINT('',(-0.011360297657338,0.2,0.05));
#4275=CARTESIAN_POINT('',(-0.011360297657338,0.2,0.05));
#4276=CARTESIAN_POINT('',(0.011360297657338,0.2,0.05));
#4277=CARTESIAN_POINT('',(0.011360297657338,0.2,0.05));
#4278=CARTESIAN_POINT('',(0.085,0.2,0.06));
#4279=CARTESIAN_POINT('',(0.088639702342662,0.2,0.05));
#4280=CARTESIAN_POINT('',(0.088639702342662,0.2,0.05));
#4281=CARTESIAN_POINT('',(0.111360297657338,0.2,0.05));
#4282=CARTESIAN_POINT('',(0.111360297657338,0.2,0.05));
#4283=CARTESIAN_POINT('',(0.185,0.2,0.06));
#4284=CARTESIAN_POINT('',(0.188639702342662,0.2,0.05));
#4285=CARTESIAN_POINT('',(0.188639702342662,0.2,0.05));
#4286=CARTESIAN_POINT('',(0.,0.2,-0.05));
#4287=CARTESIAN_POINT('',(0.188639702342662,0.2,-0.05));
#4288=CARTESIAN_POINT('',(0.188639702342662,0.2,-0.05));
#4289=CARTESIAN_POINT('',(0.115,0.2,-0.06));
#4290=CARTESIAN_POINT('',(0.111360297657338,0.2,-0.05));
#4291=CARTESIAN_POINT('',(0.111360297657338,0.2,-0.05));
#4292=CARTESIAN_POINT('',(0.088639702342662,0.2,-0.05));
#4293=CARTESIAN_POINT('',(0.088639702342662,0.2,-0.05));
#4294=CARTESIAN_POINT('',(0.015,0.2,-0.06));
#4295=CARTESIAN_POINT('',(0.011360297657338,0.2,-0.05));
#4296=CARTESIAN_POINT('',(0.011360297657338,0.2,-0.05));
#4297=CARTESIAN_POINT('',(-0.011360297657338,0.2,-0.05));
#4298=CARTESIAN_POINT('',(-0.011360297657338,0.2,-0.05));
#4299=CARTESIAN_POINT('',(-0.085,0.2,-0.06));
#4300=CARTESIAN_POINT('',(-0.0886397023426621,0.2,-0.05));
#4301=CARTESIAN_POINT('',(-0.088639702342662,0.2,-0.05));
#4302=CARTESIAN_POINT('',(-0.111360297657338,0.2,-0.05));
#4303=CARTESIAN_POINT('',(-0.111360297657338,0.2,-0.05));
#4304=CARTESIAN_POINT('',(-0.185,0.2,-0.06));
#4305=CARTESIAN_POINT('',(-0.036,0.2,-0.014));
#4306=CARTESIAN_POINT('',(-0.036,0.2,-0.014));
#4307=CARTESIAN_POINT('',(-0.064,0.2,-0.014));
#4308=CARTESIAN_POINT('',(-0.036,0.2,0.014));
#4309=CARTESIAN_POINT('',(-0.036,0.2,0.014));
#4310=CARTESIAN_POINT('',(-0.064,0.2,0.014));
#4311=CARTESIAN_POINT('',(-0.064,0.2,0.014));
#4312=CARTESIAN_POINT('',(-0.064,0.2,-0.014));
#4313=CARTESIAN_POINT('',(0.064,0.2,-0.014));
#4314=CARTESIAN_POINT('',(0.064,0.2,-0.014));
#4315=CARTESIAN_POINT('',(0.036,0.2,-0.014));
#4316=CARTESIAN_POINT('',(0.064,0.2,0.014));
#4317=CARTESIAN_POINT('',(0.064,0.2,0.014));
#4318=CARTESIAN_POINT('',(0.036,0.2,0.014));
#4319=CARTESIAN_POINT('',(0.036,0.2,0.014));
#4320=CARTESIAN_POINT('',(0.036,0.2,-0.014));
#4321=CARTESIAN_POINT('',(0.164,0.2,-0.014));
#4322=CARTESIAN_POINT('',(0.164,0.2,-0.014));
#4323=CARTESIAN_POINT('',(0.136,0.2,-0.014));
#4324=CARTESIAN_POINT('',(0.164,0.2,0.014));
#4325=CARTESIAN_POINT('',(0.164,0.2,0.014));
#4326=CARTESIAN_POINT('',(0.136,0.2,0.014));
#4327=CARTESIAN_POINT('',(0.136,0.2,0.014));
#4328=CARTESIAN_POINT('',(0.136,0.2,-0.014));
#4329=CARTESIAN_POINT('',(-0.136,0.2,-0.014));
#4330=CARTESIAN_POINT('',(-0.136,0.2,-0.014));
#4331=CARTESIAN_POINT('',(-0.164,0.2,-0.014));
#4332=CARTESIAN_POINT('',(-0.136,0.2,0.014));
#4333=CARTESIAN_POINT('',(-0.136,0.2,0.014));
#4334=CARTESIAN_POINT('',(-0.164,0.2,0.014));
#4335=CARTESIAN_POINT('',(-0.164,0.2,0.014));
#4336=CARTESIAN_POINT('',(-0.164,0.2,-0.014));
#4337=CARTESIAN_POINT('',(0.2,0.02,-0.04));
#4338=CARTESIAN_POINT('',(0.2,0.02,0.04));
#4339=CARTESIAN_POINT('',(0.165,0.02,0.04));
#4340=CARTESIAN_POINT('',(0.135,0.02,0.04));
#4341=CARTESIAN_POINT('',(0.135,0.02,-0.06));
#4342=CARTESIAN_POINT('',(0.111360297657338,0.02,0.05));
#4343=CARTESIAN_POINT('',(0.111360297657338,0.02,0.05));
#4344=CARTESIAN_POINT('',(0.088639702342662,0.02,0.05));
#4345=CARTESIAN_POINT('',(0.088639702342662,0.02,0.05));
#4346=CARTESIAN_POINT('',(0.085,0.02,0.06));
#4347=CARTESIAN_POINT('',(0.065,0.02,-0.06));
#4348=CARTESIAN_POINT('',(0.035,0.02,-0.06));
#4349=CARTESIAN_POINT('',(0.011360297657338,0.02,0.05));
#4350=CARTESIAN_POINT('',(0.011360297657338,0.02,0.05));
#4351=CARTESIAN_POINT('',(-0.011360297657338,0.02,0.05));
#4352=CARTESIAN_POINT('',(-0.011360297657338,0.02,0.05));
#4353=CARTESIAN_POINT('',(-0.015,0.02,0.06));
#4354=CARTESIAN_POINT('',(-0.035,0.02,-0.06));
#4355=CARTESIAN_POINT('',(-0.065,0.02,-0.06));
#4356=CARTESIAN_POINT('',(-0.088639702342662,0.02,0.05));
#4357=CARTESIAN_POINT('',(-0.088639702342662,0.02,0.05));
#4358=CARTESIAN_POINT('',(-0.111360297657338,0.02,0.05));
#4359=CARTESIAN_POINT('',(-0.111360297657338,0.02,0.05));
#4360=CARTESIAN_POINT('',(-0.115,0.02,0.06));
#4361=CARTESIAN_POINT('',(-0.135,0.02,-0.06));
#4362=CARTESIAN_POINT('',(-0.165,0.02,-0.06));
#4363=CARTESIAN_POINT('',(-0.188639702342662,0.02,0.05));
#4364=CARTESIAN_POINT('',(-0.188639702342662,0.02,0.05));
#4365=CARTESIAN_POINT('',(-0.211360297657338,0.02,0.05));
#4366=CARTESIAN_POINT('',(-0.188639702342662,0.02,-0.05));
#4367=CARTESIAN_POINT('',(-0.188639702342662,0.02,-0.05));
#4368=CARTESIAN_POINT('',(-0.185,0.02,-0.06));
#4369=CARTESIAN_POINT('',(-0.165,0.02,-0.06));
#4370=CARTESIAN_POINT('',(-0.135,0.02,-0.06));
#4371=CARTESIAN_POINT('',(-0.111360297657338,0.02,-0.05));
#4372=CARTESIAN_POINT('',(-0.111360297657338,0.02,-0.05));
#4373=CARTESIAN_POINT('',(-0.088639702342662,0.02,-0.05));
#4374=CARTESIAN_POINT('',(-0.088639702342662,0.02,-0.05));
#4375=CARTESIAN_POINT('',(-0.085,0.02,-0.06));
#4376=CARTESIAN_POINT('',(-0.065,0.02,-0.06));
#4377=CARTESIAN_POINT('',(-0.035,0.02,-0.06));
#4378=CARTESIAN_POINT('',(-0.011360297657338,0.02,-0.05));
#4379=CARTESIAN_POINT('',(-0.011360297657338,0.02,-0.05));
#4380=CARTESIAN_POINT('',(0.011360297657338,0.02,-0.05));
#4381=CARTESIAN_POINT('',(0.011360297657338,0.02,-0.05));
#4382=CARTESIAN_POINT('',(0.015,0.02,-0.06));
#4383=CARTESIAN_POINT('',(0.035,0.02,-0.06));
#4384=CARTESIAN_POINT('',(0.065,0.02,-0.06));
#4385=CARTESIAN_POINT('',(0.088639702342662,0.02,-0.05));
#4386=CARTESIAN_POINT('',(0.088639702342662,0.02,-0.05));
#4387=CARTESIAN_POINT('',(0.111360297657338,0.02,-0.05));
#4388=CARTESIAN_POINT('',(0.111360297657338,0.02,-0.05));
#4389=CARTESIAN_POINT('',(0.115,0.02,-0.06));
#4390=CARTESIAN_POINT('',(0.135,0.02,-0.06));
#4391=CARTESIAN_POINT('',(0.135,0.02,-0.04));
#4392=CARTESIAN_POINT('',(0.2,0.02,-0.04));
#4393=CARTESIAN_POINT('',(0.165,0.02,-0.04));
#4394=CARTESIAN_POINT('',(0.165,0.02,-0.06));
#4395=CARTESIAN_POINT('',(0.188639702342662,0.02,-0.05));
#4396=CARTESIAN_POINT('',(0.188639702342662,0.02,-0.05));
#4397=CARTESIAN_POINT('',(0.211360297657338,0.02,-0.05));
#4398=CARTESIAN_POINT('',(0.188639702342662,0.02,0.05));
#4399=CARTESIAN_POINT('',(0.188639702342662,0.02,0.05));
#4400=CARTESIAN_POINT('',(0.185,0.02,0.06));
#4401=CARTESIAN_POINT('',(0.165,0.02,-0.06));
#4402=CARTESIAN_POINT('',(0.2,0.02,0.04));
#4403=CARTESIAN_POINT('',(0.139354174377006,0.00374999999999999,0.04));
#4404=CARTESIAN_POINT('',(0.167344555433772,0.02875,0.04));
#4405=CARTESIAN_POINT('',(0.2,0.,-0.04));
#4406=CARTESIAN_POINT('',(0.144354174377006,-0.0149102540378444,-0.04));
#4407=CARTESIAN_POINT('',(0.162344555433772,0.0100897459621556,-0.04));
#4408=CARTESIAN_POINT('',(-0.136,0.03,-0.014));
#4409=CARTESIAN_POINT('',(-0.164,0.03,-0.014));
#4410=CARTESIAN_POINT('',(-0.164,0.03,-0.014));
#4411=CARTESIAN_POINT('',(-0.136,0.03,-0.014));
#4412=CARTESIAN_POINT('',(-0.136,0.03,-0.014));
#4413=CARTESIAN_POINT('',(-0.136,0.03,-0.014));
#4414=CARTESIAN_POINT('',(-0.164,0.03,-0.014));
#4415=CARTESIAN_POINT('',(-0.164,0.03,0.014));
#4416=CARTESIAN_POINT('',(-0.164,0.03,0.014));
#4417=CARTESIAN_POINT('',(-0.164,0.03,-0.014));
#4418=CARTESIAN_POINT('',(-0.164,0.03,0.014));
#4419=CARTESIAN_POINT('',(-0.136,0.03,0.014));
#4420=CARTESIAN_POINT('',(-0.136,0.03,0.014));
#4421=CARTESIAN_POINT('',(-0.164,0.03,0.014));
#4422=CARTESIAN_POINT('',(-0.136,0.03,0.014));
#4423=CARTESIAN_POINT('',(-0.136,0.03,0.014));
#4424=CARTESIAN_POINT('',(0.,0.03,0.));
#4425=CARTESIAN_POINT('',(0.164,0.03,-0.014));
#4426=CARTESIAN_POINT('',(0.136,0.03,-0.014));
#4427=CARTESIAN_POINT('',(0.136,0.03,-0.014));
#4428=CARTESIAN_POINT('',(0.164,0.03,-0.014));
#4429=CARTESIAN_POINT('',(0.164,0.03,-0.014));
#4430=CARTESIAN_POINT('',(0.164,0.03,-0.014));
#4431=CARTESIAN_POINT('',(0.136,0.03,-0.014));
#4432=CARTESIAN_POINT('',(0.136,0.03,0.014));
#4433=CARTESIAN_POINT('',(0.136,0.03,0.014));
#4434=CARTESIAN_POINT('',(0.136,0.03,-0.014));
#4435=CARTESIAN_POINT('',(0.136,0.03,0.014));
#4436=CARTESIAN_POINT('',(0.164,0.03,0.014));
#4437=CARTESIAN_POINT('',(0.164,0.03,0.014));
#4438=CARTESIAN_POINT('',(0.136,0.03,0.014));
#4439=CARTESIAN_POINT('',(0.164,0.03,0.014));
#4440=CARTESIAN_POINT('',(0.164,0.03,0.014));
#4441=CARTESIAN_POINT('',(0.3,0.03,0.));
#4442=CARTESIAN_POINT('',(0.064,0.03,-0.014));
#4443=CARTESIAN_POINT('',(0.036,0.03,-0.014));
#4444=CARTESIAN_POINT('',(0.036,0.03,-0.014));
#4445=CARTESIAN_POINT('',(0.064,0.03,-0.014));
#4446=CARTESIAN_POINT('',(0.064,0.03,-0.014));
#4447=CARTESIAN_POINT('',(0.064,0.03,-0.014));
#4448=CARTESIAN_POINT('',(0.036,0.03,-0.014));
#4449=CARTESIAN_POINT('',(0.036,0.03,0.014));
#4450=CARTESIAN_POINT('',(0.036,0.03,0.014));
#4451=CARTESIAN_POINT('',(0.036,0.03,-0.014));
#4452=CARTESIAN_POINT('',(0.036,0.03,0.014));
#4453=CARTESIAN_POINT('',(0.064,0.03,0.014));
#4454=CARTESIAN_POINT('',(0.064,0.03,0.014));
#4455=CARTESIAN_POINT('',(0.036,0.03,0.014));
#4456=CARTESIAN_POINT('',(0.064,0.03,0.014));
#4457=CARTESIAN_POINT('',(0.064,0.03,0.014));
#4458=CARTESIAN_POINT('',(0.2,0.03,0.));
#4459=CARTESIAN_POINT('',(-0.036,0.03,-0.014));
#4460=CARTESIAN_POINT('',(-0.064,0.03,-0.014));
#4461=CARTESIAN_POINT('',(-0.064,0.03,-0.014));
#4462=CARTESIAN_POINT('',(-0.036,0.03,-0.014));
#4463=CARTESIAN_POINT('',(-0.036,0.03,-0.014));
#4464=CARTESIAN_POINT('',(-0.036,0.03,-0.014));
#4465=CARTESIAN_POINT('',(-0.064,0.03,-0.014));
#4466=CARTESIAN_POINT('',(-0.064,0.03,0.014));
#4467=CARTESIAN_POINT('',(-0.064,0.03,0.014));
#4468=CARTESIAN_POINT('',(-0.064,0.03,-0.014));
#4469=CARTESIAN_POINT('',(-0.064,0.03,0.014));
#4470=CARTESIAN_POINT('',(-0.036,0.03,0.014));
#4471=CARTESIAN_POINT('',(-0.036,0.03,0.014));
#4472=CARTESIAN_POINT('',(-0.064,0.03,0.014));
#4473=CARTESIAN_POINT('',(-0.036,0.03,0.014));
#4474=CARTESIAN_POINT('',(-0.036,0.03,0.014));
#4475=CARTESIAN_POINT('',(0.1,0.03,0.));
#4476=CARTESIAN_POINT('',(-0.211360297657338,0.2,0.05));
#4477=CARTESIAN_POINT('',(-0.188639702342662,0.2,0.05));
#4478=CARTESIAN_POINT('',(-0.188639702342662,0.2,0.05));
#4479=CARTESIAN_POINT('',(-0.115,0.2,0.06));
#4480=CARTESIAN_POINT('',(-0.111360297657338,0.2,0.05));
#4481=CARTESIAN_POINT('',(-0.111360297657338,0.2,0.05));
#4482=CARTESIAN_POINT('',(-0.088639702342662,0.2,0.05));
#4483=CARTESIAN_POINT('',(-0.088639702342662,0.2,0.05));
#4484=CARTESIAN_POINT('',(-0.015,0.2,0.06));
#4485=CARTESIAN_POINT('',(-0.011360297657338,0.2,0.05));
#4486=CARTESIAN_POINT('',(-0.011360297657338,0.2,0.05));
#4487=CARTESIAN_POINT('',(0.011360297657338,0.2,0.05));
#4488=CARTESIAN_POINT('',(0.011360297657338,0.2,0.05));
#4489=CARTESIAN_POINT('',(0.085,0.2,0.06));
#4490=CARTESIAN_POINT('',(0.088639702342662,0.2,0.05));
#4491=CARTESIAN_POINT('',(0.088639702342662,0.2,0.05));
#4492=CARTESIAN_POINT('',(0.111360297657338,0.2,0.05));
#4493=CARTESIAN_POINT('',(0.111360297657338,0.2,0.05));
#4494=CARTESIAN_POINT('',(0.185,0.2,0.06));
#4495=CARTESIAN_POINT('',(0.188639702342662,0.2,0.05));
#4496=CARTESIAN_POINT('',(0.188639702342662,0.2,0.05));
#4497=CARTESIAN_POINT('',(0.211360297657338,0.2,-0.05));
#4498=CARTESIAN_POINT('',(0.188639702342662,0.2,-0.05));
#4499=CARTESIAN_POINT('',(0.188639702342662,0.2,-0.05));
#4500=CARTESIAN_POINT('',(0.115,0.2,-0.06));
#4501=CARTESIAN_POINT('',(0.111360297657338,0.2,-0.05));
#4502=CARTESIAN_POINT('',(0.111360297657338,0.2,-0.05));
#4503=CARTESIAN_POINT('',(0.088639702342662,0.2,-0.05));
#4504=CARTESIAN_POINT('',(0.088639702342662,0.2,-0.05));
#4505=CARTESIAN_POINT('',(0.015,0.2,-0.06));
#4506=CARTESIAN_POINT('',(0.011360297657338,0.2,-0.05));
#4507=CARTESIAN_POINT('',(0.011360297657338,0.2,-0.05));
#4508=CARTESIAN_POINT('',(-0.011360297657338,0.2,-0.05));
#4509=CARTESIAN_POINT('',(-0.011360297657338,0.2,-0.05));
#4510=CARTESIAN_POINT('',(-0.085,0.2,-0.06));
#4511=CARTESIAN_POINT('',(-0.088639702342662,0.2,-0.05));
#4512=CARTESIAN_POINT('',(-0.088639702342662,0.2,-0.05));
#4513=CARTESIAN_POINT('',(-0.111360297657338,0.2,-0.05));
#4514=CARTESIAN_POINT('',(-0.111360297657338,0.2,-0.05));
#4515=CARTESIAN_POINT('',(-0.188639702342662,0.2,-0.05));
#4516=CARTESIAN_POINT('',(-0.188639702342662,0.2,-0.05));
#4517=CARTESIAN_POINT('',(-0.185,0.2,-0.06));
#4518=CARTESIAN_POINT('',(-0.159641016151378,0.,-0.06));
#4519=CARTESIAN_POINT('',(-0.159641016151378,0.,-0.06));
#4520=CARTESIAN_POINT('',(-0.0596410161513775,0.,-0.06));
#4521=CARTESIAN_POINT('',(-0.135,0.02,-0.06));
#4522=CARTESIAN_POINT('',(0.0403589838486225,0.,-0.06));
#4523=CARTESIAN_POINT('',(-0.035,0.02,-0.06));
#4524=CARTESIAN_POINT('',(0.140358983848622,0.,-0.06));
#4525=CARTESIAN_POINT('',(0.065,0.02,-0.06));
#4526=CARTESIAN_POINT('',(0.165,0.02,-0.06));
#4527=CARTESIAN_POINT('',(0.165,0.02,-0.06));
#4528=CARTESIAN_POINT('',(0.065,0.02,-0.06));
#4529=CARTESIAN_POINT('',(0.140358983848622,0.,-0.06));
#4530=CARTESIAN_POINT('',(-0.035,0.02,-0.06));
#4531=CARTESIAN_POINT('',(0.0403589838486225,0.,-0.06));
#4532=CARTESIAN_POINT('',(-0.135,0.02,-0.06));
#4533=CARTESIAN_POINT('',(-0.0596410161513775,0.,-0.06));
#4534=CARTESIAN_POINT('',(0.,0.,0.));
#4535=CARTESIAN_POINT('',(0.19,-0.00229967461235207,-0.01));
#4536=CARTESIAN_POINT('',(0.19,0.03,0.045));
#4537=CARTESIAN_POINT('',(0.19,0.03,0.045));
#4538=CARTESIAN_POINT('',(0.19,0.03,-0.045));
#4539=CARTESIAN_POINT('',(0.19,0.03,-0.045));
#4540=CARTESIAN_POINT('',(0.19,0.17,-0.045));
#4541=CARTESIAN_POINT('',(0.19,0.17,-0.045));
#4542=CARTESIAN_POINT('',(0.19,0.17,0.045));
#4543=CARTESIAN_POINT('',(0.19,0.17,0.045));
#4544=CARTESIAN_POINT('',(-0.19,-0.00229967461235207,-0.01));
#4545=CARTESIAN_POINT('',(-0.19,0.03,-0.04));
#4546=CARTESIAN_POINT('',(-0.19,0.03,0.045));
#4547=CARTESIAN_POINT('',(-0.19,0.03,-0.045));
#4548=CARTESIAN_POINT('',(-0.19,0.17,0.045));
#4549=CARTESIAN_POINT('',(-0.19,0.17,0.045));
#4550=CARTESIAN_POINT('',(-0.19,0.17,-0.045));
#4551=CARTESIAN_POINT('',(-0.19,0.17,-0.045));
#4552=CARTESIAN_POINT('',(-0.19,0.03,-0.045));
#4553=CARTESIAN_POINT('',(0.19,0.17,-0.045));
#4554=CARTESIAN_POINT('',(-0.06875,0.17,-0.045));
#4555=CARTESIAN_POINT('',(-0.06875,0.17,0.01));
#4556=CARTESIAN_POINT('',(-0.06875,0.17,-0.01));
#4557=CARTESIAN_POINT('',(0.19,0.17,-0.01));
#4558=CARTESIAN_POINT('',(-0.03125,0.17,-0.01));
#4559=CARTESIAN_POINT('',(-0.03125,0.17,-0.045));
#4560=CARTESIAN_POINT('',(-0.03125,0.17,0.01));
#4561=CARTESIAN_POINT('',(0.19,0.17,0.01));
#4562=CARTESIAN_POINT('',(0.03125,0.17,-0.045));
#4563=CARTESIAN_POINT('',(0.03125,0.17,0.01));
#4564=CARTESIAN_POINT('',(0.03125,0.17,-0.01));
#4565=CARTESIAN_POINT('',(0.19,0.17,-0.01));
#4566=CARTESIAN_POINT('',(0.06875,0.17,-0.01));
#4567=CARTESIAN_POINT('',(0.06875,0.17,-0.045));
#4568=CARTESIAN_POINT('',(0.06875,0.17,0.01));
#4569=CARTESIAN_POINT('',(0.19,0.17,0.01));
#4570=CARTESIAN_POINT('',(0.13125,0.17,-0.045));
#4571=CARTESIAN_POINT('',(0.13125,0.17,0.01));
#4572=CARTESIAN_POINT('',(0.13125,0.17,-0.01));
#4573=CARTESIAN_POINT('',(0.19,0.17,-0.01));
#4574=CARTESIAN_POINT('',(0.16875,0.17,-0.01));
#4575=CARTESIAN_POINT('',(0.16875,0.17,-0.045));
#4576=CARTESIAN_POINT('',(0.16875,0.17,0.01));
#4577=CARTESIAN_POINT('',(0.19,0.17,0.01));
#4578=CARTESIAN_POINT('',(-0.16875,0.17,-0.045));
#4579=CARTESIAN_POINT('',(-0.16875,0.17,0.01));
#4580=CARTESIAN_POINT('',(-0.16875,0.17,-0.01));
#4581=CARTESIAN_POINT('',(0.19,0.17,-0.01));
#4582=CARTESIAN_POINT('',(-0.13125,0.17,-0.01));
#4583=CARTESIAN_POINT('',(-0.13125,0.17,-0.045));
#4584=CARTESIAN_POINT('',(-0.13125,0.17,0.01));
#4585=CARTESIAN_POINT('',(0.19,0.17,0.01));
#4586=CARTESIAN_POINT('',(0.19,0.17,0.045));
#4587=CARTESIAN_POINT('',(0.19,0.17,-0.045));
#4588=CARTESIAN_POINT('',(0.19,0.17,0.045));
#4589=CARTESIAN_POINT('',(0.19,0.03,0.045));
#4590=CARTESIAN_POINT('',(0.19,0.03,-0.04));
#4591=CARTESIAN_POINT('',(0.19,0.03,-0.045));
#4592=CARTESIAN_POINT('',(0.19,0.03,-0.045));
#4593=CARTESIAN_POINT('',(-0.13125,0.04,-0.01));
#4594=CARTESIAN_POINT('',(-0.16875,0.04,-0.01));
#4595=CARTESIAN_POINT('',(-0.16875,0.04,-0.01));
#4596=CARTESIAN_POINT('',(-0.13125,0.04,-0.01));
#4597=CARTESIAN_POINT('',(-0.13125,0.04,-0.01));
#4598=CARTESIAN_POINT('',(-0.13125,0.04,-0.01));
#4599=CARTESIAN_POINT('',(-0.16875,0.04,-0.01));
#4600=CARTESIAN_POINT('',(-0.16875,0.04,0.01));
#4601=CARTESIAN_POINT('',(-0.16875,0.04,0.01));
#4602=CARTESIAN_POINT('',(-0.16875,0.04,-0.01));
#4603=CARTESIAN_POINT('',(-0.16875,0.04,0.01));
#4604=CARTESIAN_POINT('',(-0.13125,0.04,0.01));
#4605=CARTESIAN_POINT('',(-0.13125,0.04,0.01));
#4606=CARTESIAN_POINT('',(-0.16875,0.04,0.01));
#4607=CARTESIAN_POINT('',(-0.13125,0.04,0.01));
#4608=CARTESIAN_POINT('',(-0.13125,0.04,0.01));
#4609=CARTESIAN_POINT('',(0.,0.04,0.));
#4610=CARTESIAN_POINT('',(0.16875,0.04,-0.01));
#4611=CARTESIAN_POINT('',(0.13125,0.04,-0.01));
#4612=CARTESIAN_POINT('',(0.13125,0.04,-0.01));
#4613=CARTESIAN_POINT('',(0.16875,0.04,-0.01));
#4614=CARTESIAN_POINT('',(0.16875,0.04,-0.01));
#4615=CARTESIAN_POINT('',(0.16875,0.04,-0.01));
#4616=CARTESIAN_POINT('',(0.13125,0.04,-0.01));
#4617=CARTESIAN_POINT('',(0.13125,0.04,0.01));
#4618=CARTESIAN_POINT('',(0.13125,0.04,0.01));
#4619=CARTESIAN_POINT('',(0.13125,0.04,-0.01));
#4620=CARTESIAN_POINT('',(0.13125,0.04,0.01));
#4621=CARTESIAN_POINT('',(0.16875,0.04,0.01));
#4622=CARTESIAN_POINT('',(0.16875,0.04,0.01));
#4623=CARTESIAN_POINT('',(0.13125,0.04,0.01));
#4624=CARTESIAN_POINT('',(0.16875,0.04,0.01));
#4625=CARTESIAN_POINT('',(0.16875,0.04,0.01));
#4626=CARTESIAN_POINT('',(0.3,0.04,0.));
#4627=CARTESIAN_POINT('',(0.06875,0.04,-0.01));
#4628=CARTESIAN_POINT('',(0.03125,0.04,-0.01));
#4629=CARTESIAN_POINT('',(0.03125,0.04,-0.01));
#4630=CARTESIAN_POINT('',(0.06875,0.04,-0.01));
#4631=CARTESIAN_POINT('',(0.06875,0.04,-0.01));
#4632=CARTESIAN_POINT('',(0.06875,0.04,-0.01));
#4633=CARTESIAN_POINT('',(0.03125,0.04,-0.01));
#4634=CARTESIAN_POINT('',(0.03125,0.04,0.01));
#4635=CARTESIAN_POINT('',(0.03125,0.04,0.01));
#4636=CARTESIAN_POINT('',(0.03125,0.04,-0.01));
#4637=CARTESIAN_POINT('',(0.03125,0.04,0.01));
#4638=CARTESIAN_POINT('',(0.06875,0.04,0.01));
#4639=CARTESIAN_POINT('',(0.06875,0.04,0.01));
#4640=CARTESIAN_POINT('',(0.03125,0.04,0.01));
#4641=CARTESIAN_POINT('',(0.06875,0.04,0.01));
#4642=CARTESIAN_POINT('',(0.06875,0.04,0.01));
#4643=CARTESIAN_POINT('',(0.2,0.04,0.));
#4644=CARTESIAN_POINT('',(-0.03125,0.04,-0.01));
#4645=CARTESIAN_POINT('',(-0.06875,0.04,-0.01));
#4646=CARTESIAN_POINT('',(-0.06875,0.04,-0.01));
#4647=CARTESIAN_POINT('',(-0.03125,0.04,-0.01));
#4648=CARTESIAN_POINT('',(-0.03125,0.04,-0.01));
#4649=CARTESIAN_POINT('',(-0.03125,0.04,-0.01));
#4650=CARTESIAN_POINT('',(-0.06875,0.04,-0.01));
#4651=CARTESIAN_POINT('',(-0.06875,0.04,0.01));
#4652=CARTESIAN_POINT('',(-0.06875,0.04,0.01));
#4653=CARTESIAN_POINT('',(-0.06875,0.04,-0.01));
#4654=CARTESIAN_POINT('',(-0.06875,0.04,0.01));
#4655=CARTESIAN_POINT('',(-0.03125,0.04,0.01));
#4656=CARTESIAN_POINT('',(-0.03125,0.04,0.01));
#4657=CARTESIAN_POINT('',(-0.06875,0.04,0.01));
#4658=CARTESIAN_POINT('',(-0.03125,0.04,0.01));
#4659=CARTESIAN_POINT('',(-0.03125,0.04,0.01));
#4660=CARTESIAN_POINT('',(0.1,0.04,0.));
#4661=CARTESIAN_POINT('',(0.,0.,0.));
#4662=CARTESIAN_POINT('',(0.19,-0.00229967461235207,-0.01));
#4663=CARTESIAN_POINT('',(0.19,0.03,-0.045));
#4664=CARTESIAN_POINT('',(0.19,0.03,-0.045));
#4665=CARTESIAN_POINT('',(0.19,0.032,-0.045));
#4666=CARTESIAN_POINT('',(0.19,0.032,-0.01));
#4667=CARTESIAN_POINT('',(0.19,0.032,0.045));
#4668=CARTESIAN_POINT('',(0.19,0.17,0.045));
#4669=CARTESIAN_POINT('',(0.19,0.03,0.045));
#4670=CARTESIAN_POINT('',(0.19,0.03,0.045));
#4671=CARTESIAN_POINT('',(-0.19,-0.00229967461235207,-0.01));
#4672=CARTESIAN_POINT('',(-0.19,0.032,-0.01));
#4673=CARTESIAN_POINT('',(-0.19,0.032,-0.045));
#4674=CARTESIAN_POINT('',(-0.19,0.032,0.045));
#4675=CARTESIAN_POINT('',(-0.19,0.03,-0.045));
#4676=CARTESIAN_POINT('',(-0.19,0.03,-0.045));
#4677=CARTESIAN_POINT('',(-0.19,0.03,-0.04));
#4678=CARTESIAN_POINT('',(-0.19,0.03,0.045));
#4679=CARTESIAN_POINT('',(-0.19,0.17,0.045));
#4680=CARTESIAN_POINT('',(0.19,0.17,0.045));
#4681=CARTESIAN_POINT('',(0.19,0.032,0.045));
#4682=CARTESIAN_POINT('',(0.19,0.03,0.045));
#4683=CARTESIAN_POINT('',(0.19,0.03,-0.045));
#4684=CARTESIAN_POINT('',(0.19,0.032,-0.045));
#4685=CARTESIAN_POINT('',(0.19,0.03,-0.045));
#4686=CARTESIAN_POINT('',(0.19,0.03,-0.0246340925711785));
#4687=CARTESIAN_POINT('',(0.1625,0.03,-0.0246340925711785));
#4688=CARTESIAN_POINT('',(0.1625,0.03,-0.0246340925711784));
#4689=CARTESIAN_POINT('',(0.1625,0.00908917442312738,-0.00023812939816047));
#4690=CARTESIAN_POINT('',(0.19,0.03,-0.0246340925711785));
#4691=CARTESIAN_POINT('',(0.1375,0.03,-0.0246340925711784));
#4692=CARTESIAN_POINT('',(0.1375,0.03,-0.0246340925711785));
#4693=CARTESIAN_POINT('',(0.1375,0.00908917442312738,-0.00023812939816047));
#4694=CARTESIAN_POINT('',(0.19,0.00908917442312738,-0.00023812939816047));
#4695=CARTESIAN_POINT('',(0.19,0.03,-0.0246340925711785));
#4696=CARTESIAN_POINT('',(0.0625,0.03,-0.0246340925711785));
#4697=CARTESIAN_POINT('',(0.0625,0.03,-0.0246340925711784));
#4698=CARTESIAN_POINT('',(0.0625,0.00908917442312738,-0.00023812939816047));
#4699=CARTESIAN_POINT('',(0.19,0.03,-0.0246340925711785));
#4700=CARTESIAN_POINT('',(0.0375,0.03,-0.0246340925711784));
#4701=CARTESIAN_POINT('',(0.0375,0.03,-0.0246340925711785));
#4702=CARTESIAN_POINT('',(0.0375,0.00908917442312738,-0.00023812939816047));
#4703=CARTESIAN_POINT('',(0.19,0.00908917442312738,-0.00023812939816047));
#4704=CARTESIAN_POINT('',(0.19,0.03,-0.0246340925711785));
#4705=CARTESIAN_POINT('',(-0.0375,0.03,-0.0246340925711785));
#4706=CARTESIAN_POINT('',(-0.0375,0.03,-0.0246340925711784));
#4707=CARTESIAN_POINT('',(-0.0375,0.00908917442312738,-0.00023812939816047));
#4708=CARTESIAN_POINT('',(0.19,0.03,-0.0246340925711785));
#4709=CARTESIAN_POINT('',(-0.0625,0.03,-0.0246340925711784));
#4710=CARTESIAN_POINT('',(-0.0625,0.03,-0.0246340925711785));
#4711=CARTESIAN_POINT('',(-0.0625,0.00908917442312738,-0.00023812939816047));
#4712=CARTESIAN_POINT('',(0.19,0.00908917442312738,-0.00023812939816047));
#4713=CARTESIAN_POINT('',(0.19,0.03,-0.0246340925711785));
#4714=CARTESIAN_POINT('',(-0.1375,0.03,-0.0246340925711785));
#4715=CARTESIAN_POINT('',(-0.1375,0.03,-0.0246340925711784));
#4716=CARTESIAN_POINT('',(-0.1375,0.00908917442312738,-0.00023812939816047));
#4717=CARTESIAN_POINT('',(0.19,0.03,-0.0246340925711785));
#4718=CARTESIAN_POINT('',(-0.1625,0.03,-0.0246340925711784));
#4719=CARTESIAN_POINT('',(-0.1625,0.03,-0.0246340925711785));
#4720=CARTESIAN_POINT('',(-0.1625,0.00908917442312738,-0.00023812939816047));
#4721=CARTESIAN_POINT('',(0.19,0.00908917442312738,-0.00023812939816047));
#4722=CARTESIAN_POINT('',(0.19,-0.00229967461235207,-0.01));
#4723=CARTESIAN_POINT('',(0.1625,-0.00229967461235207,-0.01));
#4724=CARTESIAN_POINT('',(0.1625,-0.00229967461235207,0.005));
#4725=CARTESIAN_POINT('',(0.1375,-0.00229967461235207,-0.01));
#4726=CARTESIAN_POINT('',(0.1375,-0.00229967461235207,0.005));
#4727=CARTESIAN_POINT('',(0.19,-0.00229967461235207,0.005));
#4728=CARTESIAN_POINT('',(0.19,-0.00229967461235207,-0.01));
#4729=CARTESIAN_POINT('',(0.0625,-0.00229967461235207,-0.01));
#4730=CARTESIAN_POINT('',(0.0625,-0.00229967461235207,0.005));
#4731=CARTESIAN_POINT('',(0.0375,-0.00229967461235207,-0.01));
#4732=CARTESIAN_POINT('',(0.0375,-0.00229967461235207,0.005));
#4733=CARTESIAN_POINT('',(0.19,-0.00229967461235207,0.005));
#4734=CARTESIAN_POINT('',(0.19,-0.00229967461235207,-0.01));
#4735=CARTESIAN_POINT('',(-0.0375,-0.00229967461235207,-0.01));
#4736=CARTESIAN_POINT('',(-0.0375,-0.00229967461235207,0.005));
#4737=CARTESIAN_POINT('',(-0.0625,-0.00229967461235207,-0.01));
#4738=CARTESIAN_POINT('',(-0.0625,-0.00229967461235207,0.005));
#4739=CARTESIAN_POINT('',(0.19,-0.00229967461235207,0.005));
#4740=CARTESIAN_POINT('',(0.19,-0.00229967461235207,-0.01));
#4741=CARTESIAN_POINT('',(-0.1375,-0.00229967461235207,-0.01));
#4742=CARTESIAN_POINT('',(-0.1375,-0.00229967461235207,0.005));
#4743=CARTESIAN_POINT('',(-0.1625,-0.00229967461235207,-0.01));
#4744=CARTESIAN_POINT('',(-0.1625,-0.00229967461235207,0.005));
#4745=CARTESIAN_POINT('',(0.19,-0.00229967461235207,0.005));
#4746=CARTESIAN_POINT('',(0.19,-0.00229967461235207,0.005));
#4747=CARTESIAN_POINT('',(0.1625,-0.00229967461235207,0.005));
#4748=CARTESIAN_POINT('',(0.1625,-0.128,0.00500000000000008));
#4749=CARTESIAN_POINT('',(0.1375,-0.00229967461235207,0.005));
#4750=CARTESIAN_POINT('',(0.1375,-0.128,0.00500000000000008));
#4751=CARTESIAN_POINT('',(0.19,-0.128,0.005));
#4752=CARTESIAN_POINT('',(0.19,-0.00229967461235207,0.005));
#4753=CARTESIAN_POINT('',(0.0625,-0.00229967461235207,0.005));
#4754=CARTESIAN_POINT('',(0.0625,-0.128,0.00500000000000008));
#4755=CARTESIAN_POINT('',(0.0375,-0.00229967461235207,0.005));
#4756=CARTESIAN_POINT('',(0.0375,-0.128,0.00500000000000008));
#4757=CARTESIAN_POINT('',(0.19,-0.128,0.005));
#4758=CARTESIAN_POINT('',(0.19,-0.00229967461235207,0.005));
#4759=CARTESIAN_POINT('',(-0.0375,-0.00229967461235207,0.005));
#4760=CARTESIAN_POINT('',(-0.0375,-0.128,0.00500000000000008));
#4761=CARTESIAN_POINT('',(-0.0625,-0.00229967461235207,0.005));
#4762=CARTESIAN_POINT('',(-0.0625,-0.128,0.00500000000000008));
#4763=CARTESIAN_POINT('',(0.19,-0.128,0.005));
#4764=CARTESIAN_POINT('',(0.19,-0.00229967461235207,0.005));
#4765=CARTESIAN_POINT('',(-0.1375,-0.00229967461235207,0.005));
#4766=CARTESIAN_POINT('',(-0.1375,-0.128,0.00500000000000008));
#4767=CARTESIAN_POINT('',(-0.1625,-0.00229967461235207,0.005));
#4768=CARTESIAN_POINT('',(-0.1625,-0.128,0.00500000000000008));
#4769=CARTESIAN_POINT('',(0.19,-0.128,0.005));
#4770=CARTESIAN_POINT('',(0.19,-0.128,0.005));
#4771=CARTESIAN_POINT('',(0.1625,-0.128,0.24));
#4772=CARTESIAN_POINT('',(0.1625,-0.128,-0.00499999999999995));
#4773=CARTESIAN_POINT('',(0.1375,-0.128,0.24));
#4774=CARTESIAN_POINT('',(0.1375,-0.128,-0.00499999999999995));
#4775=CARTESIAN_POINT('',(0.19,-0.128,-0.005));
#4776=CARTESIAN_POINT('',(0.19,-0.128,0.005));
#4777=CARTESIAN_POINT('',(0.0625,-0.128,0.24));
#4778=CARTESIAN_POINT('',(0.0625,-0.128,-0.00499999999999995));
#4779=CARTESIAN_POINT('',(0.0375,-0.128,0.24));
#4780=CARTESIAN_POINT('',(0.0375,-0.128,-0.00499999999999995));
#4781=CARTESIAN_POINT('',(0.19,-0.128,-0.005));
#4782=CARTESIAN_POINT('',(0.19,-0.128,0.005));
#4783=CARTESIAN_POINT('',(-0.0375,-0.128,0.24));
#4784=CARTESIAN_POINT('',(-0.0375,-0.128,-0.00499999999999995));
#4785=CARTESIAN_POINT('',(-0.0625,-0.128,0.24));
#4786=CARTESIAN_POINT('',(-0.0625,-0.128,-0.00499999999999995));
#4787=CARTESIAN_POINT('',(0.19,-0.128,-0.005));
#4788=CARTESIAN_POINT('',(0.19,-0.128,0.005));
#4789=CARTESIAN_POINT('',(-0.1375,-0.128,0.24));
#4790=CARTESIAN_POINT('',(-0.1375,-0.128,-0.00499999999999995));
#4791=CARTESIAN_POINT('',(-0.1625,-0.128,0.24));
#4792=CARTESIAN_POINT('',(-0.1625,-0.128,-0.00499999999999995));
#4793=CARTESIAN_POINT('',(0.19,-0.128,-0.005));
#4794=CARTESIAN_POINT('',(0.19,-0.128,-0.005));
#4795=CARTESIAN_POINT('',(0.1625,-0.128,-0.005));
#4796=CARTESIAN_POINT('',(0.1625,-0.00229967461235207,-0.005));
#4797=CARTESIAN_POINT('',(0.1375,-0.128,-0.005));
#4798=CARTESIAN_POINT('',(0.1375,-0.00229967461235206,-0.005));
#4799=CARTESIAN_POINT('',(0.19,-0.00229967461235207,-0.005));
#4800=CARTESIAN_POINT('',(0.19,-0.128,-0.005));
#4801=CARTESIAN_POINT('',(0.0625,-0.128,-0.005));
#4802=CARTESIAN_POINT('',(0.0625,-0.00229967461235207,-0.005));
#4803=CARTESIAN_POINT('',(0.0375,-0.128,-0.005));
#4804=CARTESIAN_POINT('',(0.0375,-0.00229967461235206,-0.005));
#4805=CARTESIAN_POINT('',(0.19,-0.00229967461235207,-0.005));
#4806=CARTESIAN_POINT('',(0.19,-0.128,-0.005));
#4807=CARTESIAN_POINT('',(-0.0375,-0.128,-0.005));
#4808=CARTESIAN_POINT('',(-0.0375,-0.00229967461235207,-0.005));
#4809=CARTESIAN_POINT('',(-0.0625,-0.128,-0.005));
#4810=CARTESIAN_POINT('',(-0.0625,-0.00229967461235206,-0.005));
#4811=CARTESIAN_POINT('',(0.19,-0.00229967461235207,-0.005));
#4812=CARTESIAN_POINT('',(0.19,-0.128,-0.005));
#4813=CARTESIAN_POINT('',(-0.1375,-0.128,-0.005));
#4814=CARTESIAN_POINT('',(-0.1375,-0.00229967461235207,-0.005));
#4815=CARTESIAN_POINT('',(-0.1625,-0.128,-0.005));
#4816=CARTESIAN_POINT('',(-0.1625,-0.00229967461235206,-0.005));
#4817=CARTESIAN_POINT('',(0.19,-0.00229967461235207,-0.005));
#4818=CARTESIAN_POINT('',(0.19,-0.00229967461235206,-0.01));
#4819=CARTESIAN_POINT('',(0.19,0.00149660839947442,-0.00674604313272015));
#4820=CARTESIAN_POINT('',(0.1625,0.00149660839947442,-0.00674604313272015));
#4821=CARTESIAN_POINT('',(0.1375,0.00149660839947442,-0.00674604313272015));
#4822=CARTESIAN_POINT('',(0.1625,-0.00229967461235206,-0.01));
#4823=CARTESIAN_POINT('',(0.1375,-0.00229967461235206,-0.01));
#4824=CARTESIAN_POINT('',(0.19,-0.00229967461235206,-0.01));
#4825=CARTESIAN_POINT('',(0.19,0.00149660839947442,-0.00674604313272015));
#4826=CARTESIAN_POINT('',(0.0625,0.00149660839947442,-0.00674604313272015));
#4827=CARTESIAN_POINT('',(0.0375,0.00149660839947442,-0.00674604313272015));
#4828=CARTESIAN_POINT('',(0.0625,-0.00229967461235206,-0.01));
#4829=CARTESIAN_POINT('',(0.0375,-0.00229967461235206,-0.01));
#4830=CARTESIAN_POINT('',(0.19,-0.00229967461235206,-0.01));
#4831=CARTESIAN_POINT('',(0.19,0.00149660839947442,-0.00674604313272015));
#4832=CARTESIAN_POINT('',(-0.0375,0.00149660839947442,-0.00674604313272015));
#4833=CARTESIAN_POINT('',(-0.0625,0.00149660839947442,-0.00674604313272015));
#4834=CARTESIAN_POINT('',(-0.0375,-0.00229967461235206,-0.01));
#4835=CARTESIAN_POINT('',(-0.0625,-0.00229967461235206,-0.01));
#4836=CARTESIAN_POINT('',(0.19,-0.00229967461235206,-0.01));
#4837=CARTESIAN_POINT('',(0.19,0.00149660839947442,-0.00674604313272015));
#4838=CARTESIAN_POINT('',(-0.1375,0.00149660839947442,-0.00674604313272015));
#4839=CARTESIAN_POINT('',(-0.1625,0.00149660839947442,-0.00674604313272015));
#4840=CARTESIAN_POINT('',(-0.1375,-0.00229967461235206,-0.01));
#4841=CARTESIAN_POINT('',(-0.1625,-0.00229967461235206,-0.01));
#4842=CARTESIAN_POINT('',(0.19,0.00149660839947442,-0.00674604313272016));
#4843=CARTESIAN_POINT('',(0.1625,0.00149660839947442,-0.00674604313272016));
#4844=CARTESIAN_POINT('',(0.1625,0.03,-0.0399999999999999));
#4845=CARTESIAN_POINT('',(0.1375,0.00149660839947442,-0.00674604313272016));
#4846=CARTESIAN_POINT('',(0.1375,0.03,-0.0399999999999999));
#4847=CARTESIAN_POINT('',(0.19,0.03,-0.04));
#4848=CARTESIAN_POINT('',(0.19,0.00149660839947442,-0.00674604313272016));
#4849=CARTESIAN_POINT('',(0.0625,0.00149660839947442,-0.00674604313272016));
#4850=CARTESIAN_POINT('',(0.0625,0.03,-0.0399999999999999));
#4851=CARTESIAN_POINT('',(0.0375,0.00149660839947442,-0.00674604313272016));
#4852=CARTESIAN_POINT('',(0.0375,0.03,-0.0399999999999999));
#4853=CARTESIAN_POINT('',(0.19,0.03,-0.04));
#4854=CARTESIAN_POINT('',(0.19,0.00149660839947442,-0.00674604313272016));
#4855=CARTESIAN_POINT('',(-0.0375,0.00149660839947442,-0.00674604313272016));
#4856=CARTESIAN_POINT('',(-0.0375,0.03,-0.0399999999999999));
#4857=CARTESIAN_POINT('',(-0.0625,0.00149660839947442,-0.00674604313272016));
#4858=CARTESIAN_POINT('',(-0.0625,0.03,-0.0399999999999999));
#4859=CARTESIAN_POINT('',(0.19,0.03,-0.04));
#4860=CARTESIAN_POINT('',(0.19,0.00149660839947442,-0.00674604313272016));
#4861=CARTESIAN_POINT('',(-0.1375,0.00149660839947442,-0.00674604313272016));
#4862=CARTESIAN_POINT('',(-0.1375,0.03,-0.0399999999999999));
#4863=CARTESIAN_POINT('',(-0.1625,0.00149660839947442,-0.00674604313272016));
#4864=CARTESIAN_POINT('',(-0.1625,0.03,-0.0399999999999999));
#4865=CARTESIAN_POINT('',(0.19,0.03,-0.04));
#4866=CARTESIAN_POINT('',(0.19,0.03,-0.04));
#4867=CARTESIAN_POINT('',(0.1625,0.03,0.24));
#4868=CARTESIAN_POINT('',(0.1375,0.03,0.24));
#4869=CARTESIAN_POINT('',(0.0625,0.03,0.24));
#4870=CARTESIAN_POINT('',(0.0375,0.03,0.24));
#4871=CARTESIAN_POINT('',(-0.0375,0.03,0.24));
#4872=CARTESIAN_POINT('',(-0.0625,0.03,0.24));
#4873=CARTESIAN_POINT('',(-0.1375,0.03,0.24));
#4874=CARTESIAN_POINT('',(-0.1625,0.03,0.24));
#4875=CARTESIAN_POINT('',(-0.1625,-0.128,0.24));
#4876=CARTESIAN_POINT('',(0.1625,0.03,0.24));
#4877=CARTESIAN_POINT('',(-0.1375,0.03,0.24));
#4878=CARTESIAN_POINT('',(-0.0625,-0.128,0.24));
#4879=CARTESIAN_POINT('',(-0.0375,0.03,0.24));
#4880=CARTESIAN_POINT('',(0.0375,-0.128,0.24));
#4881=CARTESIAN_POINT('',(0.1375,-0.128,0.24));
#4882=CARTESIAN_POINT('',(0.0625,0.03,0.24));
#4883=CARTESIAN_POINT('',(10.,0.032,10.));
#4884=CARTESIAN_POINT('',(0.,0.,0.));
#4885=MECHANICAL_DESIGN_GEOMETRIC_PRESENTATION_REPRESENTATION('',(#3051,
#3052,#3053),#4886);
#4886=(
GEOMETRIC_REPRESENTATION_CONTEXT(3)
GLOBAL_UNCERTAINTY_ASSIGNED_CONTEXT((#4890))
GLOBAL_UNIT_ASSIGNED_CONTEXT((#4896,#4895,#4894))
REPRESENTATION_CONTEXT('CES-104-01-T-S','TOP_LEVEL_ASSEMBLY_PART')
);
#4887=(
GEOMETRIC_REPRESENTATION_CONTEXT(3)
GLOBAL_UNCERTAINTY_ASSIGNED_CONTEXT((#4891))
GLOBAL_UNIT_ASSIGNED_CONTEXT((#4896,#4895,#4894))
REPRESENTATION_CONTEXT('CES-104-01-S_socket','COMPONENT_PART')
);
#4888=(
GEOMETRIC_REPRESENTATION_CONTEXT(3)
GLOBAL_UNCERTAINTY_ASSIGNED_CONTEXT((#4892))
GLOBAL_UNIT_ASSIGNED_CONTEXT((#4896,#4895,#4894))
REPRESENTATION_CONTEXT('010401TS','COMPONENT_PART')
);
#4889=(
GEOMETRIC_REPRESENTATION_CONTEXT(3)
GLOBAL_UNCERTAINTY_ASSIGNED_CONTEXT((#4893))
GLOBAL_UNIT_ASSIGNED_CONTEXT((#4896,#4895,#4894))
REPRESENTATION_CONTEXT('010401TS2','COMPONENT_PART')
);
#4890=UNCERTAINTY_MEASURE_WITH_UNIT(LENGTH_MEASURE(3.93700787401575E-7),
#4896,'DISTANCE_ACCURACY_VALUE','Maximum Tolerance applied to model');
#4891=UNCERTAINTY_MEASURE_WITH_UNIT(LENGTH_MEASURE(3.93700787401575E-7),
#4896,'DISTANCE_ACCURACY_VALUE','Maximum Tolerance applied to model');
#4892=UNCERTAINTY_MEASURE_WITH_UNIT(LENGTH_MEASURE(3.93700787401575E-7),
#4896,'DISTANCE_ACCURACY_VALUE','Maximum Tolerance applied to model');
#4893=UNCERTAINTY_MEASURE_WITH_UNIT(LENGTH_MEASURE(3.93700787401575E-7),
#4896,'DISTANCE_ACCURACY_VALUE','Maximum Tolerance applied to model');
#4894=(
NAMED_UNIT(*)
SI_UNIT($,.STERADIAN.)
SOLID_ANGLE_UNIT()
);
#4895=(
NAMED_UNIT(*)
PLANE_ANGLE_UNIT()
SI_UNIT($,.RADIAN.)
);
#4896=(
CONVERSION_BASED_UNIT('INCH',#4898)
LENGTH_UNIT()
NAMED_UNIT(#4897)
);
#4897=DIMENSIONAL_EXPONENTS(1.,0.,0.,0.,0.,0.,0.);
#4898=LENGTH_MEASURE_WITH_UNIT(LENGTH_MEASURE(25.4),#4899);
#4899=(
LENGTH_UNIT()
NAMED_UNIT(*)
SI_UNIT(.MILLI.,.METRE.)
);
#4900=PRODUCT_DEFINITION_SHAPE('','',#4907);
#4901=PRODUCT_DEFINITION_SHAPE('','',#4908);
#4902=PRODUCT_DEFINITION_SHAPE(' ','NAUO PRDDFN',#37);
#4903=PRODUCT_DEFINITION_SHAPE('','',#4909);
#4904=PRODUCT_DEFINITION_SHAPE(' ','NAUO PRDDFN',#38);
#4905=PRODUCT_DEFINITION_SHAPE('','',#4910);
#4906=PRODUCT_DEFINITION_SHAPE(' ','NAUO PRDDFN',#39);
#4907=PRODUCT_DEFINITION('','',#4915,#4911);
#4908=PRODUCT_DEFINITION('','',#4916,#4912);
#4909=PRODUCT_DEFINITION('','',#4917,#4913);
#4910=PRODUCT_DEFINITION('','',#4918,#4914);
#4911=PRODUCT_DEFINITION_CONTEXT('',#4936,'design');
#4912=PRODUCT_DEFINITION_CONTEXT('',#4936,'design');
#4913=PRODUCT_DEFINITION_CONTEXT('',#4936,'design');
#4914=PRODUCT_DEFINITION_CONTEXT('',#4936,'design');
#4915=PRODUCT_DEFINITION_FORMATION_WITH_SPECIFIED_SOURCE('','',#4923,
 .NOT_KNOWN.);
#4916=PRODUCT_DEFINITION_FORMATION_WITH_SPECIFIED_SOURCE('','',#4924,
 .NOT_KNOWN.);
#4917=PRODUCT_DEFINITION_FORMATION_WITH_SPECIFIED_SOURCE('','',#4925,
 .NOT_KNOWN.);
#4918=PRODUCT_DEFINITION_FORMATION_WITH_SPECIFIED_SOURCE('','',#4926,
 .NOT_KNOWN.);
#4919=PRODUCT_RELATED_PRODUCT_CATEGORY('','',(#4923));
#4920=PRODUCT_RELATED_PRODUCT_CATEGORY('','',(#4924));
#4921=PRODUCT_RELATED_PRODUCT_CATEGORY('','',(#4925));
#4922=PRODUCT_RELATED_PRODUCT_CATEGORY('','',(#4926));
#4923=PRODUCT('CES-104-01-T-S','CES-104-01-T-S','CES-104-01-T-S',(#4931));
#4924=PRODUCT('CES-104-01-S_socket','CES-104-01-S_socket',
'CES-104-01-S_socket',(#4932));
#4925=PRODUCT('010401TS','010401TS','010401TS',(#4933));
#4926=PRODUCT('010401TS2','010401TS2','010401TS2',(#4934));
#4927=PRODUCT_CATEGORY('','');
#4928=PRODUCT_CATEGORY('','');
#4929=PRODUCT_CATEGORY('','');
#4930=PRODUCT_CATEGORY('','');
#4931=PRODUCT_CONTEXT('',#4936,'mechanical');
#4932=PRODUCT_CONTEXT('',#4936,'mechanical');
#4933=PRODUCT_CONTEXT('',#4936,'mechanical');
#4934=PRODUCT_CONTEXT('',#4936,'mechanical');
#4935=APPLICATION_PROTOCOL_DEFINITION('international standard',
'ap242_managed_model_based_3d_engineering',2011,#4936);
#4936=APPLICATION_CONTEXT('managed model based 3d engineering');
ENDSEC;
END-ISO-10303-21;
