ISO-10303-21;
HEADER;
FILE_DESCRIPTION((''),'2;1');
FILE_NAME('2068321401','2020-12-15T',('gga'),(''),
'PRO/ENGINEER BY PARAMETRIC TECHNOLOGY CORPORATION, 2016010',
'PRO/ENGINEER BY PARAMETRIC TECHNOLOGY CORPORATION, 2016010','');
FILE_SCHEMA(('CONFIG_CONTROL_DESIGN'));
ENDSEC;
DATA;
#1=DIRECTION('',(0.E0,-1.E0,0.E0));
#2=VECTOR('',#1,1.855067779771E0);
#3=CARTESIAN_POINT('',(7.747453735582E0,-9.474287355815E-1,1.944869043863E0));
#4=LINE('',#3,#2);
#5=DIRECTION('',(-1.E0,0.E0,0.E0));
#6=VECTOR('',#5,1.872546264418E0);
#7=CARTESIAN_POINT('',(9.62E0,-9.474287355815E-1,1.944869043863E0));
#8=LINE('',#7,#6);
#9=DIRECTION('',(1.E0,0.E0,0.E0));
#10=VECTOR('',#9,1.232795176016E0);
#11=CARTESIAN_POINT('',(8.387204823984E0,-4.525212644185E-1,1.944869043863E0));
#12=LINE('',#11,#10);
#13=DIRECTION('',(7.071067811865E-1,-7.071067811865E-1,0.E0));
#14=VECTOR('',#13,9.047446657612E-1);
#15=CARTESIAN_POINT('',(7.747453735582E0,1.872298239836E-1,1.944869043863E0));
#16=LINE('',#15,#14);
#17=DIRECTION('',(0.E0,-1.E0,0.E0));
#18=VECTOR('',#17,1.825197848597E0);
#19=CARTESIAN_POINT('',(7.747453735582E0,2.012427672581E0,1.944869043863E0));
#20=LINE('',#19,#18);
#21=DIRECTION('',(7.071067811865E-1,-7.071067811865E-1,0.E0));
#22=VECTOR('',#21,8.625022039882E-1);
#23=CARTESIAN_POINT('',(7.747453735582E0,-2.802496515353E0,1.944869043863E0));
#24=LINE('',#23,#22);
#25=DIRECTION('',(0.E0,-1.E0,0.E0));
#26=VECTOR('',#25,1.774780596096E0);
#27=CARTESIAN_POINT('',(7.787597327419E0,-9.875723274190E-1,6.544869043863E0));
#28=LINE('',#27,#26);
#29=DIRECTION('',(-8.726203243944E-3,-8.726203243945E-3,-9.999238504776E-1));
#30=VECTOR('',#29,4.600350314479E0);
#31=CARTESIAN_POINT('',(7.787597327419E0,-2.762352923515E0,6.544869043863E0));
#32=LINE('',#31,#30);
#33=DIRECTION('',(-7.071067811865E-1,-7.071067811865E-1,0.E0));
#34=VECTOR('',#33,8.714886253983E-1);
#35=CARTESIAN_POINT('',(-7.787597327419E0,-2.796142155835E0,6.544869043863E0));
#36=LINE('',#35,#34);
#37=DIRECTION('',(-7.071067811866E-1,-7.071067811865E-1,0.E0));
#38=VECTOR('',#37,8.714886253983E-1);
#39=CARTESIAN_POINT('',(-4.787597327419E0,-2.796142155835E0,6.544869043863E0));
#40=LINE('',#39,#38);
#41=DIRECTION('',(-7.071067811865E-1,-7.071067811865E-1,0.E0));
#42=VECTOR('',#41,8.714886253983E-1);
#43=CARTESIAN_POINT('',(-1.787597327419E0,-2.796142155835E0,6.544869043863E0));
#44=LINE('',#43,#42);
#45=DIRECTION('',(-7.071067811865E-1,7.071067811865E-1,0.E0));
#46=VECTOR('',#45,9.192738160072E-1);
#47=CARTESIAN_POINT('',(-5.623779235151E-1,-3.412377672581E0,6.544869043863E0));
#48=LINE('',#47,#46);
#49=DIRECTION('',(-7.071067811865E-1,-7.071067811865E-1,0.E0));
#50=VECTOR('',#49,9.192738160072E-1);
#51=CARTESIAN_POINT('',(4.212402672581E0,-2.762352923515E0,6.544869043863E0));
#52=LINE('',#51,#50);
#53=DIRECTION('',(-7.071067811865E-1,7.071067811866E-1,0.E0));
#54=VECTOR('',#53,9.192738160072E-1);
#55=CARTESIAN_POINT('',(8.437622076485E0,-3.412377672581E0,6.544869043863E0));
#56=LINE('',#55,#54);
#57=DIRECTION('',(-7.071067811865E-1,7.071067811865E-1,0.E0));
#58=VECTOR('',#57,8.714886253983E-1);
#59=CARTESIAN_POINT('',(8.403832844165E0,-4.123776725810E-1,6.544869043863E0));
#60=LINE('',#59,#58);
#61=DIRECTION('',(0.E0,1.E0,0.E0));
#62=VECTOR('',#61,5.751946548380E-1);
#63=CARTESIAN_POINT('',(9.62E0,-9.875723274190E-1,6.544869043863E0));
#64=LINE('',#63,#62);
#65=DIRECTION('',(-7.071067811865E-1,7.071067811865E-1,0.E0));
#66=VECTOR('',#65,8.714886253983E-1);
#67=CARTESIAN_POINT('',(5.403832844165E0,-4.123776725810E-1,6.544869043863E0));
#68=LINE('',#67,#66);
#69=DIRECTION('',(-7.071067811865E-1,-7.071067811865E-1,0.E0));
#70=VECTOR('',#69,9.192738160072E-1);
#71=CARTESIAN_POINT('',(4.212402672581E0,2.376470764849E-1,6.544869043863E0));
#72=LINE('',#71,#70);
#73=DIRECTION('',(-7.071067811865E-1,7.071067811865E-1,0.E0));
#74=VECTOR('',#73,9.192738160072E-1);
#75=CARTESIAN_POINT('',(-5.623779235151E-1,-4.123776725810E-1,
6.544869043863E0));
#76=LINE('',#75,#74);
#77=DIRECTION('',(-7.071067811865E-1,-7.071067811865E-1,0.E0));
#78=VECTOR('',#77,8.714886253983E-1);
#79=CARTESIAN_POINT('',(-1.787597327419E0,2.038578441651E-1,6.544869043863E0));
#80=LINE('',#79,#78);
#81=DIRECTION('',(-7.071067811865E-1,7.071067811865E-1,0.E0));
#82=VECTOR('',#81,8.714886253983E-1);
#83=CARTESIAN_POINT('',(-6.596167155835E0,-4.123776725810E-1,6.544869043863E0));
#84=LINE('',#83,#82);
#85=DIRECTION('',(-7.071067811865E-1,7.071067811865E-1,0.E0));
#86=VECTOR('',#85,8.714886253983E-1);
#87=CARTESIAN_POINT('',(-9.596167155835E0,-4.123776725810E-1,6.544869043863E0));
#88=LINE('',#87,#86);
#89=DIRECTION('',(-7.071067811865E-1,7.071067811866E-1,0.E0));
#90=VECTOR('',#89,9.192738160072E-1);
#91=CARTESIAN_POINT('',(5.437622076485E0,-3.412377672581E0,6.544869043863E0));
#92=LINE('',#91,#90);
#93=DIRECTION('',(0.E0,-1.E0,0.E0));
#94=VECTOR('',#93,6.86E0);
#95=CARTESIAN_POINT('',(-1.0925E1,2.730025E0,6.544869043863E0));
#96=LINE('',#95,#94);
#97=DIRECTION('',(-1.E0,0.E0,0.E0));
#98=VECTOR('',#97,2.185E1);
#99=CARTESIAN_POINT('',(1.0925E1,2.730025E0,6.544869043863E0));
#100=LINE('',#99,#98);
#101=DIRECTION('',(0.E0,1.E0,0.E0));
#102=VECTOR('',#101,6.86E0);
#103=CARTESIAN_POINT('',(1.0925E1,-4.129975E0,6.544869043863E0));
#104=LINE('',#103,#102);
#105=DIRECTION('',(1.E0,0.E0,0.E0));
#106=VECTOR('',#105,2.185E1);
#107=CARTESIAN_POINT('',(-1.0925E1,-4.129975E0,6.544869043863E0));
#108=LINE('',#107,#106);
#109=DIRECTION('',(-1.E0,0.E0,0.E0));
#110=VECTOR('',#109,1.890024750008E0);
#111=CARTESIAN_POINT('',(-8.379975249992E0,-3.469975E0,-5.513095613730E-2));
#112=LINE('',#111,#110);
#113=DIRECTION('',(1.E0,0.E0,0.E0));
#114=VECTOR('',#113,1.808569828416E0);
#115=CARTESIAN_POINT('',(-1.021240267258E1,-3.412377672581E0,6.544869043863E0));
#116=LINE('',#115,#114);
#117=DIRECTION('',(0.E0,1.E0,0.E0));
#118=VECTOR('',#117,2.54E0);
#119=CARTESIAN_POINT('',(-1.027E1,-3.469975E0,-5.513095613730E-2));
#120=LINE('',#119,#118);
#121=DIRECTION('',(-8.726203243943E-3,-8.726203243944E-3,-9.999238504776E-1));
#122=VECTOR('',#121,6.600502625123E0);
#123=CARTESIAN_POINT('',(-1.021240267258E1,-3.412377672581E0,6.544869043863E0));
#124=LINE('',#123,#122);
#125=DIRECTION('',(0.E0,-1.E0,0.E0));
#126=VECTOR('',#125,2.424805345162E0);
#127=CARTESIAN_POINT('',(-1.021240267258E1,-9.875723274190E-1,
6.544869043863E0));
#128=LINE('',#127,#126);
#129=DIRECTION('',(1.E0,0.E0,1.554095222323E-14));
#130=VECTOR('',#129,5.759732741899E-2);
#131=CARTESIAN_POINT('',(-1.027E1,-9.29975E-1,-5.513095613730E-2));
#132=LINE('',#131,#130);
#133=DIRECTION('',(-8.726203243943E-3,8.726203243944E-3,-9.999238504776E-1));
#134=VECTOR('',#133,6.600502625123E0);
#135=CARTESIAN_POINT('',(-1.021240267258E1,-9.875723274190E-1,
6.544869043863E0));
#136=LINE('',#135,#134);
#137=DIRECTION('',(-1.E0,0.E0,0.E0));
#138=VECTOR('',#137,2.424805345162E0);
#139=CARTESIAN_POINT('',(-7.787597327419E0,-9.875723274190E-1,
6.544869043863E0));
#140=LINE('',#139,#138);
#141=DIRECTION('',(0.E0,1.E0,0.E0));
#142=VECTOR('',#141,2.464948936999E0);
#143=CARTESIAN_POINT('',(-1.021240267258E1,-3.412377672581E0,1.944869043863E0));
#144=LINE('',#143,#142);
#145=DIRECTION('',(0.E0,0.E0,1.E0));
#146=VECTOR('',#145,2.E0);
#147=CARTESIAN_POINT('',(-1.021240267258E1,-3.412377672581E0,
-5.513095613730E-2));
#148=LINE('',#147,#146);
#149=DIRECTION('',(0.E0,8.726535498374E-3,-9.999619230642E-1));
#150=VECTOR('',#149,2.000076156771E0);
#151=CARTESIAN_POINT('',(-1.021240267258E1,-9.474287355815E-1,
1.944869043863E0));
#152=LINE('',#151,#150);
#153=DIRECTION('',(-1.E0,0.E0,0.E0));
#154=VECTOR('',#153,2.464948936999E0);
#155=CARTESIAN_POINT('',(-7.747453735582E0,-9.474287355815E-1,
1.944869043863E0));
#156=LINE('',#155,#154);
#157=DIRECTION('',(0.E0,1.E0,0.E0));
#158=VECTOR('',#157,1.865341440435E0);
#159=CARTESIAN_POINT('',(-7.747453735582E0,-2.812770176016E0,1.944869043863E0));
#160=LINE('',#159,#158);
#161=DIRECTION('',(7.071067811865E-1,7.071067811865E-1,0.E0));
#162=VECTOR('',#161,8.479730537423E-1);
#163=CARTESIAN_POINT('',(-8.347061232146E0,-3.412377672581E0,1.944869043863E0));
#164=LINE('',#163,#162);
#165=DIRECTION('',(8.726203243944E-3,8.726203243944E-3,-9.999238504776E-1));
#166=VECTOR('',#165,4.600350314479E0);
#167=CARTESIAN_POINT('',(-7.787597327419E0,-9.875723274190E-1,
6.544869043863E0));
#168=LINE('',#167,#166);
#169=DIRECTION('',(0.E0,1.E0,0.E0));
#170=VECTOR('',#169,1.808569828416E0);
#171=CARTESIAN_POINT('',(-7.787597327419E0,-2.796142155835E0,6.544869043863E0));
#172=LINE('',#171,#170);
#173=DIRECTION('',(1.234071497561E-2,0.E0,-9.999238504776E-1));
#174=VECTOR('',#173,2.000152310643E0);
#175=CARTESIAN_POINT('',(-8.347061232146E0,-3.412377672581E0,1.944869043863E0));
#176=LINE('',#175,#174);
#177=DIRECTION('',(8.726478489829E-3,-3.614625742245E-3,-9.999553905320E-1));
#178=VECTOR('',#177,4.600205212707E0);
#179=CARTESIAN_POINT('',(-7.787597327419E0,-2.796142155835E0,6.544869043863E0));
#180=LINE('',#179,#178);
#181=DIRECTION('',(-3.614625742244E-3,8.726478489829E-3,9.999553905320E-1));
#182=VECTOR('',#181,6.600294435624E0);
#183=CARTESIAN_POINT('',(-8.379975249992E0,-3.469975E0,-5.513095613730E-2));
#184=LINE('',#183,#182);
#185=DIRECTION('',(-1.E0,0.E0,0.E0));
#186=VECTOR('',#185,1.865341440435E0);
#187=CARTESIAN_POINT('',(-8.347061232146E0,-3.412377672581E0,1.944869043863E0));
#188=LINE('',#187,#186);
#189=DIRECTION('',(0.E0,1.E0,0.E0));
#190=VECTOR('',#189,2.482402672581E0);
#191=CARTESIAN_POINT('',(-1.021240267258E1,-3.412377672581E0,
-5.513095613730E-2));
#192=LINE('',#191,#190);
#193=DIRECTION('',(-1.E0,0.E0,0.E0));
#194=VECTOR('',#193,1.890024750008E0);
#195=CARTESIAN_POINT('',(-8.322377922573E0,-3.412377672581E0,
-5.513095613730E-2));
#196=LINE('',#195,#194);
#197=DIRECTION('',(7.071067811866E-1,7.071067811865E-1,1.107429962331E-14));
#198=VECTOR('',#197,8.145492159241E-2);
#199=CARTESIAN_POINT('',(-8.379975249992E0,-3.469975E0,-5.513095613730E-2));
#200=LINE('',#199,#198);
#201=DIRECTION('',(0.E0,-1.E0,0.E0));
#202=VECTOR('',#201,6.35E-1);
#203=CARTESIAN_POINT('',(-9.3175E0,-1.882475E0,1.944869043863E0));
#204=LINE('',#203,#202);
#205=DIRECTION('',(0.E0,1.E0,0.E0));
#206=VECTOR('',#205,6.35E-1);
#207=CARTESIAN_POINT('',(-9.3175E0,-2.517475E0,4.144869043863E0));
#208=LINE('',#207,#206);
#209=DIRECTION('',(0.E0,0.E0,1.E0));
#210=VECTOR('',#209,2.2E0);
#211=CARTESIAN_POINT('',(-9.3175E0,-2.517475E0,1.944869043863E0));
#212=LINE('',#211,#210);
#213=DIRECTION('',(-1.E0,0.E0,0.E0));
#214=VECTOR('',#213,6.35E-1);
#215=CARTESIAN_POINT('',(-8.6825E0,-1.882475E0,1.944869043863E0));
#216=LINE('',#215,#214);
#217=DIRECTION('',(0.E0,0.E0,-1.E0));
#218=VECTOR('',#217,2.2E0);
#219=CARTESIAN_POINT('',(-8.6825E0,-1.882475E0,4.144869043863E0));
#220=LINE('',#219,#218);
#221=DIRECTION('',(1.E0,0.E0,0.E0));
#222=VECTOR('',#221,6.35E-1);
#223=CARTESIAN_POINT('',(-9.3175E0,-1.882475E0,4.144869043863E0));
#224=LINE('',#223,#222);
#225=DIRECTION('',(0.E0,0.E0,1.E0));
#226=VECTOR('',#225,2.2E0);
#227=CARTESIAN_POINT('',(-9.3175E0,-1.882475E0,1.944869043863E0));
#228=LINE('',#227,#226);
#229=DIRECTION('',(0.E0,1.E0,0.E0));
#230=VECTOR('',#229,6.35E-1);
#231=CARTESIAN_POINT('',(-8.6825E0,-2.517475E0,1.944869043863E0));
#232=LINE('',#231,#230);
#233=DIRECTION('',(0.E0,0.E0,-1.E0));
#234=VECTOR('',#233,2.2E0);
#235=CARTESIAN_POINT('',(-8.6825E0,-2.517475E0,4.144869043863E0));
#236=LINE('',#235,#234);
#237=DIRECTION('',(0.E0,-1.E0,0.E0));
#238=VECTOR('',#237,6.35E-1);
#239=CARTESIAN_POINT('',(-8.6825E0,-1.882475E0,4.144869043863E0));
#240=LINE('',#239,#238);
#241=DIRECTION('',(1.E0,0.E0,0.E0));
#242=VECTOR('',#241,6.35E-1);
#243=CARTESIAN_POINT('',(-9.3175E0,-2.517475E0,1.944869043863E0));
#244=LINE('',#243,#242);
#245=DIRECTION('',(-1.E0,0.E0,0.E0));
#246=VECTOR('',#245,6.35E-1);
#247=CARTESIAN_POINT('',(-8.6825E0,-2.517475E0,4.144869043863E0));
#248=LINE('',#247,#246);
#249=DIRECTION('',(8.726203243944E-3,8.726203243944E-3,-9.999238504776E-1));
#250=VECTOR('',#249,4.600350314479E0);
#251=CARTESIAN_POINT('',(-4.787597327419E0,-9.875723274190E-1,
6.544869043863E0));
#252=LINE('',#251,#250);
#253=DIRECTION('',(0.E0,1.E0,0.E0));
#254=VECTOR('',#253,1.808569828416E0);
#255=CARTESIAN_POINT('',(-4.787597327419E0,-2.796142155835E0,6.544869043863E0));
#256=LINE('',#255,#254);
#257=DIRECTION('',(-8.726203243944E-3,8.726203243944E-3,-9.999238504776E-1));
#258=VECTOR('',#257,4.600350314479E0);
#259=CARTESIAN_POINT('',(-7.212402672581E0,-9.875723274190E-1,
6.544869043863E0));
#260=LINE('',#259,#258);
#261=DIRECTION('',(-1.E0,0.E0,0.E0));
#262=VECTOR('',#261,2.424805345162E0);
#263=CARTESIAN_POINT('',(-4.787597327419E0,-9.875723274190E-1,
6.544869043863E0));
#264=LINE('',#263,#262);
#265=DIRECTION('',(4.626143917610E-14,1.E0,1.566142472107E-14));
#266=VECTOR('',#265,5.759732741901E-2);
#267=CARTESIAN_POINT('',(-7.27E0,-3.469975E0,-5.513095613730E-2));
#268=LINE('',#267,#266);
#269=DIRECTION('',(-8.726203243944E-3,-8.726203243944E-3,-9.999238504776E-1));
#270=VECTOR('',#269,6.600502625123E0);
#271=CARTESIAN_POINT('',(-7.212402672581E0,-3.412377672581E0,6.544869043863E0));
#272=LINE('',#271,#270);
#273=DIRECTION('',(0.E0,-1.E0,0.E0));
#274=VECTOR('',#273,2.424805345162E0);
#275=CARTESIAN_POINT('',(-7.212402672581E0,-9.875723274190E-1,
6.544869043863E0));
#276=LINE('',#275,#274);
#277=DIRECTION('',(-1.E0,0.E0,0.E0));
#278=VECTOR('',#277,1.905485032272E0);
#279=CARTESIAN_POINT('',(-5.347061232146E0,-3.412377672581E0,1.944869043863E0));
#280=LINE('',#279,#278);
#281=DIRECTION('',(-8.726535498373E-3,0.E0,-9.999619230642E-1));
#282=VECTOR('',#281,2.000076156771E0);
#283=CARTESIAN_POINT('',(-7.252546264418E0,-3.412377672581E0,1.944869043863E0));
#284=LINE('',#283,#282);
#285=DIRECTION('',(0.E0,-1.E0,0.E0));
#286=VECTOR('',#285,2.464948936999E0);
#287=CARTESIAN_POINT('',(-7.252546264418E0,-9.474287355815E-1,
1.944869043863E0));
#288=LINE('',#287,#286);
#289=DIRECTION('',(-1.E0,0.E0,0.E0));
#290=VECTOR('',#289,2.505092528837E0);
#291=CARTESIAN_POINT('',(-4.747453735582E0,-9.474287355815E-1,
1.944869043863E0));
#292=LINE('',#291,#290);
#293=DIRECTION('',(0.E0,1.E0,0.E0));
#294=VECTOR('',#293,1.865341440435E0);
#295=CARTESIAN_POINT('',(-4.747453735582E0,-2.812770176016E0,1.944869043863E0));
#296=LINE('',#295,#294);
#297=DIRECTION('',(7.071067811866E-1,7.071067811865E-1,0.E0));
#298=VECTOR('',#297,8.479730537423E-1);
#299=CARTESIAN_POINT('',(-5.347061232146E0,-3.412377672581E0,1.944869043863E0));
#300=LINE('',#299,#298);
#301=DIRECTION('',(1.234071497561E-2,0.E0,-9.999238504776E-1));
#302=VECTOR('',#301,2.000152310643E0);
#303=CARTESIAN_POINT('',(-5.347061232146E0,-3.412377672581E0,1.944869043863E0));
#304=LINE('',#303,#302);
#305=DIRECTION('',(8.726478489829E-3,-3.614625742245E-3,-9.999553905320E-1));
#306=VECTOR('',#305,4.600205212707E0);
#307=CARTESIAN_POINT('',(-4.787597327419E0,-2.796142155835E0,6.544869043863E0));
#308=LINE('',#307,#306);
#309=DIRECTION('',(-3.614625742244E-3,8.726478489829E-3,9.999553905320E-1));
#310=VECTOR('',#309,6.600294435624E0);
#311=CARTESIAN_POINT('',(-5.379975249992E0,-3.469975E0,-5.513095613730E-2));
#312=LINE('',#311,#310);
#313=DIRECTION('',(-1.E0,0.E0,0.E0));
#314=VECTOR('',#313,1.890024750008E0);
#315=CARTESIAN_POINT('',(-5.379975249992E0,-3.469975E0,-5.513095613730E-2));
#316=LINE('',#315,#314);
#317=DIRECTION('',(1.E0,0.E0,0.E0));
#318=VECTOR('',#317,1.808569828416E0);
#319=CARTESIAN_POINT('',(-7.212402672581E0,-3.412377672581E0,6.544869043863E0));
#320=LINE('',#319,#318);
#321=DIRECTION('',(-1.E0,0.E0,0.E0));
#322=VECTOR('',#321,1.947622077427E0);
#323=CARTESIAN_POINT('',(-5.322377922573E0,-3.412377672581E0,
-5.513095613730E-2));
#324=LINE('',#323,#322);
#325=DIRECTION('',(7.071067811865E-1,7.071067811866E-1,1.098911270314E-14));
#326=VECTOR('',#325,8.145492159241E-2);
#327=CARTESIAN_POINT('',(-5.379975249992E0,-3.469975E0,-5.513095613730E-2));
#328=LINE('',#327,#326);
#329=DIRECTION('',(0.E0,-1.E0,0.E0));
#330=VECTOR('',#329,6.35E-1);
#331=CARTESIAN_POINT('',(-6.3175E0,-1.882475E0,1.944869043863E0));
#332=LINE('',#331,#330);
#333=DIRECTION('',(0.E0,1.E0,0.E0));
#334=VECTOR('',#333,6.35E-1);
#335=CARTESIAN_POINT('',(-6.3175E0,-2.517475E0,4.144869043863E0));
#336=LINE('',#335,#334);
#337=DIRECTION('',(0.E0,0.E0,1.E0));
#338=VECTOR('',#337,2.2E0);
#339=CARTESIAN_POINT('',(-6.3175E0,-2.517475E0,1.944869043863E0));
#340=LINE('',#339,#338);
#341=DIRECTION('',(-1.E0,0.E0,0.E0));
#342=VECTOR('',#341,6.35E-1);
#343=CARTESIAN_POINT('',(-5.6825E0,-1.882475E0,1.944869043863E0));
#344=LINE('',#343,#342);
#345=DIRECTION('',(0.E0,0.E0,-1.E0));
#346=VECTOR('',#345,2.2E0);
#347=CARTESIAN_POINT('',(-5.6825E0,-1.882475E0,4.144869043863E0));
#348=LINE('',#347,#346);
#349=DIRECTION('',(1.E0,0.E0,0.E0));
#350=VECTOR('',#349,6.35E-1);
#351=CARTESIAN_POINT('',(-6.3175E0,-1.882475E0,4.144869043863E0));
#352=LINE('',#351,#350);
#353=DIRECTION('',(0.E0,0.E0,1.E0));
#354=VECTOR('',#353,2.2E0);
#355=CARTESIAN_POINT('',(-6.3175E0,-1.882475E0,1.944869043863E0));
#356=LINE('',#355,#354);
#357=DIRECTION('',(0.E0,1.E0,0.E0));
#358=VECTOR('',#357,6.35E-1);
#359=CARTESIAN_POINT('',(-5.6825E0,-2.517475E0,1.944869043863E0));
#360=LINE('',#359,#358);
#361=DIRECTION('',(0.E0,0.E0,-1.E0));
#362=VECTOR('',#361,2.2E0);
#363=CARTESIAN_POINT('',(-5.6825E0,-2.517475E0,4.144869043863E0));
#364=LINE('',#363,#362);
#365=DIRECTION('',(0.E0,-1.E0,0.E0));
#366=VECTOR('',#365,6.35E-1);
#367=CARTESIAN_POINT('',(-5.6825E0,-1.882475E0,4.144869043863E0));
#368=LINE('',#367,#366);
#369=DIRECTION('',(1.E0,0.E0,0.E0));
#370=VECTOR('',#369,6.35E-1);
#371=CARTESIAN_POINT('',(-6.3175E0,-2.517475E0,1.944869043863E0));
#372=LINE('',#371,#370);
#373=DIRECTION('',(-1.E0,0.E0,0.E0));
#374=VECTOR('',#373,6.35E-1);
#375=CARTESIAN_POINT('',(-5.6825E0,-2.517475E0,4.144869043863E0));
#376=LINE('',#375,#374);
#377=DIRECTION('',(-1.E0,0.E0,0.E0));
#378=VECTOR('',#377,1.890024750008E0);
#379=CARTESIAN_POINT('',(-2.379975249992E0,-3.469975E0,-5.513095613730E-2));
#380=LINE('',#379,#378);
#381=DIRECTION('',(1.E0,0.E0,0.E0));
#382=VECTOR('',#381,1.808569828416E0);
#383=CARTESIAN_POINT('',(-4.212402672581E0,-3.412377672581E0,6.544869043863E0));
#384=LINE('',#383,#382);
#385=DIRECTION('',(1.542047972537E-14,1.E0,1.566142472107E-14));
#386=VECTOR('',#385,5.759732741901E-2);
#387=CARTESIAN_POINT('',(-4.27E0,-3.469975E0,-5.513095613730E-2));
#388=LINE('',#387,#386);
#389=DIRECTION('',(-8.726203243944E-3,-8.726203243944E-3,-9.999238504776E-1));
#390=VECTOR('',#389,6.600502625123E0);
#391=CARTESIAN_POINT('',(-4.212402672581E0,-3.412377672581E0,6.544869043863E0));
#392=LINE('',#391,#390);
#393=DIRECTION('',(0.E0,-1.E0,0.E0));
#394=VECTOR('',#393,2.424805345162E0);
#395=CARTESIAN_POINT('',(-4.212402672581E0,-9.875723274190E-1,
6.544869043863E0));
#396=LINE('',#395,#394);
#397=DIRECTION('',(-1.E0,0.E0,0.E0));
#398=VECTOR('',#397,1.905485032272E0);
#399=CARTESIAN_POINT('',(-2.347061232146E0,-3.412377672581E0,1.944869043863E0));
#400=LINE('',#399,#398);
#401=DIRECTION('',(-8.726535498374E-3,0.E0,-9.999619230642E-1));
#402=VECTOR('',#401,2.000076156771E0);
#403=CARTESIAN_POINT('',(-4.252546264418E0,-3.412377672581E0,1.944869043863E0));
#404=LINE('',#403,#402);
#405=DIRECTION('',(0.E0,-1.E0,0.E0));
#406=VECTOR('',#405,2.464948936999E0);
#407=CARTESIAN_POINT('',(-4.252546264418E0,-9.474287355815E-1,
1.944869043863E0));
#408=LINE('',#407,#406);
#409=DIRECTION('',(-1.E0,0.E0,0.E0));
#410=VECTOR('',#409,2.505092528837E0);
#411=CARTESIAN_POINT('',(-1.747453735582E0,-9.474287355815E-1,
1.944869043863E0));
#412=LINE('',#411,#410);
#413=DIRECTION('',(0.E0,1.E0,0.E0));
#414=VECTOR('',#413,1.865341440435E0);
#415=CARTESIAN_POINT('',(-1.747453735582E0,-2.812770176016E0,1.944869043863E0));
#416=LINE('',#415,#414);
#417=DIRECTION('',(7.071067811865E-1,7.071067811865E-1,0.E0));
#418=VECTOR('',#417,8.479730537423E-1);
#419=CARTESIAN_POINT('',(-2.347061232146E0,-3.412377672581E0,1.944869043863E0));
#420=LINE('',#419,#418);
#421=DIRECTION('',(-8.726203243944E-3,8.726203243944E-3,-9.999238504776E-1));
#422=VECTOR('',#421,4.600350314479E0);
#423=CARTESIAN_POINT('',(-4.212402672581E0,-9.875723274190E-1,
6.544869043863E0));
#424=LINE('',#423,#422);
#425=DIRECTION('',(-1.E0,0.E0,0.E0));
#426=VECTOR('',#425,2.424805345162E0);
#427=CARTESIAN_POINT('',(-1.787597327419E0,-9.875723274190E-1,
6.544869043863E0));
#428=LINE('',#427,#426);
#429=DIRECTION('',(8.726203243944E-3,8.726203243944E-3,-9.999238504776E-1));
#430=VECTOR('',#429,4.600350314479E0);
#431=CARTESIAN_POINT('',(-1.787597327419E0,-9.875723274190E-1,
6.544869043863E0));
#432=LINE('',#431,#430);
#433=DIRECTION('',(0.E0,1.E0,0.E0));
#434=VECTOR('',#433,1.808569828416E0);
#435=CARTESIAN_POINT('',(-1.787597327419E0,-2.796142155835E0,6.544869043863E0));
#436=LINE('',#435,#434);
#437=DIRECTION('',(1.234071497561E-2,0.E0,-9.999238504776E-1));
#438=VECTOR('',#437,2.000152310643E0);
#439=CARTESIAN_POINT('',(-2.347061232146E0,-3.412377672581E0,1.944869043863E0));
#440=LINE('',#439,#438);
#441=DIRECTION('',(8.726478489829E-3,-3.614625742244E-3,-9.999553905320E-1));
#442=VECTOR('',#441,4.600205212707E0);
#443=CARTESIAN_POINT('',(-1.787597327419E0,-2.796142155835E0,6.544869043863E0));
#444=LINE('',#443,#442);
#445=DIRECTION('',(-3.614625742244E-3,8.726478489829E-3,9.999553905320E-1));
#446=VECTOR('',#445,6.600294435624E0);
#447=CARTESIAN_POINT('',(-2.379975249992E0,-3.469975E0,-5.513095613730E-2));
#448=LINE('',#447,#446);
#449=DIRECTION('',(-1.E0,0.E0,0.E0));
#450=VECTOR('',#449,1.947622077427E0);
#451=CARTESIAN_POINT('',(-2.322377922573E0,-3.412377672581E0,
-5.513095613730E-2));
#452=LINE('',#451,#450);
#453=DIRECTION('',(7.071067811865E-1,7.071067811866E-1,1.098911270313E-14));
#454=VECTOR('',#453,8.145492159241E-2);
#455=CARTESIAN_POINT('',(-2.379975249992E0,-3.469975E0,-5.513095613730E-2));
#456=LINE('',#455,#454);
#457=DIRECTION('',(0.E0,-1.E0,0.E0));
#458=VECTOR('',#457,6.35E-1);
#459=CARTESIAN_POINT('',(-3.3175E0,-1.882475E0,1.944869043863E0));
#460=LINE('',#459,#458);
#461=DIRECTION('',(0.E0,1.E0,0.E0));
#462=VECTOR('',#461,6.35E-1);
#463=CARTESIAN_POINT('',(-3.3175E0,-2.517475E0,4.144869043863E0));
#464=LINE('',#463,#462);
#465=DIRECTION('',(0.E0,0.E0,1.E0));
#466=VECTOR('',#465,2.2E0);
#467=CARTESIAN_POINT('',(-3.3175E0,-2.517475E0,1.944869043863E0));
#468=LINE('',#467,#466);
#469=DIRECTION('',(-1.E0,0.E0,0.E0));
#470=VECTOR('',#469,6.35E-1);
#471=CARTESIAN_POINT('',(-2.6825E0,-1.882475E0,1.944869043863E0));
#472=LINE('',#471,#470);
#473=DIRECTION('',(0.E0,0.E0,-1.E0));
#474=VECTOR('',#473,2.2E0);
#475=CARTESIAN_POINT('',(-2.6825E0,-1.882475E0,4.144869043863E0));
#476=LINE('',#475,#474);
#477=DIRECTION('',(1.E0,0.E0,0.E0));
#478=VECTOR('',#477,6.35E-1);
#479=CARTESIAN_POINT('',(-3.3175E0,-1.882475E0,4.144869043863E0));
#480=LINE('',#479,#478);
#481=DIRECTION('',(0.E0,0.E0,1.E0));
#482=VECTOR('',#481,2.2E0);
#483=CARTESIAN_POINT('',(-3.3175E0,-1.882475E0,1.944869043863E0));
#484=LINE('',#483,#482);
#485=DIRECTION('',(0.E0,1.E0,0.E0));
#486=VECTOR('',#485,6.35E-1);
#487=CARTESIAN_POINT('',(-2.6825E0,-2.517475E0,1.944869043863E0));
#488=LINE('',#487,#486);
#489=DIRECTION('',(0.E0,0.E0,-1.E0));
#490=VECTOR('',#489,2.2E0);
#491=CARTESIAN_POINT('',(-2.6825E0,-2.517475E0,4.144869043863E0));
#492=LINE('',#491,#490);
#493=DIRECTION('',(0.E0,-1.E0,0.E0));
#494=VECTOR('',#493,6.35E-1);
#495=CARTESIAN_POINT('',(-2.6825E0,-1.882475E0,4.144869043863E0));
#496=LINE('',#495,#494);
#497=DIRECTION('',(1.E0,0.E0,0.E0));
#498=VECTOR('',#497,6.35E-1);
#499=CARTESIAN_POINT('',(-3.3175E0,-2.517475E0,1.944869043863E0));
#500=LINE('',#499,#498);
#501=DIRECTION('',(-1.E0,0.E0,0.E0));
#502=VECTOR('',#501,6.35E-1);
#503=CARTESIAN_POINT('',(-2.6825E0,-2.517475E0,4.144869043863E0));
#504=LINE('',#503,#502);
#505=DIRECTION('',(-1.E0,0.E0,0.E0));
#506=VECTOR('',#505,1.889975250934E0);
#507=CARTESIAN_POINT('',(1.27E0,-3.469975E0,-5.513095613730E-2));
#508=LINE('',#507,#506);
#509=DIRECTION('',(1.E0,0.E0,0.E0));
#510=VECTOR('',#509,1.774780596096E0);
#511=CARTESIAN_POINT('',(-5.623779235151E-1,-3.412377672581E0,
6.544869043863E0));
#512=LINE('',#511,#510);
#513=DIRECTION('',(8.726203243944E-3,8.726203243944E-3,9.999238504776E-1));
#514=VECTOR('',#513,6.600502625123E0);
#515=CARTESIAN_POINT('',(-6.199752509341E-1,-3.469975E0,-5.513095613730E-2));
#516=LINE('',#515,#514);
#517=DIRECTION('',(-1.E0,0.E0,0.E0));
#518=VECTOR('',#517,1.947572578353E0);
#519=CARTESIAN_POINT('',(1.27E0,-3.412377672581E0,-5.513095613730E-2));
#520=LINE('',#519,#518);
#521=DIRECTION('',(7.071067811865E-1,-7.071067811866E-1,-1.115948654349E-14));
#522=VECTOR('',#521,8.145492159241E-2);
#523=CARTESIAN_POINT('',(-6.775725783531E-1,-3.412377672581E0,
-5.513095613730E-2));
#524=LINE('',#523,#522);
#525=DIRECTION('',(-1.E0,0.E0,0.E0));
#526=VECTOR('',#525,1.895211371609E0);
#527=CARTESIAN_POINT('',(1.252546264418E0,-3.412377672581E0,1.944869043863E0));
#528=LINE('',#527,#526);
#529=DIRECTION('',(-8.726535498374E-3,0.E0,9.999619230642E-1));
#530=VECTOR('',#529,2.000076156771E0);
#531=CARTESIAN_POINT('',(1.27E0,-3.412377672581E0,-5.513095613730E-2));
#532=LINE('',#531,#530);
#533=DIRECTION('',(0.E0,-1.E0,0.E0));
#534=VECTOR('',#533,1.855067779771E0);
#535=CARTESIAN_POINT('',(-1.252546264418E0,-9.474287355815E-1,
1.944869043863E0));
#536=LINE('',#535,#534);
#537=DIRECTION('',(-1.E0,0.E0,0.E0));
#538=VECTOR('',#537,2.505092528837E0);
#539=CARTESIAN_POINT('',(1.252546264418E0,-9.474287355815E-1,1.944869043863E0));
#540=LINE('',#539,#538);
#541=DIRECTION('',(0.E0,1.E0,0.E0));
#542=VECTOR('',#541,2.464948936999E0);
#543=CARTESIAN_POINT('',(1.252546264418E0,-3.412377672581E0,1.944869043863E0));
#544=LINE('',#543,#542);
#545=DIRECTION('',(7.071067811865E-1,-7.071067811865E-1,0.E0));
#546=VECTOR('',#545,8.625022039882E-1);
#547=CARTESIAN_POINT('',(-1.252546264418E0,-2.802496515353E0,1.944869043863E0));
#548=LINE('',#547,#546);
#549=DIRECTION('',(0.E0,-1.E0,0.E0));
#550=VECTOR('',#549,1.774780596096E0);
#551=CARTESIAN_POINT('',(-1.212402672581E0,-9.875723274190E-1,
6.544869043863E0));
#552=LINE('',#551,#550);
#553=DIRECTION('',(-8.726203243944E-3,-8.726203243944E-3,-9.999238504776E-1));
#554=VECTOR('',#553,4.600350314479E0);
#555=CARTESIAN_POINT('',(-1.212402672581E0,-2.762352923515E0,6.544869043863E0));
#556=LINE('',#555,#554);
#557=DIRECTION('',(-8.726203243944E-3,8.726203243944E-3,-9.999238504776E-1));
#558=VECTOR('',#557,4.600350314479E0);
#559=CARTESIAN_POINT('',(-1.212402672581E0,-9.875723274190E-1,
6.544869043863E0));
#560=LINE('',#559,#558);
#561=DIRECTION('',(-1.E0,0.E0,0.E0));
#562=VECTOR('',#561,2.424805345162E0);
#563=CARTESIAN_POINT('',(1.212402672581E0,-9.875723274190E-1,6.544869043863E0));
#564=LINE('',#563,#562);
#565=DIRECTION('',(8.726203243944E-3,8.726203243944E-3,-9.999238504776E-1));
#566=VECTOR('',#565,4.600350314479E0);
#567=CARTESIAN_POINT('',(1.212402672581E0,-9.875723274190E-1,6.544869043863E0));
#568=LINE('',#567,#566);
#569=DIRECTION('',(0.E0,1.E0,0.E0));
#570=VECTOR('',#569,2.424805345162E0);
#571=CARTESIAN_POINT('',(1.212402672581E0,-3.412377672581E0,6.544869043863E0));
#572=LINE('',#571,#570);
#573=DIRECTION('',(-8.726203243944E-3,8.726203243944E-3,9.999238504776E-1));
#574=VECTOR('',#573,6.600502625123E0);
#575=CARTESIAN_POINT('',(1.27E0,-3.469975E0,-5.513095613730E-2));
#576=LINE('',#575,#574);
#577=DIRECTION('',(1.927559965671E-14,-1.E0,-1.578189721893E-14));
#578=VECTOR('',#577,5.759732741902E-2);
#579=CARTESIAN_POINT('',(1.27E0,-3.412377672581E0,-5.513095613730E-2));
#580=LINE('',#579,#578);
#581=DIRECTION('',(1.745107769784E-2,0.E0,9.998477183487E-1));
#582=VECTOR('',#581,2.000304609689E0);
#583=CARTESIAN_POINT('',(-6.775725783531E-1,-3.412377672581E0,
-5.513095613730E-2));
#584=LINE('',#583,#582);
#585=DIRECTION('',(0.E0,-1.E0,0.E0));
#586=VECTOR('',#585,6.35E-1);
#587=CARTESIAN_POINT('',(-3.175E-1,-1.882475E0,1.944869043863E0));
#588=LINE('',#587,#586);
#589=DIRECTION('',(0.E0,1.E0,0.E0));
#590=VECTOR('',#589,6.35E-1);
#591=CARTESIAN_POINT('',(-3.175E-1,-2.517475E0,4.144869043863E0));
#592=LINE('',#591,#590);
#593=DIRECTION('',(0.E0,0.E0,1.E0));
#594=VECTOR('',#593,2.2E0);
#595=CARTESIAN_POINT('',(-3.175E-1,-2.517475E0,1.944869043863E0));
#596=LINE('',#595,#594);
#597=DIRECTION('',(-1.E0,0.E0,0.E0));
#598=VECTOR('',#597,6.35E-1);
#599=CARTESIAN_POINT('',(3.175E-1,-1.882475E0,1.944869043863E0));
#600=LINE('',#599,#598);
#601=DIRECTION('',(0.E0,0.E0,-1.E0));
#602=VECTOR('',#601,2.2E0);
#603=CARTESIAN_POINT('',(3.175E-1,-1.882475E0,4.144869043863E0));
#604=LINE('',#603,#602);
#605=DIRECTION('',(1.E0,0.E0,0.E0));
#606=VECTOR('',#605,6.35E-1);
#607=CARTESIAN_POINT('',(-3.175E-1,-1.882475E0,4.144869043863E0));
#608=LINE('',#607,#606);
#609=DIRECTION('',(0.E0,0.E0,1.E0));
#610=VECTOR('',#609,2.2E0);
#611=CARTESIAN_POINT('',(-3.175E-1,-1.882475E0,1.944869043863E0));
#612=LINE('',#611,#610);
#613=DIRECTION('',(0.E0,1.E0,0.E0));
#614=VECTOR('',#613,6.35E-1);
#615=CARTESIAN_POINT('',(3.175E-1,-2.517475E0,1.944869043863E0));
#616=LINE('',#615,#614);
#617=DIRECTION('',(0.E0,0.E0,-1.E0));
#618=VECTOR('',#617,2.2E0);
#619=CARTESIAN_POINT('',(3.175E-1,-2.517475E0,4.144869043863E0));
#620=LINE('',#619,#618);
#621=DIRECTION('',(0.E0,-1.E0,0.E0));
#622=VECTOR('',#621,6.35E-1);
#623=CARTESIAN_POINT('',(3.175E-1,-1.882475E0,4.144869043863E0));
#624=LINE('',#623,#622);
#625=DIRECTION('',(1.E0,0.E0,0.E0));
#626=VECTOR('',#625,6.35E-1);
#627=CARTESIAN_POINT('',(-3.175E-1,-2.517475E0,1.944869043863E0));
#628=LINE('',#627,#626);
#629=DIRECTION('',(-1.E0,0.E0,0.E0));
#630=VECTOR('',#629,6.35E-1);
#631=CARTESIAN_POINT('',(3.175E-1,-2.517475E0,4.144869043863E0));
#632=LINE('',#631,#630);
#633=DIRECTION('',(8.726203243944E-3,8.726203243944E-3,-9.999238504776E-1));
#634=VECTOR('',#633,4.600350314479E0);
#635=CARTESIAN_POINT('',(4.212402672581E0,-9.875723274190E-1,6.544869043863E0));
#636=LINE('',#635,#634);
#637=DIRECTION('',(0.E0,1.E0,0.E0));
#638=VECTOR('',#637,1.774780596096E0);
#639=CARTESIAN_POINT('',(4.212402672581E0,-2.762352923515E0,6.544869043863E0));
#640=LINE('',#639,#638);
#641=DIRECTION('',(-8.726203243944E-3,8.726203243942E-3,9.999238504776E-1));
#642=VECTOR('',#641,4.600350314479E0);
#643=CARTESIAN_POINT('',(4.252546264418E0,-2.802496515353E0,1.944869043863E0));
#644=LINE('',#643,#642);
#645=DIRECTION('',(0.E0,-1.E0,0.E0));
#646=VECTOR('',#645,2.464948936999E0);
#647=CARTESIAN_POINT('',(1.747453735582E0,-9.474287355815E-1,1.944869043863E0));
#648=LINE('',#647,#646);
#649=DIRECTION('',(-1.E0,0.E0,0.E0));
#650=VECTOR('',#649,2.505092528837E0);
#651=CARTESIAN_POINT('',(4.252546264418E0,-9.474287355815E-1,1.944869043863E0));
#652=LINE('',#651,#650);
#653=DIRECTION('',(0.E0,1.E0,0.E0));
#654=VECTOR('',#653,1.855067779771E0);
#655=CARTESIAN_POINT('',(4.252546264418E0,-2.802496515353E0,1.944869043863E0));
#656=LINE('',#655,#654);
#657=DIRECTION('',(7.071067811865E-1,7.071067811865E-1,0.E0));
#658=VECTOR('',#657,8.625022039882E-1);
#659=CARTESIAN_POINT('',(3.642665107190E0,-3.412377672581E0,1.944869043863E0));
#660=LINE('',#659,#658);
#661=DIRECTION('',(-8.726535498374E-3,0.E0,-9.999619230642E-1));
#662=VECTOR('',#661,2.000076156771E0);
#663=CARTESIAN_POINT('',(1.747453735582E0,-3.412377672581E0,1.944869043863E0));
#664=LINE('',#663,#662);
#665=DIRECTION('',(-1.E0,0.E0,0.E0));
#666=VECTOR('',#665,1.895211371609E0);
#667=CARTESIAN_POINT('',(3.642665107190E0,-3.412377672581E0,1.944869043863E0));
#668=LINE('',#667,#666);
#669=DIRECTION('',(-2.313071958805E-14,-1.E0,-1.566142472107E-14));
#670=VECTOR('',#669,5.759732741902E-2);
#671=CARTESIAN_POINT('',(1.73E0,-3.412377672581E0,-5.513095613730E-2));
#672=LINE('',#671,#670);
#673=DIRECTION('',(-1.E0,0.E0,0.E0));
#674=VECTOR('',#673,1.947572578353E0);
#675=CARTESIAN_POINT('',(3.677572578353E0,-3.412377672581E0,
-5.513095613730E-2));
#676=LINE('',#675,#674);
#677=DIRECTION('',(7.071067811866E-1,7.071067811865E-1,1.115948654349E-14));
#678=VECTOR('',#677,8.145492159242E-2);
#679=CARTESIAN_POINT('',(3.619975250934E0,-3.469975E0,-5.513095613730E-2));
#680=LINE('',#679,#678);
#681=DIRECTION('',(1.E0,0.E0,0.E0));
#682=VECTOR('',#681,1.774780596096E0);
#683=CARTESIAN_POINT('',(1.787597327419E0,-3.412377672581E0,6.544869043863E0));
#684=LINE('',#683,#682);
#685=DIRECTION('',(8.726203243944E-3,8.726203243944E-3,9.999238504776E-1));
#686=VECTOR('',#685,6.600502625123E0);
#687=CARTESIAN_POINT('',(1.73E0,-3.469975E0,-5.513095613730E-2));
#688=LINE('',#687,#686);
#689=DIRECTION('',(-1.E0,0.E0,0.E0));
#690=VECTOR('',#689,1.889975250934E0);
#691=CARTESIAN_POINT('',(3.619975250934E0,-3.469975E0,-5.513095613730E-2));
#692=LINE('',#691,#690);
#693=DIRECTION('',(8.726203243944E-3,-8.726203243944E-3,-9.999238504776E-1));
#694=VECTOR('',#693,6.600502625123E0);
#695=CARTESIAN_POINT('',(3.562377923515E0,-3.412377672581E0,6.544869043863E0));
#696=LINE('',#695,#694);
#697=DIRECTION('',(0.E0,-1.E0,0.E0));
#698=VECTOR('',#697,2.424805345162E0);
#699=CARTESIAN_POINT('',(1.787597327419E0,-9.875723274190E-1,6.544869043863E0));
#700=LINE('',#699,#698);
#701=DIRECTION('',(-8.726203243944E-3,8.726203243944E-3,-9.999238504776E-1));
#702=VECTOR('',#701,4.600350314479E0);
#703=CARTESIAN_POINT('',(1.787597327419E0,-9.875723274190E-1,6.544869043863E0));
#704=LINE('',#703,#702);
#705=DIRECTION('',(-1.E0,0.E0,0.E0));
#706=VECTOR('',#705,2.424805345162E0);
#707=CARTESIAN_POINT('',(4.212402672581E0,-9.875723274190E-1,6.544869043863E0));
#708=LINE('',#707,#706);
#709=DIRECTION('',(1.745107769785E-2,0.E0,-9.998477183487E-1));
#710=VECTOR('',#709,2.000304609689E0);
#711=CARTESIAN_POINT('',(3.642665107190E0,-3.412377672581E0,1.944869043863E0));
#712=LINE('',#711,#710);
#713=DIRECTION('',(0.E0,-1.E0,0.E0));
#714=VECTOR('',#713,6.35E-1);
#715=CARTESIAN_POINT('',(2.6825E0,-1.882475E0,1.944869043863E0));
#716=LINE('',#715,#714);
#717=DIRECTION('',(0.E0,1.E0,0.E0));
#718=VECTOR('',#717,6.35E-1);
#719=CARTESIAN_POINT('',(2.6825E0,-2.517475E0,4.144869043863E0));
#720=LINE('',#719,#718);
#721=DIRECTION('',(0.E0,0.E0,1.E0));
#722=VECTOR('',#721,2.2E0);
#723=CARTESIAN_POINT('',(2.6825E0,-2.517475E0,1.944869043863E0));
#724=LINE('',#723,#722);
#725=DIRECTION('',(-1.E0,0.E0,0.E0));
#726=VECTOR('',#725,6.35E-1);
#727=CARTESIAN_POINT('',(3.3175E0,-1.882475E0,1.944869043863E0));
#728=LINE('',#727,#726);
#729=DIRECTION('',(0.E0,0.E0,-1.E0));
#730=VECTOR('',#729,2.2E0);
#731=CARTESIAN_POINT('',(3.3175E0,-1.882475E0,4.144869043863E0));
#732=LINE('',#731,#730);
#733=DIRECTION('',(1.E0,0.E0,0.E0));
#734=VECTOR('',#733,6.35E-1);
#735=CARTESIAN_POINT('',(2.6825E0,-1.882475E0,4.144869043863E0));
#736=LINE('',#735,#734);
#737=DIRECTION('',(0.E0,0.E0,1.E0));
#738=VECTOR('',#737,2.2E0);
#739=CARTESIAN_POINT('',(2.6825E0,-1.882475E0,1.944869043863E0));
#740=LINE('',#739,#738);
#741=DIRECTION('',(0.E0,1.E0,0.E0));
#742=VECTOR('',#741,6.35E-1);
#743=CARTESIAN_POINT('',(3.3175E0,-2.517475E0,1.944869043863E0));
#744=LINE('',#743,#742);
#745=DIRECTION('',(0.E0,0.E0,-1.E0));
#746=VECTOR('',#745,2.2E0);
#747=CARTESIAN_POINT('',(3.3175E0,-2.517475E0,4.144869043863E0));
#748=LINE('',#747,#746);
#749=DIRECTION('',(0.E0,-1.E0,0.E0));
#750=VECTOR('',#749,6.35E-1);
#751=CARTESIAN_POINT('',(3.3175E0,-1.882475E0,4.144869043863E0));
#752=LINE('',#751,#750);
#753=DIRECTION('',(1.E0,0.E0,0.E0));
#754=VECTOR('',#753,6.35E-1);
#755=CARTESIAN_POINT('',(2.6825E0,-2.517475E0,1.944869043863E0));
#756=LINE('',#755,#754);
#757=DIRECTION('',(-1.E0,0.E0,0.E0));
#758=VECTOR('',#757,6.35E-1);
#759=CARTESIAN_POINT('',(3.3175E0,-2.517475E0,4.144869043863E0));
#760=LINE('',#759,#758);
#761=DIRECTION('',(-8.726203243945E-3,8.726203243944E-3,-9.999238504776E-1));
#762=VECTOR('',#761,4.600350314479E0);
#763=CARTESIAN_POINT('',(7.787597327419E0,-9.875723274190E-1,6.544869043863E0));
#764=LINE('',#763,#762);
#765=DIRECTION('',(-1.E0,0.E0,0.E0));
#766=VECTOR('',#765,1.832402672581E0);
#767=CARTESIAN_POINT('',(9.62E0,-9.875723274190E-1,6.544869043863E0));
#768=LINE('',#767,#766);
#769=DIRECTION('',(0.E0,1.E0,0.E0));
#770=VECTOR('',#769,4.949074711630E-1);
#771=CARTESIAN_POINT('',(9.62E0,-9.474287355815E-1,1.944869043863E0));
#772=LINE('',#771,#770);
#773=DIRECTION('',(0.E0,8.726535498374E-3,-9.999619230642E-1));
#774=VECTOR('',#773,4.600175160574E0);
#775=CARTESIAN_POINT('',(9.62E0,-9.875723274190E-1,6.544869043863E0));
#776=LINE('',#775,#774);
#777=DIRECTION('',(0.E0,8.726535498374E-3,9.999619230642E-1));
#778=VECTOR('',#777,4.600175160574E0);
#779=CARTESIAN_POINT('',(9.62E0,-4.525212644185E-1,1.944869043863E0));
#780=LINE('',#779,#778);
#781=DIRECTION('',(1.E0,0.E0,0.E0));
#782=VECTOR('',#781,1.216167155835E0);
#783=CARTESIAN_POINT('',(8.403832844165E0,-4.123776725810E-1,6.544869043863E0));
#784=LINE('',#783,#782);
#785=DIRECTION('',(-3.614625742245E-3,-8.726478489829E-3,-9.999553905320E-1));
#786=VECTOR('',#785,4.600205212707E0);
#787=CARTESIAN_POINT('',(8.403832844165E0,-4.123776725810E-1,6.544869043863E0));
#788=LINE('',#787,#786);
#789=DIRECTION('',(8.726478489829E-3,3.614625742245E-3,9.999553905320E-1));
#790=VECTOR('',#789,4.600205212707E0);
#791=CARTESIAN_POINT('',(7.747453735582E0,1.872298239836E-1,1.944869043863E0));
#792=LINE('',#791,#790);
#793=DIRECTION('',(0.E0,-1.E0,0.E0));
#794=VECTOR('',#793,1.808569828416E0);
#795=CARTESIAN_POINT('',(7.787597327419E0,2.012427672581E0,6.544869043863E0));
#796=LINE('',#795,#794);
#797=DIRECTION('',(0.E0,1.E0,-1.578189721893E-14));
#798=VECTOR('',#797,5.759732741901E-2);
#799=CARTESIAN_POINT('',(7.73E0,2.012427672581E0,-5.513095613730E-2));
#800=LINE('',#799,#798);
#801=DIRECTION('',(1.E0,0.E0,0.E0));
#802=VECTOR('',#801,2.464948936999E0);
#803=CARTESIAN_POINT('',(7.747453735582E0,2.012427672581E0,1.944869043863E0));
#804=LINE('',#803,#802);
#805=DIRECTION('',(8.726535498373E-3,0.E0,9.999619230642E-1));
#806=VECTOR('',#805,2.000076156771E0);
#807=CARTESIAN_POINT('',(7.73E0,2.012427672581E0,-5.513095613730E-2));
#808=LINE('',#807,#806);
#809=DIRECTION('',(1.E0,0.E0,0.E0));
#810=VECTOR('',#809,2.482402672581E0);
#811=CARTESIAN_POINT('',(7.73E0,2.012427672581E0,-5.513095613730E-2));
#812=LINE('',#811,#810);
#813=DIRECTION('',(0.E0,-1.E0,0.E0));
#814=VECTOR('',#813,2.482402672581E0);
#815=CARTESIAN_POINT('',(1.021240267258E1,2.012427672581E0,-5.513095613730E-2));
#816=LINE('',#815,#814);
#817=DIRECTION('',(1.E0,0.E0,0.E0));
#818=VECTOR('',#817,2.54E0);
#819=CARTESIAN_POINT('',(7.73E0,2.070025E0,-5.513095613730E-2));
#820=LINE('',#819,#818);
#821=DIRECTION('',(-8.726203243945E-3,8.726203243944E-3,-9.999238504776E-1));
#822=VECTOR('',#821,6.600502625123E0);
#823=CARTESIAN_POINT('',(7.787597327419E0,2.012427672581E0,6.544869043863E0));
#824=LINE('',#823,#822);
#825=DIRECTION('',(-1.E0,0.E0,0.E0));
#826=VECTOR('',#825,2.424805345162E0);
#827=CARTESIAN_POINT('',(1.021240267258E1,2.012427672581E0,6.544869043863E0));
#828=LINE('',#827,#826);
#829=DIRECTION('',(0.E0,-1.E0,0.E0));
#830=VECTOR('',#829,2.54E0);
#831=CARTESIAN_POINT('',(1.027E1,-9.29975E-1,-5.513095613730E-2));
#832=LINE('',#831,#830);
#833=DIRECTION('',(8.726203243953E-3,8.726203243944E-3,-9.999238504776E-1));
#834=VECTOR('',#833,1.400106617450E0);
#835=CARTESIAN_POINT('',(1.025778238509E1,-9.421926149071E-1,1.344869043863E0));
#836=LINE('',#835,#834);
#837=DIRECTION('',(3.666861388429E-14,-1.E0,0.E0));
#838=VECTOR('',#837,4.844352298141E-1);
#839=CARTESIAN_POINT('',(1.025778238509E1,-4.577573850929E-1,1.344869043863E0));
#840=LINE('',#839,#838);
#841=DIRECTION('',(0.E0,-1.E0,0.E0));
#842=VECTOR('',#841,2.54E0);
#843=CARTESIAN_POINT('',(1.027E1,2.070025E0,-5.513095613730E-2));
#844=LINE('',#843,#842);
#845=DIRECTION('',(8.726203243943E-3,8.726203243944E-3,-9.999238504776E-1));
#846=VECTOR('',#845,6.600502625123E0);
#847=CARTESIAN_POINT('',(1.021240267258E1,2.012427672581E0,6.544869043863E0));
#848=LINE('',#847,#846);
#849=DIRECTION('',(0.E0,1.E0,0.E0));
#850=VECTOR('',#849,5.424805345162E0);
#851=CARTESIAN_POINT('',(1.021240267258E1,-3.412377672581E0,6.544869043863E0));
#852=LINE('',#851,#850);
#853=DIRECTION('',(-8.726203243944E-3,8.726203243944E-3,9.999238504776E-1));
#854=VECTOR('',#853,6.600502625123E0);
#855=CARTESIAN_POINT('',(1.027E1,-3.469975E0,-5.513095613730E-2));
#856=LINE('',#855,#854);
#857=DIRECTION('',(-1.E0,0.E0,0.E0));
#858=VECTOR('',#857,1.889975250934E0);
#859=CARTESIAN_POINT('',(1.021240267258E1,-3.412377672581E0,
-5.513095613730E-2));
#860=LINE('',#859,#858);
#861=DIRECTION('',(0.E0,-1.E0,0.E0));
#862=VECTOR('',#861,2.482402672581E0);
#863=CARTESIAN_POINT('',(1.021240267258E1,-9.29975E-1,-5.513095613730E-2));
#864=LINE('',#863,#862);
#865=DIRECTION('',(7.071067811865E-1,-7.071067811866E-1,-1.124467346367E-14));
#866=VECTOR('',#865,8.145492159242E-2);
#867=CARTESIAN_POINT('',(8.322427421647E0,-3.412377672581E0,
-5.513095613730E-2));
#868=LINE('',#867,#866);
#869=DIRECTION('',(-1.E0,0.E0,0.E0));
#870=VECTOR('',#869,1.855067779771E0);
#871=CARTESIAN_POINT('',(1.021240267258E1,-3.412377672581E0,1.944869043863E0));
#872=LINE('',#871,#870);
#873=DIRECTION('',(0.E0,0.E0,1.E0));
#874=VECTOR('',#873,2.E0);
#875=CARTESIAN_POINT('',(1.021240267258E1,-3.412377672581E0,
-5.513095613730E-2));
#876=LINE('',#875,#874);
#877=DIRECTION('',(0.E0,-1.E0,0.E0));
#878=VECTOR('',#877,5.424805345162E0);
#879=CARTESIAN_POINT('',(1.021240267258E1,2.012427672581E0,1.944869043863E0));
#880=LINE('',#879,#878);
#881=DIRECTION('',(0.E0,0.E0,1.E0));
#882=VECTOR('',#881,2.E0);
#883=CARTESIAN_POINT('',(1.021240267258E1,2.012427672581E0,-5.513095613730E-2));
#884=LINE('',#883,#882);
#885=DIRECTION('',(0.E0,-8.726535498374E-3,-9.999619230642E-1));
#886=VECTOR('',#885,1.400053309740E0);
#887=CARTESIAN_POINT('',(1.021240267258E1,-4.577573850929E-1,1.344869043863E0));
#888=LINE('',#887,#886);
#889=DIRECTION('',(0.E0,1.E0,0.E0));
#890=VECTOR('',#889,4.844352298141E-1);
#891=CARTESIAN_POINT('',(1.021240267258E1,-9.421926149071E-1,1.344869043863E0));
#892=LINE('',#891,#890);
#893=DIRECTION('',(0.E0,-8.726535498374E-3,9.999619230642E-1));
#894=VECTOR('',#893,1.400053309740E0);
#895=CARTESIAN_POINT('',(1.021240267258E1,-9.29975E-1,-5.513095613730E-2));
#896=LINE('',#895,#894);
#897=DIRECTION('',(-1.E0,0.E0,1.554095222323E-14));
#898=VECTOR('',#897,5.759732741899E-2);
#899=CARTESIAN_POINT('',(1.027E1,-4.69975E-1,-5.513095613730E-2));
#900=LINE('',#899,#898);
#901=DIRECTION('',(8.726203243951E-3,-8.726203243944E-3,-9.999238504776E-1));
#902=VECTOR('',#901,1.400106617450E0);
#903=CARTESIAN_POINT('',(1.025778238509E1,-4.577573850929E-1,1.344869043863E0));
#904=LINE('',#903,#902);
#905=DIRECTION('',(1.E0,0.E0,0.E0));
#906=VECTOR('',#905,4.537971251191E-2);
#907=CARTESIAN_POINT('',(1.021240267258E1,-4.577573850929E-1,1.344869043863E0));
#908=LINE('',#907,#906);
#909=DIRECTION('',(-1.E0,0.E0,0.E0));
#910=VECTOR('',#909,4.537971251193E-2);
#911=CARTESIAN_POINT('',(1.025778238509E1,-9.421926149071E-1,1.344869043863E0));
#912=LINE('',#911,#910);
#913=DIRECTION('',(1.E0,0.E0,-1.554095222322E-14));
#914=VECTOR('',#913,5.759732741900E-2);
#915=CARTESIAN_POINT('',(1.021240267258E1,-9.29975E-1,-5.513095613730E-2));
#916=LINE('',#915,#914);
#917=DIRECTION('',(1.745107769784E-2,0.E0,9.998477183487E-1));
#918=VECTOR('',#917,2.000304609689E0);
#919=CARTESIAN_POINT('',(8.322427421647E0,-3.412377672581E0,
-5.513095613730E-2));
#920=LINE('',#919,#918);
#921=DIRECTION('',(-1.E0,0.E0,0.E0));
#922=VECTOR('',#921,1.889975250934E0);
#923=CARTESIAN_POINT('',(1.027E1,-3.469975E0,-5.513095613730E-2));
#924=LINE('',#923,#922);
#925=DIRECTION('',(1.E0,0.E0,0.E0));
#926=VECTOR('',#925,1.774780596096E0);
#927=CARTESIAN_POINT('',(8.437622076485E0,-3.412377672581E0,6.544869043863E0));
#928=LINE('',#927,#926);
#929=DIRECTION('',(8.726203243944E-3,8.726203243944E-3,9.999238504776E-1));
#930=VECTOR('',#929,6.600502625123E0);
#931=CARTESIAN_POINT('',(8.380024749066E0,-3.469975E0,-5.513095613730E-2));
#932=LINE('',#931,#930);
#933=DIRECTION('',(1.E0,0.E0,0.E0));
#934=VECTOR('',#933,2.54E0);
#935=CARTESIAN_POINT('',(4.73E0,2.070025E0,-5.513095613730E-2));
#936=LINE('',#935,#934);
#937=DIRECTION('',(-8.726203243944E-3,8.726203243944E-3,-9.999238504776E-1));
#938=VECTOR('',#937,6.600502625123E0);
#939=CARTESIAN_POINT('',(4.787597327419E0,2.012427672581E0,6.544869043863E0));
#940=LINE('',#939,#938);
#941=DIRECTION('',(-1.E0,0.E0,0.E0));
#942=VECTOR('',#941,2.424805345162E0);
#943=CARTESIAN_POINT('',(7.212402672581E0,2.012427672581E0,6.544869043863E0));
#944=LINE('',#943,#942);
#945=DIRECTION('',(0.E0,-1.E0,1.554095222322E-14));
#946=VECTOR('',#945,5.759732741901E-2);
#947=CARTESIAN_POINT('',(7.27E0,2.070025E0,-5.513095613730E-2));
#948=LINE('',#947,#946);
#949=DIRECTION('',(8.726203243944E-3,8.726203243944E-3,-9.999238504776E-1));
#950=VECTOR('',#949,6.600502625123E0);
#951=CARTESIAN_POINT('',(7.212402672581E0,2.012427672581E0,6.544869043863E0));
#952=LINE('',#951,#950);
#953=DIRECTION('',(0.E0,1.E0,0.E0));
#954=VECTOR('',#953,2.424805345162E0);
#955=CARTESIAN_POINT('',(7.212402672581E0,-4.123776725810E-1,6.544869043863E0));
#956=LINE('',#955,#954);
#957=DIRECTION('',(8.726535498373E-3,0.E0,-9.999619230642E-1));
#958=VECTOR('',#957,2.000076156771E0);
#959=CARTESIAN_POINT('',(7.252546264418E0,2.012427672581E0,1.944869043863E0));
#960=LINE('',#959,#958);
#961=DIRECTION('',(1.E0,0.E0,0.E0));
#962=VECTOR('',#961,2.505092528837E0);
#963=CARTESIAN_POINT('',(4.747453735582E0,2.012427672581E0,1.944869043863E0));
#964=LINE('',#963,#962);
#965=DIRECTION('',(8.726535498374E-3,0.E0,9.999619230642E-1));
#966=VECTOR('',#965,2.000076156771E0);
#967=CARTESIAN_POINT('',(4.73E0,2.012427672581E0,-5.513095613730E-2));
#968=LINE('',#967,#966);
#969=DIRECTION('',(1.E0,0.E0,0.E0));
#970=VECTOR('',#969,2.54E0);
#971=CARTESIAN_POINT('',(4.73E0,2.012427672581E0,-5.513095613730E-2));
#972=LINE('',#971,#970);
#973=DIRECTION('',(0.E0,-1.E0,0.E0));
#974=VECTOR('',#973,1.808569828416E0);
#975=CARTESIAN_POINT('',(4.787597327419E0,2.012427672581E0,6.544869043863E0));
#976=LINE('',#975,#974);
#977=DIRECTION('',(0.E0,1.E0,-1.578189721893E-14));
#978=VECTOR('',#977,5.759732741901E-2);
#979=CARTESIAN_POINT('',(4.73E0,2.012427672581E0,-5.513095613730E-2));
#980=LINE('',#979,#978);
#981=DIRECTION('',(0.E0,-1.E0,0.E0));
#982=VECTOR('',#981,1.825197848597E0);
#983=CARTESIAN_POINT('',(4.747453735582E0,2.012427672581E0,1.944869043863E0));
#984=LINE('',#983,#982);
#985=DIRECTION('',(0.E0,1.E0,0.E0));
#986=VECTOR('',#985,2.464948936999E0);
#987=CARTESIAN_POINT('',(7.252546264418E0,-4.525212644185E-1,1.944869043863E0));
#988=LINE('',#987,#986);
#989=DIRECTION('',(1.E0,0.E0,0.E0));
#990=VECTOR('',#989,1.865341440435E0);
#991=CARTESIAN_POINT('',(5.387204823984E0,-4.525212644185E-1,1.944869043863E0));
#992=LINE('',#991,#990);
#993=DIRECTION('',(7.071067811865E-1,-7.071067811865E-1,0.E0));
#994=VECTOR('',#993,9.047446657612E-1);
#995=CARTESIAN_POINT('',(4.747453735582E0,1.872298239836E-1,1.944869043863E0));
#996=LINE('',#995,#994);
#997=DIRECTION('',(8.726203243944E-3,-8.726203243944E-3,-9.999238504776E-1));
#998=VECTOR('',#997,4.600350314479E0);
#999=CARTESIAN_POINT('',(7.212402672581E0,-4.123776725810E-1,6.544869043863E0));
#1000=LINE('',#999,#998);
#1001=DIRECTION('',(1.E0,0.E0,0.E0));
#1002=VECTOR('',#1001,1.808569828416E0);
#1003=CARTESIAN_POINT('',(5.403832844165E0,-4.123776725810E-1,
6.544869043863E0));
#1004=LINE('',#1003,#1002);
#1005=DIRECTION('',(-3.614625742245E-3,-8.726478489829E-3,-9.999553905320E-1));
#1006=VECTOR('',#1005,4.600205212707E0);
#1007=CARTESIAN_POINT('',(5.403832844165E0,-4.123776725810E-1,
6.544869043863E0));
#1008=LINE('',#1007,#1006);
#1009=DIRECTION('',(8.726478489829E-3,3.614625742245E-3,9.999553905320E-1));
#1010=VECTOR('',#1009,4.600205212707E0);
#1011=CARTESIAN_POINT('',(4.747453735582E0,1.872298239836E-1,1.944869043863E0));
#1012=LINE('',#1011,#1010);
#1013=DIRECTION('',(0.E0,-1.E0,0.E0));
#1014=VECTOR('',#1013,6.35E-1);
#1015=CARTESIAN_POINT('',(5.6825E0,1.117525E0,1.944869043863E0));
#1016=LINE('',#1015,#1014);
#1017=DIRECTION('',(0.E0,1.E0,0.E0));
#1018=VECTOR('',#1017,6.35E-1);
#1019=CARTESIAN_POINT('',(5.6825E0,4.82525E-1,4.144869043863E0));
#1020=LINE('',#1019,#1018);
#1021=DIRECTION('',(0.E0,0.E0,1.E0));
#1022=VECTOR('',#1021,2.2E0);
#1023=CARTESIAN_POINT('',(5.6825E0,4.82525E-1,1.944869043863E0));
#1024=LINE('',#1023,#1022);
#1025=DIRECTION('',(-1.E0,0.E0,0.E0));
#1026=VECTOR('',#1025,6.35E-1);
#1027=CARTESIAN_POINT('',(6.3175E0,1.117525E0,1.944869043863E0));
#1028=LINE('',#1027,#1026);
#1029=DIRECTION('',(0.E0,0.E0,-1.E0));
#1030=VECTOR('',#1029,2.2E0);
#1031=CARTESIAN_POINT('',(6.3175E0,1.117525E0,4.144869043863E0));
#1032=LINE('',#1031,#1030);
#1033=DIRECTION('',(1.E0,0.E0,0.E0));
#1034=VECTOR('',#1033,6.35E-1);
#1035=CARTESIAN_POINT('',(5.6825E0,1.117525E0,4.144869043863E0));
#1036=LINE('',#1035,#1034);
#1037=DIRECTION('',(0.E0,0.E0,1.E0));
#1038=VECTOR('',#1037,2.2E0);
#1039=CARTESIAN_POINT('',(5.6825E0,1.117525E0,1.944869043863E0));
#1040=LINE('',#1039,#1038);
#1041=DIRECTION('',(0.E0,1.E0,0.E0));
#1042=VECTOR('',#1041,6.35E-1);
#1043=CARTESIAN_POINT('',(6.3175E0,4.82525E-1,1.944869043863E0));
#1044=LINE('',#1043,#1042);
#1045=DIRECTION('',(0.E0,0.E0,-1.E0));
#1046=VECTOR('',#1045,2.2E0);
#1047=CARTESIAN_POINT('',(6.3175E0,4.82525E-1,4.144869043863E0));
#1048=LINE('',#1047,#1046);
#1049=DIRECTION('',(0.E0,-1.E0,0.E0));
#1050=VECTOR('',#1049,6.35E-1);
#1051=CARTESIAN_POINT('',(6.3175E0,1.117525E0,4.144869043863E0));
#1052=LINE('',#1051,#1050);
#1053=DIRECTION('',(1.E0,0.E0,0.E0));
#1054=VECTOR('',#1053,6.35E-1);
#1055=CARTESIAN_POINT('',(5.6825E0,4.82525E-1,1.944869043863E0));
#1056=LINE('',#1055,#1054);
#1057=DIRECTION('',(-1.E0,0.E0,0.E0));
#1058=VECTOR('',#1057,6.35E-1);
#1059=CARTESIAN_POINT('',(6.3175E0,4.82525E-1,4.144869043863E0));
#1060=LINE('',#1059,#1058);
#1061=DIRECTION('',(0.E0,-1.E0,1.554095222322E-14));
#1062=VECTOR('',#1061,5.759732741901E-2);
#1063=CARTESIAN_POINT('',(4.27E0,2.070025E0,-5.513095613730E-2));
#1064=LINE('',#1063,#1062);
#1065=DIRECTION('',(8.726203243944E-3,8.726203243944E-3,-9.999238504776E-1));
#1066=VECTOR('',#1065,6.600502625123E0);
#1067=CARTESIAN_POINT('',(4.212402672581E0,2.012427672581E0,6.544869043863E0));
#1068=LINE('',#1067,#1066);
#1069=DIRECTION('',(0.E0,1.E0,0.E0));
#1070=VECTOR('',#1069,1.774780596096E0);
#1071=CARTESIAN_POINT('',(4.212402672581E0,2.376470764849E-1,6.544869043863E0));
#1072=LINE('',#1071,#1070);
#1073=DIRECTION('',(-8.726203243944E-3,8.726203243945E-3,9.999238504776E-1));
#1074=VECTOR('',#1073,4.600350314479E0);
#1075=CARTESIAN_POINT('',(4.252546264418E0,1.975034846474E-1,1.944869043863E0));
#1076=LINE('',#1075,#1074);
#1077=DIRECTION('',(1.E0,0.E0,0.E0));
#1078=VECTOR('',#1077,1.855067779771E0);
#1079=CARTESIAN_POINT('',(1.747453735582E0,-4.525212644185E-1,
1.944869043863E0));
#1080=LINE('',#1079,#1078);
#1081=DIRECTION('',(0.E0,-1.E0,0.E0));
#1082=VECTOR('',#1081,2.464948936999E0);
#1083=CARTESIAN_POINT('',(1.747453735582E0,2.012427672581E0,1.944869043863E0));
#1084=LINE('',#1083,#1082);
#1085=DIRECTION('',(0.E0,1.E0,0.E0));
#1086=VECTOR('',#1085,1.814924187934E0);
#1087=CARTESIAN_POINT('',(4.252546264418E0,1.975034846474E-1,1.944869043863E0));
#1088=LINE('',#1087,#1086);
#1089=DIRECTION('',(7.071067811865E-1,7.071067811865E-1,0.E0));
#1090=VECTOR('',#1089,9.192738160072E-1);
#1091=CARTESIAN_POINT('',(3.602521515353E0,-4.525212644185E-1,
1.944869043863E0));
#1092=LINE('',#1091,#1090);
#1093=DIRECTION('',(1.E0,0.E0,0.E0));
#1094=VECTOR('',#1093,1.774780596096E0);
#1095=CARTESIAN_POINT('',(1.787597327419E0,-4.123776725810E-1,
6.544869043863E0));
#1096=LINE('',#1095,#1094);
#1097=DIRECTION('',(8.726203243944E-3,8.726203243944E-3,9.999238504776E-1));
#1098=VECTOR('',#1097,4.600350314479E0);
#1099=CARTESIAN_POINT('',(1.747453735582E0,-4.525212644185E-1,
1.944869043863E0));
#1100=LINE('',#1099,#1098);
#1101=DIRECTION('',(8.726203243945E-3,-8.726203243944E-3,-9.999238504776E-1));
#1102=VECTOR('',#1101,4.600350314479E0);
#1103=CARTESIAN_POINT('',(3.562377923515E0,-4.123776725810E-1,
6.544869043863E0));
#1104=LINE('',#1103,#1102);
#1105=DIRECTION('',(0.E0,-1.E0,0.E0));
#1106=VECTOR('',#1105,2.424805345162E0);
#1107=CARTESIAN_POINT('',(1.787597327419E0,2.012427672581E0,6.544869043863E0));
#1108=LINE('',#1107,#1106);
#1109=DIRECTION('',(-2.313071958805E-14,1.E0,-1.578189721893E-14));
#1110=VECTOR('',#1109,5.759732741901E-2);
#1111=CARTESIAN_POINT('',(1.73E0,2.012427672581E0,-5.513095613730E-2));
#1112=LINE('',#1111,#1110);
#1113=DIRECTION('',(8.726535498374E-3,0.E0,-9.999619230642E-1));
#1114=VECTOR('',#1113,2.000076156771E0);
#1115=CARTESIAN_POINT('',(4.252546264418E0,2.012427672581E0,1.944869043863E0));
#1116=LINE('',#1115,#1114);
#1117=DIRECTION('',(1.E0,0.E0,0.E0));
#1118=VECTOR('',#1117,2.505092528837E0);
#1119=CARTESIAN_POINT('',(1.747453735582E0,2.012427672581E0,1.944869043863E0));
#1120=LINE('',#1119,#1118);
#1121=DIRECTION('',(8.726535498374E-3,0.E0,9.999619230642E-1));
#1122=VECTOR('',#1121,2.000076156771E0);
#1123=CARTESIAN_POINT('',(1.73E0,2.012427672581E0,-5.513095613730E-2));
#1124=LINE('',#1123,#1122);
#1125=DIRECTION('',(1.E0,0.E0,0.E0));
#1126=VECTOR('',#1125,2.54E0);
#1127=CARTESIAN_POINT('',(1.73E0,2.012427672581E0,-5.513095613730E-2));
#1128=LINE('',#1127,#1126);
#1129=DIRECTION('',(1.E0,0.E0,0.E0));
#1130=VECTOR('',#1129,2.54E0);
#1131=CARTESIAN_POINT('',(1.73E0,2.070025E0,-5.513095613730E-2));
#1132=LINE('',#1131,#1130);
#1133=DIRECTION('',(-8.726203243944E-3,8.726203243944E-3,-9.999238504776E-1));
#1134=VECTOR('',#1133,6.600502625123E0);
#1135=CARTESIAN_POINT('',(1.787597327419E0,2.012427672581E0,6.544869043863E0));
#1136=LINE('',#1135,#1134);
#1137=DIRECTION('',(-1.E0,0.E0,0.E0));
#1138=VECTOR('',#1137,2.424805345162E0);
#1139=CARTESIAN_POINT('',(4.212402672581E0,2.012427672581E0,6.544869043863E0));
#1140=LINE('',#1139,#1138);
#1141=DIRECTION('',(0.E0,-1.E0,0.E0));
#1142=VECTOR('',#1141,6.35E-1);
#1143=CARTESIAN_POINT('',(2.6825E0,1.117525E0,1.944869043863E0));
#1144=LINE('',#1143,#1142);
#1145=DIRECTION('',(0.E0,1.E0,0.E0));
#1146=VECTOR('',#1145,6.35E-1);
#1147=CARTESIAN_POINT('',(2.6825E0,4.82525E-1,4.144869043863E0));
#1148=LINE('',#1147,#1146);
#1149=DIRECTION('',(0.E0,0.E0,1.E0));
#1150=VECTOR('',#1149,2.2E0);
#1151=CARTESIAN_POINT('',(2.6825E0,4.82525E-1,1.944869043863E0));
#1152=LINE('',#1151,#1150);
#1153=DIRECTION('',(-1.E0,0.E0,0.E0));
#1154=VECTOR('',#1153,6.35E-1);
#1155=CARTESIAN_POINT('',(3.3175E0,1.117525E0,1.944869043863E0));
#1156=LINE('',#1155,#1154);
#1157=DIRECTION('',(0.E0,0.E0,-1.E0));
#1158=VECTOR('',#1157,2.2E0);
#1159=CARTESIAN_POINT('',(3.3175E0,1.117525E0,4.144869043863E0));
#1160=LINE('',#1159,#1158);
#1161=DIRECTION('',(1.E0,0.E0,0.E0));
#1162=VECTOR('',#1161,6.35E-1);
#1163=CARTESIAN_POINT('',(2.6825E0,1.117525E0,4.144869043863E0));
#1164=LINE('',#1163,#1162);
#1165=DIRECTION('',(0.E0,0.E0,1.E0));
#1166=VECTOR('',#1165,2.2E0);
#1167=CARTESIAN_POINT('',(2.6825E0,1.117525E0,1.944869043863E0));
#1168=LINE('',#1167,#1166);
#1169=DIRECTION('',(0.E0,1.E0,0.E0));
#1170=VECTOR('',#1169,6.35E-1);
#1171=CARTESIAN_POINT('',(3.3175E0,4.82525E-1,1.944869043863E0));
#1172=LINE('',#1171,#1170);
#1173=DIRECTION('',(0.E0,0.E0,-1.E0));
#1174=VECTOR('',#1173,2.2E0);
#1175=CARTESIAN_POINT('',(3.3175E0,4.82525E-1,4.144869043863E0));
#1176=LINE('',#1175,#1174);
#1177=DIRECTION('',(0.E0,-1.E0,0.E0));
#1178=VECTOR('',#1177,6.35E-1);
#1179=CARTESIAN_POINT('',(3.3175E0,1.117525E0,4.144869043863E0));
#1180=LINE('',#1179,#1178);
#1181=DIRECTION('',(1.E0,0.E0,0.E0));
#1182=VECTOR('',#1181,6.35E-1);
#1183=CARTESIAN_POINT('',(2.6825E0,4.82525E-1,1.944869043863E0));
#1184=LINE('',#1183,#1182);
#1185=DIRECTION('',(-1.E0,0.E0,0.E0));
#1186=VECTOR('',#1185,6.35E-1);
#1187=CARTESIAN_POINT('',(3.3175E0,4.82525E-1,4.144869043863E0));
#1188=LINE('',#1187,#1186);
#1189=DIRECTION('',(1.E0,0.E0,0.E0));
#1190=VECTOR('',#1189,1.774780596096E0);
#1191=CARTESIAN_POINT('',(-5.623779235151E-1,-4.123776725810E-1,
6.544869043863E0));
#1192=LINE('',#1191,#1190);
#1193=DIRECTION('',(8.726203243944E-3,8.726203243944E-3,9.999238504776E-1));
#1194=VECTOR('',#1193,4.600350314479E0);
#1195=CARTESIAN_POINT('',(-6.025215153526E-1,-4.525212644185E-1,
1.944869043863E0));
#1196=LINE('',#1195,#1194);
#1197=DIRECTION('',(0.E0,-1.E0,0.E0));
#1198=VECTOR('',#1197,1.814924187934E0);
#1199=CARTESIAN_POINT('',(-1.252546264418E0,2.012427672581E0,1.944869043863E0));
#1200=LINE('',#1199,#1198);
#1201=DIRECTION('',(0.E0,1.E0,0.E0));
#1202=VECTOR('',#1201,2.464948936999E0);
#1203=CARTESIAN_POINT('',(1.252546264418E0,-4.525212644185E-1,
1.944869043863E0));
#1204=LINE('',#1203,#1202);
#1205=DIRECTION('',(1.E0,0.E0,0.E0));
#1206=VECTOR('',#1205,1.855067779771E0);
#1207=CARTESIAN_POINT('',(-6.025215153526E-1,-4.525212644185E-1,
1.944869043863E0));
#1208=LINE('',#1207,#1206);
#1209=DIRECTION('',(7.071067811865E-1,-7.071067811865E-1,0.E0));
#1210=VECTOR('',#1209,9.192738160072E-1);
#1211=CARTESIAN_POINT('',(-1.252546264418E0,1.975034846474E-1,
1.944869043863E0));
#1212=LINE('',#1211,#1210);
#1213=DIRECTION('',(0.E0,-1.E0,0.E0));
#1214=VECTOR('',#1213,1.774780596096E0);
#1215=CARTESIAN_POINT('',(-1.212402672581E0,2.012427672581E0,6.544869043863E0));
#1216=LINE('',#1215,#1214);
#1217=DIRECTION('',(1.156535979403E-14,1.E0,-1.578189721893E-14));
#1218=VECTOR('',#1217,5.759732741901E-2);
#1219=CARTESIAN_POINT('',(-1.27E0,2.012427672581E0,-5.513095613730E-2));
#1220=LINE('',#1219,#1218);
#1221=DIRECTION('',(-8.726203243944E-3,-8.726203243944E-3,-9.999238504776E-1));
#1222=VECTOR('',#1221,4.600350314479E0);
#1223=CARTESIAN_POINT('',(-1.212402672581E0,2.376470764849E-1,
6.544869043863E0));
#1224=LINE('',#1223,#1222);
#1225=DIRECTION('',(1.E0,0.E0,0.E0));
#1226=VECTOR('',#1225,2.54E0);
#1227=CARTESIAN_POINT('',(-1.27E0,2.070025E0,-5.513095613730E-2));
#1228=LINE('',#1227,#1226);
#1229=DIRECTION('',(-8.726203243944E-3,8.726203243944E-3,-9.999238504776E-1));
#1230=VECTOR('',#1229,6.600502625123E0);
#1231=CARTESIAN_POINT('',(-1.212402672581E0,2.012427672581E0,6.544869043863E0));
#1232=LINE('',#1231,#1230);
#1233=DIRECTION('',(-1.E0,0.E0,0.E0));
#1234=VECTOR('',#1233,2.424805345162E0);
#1235=CARTESIAN_POINT('',(1.212402672581E0,2.012427672581E0,6.544869043863E0));
#1236=LINE('',#1235,#1234);
#1237=DIRECTION('',(0.E0,-1.E0,1.554095222322E-14));
#1238=VECTOR('',#1237,5.759732741901E-2);
#1239=CARTESIAN_POINT('',(1.27E0,2.070025E0,-5.513095613730E-2));
#1240=LINE('',#1239,#1238);
#1241=DIRECTION('',(8.726203243944E-3,8.726203243944E-3,-9.999238504776E-1));
#1242=VECTOR('',#1241,6.600502625123E0);
#1243=CARTESIAN_POINT('',(1.212402672581E0,2.012427672581E0,6.544869043863E0));
#1244=LINE('',#1243,#1242);
#1245=DIRECTION('',(0.E0,1.E0,0.E0));
#1246=VECTOR('',#1245,2.424805345162E0);
#1247=CARTESIAN_POINT('',(1.212402672581E0,-4.123776725810E-1,
6.544869043863E0));
#1248=LINE('',#1247,#1246);
#1249=DIRECTION('',(-8.726203243944E-3,8.726203243944E-3,9.999238504776E-1));
#1250=VECTOR('',#1249,4.600350314479E0);
#1251=CARTESIAN_POINT('',(1.252546264418E0,-4.525212644185E-1,
1.944869043863E0));
#1252=LINE('',#1251,#1250);
#1253=DIRECTION('',(8.726535498374E-3,0.E0,-9.999619230642E-1));
#1254=VECTOR('',#1253,2.000076156771E0);
#1255=CARTESIAN_POINT('',(1.252546264418E0,2.012427672581E0,1.944869043863E0));
#1256=LINE('',#1255,#1254);
#1257=DIRECTION('',(1.E0,0.E0,0.E0));
#1258=VECTOR('',#1257,2.505092528837E0);
#1259=CARTESIAN_POINT('',(-1.252546264418E0,2.012427672581E0,1.944869043863E0));
#1260=LINE('',#1259,#1258);
#1261=DIRECTION('',(8.726535498374E-3,0.E0,9.999619230642E-1));
#1262=VECTOR('',#1261,2.000076156771E0);
#1263=CARTESIAN_POINT('',(-1.27E0,2.012427672581E0,-5.513095613730E-2));
#1264=LINE('',#1263,#1262);
#1265=DIRECTION('',(1.E0,0.E0,0.E0));
#1266=VECTOR('',#1265,2.54E0);
#1267=CARTESIAN_POINT('',(-1.27E0,2.012427672581E0,-5.513095613730E-2));
#1268=LINE('',#1267,#1266);
#1269=DIRECTION('',(0.E0,-1.E0,0.E0));
#1270=VECTOR('',#1269,6.35E-1);
#1271=CARTESIAN_POINT('',(-3.175E-1,1.117525E0,1.944869043863E0));
#1272=LINE('',#1271,#1270);
#1273=DIRECTION('',(0.E0,1.E0,0.E0));
#1274=VECTOR('',#1273,6.35E-1);
#1275=CARTESIAN_POINT('',(-3.175E-1,4.82525E-1,4.144869043863E0));
#1276=LINE('',#1275,#1274);
#1277=DIRECTION('',(0.E0,0.E0,1.E0));
#1278=VECTOR('',#1277,2.2E0);
#1279=CARTESIAN_POINT('',(-3.175E-1,4.82525E-1,1.944869043863E0));
#1280=LINE('',#1279,#1278);
#1281=DIRECTION('',(-1.E0,0.E0,0.E0));
#1282=VECTOR('',#1281,6.35E-1);
#1283=CARTESIAN_POINT('',(3.175E-1,1.117525E0,1.944869043863E0));
#1284=LINE('',#1283,#1282);
#1285=DIRECTION('',(0.E0,0.E0,-1.E0));
#1286=VECTOR('',#1285,2.2E0);
#1287=CARTESIAN_POINT('',(3.175E-1,1.117525E0,4.144869043863E0));
#1288=LINE('',#1287,#1286);
#1289=DIRECTION('',(1.E0,0.E0,0.E0));
#1290=VECTOR('',#1289,6.35E-1);
#1291=CARTESIAN_POINT('',(-3.175E-1,1.117525E0,4.144869043863E0));
#1292=LINE('',#1291,#1290);
#1293=DIRECTION('',(0.E0,0.E0,1.E0));
#1294=VECTOR('',#1293,2.2E0);
#1295=CARTESIAN_POINT('',(-3.175E-1,1.117525E0,1.944869043863E0));
#1296=LINE('',#1295,#1294);
#1297=DIRECTION('',(0.E0,1.E0,0.E0));
#1298=VECTOR('',#1297,6.35E-1);
#1299=CARTESIAN_POINT('',(3.175E-1,4.82525E-1,1.944869043863E0));
#1300=LINE('',#1299,#1298);
#1301=DIRECTION('',(0.E0,0.E0,-1.E0));
#1302=VECTOR('',#1301,2.2E0);
#1303=CARTESIAN_POINT('',(3.175E-1,4.82525E-1,4.144869043863E0));
#1304=LINE('',#1303,#1302);
#1305=DIRECTION('',(0.E0,-1.E0,0.E0));
#1306=VECTOR('',#1305,6.35E-1);
#1307=CARTESIAN_POINT('',(3.175E-1,1.117525E0,4.144869043863E0));
#1308=LINE('',#1307,#1306);
#1309=DIRECTION('',(1.E0,0.E0,0.E0));
#1310=VECTOR('',#1309,6.35E-1);
#1311=CARTESIAN_POINT('',(-3.175E-1,4.82525E-1,1.944869043863E0));
#1312=LINE('',#1311,#1310);
#1313=DIRECTION('',(-1.E0,0.E0,0.E0));
#1314=VECTOR('',#1313,6.35E-1);
#1315=CARTESIAN_POINT('',(3.175E-1,4.82525E-1,4.144869043863E0));
#1316=LINE('',#1315,#1314);
#1317=DIRECTION('',(1.E0,0.E0,0.E0));
#1318=VECTOR('',#1317,1.808569828416E0);
#1319=CARTESIAN_POINT('',(-4.212402672581E0,-4.123776725810E-1,
6.544869043863E0));
#1320=LINE('',#1319,#1318);
#1321=DIRECTION('',(8.726478489829E-3,-3.614625742244E-3,-9.999553905320E-1));
#1322=VECTOR('',#1321,4.600205212707E0);
#1323=CARTESIAN_POINT('',(-1.787597327419E0,2.038578441651E-1,
6.544869043863E0));
#1324=LINE('',#1323,#1322);
#1325=DIRECTION('',(-3.614625742244E-3,8.726478489829E-3,9.999553905320E-1));
#1326=VECTOR('',#1325,4.600205212707E0);
#1327=CARTESIAN_POINT('',(-2.387204823984E0,-4.525212644185E-1,
1.944869043863E0));
#1328=LINE('',#1327,#1326);
#1329=DIRECTION('',(0.E0,-1.E0,1.554095222322E-14));
#1330=VECTOR('',#1329,5.759732741901E-2);
#1331=CARTESIAN_POINT('',(-1.73E0,2.070025E0,-5.513095613730E-2));
#1332=LINE('',#1331,#1330);
#1333=DIRECTION('',(8.726203243944E-3,8.726203243944E-3,-9.999238504776E-1));
#1334=VECTOR('',#1333,6.600502625123E0);
#1335=CARTESIAN_POINT('',(-1.787597327419E0,2.012427672581E0,6.544869043863E0));
#1336=LINE('',#1335,#1334);
#1337=DIRECTION('',(0.E0,1.E0,0.E0));
#1338=VECTOR('',#1337,1.808569828416E0);
#1339=CARTESIAN_POINT('',(-1.787597327419E0,2.038578441651E-1,
6.544869043863E0));
#1340=LINE('',#1339,#1338);
#1341=DIRECTION('',(8.726535498374E-3,0.E0,-9.999619230642E-1));
#1342=VECTOR('',#1341,2.000076156771E0);
#1343=CARTESIAN_POINT('',(-1.747453735582E0,2.012427672581E0,1.944869043863E0));
#1344=LINE('',#1343,#1342);
#1345=DIRECTION('',(1.E0,0.E0,0.E0));
#1346=VECTOR('',#1345,2.505092528837E0);
#1347=CARTESIAN_POINT('',(-4.252546264418E0,2.012427672581E0,1.944869043863E0));
#1348=LINE('',#1347,#1346);
#1349=DIRECTION('',(8.726535498374E-3,0.E0,9.999619230642E-1));
#1350=VECTOR('',#1349,2.000076156771E0);
#1351=CARTESIAN_POINT('',(-4.27E0,2.012427672581E0,-5.513095613730E-2));
#1352=LINE('',#1351,#1350);
#1353=DIRECTION('',(1.E0,0.E0,0.E0));
#1354=VECTOR('',#1353,2.54E0);
#1355=CARTESIAN_POINT('',(-4.27E0,2.012427672581E0,-5.513095613730E-2));
#1356=LINE('',#1355,#1354);
#1357=DIRECTION('',(-8.726203243944E-3,-8.726203243944E-3,-9.999238504776E-1));
#1358=VECTOR('',#1357,4.600350314479E0);
#1359=CARTESIAN_POINT('',(-4.212402672581E0,-4.123776725810E-1,
6.544869043863E0));
#1360=LINE('',#1359,#1358);
#1361=DIRECTION('',(0.E0,-1.E0,0.E0));
#1362=VECTOR('',#1361,2.424805345162E0);
#1363=CARTESIAN_POINT('',(-4.212402672581E0,2.012427672581E0,6.544869043863E0));
#1364=LINE('',#1363,#1362);
#1365=DIRECTION('',(0.E0,1.E0,-1.578189721893E-14));
#1366=VECTOR('',#1365,5.759732741901E-2);
#1367=CARTESIAN_POINT('',(-4.27E0,2.012427672581E0,-5.513095613730E-2));
#1368=LINE('',#1367,#1366);
#1369=DIRECTION('',(0.E0,-1.E0,0.E0));
#1370=VECTOR('',#1369,2.464948936999E0);
#1371=CARTESIAN_POINT('',(-4.252546264418E0,2.012427672581E0,1.944869043863E0));
#1372=LINE('',#1371,#1370);
#1373=DIRECTION('',(0.E0,1.E0,0.E0));
#1374=VECTOR('',#1373,1.825197848597E0);
#1375=CARTESIAN_POINT('',(-1.747453735582E0,1.872298239837E-1,
1.944869043863E0));
#1376=LINE('',#1375,#1374);
#1377=DIRECTION('',(7.071067811865E-1,7.071067811865E-1,0.E0));
#1378=VECTOR('',#1377,9.047446657612E-1);
#1379=CARTESIAN_POINT('',(-2.387204823984E0,-4.525212644185E-1,
1.944869043863E0));
#1380=LINE('',#1379,#1378);
#1381=DIRECTION('',(1.E0,0.E0,0.E0));
#1382=VECTOR('',#1381,1.865341440435E0);
#1383=CARTESIAN_POINT('',(-4.252546264418E0,-4.525212644185E-1,
1.944869043863E0));
#1384=LINE('',#1383,#1382);
#1385=DIRECTION('',(0.E0,-1.E0,0.E0));
#1386=VECTOR('',#1385,6.35E-1);
#1387=CARTESIAN_POINT('',(-3.3175E0,1.117525E0,1.944869043863E0));
#1388=LINE('',#1387,#1386);
#1389=DIRECTION('',(0.E0,1.E0,0.E0));
#1390=VECTOR('',#1389,6.35E-1);
#1391=CARTESIAN_POINT('',(-3.3175E0,4.82525E-1,4.144869043863E0));
#1392=LINE('',#1391,#1390);
#1393=DIRECTION('',(0.E0,0.E0,1.E0));
#1394=VECTOR('',#1393,2.2E0);
#1395=CARTESIAN_POINT('',(-3.3175E0,4.82525E-1,1.944869043863E0));
#1396=LINE('',#1395,#1394);
#1397=DIRECTION('',(-1.E0,0.E0,0.E0));
#1398=VECTOR('',#1397,6.35E-1);
#1399=CARTESIAN_POINT('',(-2.6825E0,1.117525E0,1.944869043863E0));
#1400=LINE('',#1399,#1398);
#1401=DIRECTION('',(0.E0,0.E0,-1.E0));
#1402=VECTOR('',#1401,2.2E0);
#1403=CARTESIAN_POINT('',(-2.6825E0,1.117525E0,4.144869043863E0));
#1404=LINE('',#1403,#1402);
#1405=DIRECTION('',(1.E0,0.E0,0.E0));
#1406=VECTOR('',#1405,6.35E-1);
#1407=CARTESIAN_POINT('',(-3.3175E0,1.117525E0,4.144869043863E0));
#1408=LINE('',#1407,#1406);
#1409=DIRECTION('',(0.E0,0.E0,1.E0));
#1410=VECTOR('',#1409,2.2E0);
#1411=CARTESIAN_POINT('',(-3.3175E0,1.117525E0,1.944869043863E0));
#1412=LINE('',#1411,#1410);
#1413=DIRECTION('',(0.E0,1.E0,0.E0));
#1414=VECTOR('',#1413,6.35E-1);
#1415=CARTESIAN_POINT('',(-2.6825E0,4.82525E-1,1.944869043863E0));
#1416=LINE('',#1415,#1414);
#1417=DIRECTION('',(0.E0,0.E0,-1.E0));
#1418=VECTOR('',#1417,2.2E0);
#1419=CARTESIAN_POINT('',(-2.6825E0,4.82525E-1,4.144869043863E0));
#1420=LINE('',#1419,#1418);
#1421=DIRECTION('',(0.E0,-1.E0,0.E0));
#1422=VECTOR('',#1421,6.35E-1);
#1423=CARTESIAN_POINT('',(-2.6825E0,1.117525E0,4.144869043863E0));
#1424=LINE('',#1423,#1422);
#1425=DIRECTION('',(1.E0,0.E0,0.E0));
#1426=VECTOR('',#1425,6.35E-1);
#1427=CARTESIAN_POINT('',(-3.3175E0,4.82525E-1,1.944869043863E0));
#1428=LINE('',#1427,#1426);
#1429=DIRECTION('',(-1.E0,0.E0,0.E0));
#1430=VECTOR('',#1429,6.35E-1);
#1431=CARTESIAN_POINT('',(-2.6825E0,4.82525E-1,4.144869043863E0));
#1432=LINE('',#1431,#1430);
#1433=DIRECTION('',(1.E0,0.E0,0.E0));
#1434=VECTOR('',#1433,2.54E0);
#1435=CARTESIAN_POINT('',(-4.27E0,2.070025E0,-5.513095613730E-2));
#1436=LINE('',#1435,#1434);
#1437=DIRECTION('',(-8.726203243944E-3,8.726203243944E-3,-9.999238504776E-1));
#1438=VECTOR('',#1437,6.600502625123E0);
#1439=CARTESIAN_POINT('',(-4.212402672581E0,2.012427672581E0,6.544869043863E0));
#1440=LINE('',#1439,#1438);
#1441=DIRECTION('',(-1.E0,0.E0,0.E0));
#1442=VECTOR('',#1441,2.424805345162E0);
#1443=CARTESIAN_POINT('',(-1.787597327419E0,2.012427672581E0,6.544869043863E0));
#1444=LINE('',#1443,#1442);
#1445=DIRECTION('',(1.E0,0.E0,0.E0));
#1446=VECTOR('',#1445,2.54E0);
#1447=CARTESIAN_POINT('',(-7.27E0,2.070025E0,-5.513095613730E-2));
#1448=LINE('',#1447,#1446);
#1449=DIRECTION('',(-8.726203243944E-3,8.726203243944E-3,-9.999238504776E-1));
#1450=VECTOR('',#1449,6.600502625123E0);
#1451=CARTESIAN_POINT('',(-7.212402672581E0,2.012427672581E0,6.544869043863E0));
#1452=LINE('',#1451,#1450);
#1453=DIRECTION('',(-1.E0,0.E0,0.E0));
#1454=VECTOR('',#1453,2.424805345162E0);
#1455=CARTESIAN_POINT('',(-4.787597327419E0,2.012427672581E0,6.544869043863E0));
#1456=LINE('',#1455,#1454);
#1457=DIRECTION('',(0.E0,-1.E0,1.554095222322E-14));
#1458=VECTOR('',#1457,5.759732741901E-2);
#1459=CARTESIAN_POINT('',(-4.73E0,2.070025E0,-5.513095613730E-2));
#1460=LINE('',#1459,#1458);
#1461=DIRECTION('',(8.726203243944E-3,8.726203243944E-3,-9.999238504776E-1));
#1462=VECTOR('',#1461,6.600502625123E0);
#1463=CARTESIAN_POINT('',(-4.787597327419E0,2.012427672581E0,6.544869043863E0));
#1464=LINE('',#1463,#1462);
#1465=DIRECTION('',(0.E0,1.E0,0.E0));
#1466=VECTOR('',#1465,2.424805345162E0);
#1467=CARTESIAN_POINT('',(-4.787597327419E0,-4.123776725810E-1,
6.544869043863E0));
#1468=LINE('',#1467,#1466);
#1469=DIRECTION('',(8.726535498374E-3,0.E0,-9.999619230642E-1));
#1470=VECTOR('',#1469,2.000076156771E0);
#1471=CARTESIAN_POINT('',(-4.747453735582E0,2.012427672581E0,1.944869043863E0));
#1472=LINE('',#1471,#1470);
#1473=DIRECTION('',(1.E0,0.E0,0.E0));
#1474=VECTOR('',#1473,2.505092528837E0);
#1475=CARTESIAN_POINT('',(-7.252546264418E0,2.012427672581E0,1.944869043863E0));
#1476=LINE('',#1475,#1474);
#1477=DIRECTION('',(8.726535498373E-3,0.E0,9.999619230642E-1));
#1478=VECTOR('',#1477,2.000076156771E0);
#1479=CARTESIAN_POINT('',(-7.27E0,2.012427672581E0,-5.513095613730E-2));
#1480=LINE('',#1479,#1478);
#1481=DIRECTION('',(1.E0,0.E0,0.E0));
#1482=VECTOR('',#1481,2.54E0);
#1483=CARTESIAN_POINT('',(-7.27E0,2.012427672581E0,-5.513095613730E-2));
#1484=LINE('',#1483,#1482);
#1485=DIRECTION('',(0.E0,-1.E0,0.E0));
#1486=VECTOR('',#1485,1.808569828416E0);
#1487=CARTESIAN_POINT('',(-7.212402672581E0,2.012427672581E0,6.544869043863E0));
#1488=LINE('',#1487,#1486);
#1489=DIRECTION('',(0.E0,1.E0,-1.578189721893E-14));
#1490=VECTOR('',#1489,5.759732741901E-2);
#1491=CARTESIAN_POINT('',(-7.27E0,2.012427672581E0,-5.513095613730E-2));
#1492=LINE('',#1491,#1490);
#1493=DIRECTION('',(0.E0,-1.E0,0.E0));
#1494=VECTOR('',#1493,1.825197848597E0);
#1495=CARTESIAN_POINT('',(-7.252546264418E0,2.012427672581E0,1.944869043863E0));
#1496=LINE('',#1495,#1494);
#1497=DIRECTION('',(0.E0,1.E0,0.E0));
#1498=VECTOR('',#1497,2.464948936999E0);
#1499=CARTESIAN_POINT('',(-4.747453735582E0,-4.525212644185E-1,
1.944869043863E0));
#1500=LINE('',#1499,#1498);
#1501=DIRECTION('',(1.E0,0.E0,0.E0));
#1502=VECTOR('',#1501,1.865341440435E0);
#1503=CARTESIAN_POINT('',(-6.612795176016E0,-4.525212644185E-1,
1.944869043863E0));
#1504=LINE('',#1503,#1502);
#1505=DIRECTION('',(7.071067811865E-1,-7.071067811865E-1,0.E0));
#1506=VECTOR('',#1505,9.047446657612E-1);
#1507=CARTESIAN_POINT('',(-7.252546264418E0,1.872298239836E-1,
1.944869043863E0));
#1508=LINE('',#1507,#1506);
#1509=DIRECTION('',(8.726203243944E-3,-8.726203243944E-3,-9.999238504776E-1));
#1510=VECTOR('',#1509,4.600350314479E0);
#1511=CARTESIAN_POINT('',(-4.787597327419E0,-4.123776725810E-1,
6.544869043863E0));
#1512=LINE('',#1511,#1510);
#1513=DIRECTION('',(1.E0,0.E0,0.E0));
#1514=VECTOR('',#1513,1.808569828416E0);
#1515=CARTESIAN_POINT('',(-6.596167155835E0,-4.123776725810E-1,
6.544869043863E0));
#1516=LINE('',#1515,#1514);
#1517=DIRECTION('',(-3.614625742245E-3,-8.726478489829E-3,-9.999553905320E-1));
#1518=VECTOR('',#1517,4.600205212707E0);
#1519=CARTESIAN_POINT('',(-6.596167155835E0,-4.123776725810E-1,
6.544869043863E0));
#1520=LINE('',#1519,#1518);
#1521=DIRECTION('',(8.726478489829E-3,3.614625742244E-3,9.999553905320E-1));
#1522=VECTOR('',#1521,4.600205212707E0);
#1523=CARTESIAN_POINT('',(-7.252546264418E0,1.872298239836E-1,
1.944869043863E0));
#1524=LINE('',#1523,#1522);
#1525=DIRECTION('',(0.E0,-1.E0,0.E0));
#1526=VECTOR('',#1525,6.35E-1);
#1527=CARTESIAN_POINT('',(-6.3175E0,1.117525E0,1.944869043863E0));
#1528=LINE('',#1527,#1526);
#1529=DIRECTION('',(0.E0,1.E0,0.E0));
#1530=VECTOR('',#1529,6.35E-1);
#1531=CARTESIAN_POINT('',(-6.3175E0,4.82525E-1,4.144869043863E0));
#1532=LINE('',#1531,#1530);
#1533=DIRECTION('',(0.E0,0.E0,1.E0));
#1534=VECTOR('',#1533,2.2E0);
#1535=CARTESIAN_POINT('',(-6.3175E0,4.82525E-1,1.944869043863E0));
#1536=LINE('',#1535,#1534);
#1537=DIRECTION('',(-1.E0,0.E0,0.E0));
#1538=VECTOR('',#1537,6.35E-1);
#1539=CARTESIAN_POINT('',(-5.6825E0,1.117525E0,1.944869043863E0));
#1540=LINE('',#1539,#1538);
#1541=DIRECTION('',(0.E0,0.E0,-1.E0));
#1542=VECTOR('',#1541,2.2E0);
#1543=CARTESIAN_POINT('',(-5.6825E0,1.117525E0,4.144869043863E0));
#1544=LINE('',#1543,#1542);
#1545=DIRECTION('',(1.E0,0.E0,0.E0));
#1546=VECTOR('',#1545,6.35E-1);
#1547=CARTESIAN_POINT('',(-6.3175E0,1.117525E0,4.144869043863E0));
#1548=LINE('',#1547,#1546);
#1549=DIRECTION('',(0.E0,0.E0,1.E0));
#1550=VECTOR('',#1549,2.2E0);
#1551=CARTESIAN_POINT('',(-6.3175E0,1.117525E0,1.944869043863E0));
#1552=LINE('',#1551,#1550);
#1553=DIRECTION('',(0.E0,1.E0,0.E0));
#1554=VECTOR('',#1553,6.35E-1);
#1555=CARTESIAN_POINT('',(-5.6825E0,4.82525E-1,1.944869043863E0));
#1556=LINE('',#1555,#1554);
#1557=DIRECTION('',(0.E0,0.E0,-1.E0));
#1558=VECTOR('',#1557,2.2E0);
#1559=CARTESIAN_POINT('',(-5.6825E0,4.82525E-1,4.144869043863E0));
#1560=LINE('',#1559,#1558);
#1561=DIRECTION('',(0.E0,-1.E0,0.E0));
#1562=VECTOR('',#1561,6.35E-1);
#1563=CARTESIAN_POINT('',(-5.6825E0,1.117525E0,4.144869043863E0));
#1564=LINE('',#1563,#1562);
#1565=DIRECTION('',(1.E0,0.E0,0.E0));
#1566=VECTOR('',#1565,6.35E-1);
#1567=CARTESIAN_POINT('',(-6.3175E0,4.82525E-1,1.944869043863E0));
#1568=LINE('',#1567,#1566);
#1569=DIRECTION('',(-1.E0,0.E0,0.E0));
#1570=VECTOR('',#1569,6.35E-1);
#1571=CARTESIAN_POINT('',(-5.6825E0,4.82525E-1,4.144869043863E0));
#1572=LINE('',#1571,#1570);
#1573=DIRECTION('',(0.E0,-1.234071497561E-2,-9.999238504776E-1));
#1574=VECTOR('',#1573,2.000152310643E0);
#1575=CARTESIAN_POINT('',(-1.021240267258E1,1.470862321462E-1,
1.944869043863E0));
#1576=LINE('',#1575,#1574);
#1577=DIRECTION('',(-3.614625742245E-3,-8.726478489829E-3,-9.999553905320E-1));
#1578=VECTOR('',#1577,4.600205212707E0);
#1579=CARTESIAN_POINT('',(-9.596167155835E0,-4.123776725810E-1,
6.544869043863E0));
#1580=LINE('',#1579,#1578);
#1581=DIRECTION('',(8.726478489828E-3,3.614625742245E-3,9.999553905320E-1));
#1582=VECTOR('',#1581,6.600294435624E0);
#1583=CARTESIAN_POINT('',(-1.027E1,1.800002499917E-1,-5.513095613730E-2));
#1584=LINE('',#1583,#1582);
#1585=DIRECTION('',(0.E0,1.E0,0.E0));
#1586=VECTOR('',#1585,1.865341440435E0);
#1587=CARTESIAN_POINT('',(-1.021240267258E1,1.470862321462E-1,
1.944869043863E0));
#1588=LINE('',#1587,#1586);
#1589=DIRECTION('',(0.E0,1.E0,0.E0));
#1590=VECTOR('',#1589,1.890024750008E0);
#1591=CARTESIAN_POINT('',(-1.021240267258E1,1.224029225727E-1,
-5.513095613730E-2));
#1592=LINE('',#1591,#1590);
#1593=DIRECTION('',(7.071067811865E-1,-7.071067811866E-1,1.098911270314E-14));
#1594=VECTOR('',#1593,8.145492159240E-2);
#1595=CARTESIAN_POINT('',(-1.027E1,1.800002499917E-1,-5.513095613730E-2));
#1596=LINE('',#1595,#1594);
#1597=DIRECTION('',(1.E0,0.E0,0.E0));
#1598=VECTOR('',#1597,2.482402672581E0);
#1599=CARTESIAN_POINT('',(-1.021240267258E1,2.012427672581E0,
-5.513095613730E-2));
#1600=LINE('',#1599,#1598);
#1601=DIRECTION('',(0.E0,1.E0,0.E0));
#1602=VECTOR('',#1601,1.890024750008E0);
#1603=CARTESIAN_POINT('',(-1.027E1,1.800002499917E-1,-5.513095613730E-2));
#1604=LINE('',#1603,#1602);
#1605=DIRECTION('',(0.E0,-1.E0,0.E0));
#1606=VECTOR('',#1605,1.808569828416E0);
#1607=CARTESIAN_POINT('',(-1.021240267258E1,2.012427672581E0,6.544869043863E0));
#1608=LINE('',#1607,#1606);
#1609=DIRECTION('',(1.E0,0.E0,0.E0));
#1610=VECTOR('',#1609,2.54E0);
#1611=CARTESIAN_POINT('',(-1.027E1,2.070025E0,-5.513095613730E-2));
#1612=LINE('',#1611,#1610);
#1613=DIRECTION('',(-8.726203243943E-3,8.726203243944E-3,-9.999238504776E-1));
#1614=VECTOR('',#1613,6.600502625123E0);
#1615=CARTESIAN_POINT('',(-1.021240267258E1,2.012427672581E0,6.544869043863E0));
#1616=LINE('',#1615,#1614);
#1617=DIRECTION('',(-1.E0,0.E0,0.E0));
#1618=VECTOR('',#1617,2.424805345162E0);
#1619=CARTESIAN_POINT('',(-7.787597327419E0,2.012427672581E0,6.544869043863E0));
#1620=LINE('',#1619,#1618);
#1621=DIRECTION('',(0.E0,-1.E0,1.554095222322E-14));
#1622=VECTOR('',#1621,5.759732741901E-2);
#1623=CARTESIAN_POINT('',(-7.73E0,2.070025E0,-5.513095613730E-2));
#1624=LINE('',#1623,#1622);
#1625=DIRECTION('',(8.726203243944E-3,8.726203243944E-3,-9.999238504776E-1));
#1626=VECTOR('',#1625,6.600502625123E0);
#1627=CARTESIAN_POINT('',(-7.787597327419E0,2.012427672581E0,6.544869043863E0));
#1628=LINE('',#1627,#1626);
#1629=DIRECTION('',(0.E0,1.E0,0.E0));
#1630=VECTOR('',#1629,2.424805345162E0);
#1631=CARTESIAN_POINT('',(-7.787597327419E0,-4.123776725810E-1,
6.544869043863E0));
#1632=LINE('',#1631,#1630);
#1633=DIRECTION('',(1.E0,0.E0,0.E0));
#1634=VECTOR('',#1633,2.464948936999E0);
#1635=CARTESIAN_POINT('',(-1.021240267258E1,2.012427672581E0,1.944869043863E0));
#1636=LINE('',#1635,#1634);
#1637=DIRECTION('',(0.E0,0.E0,1.E0));
#1638=VECTOR('',#1637,2.E0);
#1639=CARTESIAN_POINT('',(-1.021240267258E1,2.012427672581E0,
-5.513095613730E-2));
#1640=LINE('',#1639,#1638);
#1641=DIRECTION('',(8.726535498373E-3,0.E0,-9.999619230642E-1));
#1642=VECTOR('',#1641,2.000076156771E0);
#1643=CARTESIAN_POINT('',(-7.747453735582E0,2.012427672581E0,1.944869043863E0));
#1644=LINE('',#1643,#1642);
#1645=DIRECTION('',(0.E0,1.E0,0.E0));
#1646=VECTOR('',#1645,2.464948936999E0);
#1647=CARTESIAN_POINT('',(-7.747453735582E0,-4.525212644185E-1,
1.944869043863E0));
#1648=LINE('',#1647,#1646);
#1649=DIRECTION('',(1.E0,0.E0,0.E0));
#1650=VECTOR('',#1649,1.865341440435E0);
#1651=CARTESIAN_POINT('',(-9.612795176016E0,-4.525212644185E-1,
1.944869043863E0));
#1652=LINE('',#1651,#1650);
#1653=DIRECTION('',(7.071067811866E-1,-7.071067811865E-1,0.E0));
#1654=VECTOR('',#1653,8.479730537423E-1);
#1655=CARTESIAN_POINT('',(-1.021240267258E1,1.470862321462E-1,
1.944869043863E0));
#1656=LINE('',#1655,#1654);
#1657=DIRECTION('',(8.726203243944E-3,-8.726203243944E-3,-9.999238504776E-1));
#1658=VECTOR('',#1657,4.600350314479E0);
#1659=CARTESIAN_POINT('',(-7.787597327419E0,-4.123776725810E-1,
6.544869043863E0));
#1660=LINE('',#1659,#1658);
#1661=DIRECTION('',(1.E0,0.E0,0.E0));
#1662=VECTOR('',#1661,1.808569828416E0);
#1663=CARTESIAN_POINT('',(-9.596167155835E0,-4.123776725810E-1,
6.544869043863E0));
#1664=LINE('',#1663,#1662);
#1665=DIRECTION('',(0.E0,-1.E0,0.E0));
#1666=VECTOR('',#1665,6.35E-1);
#1667=CARTESIAN_POINT('',(-9.3175E0,1.117525E0,1.944869043863E0));
#1668=LINE('',#1667,#1666);
#1669=DIRECTION('',(0.E0,1.E0,0.E0));
#1670=VECTOR('',#1669,6.35E-1);
#1671=CARTESIAN_POINT('',(-9.3175E0,4.82525E-1,4.144869043863E0));
#1672=LINE('',#1671,#1670);
#1673=DIRECTION('',(0.E0,0.E0,1.E0));
#1674=VECTOR('',#1673,2.2E0);
#1675=CARTESIAN_POINT('',(-9.3175E0,4.82525E-1,1.944869043863E0));
#1676=LINE('',#1675,#1674);
#1677=DIRECTION('',(-1.E0,0.E0,0.E0));
#1678=VECTOR('',#1677,6.35E-1);
#1679=CARTESIAN_POINT('',(-8.6825E0,1.117525E0,1.944869043863E0));
#1680=LINE('',#1679,#1678);
#1681=DIRECTION('',(0.E0,0.E0,-1.E0));
#1682=VECTOR('',#1681,2.2E0);
#1683=CARTESIAN_POINT('',(-8.6825E0,1.117525E0,4.144869043863E0));
#1684=LINE('',#1683,#1682);
#1685=DIRECTION('',(1.E0,0.E0,0.E0));
#1686=VECTOR('',#1685,6.35E-1);
#1687=CARTESIAN_POINT('',(-9.3175E0,1.117525E0,4.144869043863E0));
#1688=LINE('',#1687,#1686);
#1689=DIRECTION('',(0.E0,0.E0,1.E0));
#1690=VECTOR('',#1689,2.2E0);
#1691=CARTESIAN_POINT('',(-9.3175E0,1.117525E0,1.944869043863E0));
#1692=LINE('',#1691,#1690);
#1693=DIRECTION('',(0.E0,1.E0,0.E0));
#1694=VECTOR('',#1693,6.35E-1);
#1695=CARTESIAN_POINT('',(-8.6825E0,4.82525E-1,1.944869043863E0));
#1696=LINE('',#1695,#1694);
#1697=DIRECTION('',(0.E0,0.E0,-1.E0));
#1698=VECTOR('',#1697,2.2E0);
#1699=CARTESIAN_POINT('',(-8.6825E0,4.82525E-1,4.144869043863E0));
#1700=LINE('',#1699,#1698);
#1701=DIRECTION('',(0.E0,-1.E0,0.E0));
#1702=VECTOR('',#1701,6.35E-1);
#1703=CARTESIAN_POINT('',(-8.6825E0,1.117525E0,4.144869043863E0));
#1704=LINE('',#1703,#1702);
#1705=DIRECTION('',(1.E0,0.E0,0.E0));
#1706=VECTOR('',#1705,6.35E-1);
#1707=CARTESIAN_POINT('',(-9.3175E0,4.82525E-1,1.944869043863E0));
#1708=LINE('',#1707,#1706);
#1709=DIRECTION('',(-1.E0,0.E0,0.E0));
#1710=VECTOR('',#1709,6.35E-1);
#1711=CARTESIAN_POINT('',(-8.6825E0,4.82525E-1,4.144869043863E0));
#1712=LINE('',#1711,#1710);
#1713=DIRECTION('',(8.726203243944E-3,8.726203243944E-3,-9.999238504776E-1));
#1714=VECTOR('',#1713,4.600350314479E0);
#1715=CARTESIAN_POINT('',(7.212402672581E0,-9.875723274190E-1,
6.544869043863E0));
#1716=LINE('',#1715,#1714);
#1717=DIRECTION('',(0.E0,1.E0,0.E0));
#1718=VECTOR('',#1717,2.424805345162E0);
#1719=CARTESIAN_POINT('',(7.212402672581E0,-3.412377672581E0,6.544869043863E0));
#1720=LINE('',#1719,#1718);
#1721=DIRECTION('',(0.E0,-1.E0,-1.590236971678E-14));
#1722=VECTOR('',#1721,5.759732741902E-2);
#1723=CARTESIAN_POINT('',(7.27E0,-3.412377672581E0,-5.513095613730E-2));
#1724=LINE('',#1723,#1722);
#1725=DIRECTION('',(-1.E0,0.E0,0.E0));
#1726=VECTOR('',#1725,1.895211371609E0);
#1727=CARTESIAN_POINT('',(7.252546264418E0,-3.412377672581E0,1.944869043863E0));
#1728=LINE('',#1727,#1726);
#1729=DIRECTION('',(-8.726535498373E-3,0.E0,9.999619230642E-1));
#1730=VECTOR('',#1729,2.000076156771E0);
#1731=CARTESIAN_POINT('',(7.27E0,-3.412377672581E0,-5.513095613730E-2));
#1732=LINE('',#1731,#1730);
#1733=DIRECTION('',(0.E0,-1.E0,0.E0));
#1734=VECTOR('',#1733,1.855067779771E0);
#1735=CARTESIAN_POINT('',(4.747453735582E0,-9.474287355815E-1,
1.944869043863E0));
#1736=LINE('',#1735,#1734);
#1737=DIRECTION('',(-1.E0,0.E0,0.E0));
#1738=VECTOR('',#1737,2.505092528837E0);
#1739=CARTESIAN_POINT('',(7.252546264418E0,-9.474287355815E-1,
1.944869043863E0));
#1740=LINE('',#1739,#1738);
#1741=DIRECTION('',(0.E0,1.E0,0.E0));
#1742=VECTOR('',#1741,2.464948936999E0);
#1743=CARTESIAN_POINT('',(7.252546264418E0,-3.412377672581E0,1.944869043863E0));
#1744=LINE('',#1743,#1742);
#1745=DIRECTION('',(7.071067811865E-1,-7.071067811865E-1,0.E0));
#1746=VECTOR('',#1745,8.625022039882E-1);
#1747=CARTESIAN_POINT('',(4.747453735582E0,-2.802496515353E0,1.944869043863E0));
#1748=LINE('',#1747,#1746);
#1749=DIRECTION('',(0.E0,-1.E0,0.E0));
#1750=VECTOR('',#1749,1.774780596096E0);
#1751=CARTESIAN_POINT('',(4.787597327419E0,-9.875723274190E-1,
6.544869043863E0));
#1752=LINE('',#1751,#1750);
#1753=DIRECTION('',(-8.726203243944E-3,-8.726203243945E-3,-9.999238504776E-1));
#1754=VECTOR('',#1753,4.600350314479E0);
#1755=CARTESIAN_POINT('',(4.787597327419E0,-2.762352923515E0,6.544869043863E0));
#1756=LINE('',#1755,#1754);
#1757=DIRECTION('',(-8.726203243944E-3,8.726203243944E-3,-9.999238504776E-1));
#1758=VECTOR('',#1757,4.600350314479E0);
#1759=CARTESIAN_POINT('',(4.787597327419E0,-9.875723274190E-1,
6.544869043863E0));
#1760=LINE('',#1759,#1758);
#1761=DIRECTION('',(-1.E0,0.E0,0.E0));
#1762=VECTOR('',#1761,2.424805345162E0);
#1763=CARTESIAN_POINT('',(7.212402672581E0,-9.875723274190E-1,
6.544869043863E0));
#1764=LINE('',#1763,#1762);
#1765=DIRECTION('',(1.745107769784E-2,0.E0,9.998477183487E-1));
#1766=VECTOR('',#1765,2.000304609689E0);
#1767=CARTESIAN_POINT('',(5.322427421647E0,-3.412377672581E0,
-5.513095613730E-2));
#1768=LINE('',#1767,#1766);
#1769=DIRECTION('',(-1.E0,0.E0,0.E0));
#1770=VECTOR('',#1769,1.947572578353E0);
#1771=CARTESIAN_POINT('',(7.27E0,-3.412377672581E0,-5.513095613730E-2));
#1772=LINE('',#1771,#1770);
#1773=DIRECTION('',(7.071067811865E-1,-7.071067811866E-1,-1.124467346367E-14));
#1774=VECTOR('',#1773,8.145492159241E-2);
#1775=CARTESIAN_POINT('',(5.322427421647E0,-3.412377672581E0,
-5.513095613730E-2));
#1776=LINE('',#1775,#1774);
#1777=DIRECTION('',(-1.E0,0.E0,0.E0));
#1778=VECTOR('',#1777,1.889975250934E0);
#1779=CARTESIAN_POINT('',(7.27E0,-3.469975E0,-5.513095613730E-2));
#1780=LINE('',#1779,#1778);
#1781=DIRECTION('',(8.726203243944E-3,-8.726203243944E-3,-9.999238504776E-1));
#1782=VECTOR('',#1781,6.600502625123E0);
#1783=CARTESIAN_POINT('',(7.212402672581E0,-3.412377672581E0,6.544869043863E0));
#1784=LINE('',#1783,#1782);
#1785=DIRECTION('',(1.E0,0.E0,0.E0));
#1786=VECTOR('',#1785,1.774780596096E0);
#1787=CARTESIAN_POINT('',(5.437622076485E0,-3.412377672581E0,6.544869043863E0));
#1788=LINE('',#1787,#1786);
#1789=DIRECTION('',(8.726203243944E-3,8.726203243944E-3,9.999238504776E-1));
#1790=VECTOR('',#1789,6.600502625123E0);
#1791=CARTESIAN_POINT('',(5.380024749066E0,-3.469975E0,-5.513095613730E-2));
#1792=LINE('',#1791,#1790);
#1793=DIRECTION('',(0.E0,-1.E0,0.E0));
#1794=VECTOR('',#1793,6.35E-1);
#1795=CARTESIAN_POINT('',(5.6825E0,-1.882475E0,1.944869043863E0));
#1796=LINE('',#1795,#1794);
#1797=DIRECTION('',(0.E0,1.E0,0.E0));
#1798=VECTOR('',#1797,6.35E-1);
#1799=CARTESIAN_POINT('',(5.6825E0,-2.517475E0,4.144869043863E0));
#1800=LINE('',#1799,#1798);
#1801=DIRECTION('',(0.E0,0.E0,1.E0));
#1802=VECTOR('',#1801,2.2E0);
#1803=CARTESIAN_POINT('',(5.6825E0,-2.517475E0,1.944869043863E0));
#1804=LINE('',#1803,#1802);
#1805=DIRECTION('',(-1.E0,0.E0,0.E0));
#1806=VECTOR('',#1805,6.35E-1);
#1807=CARTESIAN_POINT('',(6.3175E0,-1.882475E0,1.944869043863E0));
#1808=LINE('',#1807,#1806);
#1809=DIRECTION('',(0.E0,0.E0,-1.E0));
#1810=VECTOR('',#1809,2.2E0);
#1811=CARTESIAN_POINT('',(6.3175E0,-1.882475E0,4.144869043863E0));
#1812=LINE('',#1811,#1810);
#1813=DIRECTION('',(1.E0,0.E0,0.E0));
#1814=VECTOR('',#1813,6.35E-1);
#1815=CARTESIAN_POINT('',(5.6825E0,-1.882475E0,4.144869043863E0));
#1816=LINE('',#1815,#1814);
#1817=DIRECTION('',(0.E0,0.E0,1.E0));
#1818=VECTOR('',#1817,2.2E0);
#1819=CARTESIAN_POINT('',(5.6825E0,-1.882475E0,1.944869043863E0));
#1820=LINE('',#1819,#1818);
#1821=DIRECTION('',(0.E0,1.E0,0.E0));
#1822=VECTOR('',#1821,6.35E-1);
#1823=CARTESIAN_POINT('',(6.3175E0,-2.517475E0,1.944869043863E0));
#1824=LINE('',#1823,#1822);
#1825=DIRECTION('',(0.E0,0.E0,-1.E0));
#1826=VECTOR('',#1825,2.2E0);
#1827=CARTESIAN_POINT('',(6.3175E0,-2.517475E0,4.144869043863E0));
#1828=LINE('',#1827,#1826);
#1829=DIRECTION('',(0.E0,-1.E0,0.E0));
#1830=VECTOR('',#1829,6.35E-1);
#1831=CARTESIAN_POINT('',(6.3175E0,-1.882475E0,4.144869043863E0));
#1832=LINE('',#1831,#1830);
#1833=DIRECTION('',(1.E0,0.E0,0.E0));
#1834=VECTOR('',#1833,6.35E-1);
#1835=CARTESIAN_POINT('',(5.6825E0,-2.517475E0,1.944869043863E0));
#1836=LINE('',#1835,#1834);
#1837=DIRECTION('',(-1.E0,0.E0,0.E0));
#1838=VECTOR('',#1837,6.35E-1);
#1839=CARTESIAN_POINT('',(6.3175E0,-2.517475E0,4.144869043863E0));
#1840=LINE('',#1839,#1838);
#1841=DIRECTION('',(0.E0,-1.E0,0.E0));
#1842=VECTOR('',#1841,1.857745868915E0);
#1843=CARTESIAN_POINT('',(-1.0925E1,2.730025E0,-3.365130956137E0));
#1844=LINE('',#1843,#1842);
#1845=DIRECTION('',(0.E0,0.E0,1.E0));
#1846=VECTOR('',#1845,9.91E0);
#1847=CARTESIAN_POINT('',(-1.0925E1,-4.129975E0,-3.365130956137E0));
#1848=LINE('',#1847,#1846);
#1849=DIRECTION('',(0.E0,-1.E0,0.E0));
#1850=VECTOR('',#1849,8.477458689150E-1);
#1851=CARTESIAN_POINT('',(-1.0925E1,-3.282229131085E0,-3.365130956137E0));
#1852=LINE('',#1851,#1850);
#1853=DIRECTION('',(0.E0,0.E0,-1.E0));
#1854=VECTOR('',#1853,2.42E0);
#1855=CARTESIAN_POINT('',(-1.0925E1,-3.282229131085E0,-9.451309561373E-1));
#1856=LINE('',#1855,#1854);
#1857=CARTESIAN_POINT('',(-1.02775E1,1.780025E0,-3.365130956137E0));
#1858=DIRECTION('',(0.E0,0.E0,-1.E0));
#1859=DIRECTION('',(1.E0,0.E0,0.E0));
#1860=AXIS2_PLACEMENT_3D('',#1857,#1858,#1859);
#1862=DIRECTION('',(0.E0,-1.E0,0.E0));
#1863=VECTOR('',#1862,1.016388663743E-1);
#1864=CARTESIAN_POINT('',(-9.6275E0,1.881663866374E0,-3.365130956137E0));
#1865=LINE('',#1864,#1863);
#1866=DIRECTION('',(-1.E0,0.E0,0.E0));
#1867=VECTOR('',#1866,8.5E-1);
#1868=CARTESIAN_POINT('',(-1.0075E1,8.722791310850E-1,-3.365130956137E0));
#1869=LINE('',#1868,#1867);
#1870=CARTESIAN_POINT('',(-1.02775E1,1.780025E0,-3.365130956137E0));
#1871=DIRECTION('',(0.E0,0.E0,1.E0));
#1872=DIRECTION('',(1.E0,0.E0,0.E0));
#1873=AXIS2_PLACEMENT_3D('',#1870,#1871,#1872);
#1875=CARTESIAN_POINT('',(-1.02775E1,1.780025E0,-3.365130956137E0));
#1876=DIRECTION('',(0.E0,0.E0,1.E0));
#1877=DIRECTION('',(-1.E0,0.E0,0.E0));
#1878=AXIS2_PLACEMENT_3D('',#1875,#1876,#1877);
#1880=DIRECTION('',(0.E0,0.E0,-1.E0));
#1881=VECTOR('',#1880,6.7E-1);
#1882=CARTESIAN_POINT('',(-1.0075E1,1.162373196797E0,-2.695130956137E0));
#1883=LINE('',#1882,#1881);
#1884=DIRECTION('',(0.E0,0.E0,1.E0));
#1885=VECTOR('',#1884,6.7E-1);
#1886=CARTESIAN_POINT('',(-9.6275E0,1.780025E0,-3.365130956137E0));
#1887=LINE('',#1886,#1885);
#1888=DIRECTION('',(0.E0,1.E0,0.E0));
#1889=VECTOR('',#1888,2.900940657119E-1);
#1890=CARTESIAN_POINT('',(-1.0075E1,8.722791310850E-1,-3.365130956137E0));
#1891=LINE('',#1890,#1889);
#1892=DIRECTION('',(0.E0,0.E0,1.E0));
#1893=VECTOR('',#1892,6.7E-1);
#1894=CARTESIAN_POINT('',(-1.0075E1,8.722791310850E-1,-3.365130956137E0));
#1895=LINE('',#1894,#1893);
#1896=DIRECTION('',(0.E0,0.E0,-1.E0));
#1897=VECTOR('',#1896,2.42E0);
#1898=CARTESIAN_POINT('',(-1.0925E1,8.722791310850E-1,-9.451309561373E-1));
#1899=LINE('',#1898,#1897);
#1900=DIRECTION('',(-1.E0,0.E0,0.E0));
#1901=VECTOR('',#1900,9.111113466106E-1);
#1902=CARTESIAN_POINT('',(-1.001388865339E1,8.722791310850E-1,
-9.451309561373E-1));
#1903=LINE('',#1902,#1901);
#1904=DIRECTION('',(1.E0,0.E0,0.E0));
#1905=VECTOR('',#1904,6.111134661060E-2);
#1906=CARTESIAN_POINT('',(-1.0075E1,8.722791310850E-1,-2.695130956137E0));
#1907=LINE('',#1906,#1905);
#1908=DIRECTION('',(0.E0,1.E0,0.E0));
#1909=VECTOR('',#1908,4.154508262170E0);
#1910=CARTESIAN_POINT('',(-1.0925E1,-3.282229131085E0,-9.451309561373E-1));
#1911=LINE('',#1910,#1909);
#1912=DIRECTION('',(1.E0,0.E0,0.E0));
#1913=VECTOR('',#1912,6.938886533894E-1);
#1914=CARTESIAN_POINT('',(-1.001388865339E1,-3.282229131085E0,
-2.695130956137E0));
#1915=LINE('',#1914,#1913);
#1916=DIRECTION('',(0.E0,0.E0,-1.E0));
#1917=VECTOR('',#1916,1.75E0);
#1918=CARTESIAN_POINT('',(-1.001388865339E1,-3.282229131085E0,
-9.451309561373E-1));
#1919=LINE('',#1918,#1917);
#1920=DIRECTION('',(1.E0,0.E0,0.E0));
#1921=VECTOR('',#1920,9.111113466106E-1);
#1922=CARTESIAN_POINT('',(-1.0925E1,-3.282229131085E0,-9.451309561373E-1));
#1923=LINE('',#1922,#1921);
#1924=DIRECTION('',(-1.E0,0.E0,0.E0));
#1925=VECTOR('',#1924,1.605E0);
#1926=CARTESIAN_POINT('',(-9.32E0,-3.282229131085E0,-3.365130956137E0));
#1927=LINE('',#1926,#1925);
#1928=DIRECTION('',(0.E0,-1.E0,0.E0));
#1929=VECTOR('',#1928,8.477458689150E-1);
#1930=CARTESIAN_POINT('',(-9.32E0,-3.282229131085E0,-2.695130956137E0));
#1931=LINE('',#1930,#1929);
#1932=DIRECTION('',(0.E0,0.E0,1.E0));
#1933=VECTOR('',#1932,6.7E-1);
#1934=CARTESIAN_POINT('',(-9.32E0,-3.282229131085E0,-3.365130956137E0));
#1935=LINE('',#1934,#1933);
#1936=DIRECTION('',(0.E0,1.E0,0.E0));
#1937=VECTOR('',#1936,8.477458689150E-1);
#1938=CARTESIAN_POINT('',(-9.32E0,-4.129975E0,-3.365130956137E0));
#1939=LINE('',#1938,#1937);
#1940=DIRECTION('',(0.E0,0.E0,-1.E0));
#1941=VECTOR('',#1940,6.7E-1);
#1942=CARTESIAN_POINT('',(-9.32E0,-4.129975E0,-2.695130956137E0));
#1943=LINE('',#1942,#1941);
#1944=DIRECTION('',(0.E0,-1.E0,0.E0));
#1945=VECTOR('',#1944,8.477458689150E-1);
#1946=CARTESIAN_POINT('',(-8.68E0,-3.282229131085E0,-2.695130956137E0));
#1947=LINE('',#1946,#1945);
#1948=DIRECTION('',(1.E0,0.E0,0.E0));
#1949=VECTOR('',#1948,6.35E-1);
#1950=CARTESIAN_POINT('',(-9.3175E0,-2.517475E0,-2.695130956137E0));
#1951=LINE('',#1950,#1949);
#1952=DIRECTION('',(0.E0,-1.E0,0.E0));
#1953=VECTOR('',#1952,6.350002001624E-1);
#1954=CARTESIAN_POINT('',(-9.3175E0,-1.882474799838E0,-2.695130956137E0));
#1955=LINE('',#1954,#1953);
#1956=DIRECTION('',(-1.E0,0.E0,0.E0));
#1957=VECTOR('',#1956,6.35E-1);
#1958=CARTESIAN_POINT('',(-8.6825E0,-1.882474799838E0,-2.695130956137E0));
#1959=LINE('',#1958,#1957);
#1960=DIRECTION('',(0.E0,1.E0,0.E0));
#1961=VECTOR('',#1960,6.350002001624E-1);
#1962=CARTESIAN_POINT('',(-8.6825E0,-2.517475E0,-2.695130956137E0));
#1963=LINE('',#1962,#1961);
#1964=DIRECTION('',(-1.E0,0.E0,0.E0));
#1965=VECTOR('',#1964,2.027777306779E0);
#1966=CARTESIAN_POINT('',(-7.986111346611E0,-1.023371915559E0,
-2.695130956137E0));
#1967=LINE('',#1966,#1965);
#1968=DIRECTION('',(0.E0,0.E0,-1.E0));
#1969=VECTOR('',#1968,1.75E0);
#1970=CARTESIAN_POINT('',(-1.001388865339E1,8.722791310850E-1,
-9.451309561373E-1));
#1971=LINE('',#1970,#1969);
#1972=DIRECTION('',(0.E0,1.E0,0.E0));
#1973=VECTOR('',#1972,4.154508262170E0);
#1974=CARTESIAN_POINT('',(-1.001388865339E1,-3.282229131085E0,
-9.451309561373E-1));
#1975=LINE('',#1974,#1973);
#1976=DIRECTION('',(0.E0,-1.E0,0.E0));
#1977=VECTOR('',#1976,2.258857215526E0);
#1978=CARTESIAN_POINT('',(-1.001388865339E1,-1.023371915559E0,
-2.695130956137E0));
#1979=LINE('',#1978,#1977);
#1980=DIRECTION('',(0.E0,0.E0,-1.E0));
#1981=VECTOR('',#1980,6.7E-1);
#1982=CARTESIAN_POINT('',(-1.001388865339E1,-1.023371915559E0,
-2.025130956137E0));
#1983=LINE('',#1982,#1981);
#1984=DIRECTION('',(0.E0,-1.E0,0.E0));
#1985=VECTOR('',#1984,6.467938311189E-1);
#1986=CARTESIAN_POINT('',(-1.001388865339E1,-3.765780844405E-1,
-2.025130956137E0));
#1987=LINE('',#1986,#1985);
#1988=DIRECTION('',(0.E0,0.E0,1.E0));
#1989=VECTOR('',#1988,6.7E-1);
#1990=CARTESIAN_POINT('',(-1.001388865339E1,-3.765780844405E-1,
-2.695130956137E0));
#1991=LINE('',#1990,#1989);
#1992=DIRECTION('',(0.E0,-1.E0,0.E0));
#1993=VECTOR('',#1992,1.248857215526E0);
#1994=CARTESIAN_POINT('',(-1.001388865339E1,8.722791310850E-1,
-2.695130956137E0));
#1995=LINE('',#1994,#1993);
#1996=DIRECTION('',(-1.E0,0.E0,0.E0));
#1997=VECTOR('',#1996,2.027777306779E0);
#1998=CARTESIAN_POINT('',(-7.986111346611E0,-1.023371915559E0,
-2.025130956137E0));
#1999=LINE('',#1998,#1997);
#2000=DIRECTION('',(0.E0,1.E0,0.E0));
#2001=VECTOR('',#2000,2.258857215526E0);
#2002=CARTESIAN_POINT('',(-7.986111346611E0,-3.282229131085E0,
-2.695130956137E0));
#2003=LINE('',#2002,#2001);
#2004=DIRECTION('',(0.E0,0.E0,-1.E0));
#2005=VECTOR('',#2004,1.75E0);
#2006=CARTESIAN_POINT('',(-7.986111346611E0,-3.282229131085E0,
-9.451309561373E-1));
#2007=LINE('',#2006,#2005);
#2008=DIRECTION('',(0.E0,-1.E0,0.E0));
#2009=VECTOR('',#2008,5.163892997459E0);
#2010=CARTESIAN_POINT('',(-7.986111346611E0,1.881663866374E0,
-9.451309561373E-1));
#2011=LINE('',#2010,#2009);
#2012=DIRECTION('',(0.E0,1.E0,0.E0));
#2013=VECTOR('',#2012,2.258241950815E0);
#2014=CARTESIAN_POINT('',(-7.986111346611E0,-3.765780844405E-1,
-2.695130956137E0));
#2015=LINE('',#2014,#2013);
#2016=DIRECTION('',(0.E0,0.E0,-1.E0));
#2017=VECTOR('',#2016,6.7E-1);
#2018=CARTESIAN_POINT('',(-7.986111346611E0,-3.765780844405E-1,
-2.025130956137E0));
#2019=LINE('',#2018,#2017);
#2020=DIRECTION('',(0.E0,1.E0,0.E0));
#2021=VECTOR('',#2020,6.467938311189E-1);
#2022=CARTESIAN_POINT('',(-7.986111346611E0,-1.023371915559E0,
-2.025130956137E0));
#2023=LINE('',#2022,#2021);
#2024=DIRECTION('',(0.E0,0.E0,1.E0));
#2025=VECTOR('',#2024,6.7E-1);
#2026=CARTESIAN_POINT('',(-7.986111346611E0,-1.023371915559E0,
-2.695130956137E0));
#2027=LINE('',#2026,#2025);
#2028=DIRECTION('',(-1.E0,0.E0,0.E0));
#2029=VECTOR('',#2028,2.36E0);
#2030=CARTESIAN_POINT('',(-6.32E0,-3.282229131085E0,-3.365130956137E0));
#2031=LINE('',#2030,#2029);
#2032=DIRECTION('',(1.E0,0.E0,0.E0));
#2033=VECTOR('',#2032,6.957161723321E-1);
#2034=CARTESIAN_POINT('',(-7.015716172332E0,-3.282229131085E0,
-2.695130956137E0));
#2035=LINE('',#2034,#2033);
#2036=DIRECTION('',(0.E0,0.E0,-1.E0));
#2037=VECTOR('',#2036,1.75E0);
#2038=CARTESIAN_POINT('',(-7.015716172332E0,-3.282229131085E0,
-9.451309561373E-1));
#2039=LINE('',#2038,#2037);
#2040=DIRECTION('',(1.E0,0.E0,0.E0));
#2041=VECTOR('',#2040,9.703951742784E-1);
#2042=CARTESIAN_POINT('',(-7.986111346611E0,-3.282229131085E0,
-9.451309561373E-1));
#2043=LINE('',#2042,#2041);
#2044=DIRECTION('',(1.E0,0.E0,0.E0));
#2045=VECTOR('',#2044,6.938886533894E-1);
#2046=CARTESIAN_POINT('',(-8.68E0,-3.282229131085E0,-2.695130956137E0));
#2047=LINE('',#2046,#2045);
#2048=DIRECTION('',(0.E0,-1.E0,0.E0));
#2049=VECTOR('',#2048,8.477458689150E-1);
#2050=CARTESIAN_POINT('',(-6.32E0,-3.282229131085E0,-3.365130956137E0));
#2051=LINE('',#2050,#2049);
#2052=DIRECTION('',(-1.E0,0.E0,0.E0));
#2053=VECTOR('',#2052,1.82E0);
#2054=CARTESIAN_POINT('',(1.0275E1,-4.129975E0,1.344869043863E0));
#2055=LINE('',#2054,#2053);
#2056=DIRECTION('',(0.E0,0.E0,-1.E0));
#2057=VECTOR('',#2056,2.25E0);
#2058=CARTESIAN_POINT('',(1.0275E1,-4.129975E0,3.594869043863E0));
#2059=LINE('',#2058,#2057);
#2060=DIRECTION('',(1.E0,0.E0,0.E0));
#2061=VECTOR('',#2060,1.82E0);
#2062=CARTESIAN_POINT('',(8.455E0,-4.129975E0,3.594869043863E0));
#2063=LINE('',#2062,#2061);
#2064=DIRECTION('',(0.E0,0.E0,1.E0));
#2065=VECTOR('',#2064,2.25E0);
#2066=CARTESIAN_POINT('',(8.455E0,-4.129975E0,1.344869043863E0));
#2067=LINE('',#2066,#2065);
#2068=DIRECTION('',(1.E0,0.E0,0.E0));
#2069=VECTOR('',#2068,2.36E0);
#2070=CARTESIAN_POINT('',(6.32E0,-4.129975E0,-3.365130956137E0));
#2071=LINE('',#2070,#2069);
#2072=DIRECTION('',(0.E0,0.E0,-1.E0));
#2073=VECTOR('',#2072,6.7E-1);
#2074=CARTESIAN_POINT('',(6.32E0,-4.129975E0,-2.695130956137E0));
#2075=LINE('',#2074,#2073);
#2076=DIRECTION('',(1.E0,0.E0,0.E0));
#2077=VECTOR('',#2076,6.4E-1);
#2078=CARTESIAN_POINT('',(5.68E0,-4.129975E0,-2.695130956137E0));
#2079=LINE('',#2078,#2077);
#2080=DIRECTION('',(0.E0,0.E0,1.E0));
#2081=VECTOR('',#2080,6.7E-1);
#2082=CARTESIAN_POINT('',(5.68E0,-4.129975E0,-3.365130956137E0));
#2083=LINE('',#2082,#2081);
#2084=DIRECTION('',(1.E0,0.E0,0.E0));
#2085=VECTOR('',#2084,2.36E0);
#2086=CARTESIAN_POINT('',(3.32E0,-4.129975E0,-3.365130956137E0));
#2087=LINE('',#2086,#2085);
#2088=DIRECTION('',(0.E0,0.E0,-1.E0));
#2089=VECTOR('',#2088,6.7E-1);
#2090=CARTESIAN_POINT('',(3.32E0,-4.129975E0,-2.695130956137E0));
#2091=LINE('',#2090,#2089);
#2092=DIRECTION('',(1.E0,0.E0,0.E0));
#2093=VECTOR('',#2092,6.4E-1);
#2094=CARTESIAN_POINT('',(2.68E0,-4.129975E0,-2.695130956137E0));
#2095=LINE('',#2094,#2093);
#2096=DIRECTION('',(0.E0,0.E0,1.E0));
#2097=VECTOR('',#2096,6.7E-1);
#2098=CARTESIAN_POINT('',(2.68E0,-4.129975E0,-3.365130956137E0));
#2099=LINE('',#2098,#2097);
#2100=DIRECTION('',(1.E0,0.E0,0.E0));
#2101=VECTOR('',#2100,2.36E0);
#2102=CARTESIAN_POINT('',(3.2E-1,-4.129975E0,-3.365130956137E0));
#2103=LINE('',#2102,#2101);
#2104=DIRECTION('',(0.E0,0.E0,-1.E0));
#2105=VECTOR('',#2104,6.7E-1);
#2106=CARTESIAN_POINT('',(3.2E-1,-4.129975E0,-2.695130956137E0));
#2107=LINE('',#2106,#2105);
#2108=DIRECTION('',(1.E0,0.E0,0.E0));
#2109=VECTOR('',#2108,6.4E-1);
#2110=CARTESIAN_POINT('',(-3.2E-1,-4.129975E0,-2.695130956137E0));
#2111=LINE('',#2110,#2109);
#2112=DIRECTION('',(0.E0,0.E0,1.E0));
#2113=VECTOR('',#2112,6.7E-1);
#2114=CARTESIAN_POINT('',(-3.2E-1,-4.129975E0,-3.365130956137E0));
#2115=LINE('',#2114,#2113);
#2116=DIRECTION('',(1.E0,0.E0,0.E0));
#2117=VECTOR('',#2116,2.36E0);
#2118=CARTESIAN_POINT('',(-2.68E0,-4.129975E0,-3.365130956137E0));
#2119=LINE('',#2118,#2117);
#2120=DIRECTION('',(0.E0,0.E0,-1.E0));
#2121=VECTOR('',#2120,6.7E-1);
#2122=CARTESIAN_POINT('',(-2.68E0,-4.129975E0,-2.695130956137E0));
#2123=LINE('',#2122,#2121);
#2124=DIRECTION('',(1.E0,0.E0,0.E0));
#2125=VECTOR('',#2124,6.4E-1);
#2126=CARTESIAN_POINT('',(-3.32E0,-4.129975E0,-2.695130956137E0));
#2127=LINE('',#2126,#2125);
#2128=DIRECTION('',(0.E0,0.E0,1.E0));
#2129=VECTOR('',#2128,6.7E-1);
#2130=CARTESIAN_POINT('',(-3.32E0,-4.129975E0,-3.365130956137E0));
#2131=LINE('',#2130,#2129);
#2132=DIRECTION('',(1.E0,0.E0,0.E0));
#2133=VECTOR('',#2132,2.36E0);
#2134=CARTESIAN_POINT('',(-5.68E0,-4.129975E0,-3.365130956137E0));
#2135=LINE('',#2134,#2133);
#2136=DIRECTION('',(0.E0,0.E0,-1.E0));
#2137=VECTOR('',#2136,6.7E-1);
#2138=CARTESIAN_POINT('',(-5.68E0,-4.129975E0,-2.695130956137E0));
#2139=LINE('',#2138,#2137);
#2140=DIRECTION('',(1.E0,0.E0,0.E0));
#2141=VECTOR('',#2140,6.4E-1);
#2142=CARTESIAN_POINT('',(-6.32E0,-4.129975E0,-2.695130956137E0));
#2143=LINE('',#2142,#2141);
#2144=DIRECTION('',(0.E0,0.E0,1.E0));
#2145=VECTOR('',#2144,6.7E-1);
#2146=CARTESIAN_POINT('',(-6.32E0,-4.129975E0,-3.365130956137E0));
#2147=LINE('',#2146,#2145);
#2148=DIRECTION('',(1.E0,0.E0,0.E0));
#2149=VECTOR('',#2148,2.36E0);
#2150=CARTESIAN_POINT('',(-8.68E0,-4.129975E0,-3.365130956137E0));
#2151=LINE('',#2150,#2149);
#2152=DIRECTION('',(1.E0,0.E0,0.E0));
#2153=VECTOR('',#2152,6.4E-1);
#2154=CARTESIAN_POINT('',(-9.32E0,-4.129975E0,-2.695130956137E0));
#2155=LINE('',#2154,#2153);
#2156=DIRECTION('',(1.E0,0.E0,0.E0));
#2157=VECTOR('',#2156,1.605E0);
#2158=CARTESIAN_POINT('',(-1.0925E1,-4.129975E0,-3.365130956137E0));
#2159=LINE('',#2158,#2157);
#2160=DIRECTION('',(0.E0,0.E0,1.E0));
#2161=VECTOR('',#2160,9.91E0);
#2162=CARTESIAN_POINT('',(1.0925E1,-4.129975E0,-3.365130956137E0));
#2163=LINE('',#2162,#2161);
#2164=DIRECTION('',(1.E0,0.E0,0.E0));
#2165=VECTOR('',#2164,1.605E0);
#2166=CARTESIAN_POINT('',(9.32E0,-4.129975E0,-3.365130956137E0));
#2167=LINE('',#2166,#2165);
#2168=DIRECTION('',(0.E0,0.E0,-1.E0));
#2169=VECTOR('',#2168,6.7E-1);
#2170=CARTESIAN_POINT('',(9.32E0,-4.129975E0,-2.695130956137E0));
#2171=LINE('',#2170,#2169);
#2172=DIRECTION('',(1.E0,0.E0,0.E0));
#2173=VECTOR('',#2172,6.4E-1);
#2174=CARTESIAN_POINT('',(8.68E0,-4.129975E0,-2.695130956137E0));
#2175=LINE('',#2174,#2173);
#2176=DIRECTION('',(0.E0,0.E0,1.E0));
#2177=VECTOR('',#2176,6.7E-1);
#2178=CARTESIAN_POINT('',(8.68E0,-4.129975E0,-3.365130956137E0));
#2179=LINE('',#2178,#2177);
#2180=DIRECTION('',(1.776356839400E-13,-1.E0,-2.220446049250E-14));
#2181=VECTOR('',#2180,1.E-2);
#2182=CARTESIAN_POINT('',(8.455E0,-4.119975E0,1.344869043863E0));
#2183=LINE('',#2182,#2181);
#2184=DIRECTION('',(1.776356839400E-13,-1.E0,-4.440892098501E-14));
#2185=VECTOR('',#2184,1.E-2);
#2186=CARTESIAN_POINT('',(8.455E0,-4.119975E0,3.594869043863E0));
#2187=LINE('',#2186,#2185);
#2188=DIRECTION('',(0.E0,-1.E0,0.E0));
#2189=VECTOR('',#2188,1.E-2);
#2190=CARTESIAN_POINT('',(1.0275E1,-4.119975E0,3.594869043863E0));
#2191=LINE('',#2190,#2189);
#2192=DIRECTION('',(0.E0,-1.E0,0.E0));
#2193=VECTOR('',#2192,1.E-2);
#2194=CARTESIAN_POINT('',(1.0275E1,-4.119975E0,1.344869043863E0));
#2195=LINE('',#2194,#2193);
#2196=DIRECTION('',(1.E0,0.E0,0.E0));
#2197=VECTOR('',#2196,1.82E0);
#2198=CARTESIAN_POINT('',(8.455E0,-4.119975E0,1.344869043863E0));
#2199=LINE('',#2198,#2197);
#2200=DIRECTION('',(0.E0,0.E0,-1.E0));
#2201=VECTOR('',#2200,2.25E0);
#2202=CARTESIAN_POINT('',(8.455E0,-4.119975E0,3.594869043863E0));
#2203=LINE('',#2202,#2201);
#2204=DIRECTION('',(-1.E0,0.E0,0.E0));
#2205=VECTOR('',#2204,1.82E0);
#2206=CARTESIAN_POINT('',(1.0275E1,-4.119975E0,3.594869043863E0));
#2207=LINE('',#2206,#2205);
#2208=DIRECTION('',(0.E0,0.E0,1.E0));
#2209=VECTOR('',#2208,2.25E0);
#2210=CARTESIAN_POINT('',(1.0275E1,-4.119975E0,1.344869043863E0));
#2211=LINE('',#2210,#2209);
#2212=CARTESIAN_POINT('',(9.260560851438E0,-4.119975E0,2.845870052015E0));
#2213=CARTESIAN_POINT('',(9.168969402412E0,-4.119975E0,2.792279310563E0));
#2214=CARTESIAN_POINT('',(9.087460987465E0,-4.119975E0,2.752025605643E0));
#2215=CARTESIAN_POINT('',(9.015038372985E0,-4.119975E0,2.725292425802E0));
#2217=CARTESIAN_POINT('',(9.481653875672E0,-4.119975E0,3.006233843044E0));
#2218=CARTESIAN_POINT('',(9.425271169097E0,-4.119975E0,2.952767483361E0));
#2219=CARTESIAN_POINT('',(9.351939720714E0,-4.119975E0,2.899336411697E0));
#2220=CARTESIAN_POINT('',(9.260560851438E0,-4.119975E0,2.845870052015E0));
#2222=DIRECTION('',(0.E0,0.E0,1.E0));
#2223=VECTOR('',#2222,1.486364799181E0);
#2224=CARTESIAN_POINT('',(9.481653875672E0,-4.119975E0,1.519869043863E0));
#2225=LINE('',#2224,#2223);
#2226=DIRECTION('',(-1.E0,0.E0,0.E0));
#2227=VECTOR('',#2226,2.333077513431E-1);
#2228=CARTESIAN_POINT('',(9.714961627015E0,-4.119975E0,1.519869043863E0));
#2229=LINE('',#2228,#2227);
#2230=DIRECTION('',(0.E0,0.E0,-1.E0));
#2231=VECTOR('',#2230,1.907776925045E0);
#2232=CARTESIAN_POINT('',(9.714961627015E0,-4.119975E0,3.427645968907E0));
#2233=LINE('',#2232,#2231);
#2234=DIRECTION('',(1.E0,0.E0,0.E0));
#2235=VECTOR('',#2234,1.506779227424E-1);
#2236=CARTESIAN_POINT('',(9.564283704272E0,-4.119975E0,3.427645968907E0));
#2237=LINE('',#2236,#2235);
#2238=CARTESIAN_POINT('',(9.015038372985E0,-4.119975E0,2.950823252100E0));
#2239=CARTESIAN_POINT('',(9.080170120235E0,-4.119975E0,2.981444894464E0));
#2240=CARTESIAN_POINT('',(9.171912527168E0,-4.119975E0,3.032370388830E0));
#2241=CARTESIAN_POINT('',(9.281784527714E0,-4.119975E0,3.109644665302E0));
#2242=CARTESIAN_POINT('',(9.358626947118E0,-4.119975E0,3.173095825973E0));
#2243=CARTESIAN_POINT('',(9.426997008529E0,-4.119975E0,3.238554809512E0));
#2244=CARTESIAN_POINT('',(9.503030820554E0,-4.119975E0,3.323791491278E0));
#2245=CARTESIAN_POINT('',(9.544112304937E0,-4.119975E0,3.386574083515E0));
#2246=CARTESIAN_POINT('',(9.564283704272E0,-4.119975E0,3.427645968907E0));
#2248=DIRECTION('',(0.E0,0.E0,1.E0));
#2249=VECTOR('',#2248,2.255308262983E-1);
#2250=CARTESIAN_POINT('',(9.015038372985E0,-4.119975E0,2.725292425802E0));
#2251=LINE('',#2250,#2249);
#2252=DIRECTION('',(-6.328006592321E-3,-9.999737519272E-1,-3.528709273996E-3));
#2253=VECTOR('',#2252,1.000026248762E-2);
#2254=CARTESIAN_POINT('',(9.260560851438E0,-4.119975E0,2.845870052015E0));
#2255=LINE('',#2254,#2253);
#2256=DIRECTION('',(0.E0,1.E0,0.E0));
#2257=VECTOR('',#2256,1.E-2);
#2258=CARTESIAN_POINT('',(9.015038372985E0,-4.129975E0,2.725292425802E0));
#2259=LINE('',#2258,#2257);
#2260=DIRECTION('',(0.E0,-1.E0,0.E0));
#2261=VECTOR('',#2260,1.E-2);
#2262=CARTESIAN_POINT('',(9.481653875672E0,-4.119975E0,3.006233843044E0));
#2263=LINE('',#2262,#2261);
#2264=CARTESIAN_POINT('',(9.015038372985E0,-4.129975E0,2.725292425802E0));
#2265=CARTESIAN_POINT('',(9.087460987465E0,-4.129975E0,2.752025605643E0));
#2266=CARTESIAN_POINT('',(9.168906120685E0,-4.129975E0,2.792244022544E0));
#2267=CARTESIAN_POINT('',(9.260497569711E0,-4.129975E0,2.845834763996E0));
#2269=DIRECTION('',(0.E0,0.E0,-1.E0));
#2270=VECTOR('',#2269,2.255308262983E-1);
#2271=CARTESIAN_POINT('',(9.015038372985E0,-4.129975E0,2.950823252100E0));
#2272=LINE('',#2271,#2270);
#2273=CARTESIAN_POINT('',(9.564283704272E0,-4.129975E0,3.427645968907E0));
#2274=CARTESIAN_POINT('',(9.544112304937E0,-4.129975E0,3.386574083515E0));
#2275=CARTESIAN_POINT('',(9.503030820554E0,-4.129975E0,3.323791491278E0));
#2276=CARTESIAN_POINT('',(9.426997008529E0,-4.129975E0,3.238554809512E0));
#2277=CARTESIAN_POINT('',(9.358626947118E0,-4.129975E0,3.173095825973E0));
#2278=CARTESIAN_POINT('',(9.281784527714E0,-4.129975E0,3.109644665302E0));
#2279=CARTESIAN_POINT('',(9.171912527168E0,-4.129975E0,3.032370388830E0));
#2280=CARTESIAN_POINT('',(9.080170120235E0,-4.129975E0,2.981444894464E0));
#2281=CARTESIAN_POINT('',(9.015038372985E0,-4.129975E0,2.950823252100E0));
#2283=DIRECTION('',(-1.E0,0.E0,0.E0));
#2284=VECTOR('',#2283,1.506779227424E-1);
#2285=CARTESIAN_POINT('',(9.714961627015E0,-4.129975E0,3.427645968907E0));
#2286=LINE('',#2285,#2284);
#2287=DIRECTION('',(0.E0,0.E0,1.E0));
#2288=VECTOR('',#2287,1.907776925045E0);
#2289=CARTESIAN_POINT('',(9.714961627015E0,-4.129975E0,1.519869043863E0));
#2290=LINE('',#2289,#2288);
#2291=DIRECTION('',(1.E0,0.E0,0.E0));
#2292=VECTOR('',#2291,2.333077513431E-1);
#2293=CARTESIAN_POINT('',(9.481653875672E0,-4.129975E0,1.519869043863E0));
#2294=LINE('',#2293,#2292);
#2295=DIRECTION('',(0.E0,0.E0,-1.E0));
#2296=VECTOR('',#2295,1.486364799181E0);
#2297=CARTESIAN_POINT('',(9.481653875672E0,-4.129975E0,3.006233843044E0));
#2298=LINE('',#2297,#2296);
#2299=CARTESIAN_POINT('',(9.260497569711E0,-4.129975E0,2.845834763996E0));
#2300=CARTESIAN_POINT('',(9.351876438987E0,-4.129975E0,2.899301123679E0));
#2301=CARTESIAN_POINT('',(9.425271169097E0,-4.129975E0,2.952767483361E0));
#2302=CARTESIAN_POINT('',(9.481653875672E0,-4.129975E0,3.006233843044E0));
#2304=DIRECTION('',(-1.776356839400E-13,-1.E0,0.E0));
#2305=VECTOR('',#2304,1.E-2);
#2306=CARTESIAN_POINT('',(9.015038372985E0,-4.119975E0,2.950823252100E0));
#2307=LINE('',#2306,#2305);
#2308=DIRECTION('',(0.E0,1.E0,0.E0));
#2309=VECTOR('',#2308,1.E-2);
#2310=CARTESIAN_POINT('',(9.564283704272E0,-4.129975E0,3.427645968907E0));
#2311=LINE('',#2310,#2309);
#2312=DIRECTION('',(0.E0,-1.E0,0.E0));
#2313=VECTOR('',#2312,1.E-2);
#2314=CARTESIAN_POINT('',(9.714961627015E0,-4.119975E0,3.427645968907E0));
#2315=LINE('',#2314,#2313);
#2316=DIRECTION('',(0.E0,-1.E0,0.E0));
#2317=VECTOR('',#2316,1.E-2);
#2318=CARTESIAN_POINT('',(9.714961627015E0,-4.119975E0,1.519869043863E0));
#2319=LINE('',#2318,#2317);
#2320=DIRECTION('',(0.E0,-1.E0,0.E0));
#2321=VECTOR('',#2320,1.E-2);
#2322=CARTESIAN_POINT('',(9.481653875672E0,-4.119975E0,1.519869043863E0));
#2323=LINE('',#2322,#2321);
#2324=DIRECTION('',(0.E0,-1.E0,0.E0));
#2325=VECTOR('',#2324,8.477458689150E-1);
#2326=CARTESIAN_POINT('',(8.68E0,-3.282229131085E0,-3.365130956137E0));
#2327=LINE('',#2326,#2325);
#2328=DIRECTION('',(1.E0,0.E0,0.E0));
#2329=VECTOR('',#2328,7.048537670457E-1);
#2330=CARTESIAN_POINT('',(7.975146232954E0,-3.282229131085E0,
-2.695130956137E0));
#2331=LINE('',#2330,#2329);
#2332=DIRECTION('',(0.E0,0.E0,-1.E0));
#2333=VECTOR('',#2332,1.75E0);
#2334=CARTESIAN_POINT('',(7.975146232954E0,-3.282229131085E0,
-9.451309561373E-1));
#2335=LINE('',#2334,#2333);
#2336=DIRECTION('',(1.E0,0.E0,0.E0));
#2337=VECTOR('',#2336,9.703951742784E-1);
#2338=CARTESIAN_POINT('',(7.004751058676E0,-3.282229131085E0,
-9.451309561373E-1));
#2339=LINE('',#2338,#2337);
#2340=DIRECTION('',(1.E0,0.E0,0.E0));
#2341=VECTOR('',#2340,6.847510586759E-1);
#2342=CARTESIAN_POINT('',(6.32E0,-3.282229131085E0,-2.695130956137E0));
#2343=LINE('',#2342,#2341);
#2344=DIRECTION('',(-1.E0,0.E0,0.E0));
#2345=VECTOR('',#2344,2.36E0);
#2346=CARTESIAN_POINT('',(8.68E0,-3.282229131085E0,-3.365130956137E0));
#2347=LINE('',#2346,#2345);
#2348=DIRECTION('',(0.E0,-1.E0,0.E0));
#2349=VECTOR('',#2348,8.477458689150E-1);
#2350=CARTESIAN_POINT('',(8.68E0,-3.282229131085E0,-2.695130956137E0));
#2351=LINE('',#2350,#2349);
#2352=DIRECTION('',(0.E0,0.E0,1.E0));
#2353=VECTOR('',#2352,6.7E-1);
#2354=CARTESIAN_POINT('',(8.68E0,-3.282229131085E0,-3.365130956137E0));
#2355=LINE('',#2354,#2353);
#2356=DIRECTION('',(0.E0,-1.E0,0.E0));
#2357=VECTOR('',#2356,8.477458689150E-1);
#2358=CARTESIAN_POINT('',(9.32E0,-3.282229131085E0,-2.695130956137E0));
#2359=LINE('',#2358,#2357);
#2360=DIRECTION('',(1.E0,0.E0,0.E0));
#2361=VECTOR('',#2360,6.35E-1);
#2362=CARTESIAN_POINT('',(8.6825E0,-2.517475E0,-2.695130956137E0));
#2363=LINE('',#2362,#2361);
#2364=DIRECTION('',(0.E0,-1.E0,0.E0));
#2365=VECTOR('',#2364,6.350002001624E-1);
#2366=CARTESIAN_POINT('',(8.6825E0,-1.882474799838E0,-2.695130956137E0));
#2367=LINE('',#2366,#2365);
#2368=DIRECTION('',(-1.E0,0.E0,0.E0));
#2369=VECTOR('',#2368,6.35E-1);
#2370=CARTESIAN_POINT('',(9.3175E0,-1.882474799838E0,-2.695130956137E0));
#2371=LINE('',#2370,#2369);
#2372=DIRECTION('',(0.E0,1.E0,0.E0));
#2373=VECTOR('',#2372,6.350002001624E-1);
#2374=CARTESIAN_POINT('',(9.3175E0,-2.517475E0,-2.695130956137E0));
#2375=LINE('',#2374,#2373);
#2376=DIRECTION('',(-1.E0,0.E0,0.E0));
#2377=VECTOR('',#2376,1.605E0);
#2378=CARTESIAN_POINT('',(1.0925E1,-3.282229131085E0,-3.365130956137E0));
#2379=LINE('',#2378,#2377);
#2380=DIRECTION('',(0.E0,0.E0,-1.E0));
#2381=VECTOR('',#2380,2.42E0);
#2382=CARTESIAN_POINT('',(1.0925E1,-3.282229131085E0,-9.451309561373E-1));
#2383=LINE('',#2382,#2381);
#2384=DIRECTION('',(1.E0,0.E0,0.E0));
#2385=VECTOR('',#2384,9.220764602668E-1);
#2386=CARTESIAN_POINT('',(1.000292353973E1,-3.282229131085E0,
-9.451309561373E-1));
#2387=LINE('',#2386,#2385);
#2388=DIRECTION('',(1.E0,0.E0,0.E0));
#2389=VECTOR('',#2388,6.829235397332E-1);
#2390=CARTESIAN_POINT('',(9.32E0,-3.282229131085E0,-2.695130956137E0));
#2391=LINE('',#2390,#2389);
#2392=DIRECTION('',(0.E0,1.E0,0.E0));
#2393=VECTOR('',#2392,8.477458689150E-1);
#2394=CARTESIAN_POINT('',(9.32E0,-4.129975E0,-3.365130956137E0));
#2395=LINE('',#2394,#2393);
#2396=DIRECTION('',(1.E0,0.E0,0.E0));
#2397=VECTOR('',#2396,5.E-1);
#2398=CARTESIAN_POINT('',(1.0025E1,-3.334975E0,-3.365130956137E0));
#2399=LINE('',#2398,#2397);
#2400=DIRECTION('',(1.776356839400E-13,0.E0,-1.E0));
#2401=VECTOR('',#2400,1.E-2);
#2402=CARTESIAN_POINT('',(1.0025E1,-3.334975E0,-3.355130956137E0));
#2403=LINE('',#2402,#2401);
#2404=DIRECTION('',(-1.E0,0.E0,0.E0));
#2405=VECTOR('',#2404,5.E-1);
#2406=CARTESIAN_POINT('',(1.0525E1,-3.334975E0,-3.355130956137E0));
#2407=LINE('',#2406,#2405);
#2408=DIRECTION('',(0.E0,1.E0,0.E0));
#2409=VECTOR('',#2408,7.E-1);
#2410=CARTESIAN_POINT('',(1.0025E1,-4.034975E0,-3.365130956137E0));
#2411=LINE('',#2410,#2409);
#2412=DIRECTION('',(1.776356839400E-13,0.E0,-1.E0));
#2413=VECTOR('',#2412,1.E-2);
#2414=CARTESIAN_POINT('',(1.0025E1,-4.034975E0,-3.355130956137E0));
#2415=LINE('',#2414,#2413);
#2416=DIRECTION('',(0.E0,-1.E0,0.E0));
#2417=VECTOR('',#2416,7.E-1);
#2418=CARTESIAN_POINT('',(1.0025E1,-3.334975E0,-3.355130956137E0));
#2419=LINE('',#2418,#2417);
#2420=DIRECTION('',(-1.E0,0.E0,0.E0));
#2421=VECTOR('',#2420,5.E-1);
#2422=CARTESIAN_POINT('',(1.0525E1,-4.034975E0,-3.365130956137E0));
#2423=LINE('',#2422,#2421);
#2424=DIRECTION('',(1.776356839400E-13,0.E0,-1.E0));
#2425=VECTOR('',#2424,1.E-2);
#2426=CARTESIAN_POINT('',(1.0525E1,-4.034975E0,-3.355130956137E0));
#2427=LINE('',#2426,#2425);
#2428=DIRECTION('',(1.E0,0.E0,0.E0));
#2429=VECTOR('',#2428,5.E-1);
#2430=CARTESIAN_POINT('',(1.0025E1,-4.034975E0,-3.355130956137E0));
#2431=LINE('',#2430,#2429);
#2432=DIRECTION('',(0.E0,-1.E0,0.E0));
#2433=VECTOR('',#2432,7.E-1);
#2434=CARTESIAN_POINT('',(1.0525E1,-3.334975E0,-3.365130956137E0));
#2435=LINE('',#2434,#2433);
#2436=DIRECTION('',(1.776356839400E-13,0.E0,-1.E0));
#2437=VECTOR('',#2436,1.E-2);
#2438=CARTESIAN_POINT('',(1.0525E1,-3.334975E0,-3.355130956137E0));
#2439=LINE('',#2438,#2437);
#2440=DIRECTION('',(0.E0,1.E0,0.E0));
#2441=VECTOR('',#2440,7.E-1);
#2442=CARTESIAN_POINT('',(1.0525E1,-4.034975E0,-3.355130956137E0));
#2443=LINE('',#2442,#2441);
#2444=CARTESIAN_POINT('',(1.04E1,-3.558408103095E0,-3.355130956137E0));
#2445=CARTESIAN_POINT('',(1.035347222222E1,-3.542291449220E0,
-3.355130956137E0));
#2446=CARTESIAN_POINT('',(1.026982565488E1,-3.501310736895E0,
-3.355130956137E0));
#2447=CARTESIAN_POINT('',(1.021822916667E1,-3.454545222563E0,
-3.355130956137E0));
#2448=CARTESIAN_POINT('',(1.020381944444E1,-3.432928440778E0,
-3.355130956137E0));
#2450=CARTESIAN_POINT('',(1.023333333333E1,-3.543826368636E0,
-3.355130956137E0));
#2451=CARTESIAN_POINT('',(1.024340277778E1,-3.550861415963E0,
-3.355130956137E0));
#2452=CARTESIAN_POINT('',(1.026622321322E1,-3.564806998842E0,
-3.355130956137E0));
#2453=CARTESIAN_POINT('',(1.031199056062E1,-3.586482771720E0,
-3.355130956137E0));
#2454=CARTESIAN_POINT('',(1.035992910747E1,-3.605549760888E0,
-3.355130956137E0));
#2455=CARTESIAN_POINT('',(1.038706597222E1,-3.614240796879E0,
-3.355130956137E0));
#2456=CARTESIAN_POINT('',(1.04E1,-3.617758320542E0,-3.355130956137E0));
#2458=DIRECTION('',(-1.E0,0.E0,0.E0));
#2459=VECTOR('',#2458,5.381944444440E-2);
#2460=CARTESIAN_POINT('',(1.020381944444E1,-3.432928440778E0,
-3.365130956137E0));
#2461=LINE('',#2460,#2459);
#2462=DIRECTION('',(1.E0,0.E0,0.E0));
#2463=VECTOR('',#2462,5.381944444440E-2);
#2464=CARTESIAN_POINT('',(1.015E1,-3.432928440778E0,-3.355130956137E0));
#2465=LINE('',#2464,#2463);
#2466=CARTESIAN_POINT('',(1.04E1,-3.617758320542E0,-3.365130956137E0));
#2467=CARTESIAN_POINT('',(1.038706597222E1,-3.614240796879E0,
-3.365130956137E0));
#2468=CARTESIAN_POINT('',(1.035992910747E1,-3.605549760888E0,
-3.365130956137E0));
#2469=CARTESIAN_POINT('',(1.031199056062E1,-3.586482771720E0,
-3.365130956137E0));
#2470=CARTESIAN_POINT('',(1.026622321322E1,-3.564806998842E0,
-3.365130956137E0));
#2471=CARTESIAN_POINT('',(1.024340277778E1,-3.550861415963E0,
-3.365130956137E0));
#2472=CARTESIAN_POINT('',(1.023333333333E1,-3.543826368636E0,
-3.365130956137E0));
#2474=CARTESIAN_POINT('',(1.020381944444E1,-3.432928440778E0,
-3.365130956137E0));
#2475=CARTESIAN_POINT('',(1.021822916667E1,-3.454545222563E0,
-3.365130956137E0));
#2476=CARTESIAN_POINT('',(1.026982565488E1,-3.501310736895E0,
-3.365130956137E0));
#2477=CARTESIAN_POINT('',(1.035347222222E1,-3.542291449220E0,
-3.365130956137E0));
#2478=CARTESIAN_POINT('',(1.04E1,-3.558408103095E0,-3.365130956137E0));
#2480=DIRECTION('',(0.E0,-1.E0,0.E0));
#2481=VECTOR('',#2480,5.020465592223E-1);
#2482=CARTESIAN_POINT('',(1.015E1,-3.432928440778E0,-3.365130956137E0));
#2483=LINE('',#2482,#2481);
#2484=DIRECTION('',(1.776356839400E-13,0.E0,-1.E0));
#2485=VECTOR('',#2484,1.E-2);
#2486=CARTESIAN_POINT('',(1.015E1,-3.432928440778E0,-3.355130956137E0));
#2487=LINE('',#2486,#2485);
#2488=DIRECTION('',(0.E0,1.E0,0.E0));
#2489=VECTOR('',#2488,5.020465592223E-1);
#2490=CARTESIAN_POINT('',(1.015E1,-3.934975E0,-3.355130956137E0));
#2491=LINE('',#2490,#2489);
#2492=DIRECTION('',(1.E0,0.E0,0.E0));
#2493=VECTOR('',#2492,8.333333333330E-2);
#2494=CARTESIAN_POINT('',(1.015E1,-3.934975E0,-3.365130956137E0));
#2495=LINE('',#2494,#2493);
#2496=DIRECTION('',(1.776356839400E-13,0.E0,-1.E0));
#2497=VECTOR('',#2496,1.E-2);
#2498=CARTESIAN_POINT('',(1.015E1,-3.934975E0,-3.355130956137E0));
#2499=LINE('',#2498,#2497);
#2500=DIRECTION('',(-1.E0,0.E0,0.E0));
#2501=VECTOR('',#2500,8.333333333330E-2);
#2502=CARTESIAN_POINT('',(1.023333333333E1,-3.934975E0,-3.355130956137E0));
#2503=LINE('',#2502,#2501);
#2504=DIRECTION('',(0.E0,1.E0,0.E0));
#2505=VECTOR('',#2504,3.911486313635E-1);
#2506=CARTESIAN_POINT('',(1.023333333333E1,-3.934975E0,-3.365130956137E0));
#2507=LINE('',#2506,#2505);
#2508=DIRECTION('',(1.776356839400E-13,0.E0,-1.E0));
#2509=VECTOR('',#2508,1.E-2);
#2510=CARTESIAN_POINT('',(1.023333333333E1,-3.934975E0,-3.355130956137E0));
#2511=LINE('',#2510,#2509);
#2512=DIRECTION('',(0.E0,-1.E0,0.E0));
#2513=VECTOR('',#2512,3.911486313635E-1);
#2514=CARTESIAN_POINT('',(1.023333333333E1,-3.543826368636E0,
-3.355130956137E0));
#2515=LINE('',#2514,#2513);
#2516=DIRECTION('',(3.552713678801E-13,0.E0,-1.E0));
#2517=VECTOR('',#2516,1.E-2);
#2518=CARTESIAN_POINT('',(1.023333333333E1,-3.543826368636E0,
-3.355130956137E0));
#2519=LINE('',#2518,#2517);
#2520=DIRECTION('',(0.E0,0.E0,1.E0));
#2521=VECTOR('',#2520,1.E-2);
#2522=CARTESIAN_POINT('',(1.04E1,-3.617758320542E0,-3.365130956137E0));
#2523=LINE('',#2522,#2521);
#2524=DIRECTION('',(0.E0,1.E0,0.E0));
#2525=VECTOR('',#2524,5.935021744692E-2);
#2526=CARTESIAN_POINT('',(1.04E1,-3.617758320542E0,-3.365130956137E0));
#2527=LINE('',#2526,#2525);
#2528=DIRECTION('',(0.E0,-1.E0,0.E0));
#2529=VECTOR('',#2528,5.935021744692E-2);
#2530=CARTESIAN_POINT('',(1.04E1,-3.558408103095E0,-3.355130956137E0));
#2531=LINE('',#2530,#2529);
#2532=DIRECTION('',(0.E0,0.E0,-1.E0));
#2533=VECTOR('',#2532,9.999999999999E-3);
#2534=CARTESIAN_POINT('',(1.04E1,-3.558408103095E0,-3.355130956137E0));
#2535=LINE('',#2534,#2533);
#2536=DIRECTION('',(-1.776356839400E-13,0.E0,1.E0));
#2537=VECTOR('',#2536,9.999999999999E-3);
#2538=CARTESIAN_POINT('',(1.020381944444E1,-3.432928440778E0,
-3.365130956137E0));
#2539=LINE('',#2538,#2537);
#2540=DIRECTION('',(0.E0,1.E0,0.E0));
#2541=VECTOR('',#2540,5.163892997459E0);
#2542=CARTESIAN_POINT('',(1.0925E1,-3.282229131085E0,-9.451309561373E-1));
#2543=LINE('',#2542,#2541);
#2544=DIRECTION('',(0.E0,1.E0,0.E0));
#2545=VECTOR('',#2544,8.477458689150E-1);
#2546=CARTESIAN_POINT('',(1.0925E1,-4.129975E0,-3.365130956137E0));
#2547=LINE('',#2546,#2545);
#2548=DIRECTION('',(0.E0,0.E0,1.E0));
#2549=VECTOR('',#2548,9.91E0);
#2550=CARTESIAN_POINT('',(1.0925E1,2.730025E0,-3.365130956137E0));
#2551=LINE('',#2550,#2549);
#2552=DIRECTION('',(0.E0,1.E0,0.E0));
#2553=VECTOR('',#2552,8.483611336257E-1);
#2554=CARTESIAN_POINT('',(1.0925E1,1.881663866374E0,-3.365130956137E0));
#2555=LINE('',#2554,#2553);
#2556=DIRECTION('',(0.E0,1.E0,0.E0));
#2557=VECTOR('',#2556,2.258857215526E0);
#2558=CARTESIAN_POINT('',(1.000292353973E1,-3.282229131085E0,
-2.695130956137E0));
#2559=LINE('',#2558,#2557);
#2560=DIRECTION('',(0.E0,0.E0,-1.E0));
#2561=VECTOR('',#2560,1.75E0);
#2562=CARTESIAN_POINT('',(1.000292353973E1,-3.282229131085E0,
-9.451309561373E-1));
#2563=LINE('',#2562,#2561);
#2564=DIRECTION('',(0.E0,-1.E0,0.E0));
#2565=VECTOR('',#2564,5.163892997459E0);
#2566=CARTESIAN_POINT('',(1.000292353973E1,1.881663866374E0,
-9.451309561373E-1));
#2567=LINE('',#2566,#2565);
#2568=DIRECTION('',(0.E0,1.E0,0.E0));
#2569=VECTOR('',#2568,2.258241950815E0);
#2570=CARTESIAN_POINT('',(1.000292353973E1,-3.765780844405E-1,
-2.695130956137E0));
#2571=LINE('',#2570,#2569);
#2572=DIRECTION('',(0.E0,0.E0,-1.E0));
#2573=VECTOR('',#2572,6.7E-1);
#2574=CARTESIAN_POINT('',(1.000292353973E1,-3.765780844405E-1,
-2.025130956137E0));
#2575=LINE('',#2574,#2573);
#2576=DIRECTION('',(0.E0,1.E0,0.E0));
#2577=VECTOR('',#2576,6.467938311189E-1);
#2578=CARTESIAN_POINT('',(1.000292353973E1,-1.023371915559E0,
-2.025130956137E0));
#2579=LINE('',#2578,#2577);
#2580=DIRECTION('',(0.E0,0.E0,1.E0));
#2581=VECTOR('',#2580,6.7E-1);
#2582=CARTESIAN_POINT('',(1.000292353973E1,-1.023371915559E0,
-2.695130956137E0));
#2583=LINE('',#2582,#2581);
#2584=DIRECTION('',(-1.E0,0.E0,0.E0));
#2585=VECTOR('',#2584,6.829235397332E-1);
#2586=CARTESIAN_POINT('',(1.000292353973E1,1.881663866374E0,-2.695130956137E0));
#2587=LINE('',#2586,#2585);
#2588=DIRECTION('',(0.E0,0.E0,-1.E0));
#2589=VECTOR('',#2588,1.75E0);
#2590=CARTESIAN_POINT('',(1.000292353973E1,1.881663866374E0,
-9.451309561373E-1));
#2591=LINE('',#2590,#2589);
#2592=DIRECTION('',(-1.E0,0.E0,0.E0));
#2593=VECTOR('',#2592,9.220764602668E-1);
#2594=CARTESIAN_POINT('',(1.0925E1,1.881663866374E0,-9.451309561373E-1));
#2595=LINE('',#2594,#2593);
#2596=DIRECTION('',(0.E0,0.E0,1.E0));
#2597=VECTOR('',#2596,2.42E0);
#2598=CARTESIAN_POINT('',(1.0925E1,1.881663866374E0,-3.365130956137E0));
#2599=LINE('',#2598,#2597);
#2600=DIRECTION('',(1.E0,0.E0,0.E0));
#2601=VECTOR('',#2600,1.605E0);
#2602=CARTESIAN_POINT('',(9.32E0,1.881663866374E0,-3.365130956137E0));
#2603=LINE('',#2602,#2601);
#2604=DIRECTION('',(0.E0,0.E0,1.E0));
#2605=VECTOR('',#2604,6.7E-1);
#2606=CARTESIAN_POINT('',(9.32E0,1.881663866374E0,-3.365130956137E0));
#2607=LINE('',#2606,#2605);
#2608=DIRECTION('',(0.E0,0.E0,-1.E0));
#2609=VECTOR('',#2608,6.7E-1);
#2610=CARTESIAN_POINT('',(9.32E0,2.730025E0,-2.695130956137E0));
#2611=LINE('',#2610,#2609);
#2612=DIRECTION('',(0.E0,-1.E0,0.E0));
#2613=VECTOR('',#2612,8.483611336257E-1);
#2614=CARTESIAN_POINT('',(9.32E0,2.730025E0,-2.695130956137E0));
#2615=LINE('',#2614,#2613);
#2616=DIRECTION('',(1.E0,0.E0,0.E0));
#2617=VECTOR('',#2616,6.4E-1);
#2618=CARTESIAN_POINT('',(8.68E0,2.730025E0,-2.695130956137E0));
#2619=LINE('',#2618,#2617);
#2620=DIRECTION('',(-1.E0,0.E0,0.E0));
#2621=VECTOR('',#2620,2.027777306779E0);
#2622=CARTESIAN_POINT('',(1.000292353973E1,-3.765780844405E-1,
-2.695130956137E0));
#2623=LINE('',#2622,#2621);
#2624=DIRECTION('',(1.E0,0.E0,0.E0));
#2625=VECTOR('',#2624,6.35E-1);
#2626=CARTESIAN_POINT('',(8.6825E0,4.82525E-1,-2.695130956137E0));
#2627=LINE('',#2626,#2625);
#2628=DIRECTION('',(0.E0,-1.E0,0.E0));
#2629=VECTOR('',#2628,6.350002001624E-1);
#2630=CARTESIAN_POINT('',(8.6825E0,1.117525200162E0,-2.695130956137E0));
#2631=LINE('',#2630,#2629);
#2632=DIRECTION('',(-1.E0,0.E0,0.E0));
#2633=VECTOR('',#2632,6.35E-1);
#2634=CARTESIAN_POINT('',(9.3175E0,1.117525200162E0,-2.695130956137E0));
#2635=LINE('',#2634,#2633);
#2636=DIRECTION('',(0.E0,1.E0,0.E0));
#2637=VECTOR('',#2636,6.350002001624E-1);
#2638=CARTESIAN_POINT('',(9.3175E0,4.82525E-1,-2.695130956137E0));
#2639=LINE('',#2638,#2637);
#2640=DIRECTION('',(-1.E0,0.E0,0.E0));
#2641=VECTOR('',#2640,1.605E0);
#2642=CARTESIAN_POINT('',(-9.32E0,2.730025E0,-3.365130956137E0));
#2643=LINE('',#2642,#2641);
#2644=DIRECTION('',(-1.E0,0.E0,0.E0));
#2645=VECTOR('',#2644,2.36E0);
#2646=CARTESIAN_POINT('',(-6.32E0,2.730025E0,-3.365130956137E0));
#2647=LINE('',#2646,#2645);
#2648=DIRECTION('',(-1.E0,0.E0,0.E0));
#2649=VECTOR('',#2648,2.36E0);
#2650=CARTESIAN_POINT('',(-3.32E0,2.730025E0,-3.365130956137E0));
#2651=LINE('',#2650,#2649);
#2652=DIRECTION('',(-1.E0,0.E0,0.E0));
#2653=VECTOR('',#2652,2.36E0);
#2654=CARTESIAN_POINT('',(-3.2E-1,2.730025E0,-3.365130956137E0));
#2655=LINE('',#2654,#2653);
#2656=DIRECTION('',(-1.E0,0.E0,0.E0));
#2657=VECTOR('',#2656,2.36E0);
#2658=CARTESIAN_POINT('',(2.68E0,2.730025E0,-3.365130956137E0));
#2659=LINE('',#2658,#2657);
#2660=DIRECTION('',(-1.E0,0.E0,0.E0));
#2661=VECTOR('',#2660,2.36E0);
#2662=CARTESIAN_POINT('',(5.68E0,2.730025E0,-3.365130956137E0));
#2663=LINE('',#2662,#2661);
#2664=DIRECTION('',(-1.E0,0.E0,0.E0));
#2665=VECTOR('',#2664,2.36E0);
#2666=CARTESIAN_POINT('',(8.68E0,2.730025E0,-3.365130956137E0));
#2667=LINE('',#2666,#2665);
#2668=DIRECTION('',(-1.E0,0.E0,0.E0));
#2669=VECTOR('',#2668,1.605E0);
#2670=CARTESIAN_POINT('',(1.0925E1,2.730025E0,-3.365130956137E0));
#2671=LINE('',#2670,#2669);
#2672=DIRECTION('',(0.E0,0.E0,1.E0));
#2673=VECTOR('',#2672,9.91E0);
#2674=CARTESIAN_POINT('',(-1.0925E1,2.730025E0,-3.365130956137E0));
#2675=LINE('',#2674,#2673);
#2676=DIRECTION('',(0.E0,0.E0,1.E0));
#2677=VECTOR('',#2676,3.085822404507E0);
#2678=CARTESIAN_POINT('',(7.E-1,2.730025E0,2.919046639355E0));
#2679=LINE('',#2678,#2677);
#2680=DIRECTION('',(0.E0,1.E0,0.E0));
#2681=VECTOR('',#2680,8.483611336257E-1);
#2682=CARTESIAN_POINT('',(-9.32E0,1.881663866374E0,-3.365130956137E0));
#2683=LINE('',#2682,#2681);
#2684=DIRECTION('',(0.E0,0.E0,-1.E0));
#2685=VECTOR('',#2684,6.7E-1);
#2686=CARTESIAN_POINT('',(-9.32E0,1.881663866374E0,-2.695130956137E0));
#2687=LINE('',#2686,#2685);
#2688=DIRECTION('',(0.E0,-1.E0,0.E0));
#2689=VECTOR('',#2688,8.483611336257E-1);
#2690=CARTESIAN_POINT('',(-9.32E0,2.730025E0,-2.695130956137E0));
#2691=LINE('',#2690,#2689);
#2692=DIRECTION('',(0.E0,0.E0,1.E0));
#2693=VECTOR('',#2692,6.7E-1);
#2694=CARTESIAN_POINT('',(-9.32E0,2.730025E0,-3.365130956137E0));
#2695=LINE('',#2694,#2693);
#2696=DIRECTION('',(0.E0,0.E0,-1.E0));
#2697=VECTOR('',#2696,6.7E-1);
#2698=CARTESIAN_POINT('',(-9.6275E0,1.881663866374E0,-2.695130956137E0));
#2699=LINE('',#2698,#2697);
#2700=DIRECTION('',(-1.E0,0.E0,0.E0));
#2701=VECTOR('',#2700,3.075E-1);
#2702=CARTESIAN_POINT('',(-9.32E0,1.881663866374E0,-2.695130956137E0));
#2703=LINE('',#2702,#2701);
#2704=DIRECTION('',(1.E0,0.E0,0.E0));
#2705=VECTOR('',#2704,3.075E-1);
#2706=CARTESIAN_POINT('',(-9.6275E0,1.881663866374E0,-3.365130956137E0));
#2707=LINE('',#2706,#2705);
#2708=DIRECTION('',(0.E0,-1.E0,0.E0));
#2709=VECTOR('',#2708,1.016388663743E-1);
#2710=CARTESIAN_POINT('',(-9.6275E0,1.881663866374E0,-2.695130956137E0));
#2711=LINE('',#2710,#2709);
#2712=CARTESIAN_POINT('',(-1.02775E1,1.780025E0,-2.695130956137E0));
#2713=DIRECTION('',(0.E0,0.E0,1.E0));
#2714=DIRECTION('',(3.115384615385E-1,-9.502335433893E-1,0.E0));
#2715=AXIS2_PLACEMENT_3D('',#2712,#2713,#2714);
#2717=DIRECTION('',(0.E0,1.E0,0.E0));
#2718=VECTOR('',#2717,2.900940657119E-1);
#2719=CARTESIAN_POINT('',(-1.0075E1,8.722791310850E-1,-2.695130956137E0));
#2720=LINE('',#2719,#2718);
#2721=DIRECTION('',(-1.E0,0.E0,0.E0));
#2722=VECTOR('',#2721,2.027777306779E0);
#2723=CARTESIAN_POINT('',(-7.986111346611E0,-3.765780844405E-1,
-2.695130956137E0));
#2724=LINE('',#2723,#2722);
#2725=DIRECTION('',(0.E0,-1.E0,0.E0));
#2726=VECTOR('',#2725,8.483611336257E-1);
#2727=CARTESIAN_POINT('',(-8.68E0,2.730025E0,-2.695130956137E0));
#2728=LINE('',#2727,#2726);
#2729=DIRECTION('',(1.E0,0.E0,0.E0));
#2730=VECTOR('',#2729,6.4E-1);
#2731=CARTESIAN_POINT('',(-9.32E0,2.730025E0,-2.695130956137E0));
#2732=LINE('',#2731,#2730);
#2733=DIRECTION('',(1.E0,0.E0,0.E0));
#2734=VECTOR('',#2733,6.35E-1);
#2735=CARTESIAN_POINT('',(-9.3175E0,4.82525E-1,-2.695130956137E0));
#2736=LINE('',#2735,#2734);
#2737=DIRECTION('',(0.E0,-1.E0,0.E0));
#2738=VECTOR('',#2737,6.350002001624E-1);
#2739=CARTESIAN_POINT('',(-9.3175E0,1.117525200162E0,-2.695130956137E0));
#2740=LINE('',#2739,#2738);
#2741=DIRECTION('',(-1.E0,0.E0,0.E0));
#2742=VECTOR('',#2741,6.35E-1);
#2743=CARTESIAN_POINT('',(-8.6825E0,1.117525200162E0,-2.695130956137E0));
#2744=LINE('',#2743,#2742);
#2745=DIRECTION('',(0.E0,1.E0,0.E0));
#2746=VECTOR('',#2745,6.350002001624E-1);
#2747=CARTESIAN_POINT('',(-8.6825E0,4.82525E-1,-2.695130956137E0));
#2748=LINE('',#2747,#2746);
#2749=DIRECTION('',(-1.E0,0.E0,0.E0));
#2750=VECTOR('',#2749,2.027777306779E0);
#2751=CARTESIAN_POINT('',(-7.986111346611E0,-3.765780844405E-1,
-2.025130956137E0));
#2752=LINE('',#2751,#2750);
#2753=DIRECTION('',(-1.E0,0.E0,0.E0));
#2754=VECTOR('',#2753,6.938886533894E-1);
#2755=CARTESIAN_POINT('',(-7.986111346611E0,1.881663866374E0,
-2.695130956137E0));
#2756=LINE('',#2755,#2754);
#2757=DIRECTION('',(0.E0,0.E0,-1.E0));
#2758=VECTOR('',#2757,1.75E0);
#2759=CARTESIAN_POINT('',(-7.986111346611E0,1.881663866374E0,
-9.451309561373E-1));
#2760=LINE('',#2759,#2758);
#2761=DIRECTION('',(-1.E0,0.E0,0.E0));
#2762=VECTOR('',#2761,9.703951742784E-1);
#2763=CARTESIAN_POINT('',(-7.015716172332E0,1.881663866374E0,
-9.451309561373E-1));
#2764=LINE('',#2763,#2762);
#2765=DIRECTION('',(-1.E0,0.E0,0.E0));
#2766=VECTOR('',#2765,6.957161723321E-1);
#2767=CARTESIAN_POINT('',(-6.32E0,1.881663866374E0,-2.695130956137E0));
#2768=LINE('',#2767,#2766);
#2769=DIRECTION('',(1.E0,0.E0,0.E0));
#2770=VECTOR('',#2769,2.36E0);
#2771=CARTESIAN_POINT('',(-8.68E0,1.881663866374E0,-3.365130956137E0));
#2772=LINE('',#2771,#2770);
#2773=DIRECTION('',(0.E0,0.E0,1.E0));
#2774=VECTOR('',#2773,6.7E-1);
#2775=CARTESIAN_POINT('',(-8.68E0,1.881663866374E0,-3.365130956137E0));
#2776=LINE('',#2775,#2774);
#2777=DIRECTION('',(0.E0,-1.E0,0.E0));
#2778=VECTOR('',#2777,8.483611336257E-1);
#2779=CARTESIAN_POINT('',(-8.68E0,2.730025E0,-3.365130956137E0));
#2780=LINE('',#2779,#2778);
#2781=DIRECTION('',(0.E0,0.E0,-1.E0));
#2782=VECTOR('',#2781,6.7E-1);
#2783=CARTESIAN_POINT('',(-8.68E0,2.730025E0,-2.695130956137E0));
#2784=LINE('',#2783,#2782);
#2785=DIRECTION('',(0.E0,-1.E0,0.E0));
#2786=VECTOR('',#2785,8.483611336257E-1);
#2787=CARTESIAN_POINT('',(-6.32E0,2.730025E0,-3.365130956137E0));
#2788=LINE('',#2787,#2786);
#2789=DIRECTION('',(0.E0,0.E0,-1.E0));
#2790=VECTOR('',#2789,6.7E-1);
#2791=CARTESIAN_POINT('',(-6.32E0,1.881663866374E0,-2.695130956137E0));
#2792=LINE('',#2791,#2790);
#2793=DIRECTION('',(0.E0,-1.E0,0.E0));
#2794=VECTOR('',#2793,8.483611336257E-1);
#2795=CARTESIAN_POINT('',(-6.32E0,2.730025E0,-2.695130956137E0));
#2796=LINE('',#2795,#2794);
#2797=DIRECTION('',(0.E0,0.E0,1.E0));
#2798=VECTOR('',#2797,6.7E-1);
#2799=CARTESIAN_POINT('',(-6.32E0,2.730025E0,-3.365130956137E0));
#2800=LINE('',#2799,#2798);
#2801=DIRECTION('',(0.E0,-1.E0,0.E0));
#2802=VECTOR('',#2801,8.483611336257E-1);
#2803=CARTESIAN_POINT('',(-5.68E0,2.730025E0,-2.695130956137E0));
#2804=LINE('',#2803,#2802);
#2805=DIRECTION('',(1.E0,0.E0,0.E0));
#2806=VECTOR('',#2805,6.4E-1);
#2807=CARTESIAN_POINT('',(-6.32E0,2.730025E0,-2.695130956137E0));
#2808=LINE('',#2807,#2806);
#2809=DIRECTION('',(-1.E0,0.E0,0.E0));
#2810=VECTOR('',#2809,2.027777306779E0);
#2811=CARTESIAN_POINT('',(-4.987938865553E0,-3.765780844405E-1,
-2.695130956137E0));
#2812=LINE('',#2811,#2810);
#2813=DIRECTION('',(1.E0,0.E0,0.E0));
#2814=VECTOR('',#2813,6.35E-1);
#2815=CARTESIAN_POINT('',(-6.3175E0,4.82525E-1,-2.695130956137E0));
#2816=LINE('',#2815,#2814);
#2817=DIRECTION('',(0.E0,-1.E0,0.E0));
#2818=VECTOR('',#2817,6.350002001624E-1);
#2819=CARTESIAN_POINT('',(-6.3175E0,1.117525200162E0,-2.695130956137E0));
#2820=LINE('',#2819,#2818);
#2821=DIRECTION('',(-1.E0,0.E0,0.E0));
#2822=VECTOR('',#2821,6.35E-1);
#2823=CARTESIAN_POINT('',(-5.6825E0,1.117525200162E0,-2.695130956137E0));
#2824=LINE('',#2823,#2822);
#2825=DIRECTION('',(0.E0,1.E0,0.E0));
#2826=VECTOR('',#2825,6.350002001624E-1);
#2827=CARTESIAN_POINT('',(-5.6825E0,4.82525E-1,-2.695130956137E0));
#2828=LINE('',#2827,#2826);
#2829=DIRECTION('',(0.E0,1.E0,0.E0));
#2830=VECTOR('',#2829,2.258857215526E0);
#2831=CARTESIAN_POINT('',(-4.987938865553E0,-3.282229131085E0,
-2.695130956137E0));
#2832=LINE('',#2831,#2830);
#2833=DIRECTION('',(0.E0,0.E0,-1.E0));
#2834=VECTOR('',#2833,1.75E0);
#2835=CARTESIAN_POINT('',(-4.987938865553E0,-3.282229131085E0,
-9.451309561373E-1));
#2836=LINE('',#2835,#2834);
#2837=DIRECTION('',(0.E0,-1.E0,0.E0));
#2838=VECTOR('',#2837,5.163892997459E0);
#2839=CARTESIAN_POINT('',(-4.987938865553E0,1.881663866374E0,
-9.451309561373E-1));
#2840=LINE('',#2839,#2838);
#2841=DIRECTION('',(0.E0,1.E0,0.E0));
#2842=VECTOR('',#2841,2.258241950815E0);
#2843=CARTESIAN_POINT('',(-4.987938865553E0,-3.765780844405E-1,
-2.695130956137E0));
#2844=LINE('',#2843,#2842);
#2845=DIRECTION('',(0.E0,0.E0,-1.E0));
#2846=VECTOR('',#2845,6.7E-1);
#2847=CARTESIAN_POINT('',(-4.987938865553E0,-3.765780844405E-1,
-2.025130956137E0));
#2848=LINE('',#2847,#2846);
#2849=DIRECTION('',(0.E0,1.E0,0.E0));
#2850=VECTOR('',#2849,6.467938311189E-1);
#2851=CARTESIAN_POINT('',(-4.987938865553E0,-1.023371915559E0,
-2.025130956137E0));
#2852=LINE('',#2851,#2850);
#2853=DIRECTION('',(0.E0,0.E0,1.E0));
#2854=VECTOR('',#2853,6.7E-1);
#2855=CARTESIAN_POINT('',(-4.987938865553E0,-1.023371915559E0,
-2.695130956137E0));
#2856=LINE('',#2855,#2854);
#2857=DIRECTION('',(0.E0,-1.E0,0.E0));
#2858=VECTOR('',#2857,8.477458689150E-1);
#2859=CARTESIAN_POINT('',(-5.68E0,-3.282229131085E0,-2.695130956137E0));
#2860=LINE('',#2859,#2858);
#2861=DIRECTION('',(1.E0,0.E0,0.E0));
#2862=VECTOR('',#2861,6.35E-1);
#2863=CARTESIAN_POINT('',(-6.3175E0,-2.517475E0,-2.695130956137E0));
#2864=LINE('',#2863,#2862);
#2865=DIRECTION('',(0.E0,-1.E0,0.E0));
#2866=VECTOR('',#2865,6.350002001624E-1);
#2867=CARTESIAN_POINT('',(-6.3175E0,-1.882474799838E0,-2.695130956137E0));
#2868=LINE('',#2867,#2866);
#2869=DIRECTION('',(-1.E0,0.E0,0.E0));
#2870=VECTOR('',#2869,6.35E-1);
#2871=CARTESIAN_POINT('',(-5.6825E0,-1.882474799838E0,-2.695130956137E0));
#2872=LINE('',#2871,#2870);
#2873=DIRECTION('',(0.E0,1.E0,0.E0));
#2874=VECTOR('',#2873,6.350002001624E-1);
#2875=CARTESIAN_POINT('',(-5.6825E0,-2.517475E0,-2.695130956137E0));
#2876=LINE('',#2875,#2874);
#2877=DIRECTION('',(1.E0,0.E0,0.E0));
#2878=VECTOR('',#2877,6.975436912749E-1);
#2879=CARTESIAN_POINT('',(-4.017543691275E0,-3.282229131085E0,
-2.695130956137E0));
#2880=LINE('',#2879,#2878);
#2881=DIRECTION('',(0.E0,0.E0,-1.E0));
#2882=VECTOR('',#2881,1.75E0);
#2883=CARTESIAN_POINT('',(-4.017543691275E0,-3.282229131085E0,
-9.451309561373E-1));
#2884=LINE('',#2883,#2882);
#2885=DIRECTION('',(1.E0,0.E0,0.E0));
#2886=VECTOR('',#2885,9.703951742784E-1);
#2887=CARTESIAN_POINT('',(-4.987938865553E0,-3.282229131085E0,
-9.451309561373E-1));
#2888=LINE('',#2887,#2886);
#2889=DIRECTION('',(1.E0,0.E0,0.E0));
#2890=VECTOR('',#2889,6.920611344467E-1);
#2891=CARTESIAN_POINT('',(-5.68E0,-3.282229131085E0,-2.695130956137E0));
#2892=LINE('',#2891,#2890);
#2893=DIRECTION('',(-1.E0,0.E0,0.E0));
#2894=VECTOR('',#2893,2.36E0);
#2895=CARTESIAN_POINT('',(-3.32E0,-3.282229131085E0,-3.365130956137E0));
#2896=LINE('',#2895,#2894);
#2897=DIRECTION('',(0.E0,-1.E0,0.E0));
#2898=VECTOR('',#2897,8.477458689150E-1);
#2899=CARTESIAN_POINT('',(-3.32E0,-3.282229131085E0,-2.695130956137E0));
#2900=LINE('',#2899,#2898);
#2901=DIRECTION('',(0.E0,0.E0,1.E0));
#2902=VECTOR('',#2901,6.7E-1);
#2903=CARTESIAN_POINT('',(-3.32E0,-3.282229131085E0,-3.365130956137E0));
#2904=LINE('',#2903,#2902);
#2905=DIRECTION('',(0.E0,1.E0,0.E0));
#2906=VECTOR('',#2905,8.477458689150E-1);
#2907=CARTESIAN_POINT('',(-3.32E0,-4.129975E0,-3.365130956137E0));
#2908=LINE('',#2907,#2906);
#2909=DIRECTION('',(0.E0,-1.E0,0.E0));
#2910=VECTOR('',#2909,8.477458689150E-1);
#2911=CARTESIAN_POINT('',(-2.68E0,-3.282229131085E0,-2.695130956137E0));
#2912=LINE('',#2911,#2910);
#2913=DIRECTION('',(1.E0,0.E0,0.E0));
#2914=VECTOR('',#2913,6.35E-1);
#2915=CARTESIAN_POINT('',(-3.3175E0,-2.517475E0,-2.695130956137E0));
#2916=LINE('',#2915,#2914);
#2917=DIRECTION('',(0.E0,-1.E0,0.E0));
#2918=VECTOR('',#2917,6.350002001624E-1);
#2919=CARTESIAN_POINT('',(-3.3175E0,-1.882474799838E0,-2.695130956137E0));
#2920=LINE('',#2919,#2918);
#2921=DIRECTION('',(-1.E0,0.E0,0.E0));
#2922=VECTOR('',#2921,6.35E-1);
#2923=CARTESIAN_POINT('',(-2.6825E0,-1.882474799838E0,-2.695130956137E0));
#2924=LINE('',#2923,#2922);
#2925=DIRECTION('',(0.E0,1.E0,0.E0));
#2926=VECTOR('',#2925,6.350002001624E-1);
#2927=CARTESIAN_POINT('',(-2.6825E0,-2.517475E0,-2.695130956137E0));
#2928=LINE('',#2927,#2926);
#2929=DIRECTION('',(-1.E0,0.E0,0.E0));
#2930=VECTOR('',#2929,2.36E0);
#2931=CARTESIAN_POINT('',(-3.2E-1,-3.282229131085E0,-3.365130956137E0));
#2932=LINE('',#2931,#2930);
#2933=DIRECTION('',(1.E0,0.E0,0.E0));
#2934=VECTOR('',#2933,6.993712102176E-1);
#2935=CARTESIAN_POINT('',(-1.019371210218E0,-3.282229131085E0,
-2.695130956137E0));
#2936=LINE('',#2935,#2934);
#2937=DIRECTION('',(0.E0,0.E0,-1.E0));
#2938=VECTOR('',#2937,1.75E0);
#2939=CARTESIAN_POINT('',(-1.019371210218E0,-3.282229131085E0,
-9.451309561373E-1));
#2940=LINE('',#2939,#2938);
#2941=DIRECTION('',(1.E0,0.E0,0.E0));
#2942=VECTOR('',#2941,9.703951742784E-1);
#2943=CARTESIAN_POINT('',(-1.989766384496E0,-3.282229131085E0,
-9.451309561373E-1));
#2944=LINE('',#2943,#2942);
#2945=DIRECTION('',(1.E0,0.E0,0.E0));
#2946=VECTOR('',#2945,6.902336155040E-1);
#2947=CARTESIAN_POINT('',(-2.68E0,-3.282229131085E0,-2.695130956137E0));
#2948=LINE('',#2947,#2946);
#2949=DIRECTION('',(0.E0,1.E0,0.E0));
#2950=VECTOR('',#2949,8.477458689150E-1);
#2951=CARTESIAN_POINT('',(-2.68E0,-4.129975E0,-3.365130956137E0));
#2952=LINE('',#2951,#2950);
#2953=DIRECTION('',(0.E0,-1.E0,0.E0));
#2954=VECTOR('',#2953,8.477458689150E-1);
#2955=CARTESIAN_POINT('',(-3.2E-1,-3.282229131085E0,-2.695130956137E0));
#2956=LINE('',#2955,#2954);
#2957=DIRECTION('',(0.E0,0.E0,1.E0));
#2958=VECTOR('',#2957,6.7E-1);
#2959=CARTESIAN_POINT('',(-3.2E-1,-3.282229131085E0,-3.365130956137E0));
#2960=LINE('',#2959,#2958);
#2961=DIRECTION('',(0.E0,1.E0,0.E0));
#2962=VECTOR('',#2961,8.477458689150E-1);
#2963=CARTESIAN_POINT('',(-3.2E-1,-4.129975E0,-3.365130956137E0));
#2964=LINE('',#2963,#2962);
#2965=DIRECTION('',(0.E0,-1.E0,0.E0));
#2966=VECTOR('',#2965,8.477458689150E-1);
#2967=CARTESIAN_POINT('',(3.2E-1,-3.282229131085E0,-2.695130956137E0));
#2968=LINE('',#2967,#2966);
#2969=DIRECTION('',(1.E0,0.E0,0.E0));
#2970=VECTOR('',#2969,6.35E-1);
#2971=CARTESIAN_POINT('',(-3.175E-1,-2.517475E0,-2.695130956137E0));
#2972=LINE('',#2971,#2970);
#2973=DIRECTION('',(0.E0,-1.E0,0.E0));
#2974=VECTOR('',#2973,6.350002001624E-1);
#2975=CARTESIAN_POINT('',(-3.175E-1,-1.882474799838E0,-2.695130956137E0));
#2976=LINE('',#2975,#2974);
#2977=DIRECTION('',(-1.E0,0.E0,0.E0));
#2978=VECTOR('',#2977,6.35E-1);
#2979=CARTESIAN_POINT('',(3.175E-1,-1.882474799838E0,-2.695130956137E0));
#2980=LINE('',#2979,#2978);
#2981=DIRECTION('',(0.E0,1.E0,0.E0));
#2982=VECTOR('',#2981,6.350002001624E-1);
#2983=CARTESIAN_POINT('',(3.175E-1,-2.517475E0,-2.695130956137E0));
#2984=LINE('',#2983,#2982);
#2985=DIRECTION('',(1.E0,0.E0,0.E0));
#2986=VECTOR('',#2985,7.011987291603E-1);
#2987=CARTESIAN_POINT('',(1.978801270840E0,-3.282229131085E0,
-2.695130956137E0));
#2988=LINE('',#2987,#2986);
#2989=DIRECTION('',(0.E0,0.E0,-1.E0));
#2990=VECTOR('',#2989,1.75E0);
#2991=CARTESIAN_POINT('',(1.978801270840E0,-3.282229131085E0,
-9.451309561373E-1));
#2992=LINE('',#2991,#2990);
#2993=DIRECTION('',(1.E0,0.E0,0.E0));
#2994=VECTOR('',#2993,9.703951742784E-1);
#2995=CARTESIAN_POINT('',(1.008406096561E0,-3.282229131085E0,
-9.451309561373E-1));
#2996=LINE('',#2995,#2994);
#2997=DIRECTION('',(1.E0,0.E0,0.E0));
#2998=VECTOR('',#2997,6.884060965613E-1);
#2999=CARTESIAN_POINT('',(3.2E-1,-3.282229131085E0,-2.695130956137E0));
#3000=LINE('',#2999,#2998);
#3001=DIRECTION('',(-1.E0,0.E0,0.E0));
#3002=VECTOR('',#3001,2.36E0);
#3003=CARTESIAN_POINT('',(2.68E0,-3.282229131085E0,-3.365130956137E0));
#3004=LINE('',#3003,#3002);
#3005=DIRECTION('',(0.E0,-1.E0,0.E0));
#3006=VECTOR('',#3005,8.477458689150E-1);
#3007=CARTESIAN_POINT('',(2.68E0,-3.282229131085E0,-2.695130956137E0));
#3008=LINE('',#3007,#3006);
#3009=DIRECTION('',(0.E0,0.E0,1.E0));
#3010=VECTOR('',#3009,6.7E-1);
#3011=CARTESIAN_POINT('',(2.68E0,-3.282229131085E0,-3.365130956137E0));
#3012=LINE('',#3011,#3010);
#3013=DIRECTION('',(0.E0,-1.E0,0.E0));
#3014=VECTOR('',#3013,8.477458689150E-1);
#3015=CARTESIAN_POINT('',(3.32E0,-3.282229131085E0,-2.695130956137E0));
#3016=LINE('',#3015,#3014);
#3017=DIRECTION('',(1.E0,0.E0,0.E0));
#3018=VECTOR('',#3017,6.35E-1);
#3019=CARTESIAN_POINT('',(2.6825E0,-2.517475E0,-2.695130956137E0));
#3020=LINE('',#3019,#3018);
#3021=DIRECTION('',(0.E0,-1.E0,0.E0));
#3022=VECTOR('',#3021,6.350002001624E-1);
#3023=CARTESIAN_POINT('',(2.6825E0,-1.882474799838E0,-2.695130956137E0));
#3024=LINE('',#3023,#3022);
#3025=DIRECTION('',(-1.E0,0.E0,0.E0));
#3026=VECTOR('',#3025,6.35E-1);
#3027=CARTESIAN_POINT('',(3.3175E0,-1.882474799838E0,-2.695130956137E0));
#3028=LINE('',#3027,#3026);
#3029=DIRECTION('',(0.E0,1.E0,0.E0));
#3030=VECTOR('',#3029,6.350002001624E-1);
#3031=CARTESIAN_POINT('',(3.3175E0,-2.517475E0,-2.695130956137E0));
#3032=LINE('',#3031,#3030);
#3033=DIRECTION('',(-1.E0,0.E0,0.E0));
#3034=VECTOR('',#3033,2.36E0);
#3035=CARTESIAN_POINT('',(5.68E0,-3.282229131085E0,-3.365130956137E0));
#3036=LINE('',#3035,#3034);
#3037=DIRECTION('',(1.E0,0.E0,0.E0));
#3038=VECTOR('',#3037,7.030262481030E-1);
#3039=CARTESIAN_POINT('',(4.976973751897E0,-3.282229131085E0,
-2.695130956137E0));
#3040=LINE('',#3039,#3038);
#3041=DIRECTION('',(0.E0,0.E0,-1.E0));
#3042=VECTOR('',#3041,1.75E0);
#3043=CARTESIAN_POINT('',(4.976973751897E0,-3.282229131085E0,
-9.451309561373E-1));
#3044=LINE('',#3043,#3042);
#3045=DIRECTION('',(1.E0,0.E0,0.E0));
#3046=VECTOR('',#3045,9.703951742784E-1);
#3047=CARTESIAN_POINT('',(4.006578577619E0,-3.282229131085E0,
-9.451309561373E-1));
#3048=LINE('',#3047,#3046);
#3049=DIRECTION('',(1.E0,0.E0,0.E0));
#3050=VECTOR('',#3049,6.865785776186E-1);
#3051=CARTESIAN_POINT('',(3.32E0,-3.282229131085E0,-2.695130956137E0));
#3052=LINE('',#3051,#3050);
#3053=DIRECTION('',(0.E0,1.E0,0.E0));
#3054=VECTOR('',#3053,8.477458689150E-1);
#3055=CARTESIAN_POINT('',(3.32E0,-4.129975E0,-3.365130956137E0));
#3056=LINE('',#3055,#3054);
#3057=DIRECTION('',(0.E0,-1.E0,0.E0));
#3058=VECTOR('',#3057,8.477458689150E-1);
#3059=CARTESIAN_POINT('',(5.68E0,-3.282229131085E0,-2.695130956137E0));
#3060=LINE('',#3059,#3058);
#3061=DIRECTION('',(0.E0,0.E0,1.E0));
#3062=VECTOR('',#3061,6.7E-1);
#3063=CARTESIAN_POINT('',(5.68E0,-3.282229131085E0,-3.365130956137E0));
#3064=LINE('',#3063,#3062);
#3065=DIRECTION('',(0.E0,1.E0,0.E0));
#3066=VECTOR('',#3065,8.477458689150E-1);
#3067=CARTESIAN_POINT('',(5.68E0,-4.129975E0,-3.365130956137E0));
#3068=LINE('',#3067,#3066);
#3069=DIRECTION('',(0.E0,-1.E0,0.E0));
#3070=VECTOR('',#3069,8.477458689150E-1);
#3071=CARTESIAN_POINT('',(6.32E0,-3.282229131085E0,-2.695130956137E0));
#3072=LINE('',#3071,#3070);
#3073=DIRECTION('',(1.E0,0.E0,0.E0));
#3074=VECTOR('',#3073,6.35E-1);
#3075=CARTESIAN_POINT('',(5.6825E0,-2.517475E0,-2.695130956137E0));
#3076=LINE('',#3075,#3074);
#3077=DIRECTION('',(0.E0,-1.E0,0.E0));
#3078=VECTOR('',#3077,6.350002001624E-1);
#3079=CARTESIAN_POINT('',(5.6825E0,-1.882474799838E0,-2.695130956137E0));
#3080=LINE('',#3079,#3078);
#3081=DIRECTION('',(-1.E0,0.E0,0.E0));
#3082=VECTOR('',#3081,6.35E-1);
#3083=CARTESIAN_POINT('',(6.3175E0,-1.882474799838E0,-2.695130956137E0));
#3084=LINE('',#3083,#3082);
#3085=DIRECTION('',(0.E0,1.E0,0.E0));
#3086=VECTOR('',#3085,6.350002001624E-1);
#3087=CARTESIAN_POINT('',(6.3175E0,-2.517475E0,-2.695130956137E0));
#3088=LINE('',#3087,#3086);
#3089=DIRECTION('',(0.E0,1.E0,0.E0));
#3090=VECTOR('',#3089,2.258857215526E0);
#3091=CARTESIAN_POINT('',(7.004751058676E0,-3.282229131085E0,
-2.695130956137E0));
#3092=LINE('',#3091,#3090);
#3093=DIRECTION('',(0.E0,0.E0,-1.E0));
#3094=VECTOR('',#3093,1.75E0);
#3095=CARTESIAN_POINT('',(7.004751058676E0,-3.282229131085E0,
-9.451309561373E-1));
#3096=LINE('',#3095,#3094);
#3097=DIRECTION('',(0.E0,-1.E0,0.E0));
#3098=VECTOR('',#3097,5.163892997459E0);
#3099=CARTESIAN_POINT('',(7.004751058676E0,1.881663866374E0,
-9.451309561373E-1));
#3100=LINE('',#3099,#3098);
#3101=DIRECTION('',(0.E0,1.E0,0.E0));
#3102=VECTOR('',#3101,2.258241950815E0);
#3103=CARTESIAN_POINT('',(7.004751058676E0,-3.765780844405E-1,
-2.695130956137E0));
#3104=LINE('',#3103,#3102);
#3105=DIRECTION('',(0.E0,0.E0,-1.E0));
#3106=VECTOR('',#3105,6.7E-1);
#3107=CARTESIAN_POINT('',(7.004751058676E0,-3.765780844405E-1,
-2.025130956137E0));
#3108=LINE('',#3107,#3106);
#3109=DIRECTION('',(0.E0,1.E0,0.E0));
#3110=VECTOR('',#3109,6.467938311189E-1);
#3111=CARTESIAN_POINT('',(7.004751058676E0,-1.023371915559E0,
-2.025130956137E0));
#3112=LINE('',#3111,#3110);
#3113=DIRECTION('',(0.E0,0.E0,1.E0));
#3114=VECTOR('',#3113,6.7E-1);
#3115=CARTESIAN_POINT('',(7.004751058676E0,-1.023371915559E0,
-2.695130956137E0));
#3116=LINE('',#3115,#3114);
#3117=DIRECTION('',(0.E0,-1.E0,0.E0));
#3118=VECTOR('',#3117,2.258857215526E0);
#3119=CARTESIAN_POINT('',(7.975146232954E0,-1.023371915559E0,
-2.695130956137E0));
#3120=LINE('',#3119,#3118);
#3121=DIRECTION('',(0.E0,0.E0,-1.E0));
#3122=VECTOR('',#3121,6.7E-1);
#3123=CARTESIAN_POINT('',(7.975146232954E0,-1.023371915559E0,
-2.025130956137E0));
#3124=LINE('',#3123,#3122);
#3125=DIRECTION('',(0.E0,-1.E0,0.E0));
#3126=VECTOR('',#3125,6.467938311189E-1);
#3127=CARTESIAN_POINT('',(7.975146232954E0,-3.765780844405E-1,
-2.025130956137E0));
#3128=LINE('',#3127,#3126);
#3129=DIRECTION('',(0.E0,0.E0,1.E0));
#3130=VECTOR('',#3129,6.7E-1);
#3131=CARTESIAN_POINT('',(7.975146232954E0,-3.765780844405E-1,
-2.695130956137E0));
#3132=LINE('',#3131,#3130);
#3133=DIRECTION('',(0.E0,-1.E0,0.E0));
#3134=VECTOR('',#3133,2.258241950815E0);
#3135=CARTESIAN_POINT('',(7.975146232954E0,1.881663866374E0,-2.695130956137E0));
#3136=LINE('',#3135,#3134);
#3137=DIRECTION('',(0.E0,0.E0,-1.E0));
#3138=VECTOR('',#3137,1.75E0);
#3139=CARTESIAN_POINT('',(7.975146232954E0,1.881663866374E0,
-9.451309561373E-1));
#3140=LINE('',#3139,#3138);
#3141=DIRECTION('',(0.E0,1.E0,0.E0));
#3142=VECTOR('',#3141,5.163892997459E0);
#3143=CARTESIAN_POINT('',(7.975146232954E0,-3.282229131085E0,
-9.451309561373E-1));
#3144=LINE('',#3143,#3142);
#3145=DIRECTION('',(-1.E0,0.E0,0.E0));
#3146=VECTOR('',#3145,2.027777306779E0);
#3147=CARTESIAN_POINT('',(1.000292353973E1,-1.023371915559E0,
-2.695130956137E0));
#3148=LINE('',#3147,#3146);
#3149=DIRECTION('',(-1.E0,0.E0,0.E0));
#3150=VECTOR('',#3149,2.027777306779E0);
#3151=CARTESIAN_POINT('',(1.000292353973E1,-1.023371915559E0,
-2.025130956137E0));
#3152=LINE('',#3151,#3150);
#3153=DIRECTION('',(-1.E0,0.E0,0.E0));
#3154=VECTOR('',#3153,2.027777306779E0);
#3155=CARTESIAN_POINT('',(1.000292353973E1,-3.765780844405E-1,
-2.025130956137E0));
#3156=LINE('',#3155,#3154);
#3157=DIRECTION('',(1.E0,0.E0,0.E0));
#3158=VECTOR('',#3157,2.36E0);
#3159=CARTESIAN_POINT('',(6.32E0,1.881663866374E0,-3.365130956137E0));
#3160=LINE('',#3159,#3158);
#3161=DIRECTION('',(-1.E0,0.E0,0.E0));
#3162=VECTOR('',#3161,6.847510586759E-1);
#3163=CARTESIAN_POINT('',(7.004751058676E0,1.881663866374E0,-2.695130956137E0));
#3164=LINE('',#3163,#3162);
#3165=DIRECTION('',(0.E0,0.E0,-1.E0));
#3166=VECTOR('',#3165,1.75E0);
#3167=CARTESIAN_POINT('',(7.004751058676E0,1.881663866374E0,
-9.451309561373E-1));
#3168=LINE('',#3167,#3166);
#3169=DIRECTION('',(-1.E0,0.E0,0.E0));
#3170=VECTOR('',#3169,9.703951742784E-1);
#3171=CARTESIAN_POINT('',(7.975146232954E0,1.881663866374E0,
-9.451309561373E-1));
#3172=LINE('',#3171,#3170);
#3173=DIRECTION('',(-1.E0,0.E0,0.E0));
#3174=VECTOR('',#3173,7.048537670457E-1);
#3175=CARTESIAN_POINT('',(8.68E0,1.881663866374E0,-2.695130956137E0));
#3176=LINE('',#3175,#3174);
#3177=DIRECTION('',(0.E0,-1.E0,0.E0));
#3178=VECTOR('',#3177,8.483611336257E-1);
#3179=CARTESIAN_POINT('',(8.68E0,2.730025E0,-3.365130956137E0));
#3180=LINE('',#3179,#3178);
#3181=DIRECTION('',(0.E0,0.E0,1.E0));
#3182=VECTOR('',#3181,6.7E-1);
#3183=CARTESIAN_POINT('',(6.32E0,1.881663866374E0,-3.365130956137E0));
#3184=LINE('',#3183,#3182);
#3185=DIRECTION('',(0.E0,-1.E0,0.E0));
#3186=VECTOR('',#3185,8.483611336257E-1);
#3187=CARTESIAN_POINT('',(6.32E0,2.730025E0,-3.365130956137E0));
#3188=LINE('',#3187,#3186);
#3189=DIRECTION('',(0.E0,0.E0,-1.E0));
#3190=VECTOR('',#3189,6.7E-1);
#3191=CARTESIAN_POINT('',(6.32E0,2.730025E0,-2.695130956137E0));
#3192=LINE('',#3191,#3190);
#3193=DIRECTION('',(0.E0,-1.E0,0.E0));
#3194=VECTOR('',#3193,8.483611336257E-1);
#3195=CARTESIAN_POINT('',(6.32E0,2.730025E0,-2.695130956137E0));
#3196=LINE('',#3195,#3194);
#3197=DIRECTION('',(1.E0,0.E0,0.E0));
#3198=VECTOR('',#3197,6.4E-1);
#3199=CARTESIAN_POINT('',(5.68E0,2.730025E0,-2.695130956137E0));
#3200=LINE('',#3199,#3198);
#3201=DIRECTION('',(-1.E0,0.E0,0.E0));
#3202=VECTOR('',#3201,2.027777306779E0);
#3203=CARTESIAN_POINT('',(7.004751058676E0,-3.765780844405E-1,
-2.695130956137E0));
#3204=LINE('',#3203,#3202);
#3205=DIRECTION('',(1.E0,0.E0,0.E0));
#3206=VECTOR('',#3205,6.35E-1);
#3207=CARTESIAN_POINT('',(5.6825E0,4.82525E-1,-2.695130956137E0));
#3208=LINE('',#3207,#3206);
#3209=DIRECTION('',(0.E0,-1.E0,0.E0));
#3210=VECTOR('',#3209,6.350002001624E-1);
#3211=CARTESIAN_POINT('',(5.6825E0,1.117525200162E0,-2.695130956137E0));
#3212=LINE('',#3211,#3210);
#3213=DIRECTION('',(-1.E0,0.E0,0.E0));
#3214=VECTOR('',#3213,6.35E-1);
#3215=CARTESIAN_POINT('',(6.3175E0,1.117525200162E0,-2.695130956137E0));
#3216=LINE('',#3215,#3214);
#3217=DIRECTION('',(0.E0,1.E0,0.E0));
#3218=VECTOR('',#3217,6.350002001624E-1);
#3219=CARTESIAN_POINT('',(6.3175E0,4.82525E-1,-2.695130956137E0));
#3220=LINE('',#3219,#3218);
#3221=DIRECTION('',(0.E0,0.E0,-1.E0));
#3222=VECTOR('',#3221,6.7E-1);
#3223=CARTESIAN_POINT('',(5.68E0,1.881663866374E0,-2.695130956137E0));
#3224=LINE('',#3223,#3222);
#3225=DIRECTION('',(0.E0,-1.E0,0.E0));
#3226=VECTOR('',#3225,8.483611336257E-1);
#3227=CARTESIAN_POINT('',(5.68E0,2.730025E0,-2.695130956137E0));
#3228=LINE('',#3227,#3226);
#3229=DIRECTION('',(0.E0,0.E0,1.E0));
#3230=VECTOR('',#3229,6.7E-1);
#3231=CARTESIAN_POINT('',(5.68E0,2.730025E0,-3.365130956137E0));
#3232=LINE('',#3231,#3230);
#3233=DIRECTION('',(0.E0,1.E0,0.E0));
#3234=VECTOR('',#3233,8.483611336257E-1);
#3235=CARTESIAN_POINT('',(5.68E0,1.881663866374E0,-3.365130956137E0));
#3236=LINE('',#3235,#3234);
#3237=DIRECTION('',(-1.E0,0.E0,0.E0));
#3238=VECTOR('',#3237,6.865785776186E-1);
#3239=CARTESIAN_POINT('',(4.006578577619E0,1.881663866374E0,-2.695130956137E0));
#3240=LINE('',#3239,#3238);
#3241=DIRECTION('',(0.E0,0.E0,-1.E0));
#3242=VECTOR('',#3241,1.75E0);
#3243=CARTESIAN_POINT('',(4.006578577619E0,1.881663866374E0,
-9.451309561373E-1));
#3244=LINE('',#3243,#3242);
#3245=DIRECTION('',(-1.E0,0.E0,0.E0));
#3246=VECTOR('',#3245,9.703951742784E-1);
#3247=CARTESIAN_POINT('',(4.976973751897E0,1.881663866374E0,
-9.451309561373E-1));
#3248=LINE('',#3247,#3246);
#3249=DIRECTION('',(-1.E0,0.E0,0.E0));
#3250=VECTOR('',#3249,7.030262481030E-1);
#3251=CARTESIAN_POINT('',(5.68E0,1.881663866374E0,-2.695130956137E0));
#3252=LINE('',#3251,#3250);
#3253=DIRECTION('',(1.E0,0.E0,0.E0));
#3254=VECTOR('',#3253,2.36E0);
#3255=CARTESIAN_POINT('',(3.32E0,1.881663866374E0,-3.365130956137E0));
#3256=LINE('',#3255,#3254);
#3257=DIRECTION('',(0.E0,0.E0,1.E0));
#3258=VECTOR('',#3257,6.7E-1);
#3259=CARTESIAN_POINT('',(3.32E0,1.881663866374E0,-3.365130956137E0));
#3260=LINE('',#3259,#3258);
#3261=DIRECTION('',(0.E0,0.E0,-1.E0));
#3262=VECTOR('',#3261,6.7E-1);
#3263=CARTESIAN_POINT('',(3.32E0,2.730025E0,-2.695130956137E0));
#3264=LINE('',#3263,#3262);
#3265=DIRECTION('',(0.E0,-1.E0,0.E0));
#3266=VECTOR('',#3265,8.483611336257E-1);
#3267=CARTESIAN_POINT('',(3.32E0,2.730025E0,-2.695130956137E0));
#3268=LINE('',#3267,#3266);
#3269=DIRECTION('',(1.E0,0.E0,0.E0));
#3270=VECTOR('',#3269,6.4E-1);
#3271=CARTESIAN_POINT('',(2.68E0,2.730025E0,-2.695130956137E0));
#3272=LINE('',#3271,#3270);
#3273=DIRECTION('',(-1.E0,0.E0,0.E0));
#3274=VECTOR('',#3273,2.027777306779E0);
#3275=CARTESIAN_POINT('',(4.006578577619E0,-3.765780844405E-1,
-2.695130956137E0));
#3276=LINE('',#3275,#3274);
#3277=DIRECTION('',(1.E0,0.E0,0.E0));
#3278=VECTOR('',#3277,6.35E-1);
#3279=CARTESIAN_POINT('',(2.6825E0,4.82525E-1,-2.695130956137E0));
#3280=LINE('',#3279,#3278);
#3281=DIRECTION('',(0.E0,-1.E0,0.E0));
#3282=VECTOR('',#3281,6.350002001624E-1);
#3283=CARTESIAN_POINT('',(2.6825E0,1.117525200162E0,-2.695130956137E0));
#3284=LINE('',#3283,#3282);
#3285=DIRECTION('',(-1.E0,0.E0,0.E0));
#3286=VECTOR('',#3285,6.35E-1);
#3287=CARTESIAN_POINT('',(3.3175E0,1.117525200162E0,-2.695130956137E0));
#3288=LINE('',#3287,#3286);
#3289=DIRECTION('',(0.E0,1.E0,0.E0));
#3290=VECTOR('',#3289,6.350002001624E-1);
#3291=CARTESIAN_POINT('',(3.3175E0,4.82525E-1,-2.695130956137E0));
#3292=LINE('',#3291,#3290);
#3293=DIRECTION('',(0.E0,1.E0,0.E0));
#3294=VECTOR('',#3293,2.258857215526E0);
#3295=CARTESIAN_POINT('',(4.006578577619E0,-3.282229131085E0,
-2.695130956137E0));
#3296=LINE('',#3295,#3294);
#3297=DIRECTION('',(0.E0,0.E0,-1.E0));
#3298=VECTOR('',#3297,1.75E0);
#3299=CARTESIAN_POINT('',(4.006578577619E0,-3.282229131085E0,
-9.451309561373E-1));
#3300=LINE('',#3299,#3298);
#3301=DIRECTION('',(0.E0,-1.E0,0.E0));
#3302=VECTOR('',#3301,5.163892997459E0);
#3303=CARTESIAN_POINT('',(4.006578577619E0,1.881663866374E0,
-9.451309561373E-1));
#3304=LINE('',#3303,#3302);
#3305=DIRECTION('',(0.E0,1.E0,0.E0));
#3306=VECTOR('',#3305,2.258241950815E0);
#3307=CARTESIAN_POINT('',(4.006578577619E0,-3.765780844405E-1,
-2.695130956137E0));
#3308=LINE('',#3307,#3306);
#3309=DIRECTION('',(0.E0,0.E0,-1.E0));
#3310=VECTOR('',#3309,6.7E-1);
#3311=CARTESIAN_POINT('',(4.006578577619E0,-3.765780844405E-1,
-2.025130956137E0));
#3312=LINE('',#3311,#3310);
#3313=DIRECTION('',(0.E0,1.E0,0.E0));
#3314=VECTOR('',#3313,6.467938311189E-1);
#3315=CARTESIAN_POINT('',(4.006578577619E0,-1.023371915559E0,
-2.025130956137E0));
#3316=LINE('',#3315,#3314);
#3317=DIRECTION('',(0.E0,0.E0,1.E0));
#3318=VECTOR('',#3317,6.7E-1);
#3319=CARTESIAN_POINT('',(4.006578577619E0,-1.023371915559E0,
-2.695130956137E0));
#3320=LINE('',#3319,#3318);
#3321=DIRECTION('',(0.E0,-1.E0,0.E0));
#3322=VECTOR('',#3321,2.258857215526E0);
#3323=CARTESIAN_POINT('',(4.976973751897E0,-1.023371915559E0,
-2.695130956137E0));
#3324=LINE('',#3323,#3322);
#3325=DIRECTION('',(0.E0,0.E0,-1.E0));
#3326=VECTOR('',#3325,6.7E-1);
#3327=CARTESIAN_POINT('',(4.976973751897E0,-1.023371915559E0,
-2.025130956137E0));
#3328=LINE('',#3327,#3326);
#3329=DIRECTION('',(0.E0,-1.E0,0.E0));
#3330=VECTOR('',#3329,6.467938311189E-1);
#3331=CARTESIAN_POINT('',(4.976973751897E0,-3.765780844405E-1,
-2.025130956137E0));
#3332=LINE('',#3331,#3330);
#3333=DIRECTION('',(0.E0,0.E0,1.E0));
#3334=VECTOR('',#3333,6.7E-1);
#3335=CARTESIAN_POINT('',(4.976973751897E0,-3.765780844405E-1,
-2.695130956137E0));
#3336=LINE('',#3335,#3334);
#3337=DIRECTION('',(0.E0,-1.E0,0.E0));
#3338=VECTOR('',#3337,2.258241950815E0);
#3339=CARTESIAN_POINT('',(4.976973751897E0,1.881663866374E0,-2.695130956137E0));
#3340=LINE('',#3339,#3338);
#3341=DIRECTION('',(0.E0,0.E0,-1.E0));
#3342=VECTOR('',#3341,1.75E0);
#3343=CARTESIAN_POINT('',(4.976973751897E0,1.881663866374E0,
-9.451309561373E-1));
#3344=LINE('',#3343,#3342);
#3345=DIRECTION('',(0.E0,1.E0,0.E0));
#3346=VECTOR('',#3345,5.163892997459E0);
#3347=CARTESIAN_POINT('',(4.976973751897E0,-3.282229131085E0,
-9.451309561373E-1));
#3348=LINE('',#3347,#3346);
#3349=DIRECTION('',(-1.E0,0.E0,0.E0));
#3350=VECTOR('',#3349,2.027777306779E0);
#3351=CARTESIAN_POINT('',(7.004751058676E0,-1.023371915559E0,
-2.695130956137E0));
#3352=LINE('',#3351,#3350);
#3353=DIRECTION('',(-1.E0,0.E0,0.E0));
#3354=VECTOR('',#3353,2.027777306779E0);
#3355=CARTESIAN_POINT('',(7.004751058676E0,-1.023371915559E0,
-2.025130956137E0));
#3356=LINE('',#3355,#3354);
#3357=DIRECTION('',(-1.E0,0.E0,0.E0));
#3358=VECTOR('',#3357,2.027777306779E0);
#3359=CARTESIAN_POINT('',(7.004751058676E0,-3.765780844405E-1,
-2.025130956137E0));
#3360=LINE('',#3359,#3358);
#3361=DIRECTION('',(-1.E0,0.E0,0.E0));
#3362=VECTOR('',#3361,2.027777306779E0);
#3363=CARTESIAN_POINT('',(4.006578577619E0,-3.765780844405E-1,
-2.025130956137E0));
#3364=LINE('',#3363,#3362);
#3365=DIRECTION('',(0.E0,-1.E0,0.E0));
#3366=VECTOR('',#3365,2.258857215526E0);
#3367=CARTESIAN_POINT('',(1.978801270840E0,-1.023371915559E0,
-2.695130956137E0));
#3368=LINE('',#3367,#3366);
#3369=DIRECTION('',(0.E0,0.E0,-1.E0));
#3370=VECTOR('',#3369,6.7E-1);
#3371=CARTESIAN_POINT('',(1.978801270840E0,-1.023371915559E0,
-2.025130956137E0));
#3372=LINE('',#3371,#3370);
#3373=DIRECTION('',(0.E0,-1.E0,0.E0));
#3374=VECTOR('',#3373,6.467938311189E-1);
#3375=CARTESIAN_POINT('',(1.978801270840E0,-3.765780844405E-1,
-2.025130956137E0));
#3376=LINE('',#3375,#3374);
#3377=DIRECTION('',(0.E0,0.E0,1.E0));
#3378=VECTOR('',#3377,6.7E-1);
#3379=CARTESIAN_POINT('',(1.978801270840E0,-3.765780844405E-1,
-2.695130956137E0));
#3380=LINE('',#3379,#3378);
#3381=DIRECTION('',(0.E0,-1.E0,0.E0));
#3382=VECTOR('',#3381,2.258241950815E0);
#3383=CARTESIAN_POINT('',(1.978801270840E0,1.881663866374E0,-2.695130956137E0));
#3384=LINE('',#3383,#3382);
#3385=DIRECTION('',(0.E0,0.E0,-1.E0));
#3386=VECTOR('',#3385,1.75E0);
#3387=CARTESIAN_POINT('',(1.978801270840E0,1.881663866374E0,
-9.451309561373E-1));
#3388=LINE('',#3387,#3386);
#3389=DIRECTION('',(0.E0,1.E0,0.E0));
#3390=VECTOR('',#3389,5.163892997459E0);
#3391=CARTESIAN_POINT('',(1.978801270840E0,-3.282229131085E0,
-9.451309561373E-1));
#3392=LINE('',#3391,#3390);
#3393=DIRECTION('',(-1.E0,0.E0,0.E0));
#3394=VECTOR('',#3393,2.027777306779E0);
#3395=CARTESIAN_POINT('',(4.006578577619E0,-1.023371915559E0,
-2.695130956137E0));
#3396=LINE('',#3395,#3394);
#3397=DIRECTION('',(-1.E0,0.E0,0.E0));
#3398=VECTOR('',#3397,2.027777306779E0);
#3399=CARTESIAN_POINT('',(4.006578577619E0,-1.023371915559E0,
-2.025130956137E0));
#3400=LINE('',#3399,#3398);
#3401=DIRECTION('',(1.E0,0.E0,0.E0));
#3402=VECTOR('',#3401,2.36E0);
#3403=CARTESIAN_POINT('',(3.2E-1,1.881663866374E0,-3.365130956137E0));
#3404=LINE('',#3403,#3402);
#3405=DIRECTION('',(-1.E0,0.E0,0.E0));
#3406=VECTOR('',#3405,6.884060965613E-1);
#3407=CARTESIAN_POINT('',(1.008406096561E0,1.881663866374E0,-2.695130956137E0));
#3408=LINE('',#3407,#3406);
#3409=DIRECTION('',(0.E0,0.E0,-1.E0));
#3410=VECTOR('',#3409,1.75E0);
#3411=CARTESIAN_POINT('',(1.008406096561E0,1.881663866374E0,
-9.451309561373E-1));
#3412=LINE('',#3411,#3410);
#3413=DIRECTION('',(-1.E0,0.E0,0.E0));
#3414=VECTOR('',#3413,9.703951742784E-1);
#3415=CARTESIAN_POINT('',(1.978801270840E0,1.881663866374E0,
-9.451309561373E-1));
#3416=LINE('',#3415,#3414);
#3417=DIRECTION('',(-1.E0,0.E0,0.E0));
#3418=VECTOR('',#3417,7.011987291603E-1);
#3419=CARTESIAN_POINT('',(2.68E0,1.881663866374E0,-2.695130956137E0));
#3420=LINE('',#3419,#3418);
#3421=DIRECTION('',(0.E0,-1.E0,0.E0));
#3422=VECTOR('',#3421,8.483611336257E-1);
#3423=CARTESIAN_POINT('',(2.68E0,2.730025E0,-3.365130956137E0));
#3424=LINE('',#3423,#3422);
#3425=DIRECTION('',(0.E0,0.E0,1.E0));
#3426=VECTOR('',#3425,6.7E-1);
#3427=CARTESIAN_POINT('',(3.2E-1,1.881663866374E0,-3.365130956137E0));
#3428=LINE('',#3427,#3426);
#3429=DIRECTION('',(0.E0,-1.E0,0.E0));
#3430=VECTOR('',#3429,8.483611336257E-1);
#3431=CARTESIAN_POINT('',(3.2E-1,2.730025E0,-3.365130956137E0));
#3432=LINE('',#3431,#3430);
#3433=DIRECTION('',(0.E0,0.E0,-1.E0));
#3434=VECTOR('',#3433,6.7E-1);
#3435=CARTESIAN_POINT('',(3.2E-1,2.730025E0,-2.695130956137E0));
#3436=LINE('',#3435,#3434);
#3437=DIRECTION('',(0.E0,-1.E0,0.E0));
#3438=VECTOR('',#3437,8.483611336257E-1);
#3439=CARTESIAN_POINT('',(3.2E-1,2.730025E0,-2.695130956137E0));
#3440=LINE('',#3439,#3438);
#3441=DIRECTION('',(1.E0,0.E0,0.E0));
#3442=VECTOR('',#3441,6.4E-1);
#3443=CARTESIAN_POINT('',(-3.2E-1,2.730025E0,-2.695130956137E0));
#3444=LINE('',#3443,#3442);
#3445=DIRECTION('',(-1.E0,0.E0,0.E0));
#3446=VECTOR('',#3445,2.027777306779E0);
#3447=CARTESIAN_POINT('',(1.008406096561E0,-3.765780844405E-1,
-2.695130956137E0));
#3448=LINE('',#3447,#3446);
#3449=DIRECTION('',(1.E0,0.E0,0.E0));
#3450=VECTOR('',#3449,6.35E-1);
#3451=CARTESIAN_POINT('',(-3.175E-1,4.82525E-1,-2.695130956137E0));
#3452=LINE('',#3451,#3450);
#3453=DIRECTION('',(0.E0,-1.E0,0.E0));
#3454=VECTOR('',#3453,6.350002001624E-1);
#3455=CARTESIAN_POINT('',(-3.175E-1,1.117525200162E0,-2.695130956137E0));
#3456=LINE('',#3455,#3454);
#3457=DIRECTION('',(-1.E0,0.E0,0.E0));
#3458=VECTOR('',#3457,6.35E-1);
#3459=CARTESIAN_POINT('',(3.175E-1,1.117525200162E0,-2.695130956137E0));
#3460=LINE('',#3459,#3458);
#3461=DIRECTION('',(0.E0,1.E0,0.E0));
#3462=VECTOR('',#3461,6.350002001624E-1);
#3463=CARTESIAN_POINT('',(3.175E-1,4.82525E-1,-2.695130956137E0));
#3464=LINE('',#3463,#3462);
#3465=DIRECTION('',(0.E0,1.E0,0.E0));
#3466=VECTOR('',#3465,2.258857215526E0);
#3467=CARTESIAN_POINT('',(1.008406096561E0,-3.282229131085E0,
-2.695130956137E0));
#3468=LINE('',#3467,#3466);
#3469=DIRECTION('',(0.E0,0.E0,-1.E0));
#3470=VECTOR('',#3469,1.75E0);
#3471=CARTESIAN_POINT('',(1.008406096561E0,-3.282229131085E0,
-9.451309561373E-1));
#3472=LINE('',#3471,#3470);
#3473=DIRECTION('',(0.E0,-1.E0,0.E0));
#3474=VECTOR('',#3473,5.163892997459E0);
#3475=CARTESIAN_POINT('',(1.008406096561E0,1.881663866374E0,
-9.451309561373E-1));
#3476=LINE('',#3475,#3474);
#3477=DIRECTION('',(0.E0,1.E0,0.E0));
#3478=VECTOR('',#3477,2.258241950815E0);
#3479=CARTESIAN_POINT('',(1.008406096561E0,-3.765780844405E-1,
-2.695130956137E0));
#3480=LINE('',#3479,#3478);
#3481=DIRECTION('',(0.E0,0.E0,-1.E0));
#3482=VECTOR('',#3481,6.7E-1);
#3483=CARTESIAN_POINT('',(1.008406096561E0,-3.765780844405E-1,
-2.025130956137E0));
#3484=LINE('',#3483,#3482);
#3485=DIRECTION('',(0.E0,1.E0,0.E0));
#3486=VECTOR('',#3485,6.467938311189E-1);
#3487=CARTESIAN_POINT('',(1.008406096561E0,-1.023371915559E0,
-2.025130956137E0));
#3488=LINE('',#3487,#3486);
#3489=DIRECTION('',(0.E0,0.E0,1.E0));
#3490=VECTOR('',#3489,6.7E-1);
#3491=CARTESIAN_POINT('',(1.008406096561E0,-1.023371915559E0,
-2.695130956137E0));
#3492=LINE('',#3491,#3490);
#3493=DIRECTION('',(-1.E0,0.E0,0.E0));
#3494=VECTOR('',#3493,2.027777306779E0);
#3495=CARTESIAN_POINT('',(1.008406096561E0,-3.765780844405E-1,
-2.025130956137E0));
#3496=LINE('',#3495,#3494);
#3497=DIRECTION('',(0.E0,-1.E0,0.E0));
#3498=VECTOR('',#3497,2.258857215526E0);
#3499=CARTESIAN_POINT('',(-1.019371210218E0,-1.023371915559E0,
-2.695130956137E0));
#3500=LINE('',#3499,#3498);
#3501=DIRECTION('',(0.E0,0.E0,-1.E0));
#3502=VECTOR('',#3501,6.7E-1);
#3503=CARTESIAN_POINT('',(-1.019371210218E0,-1.023371915559E0,
-2.025130956137E0));
#3504=LINE('',#3503,#3502);
#3505=DIRECTION('',(0.E0,-1.E0,0.E0));
#3506=VECTOR('',#3505,6.467938311189E-1);
#3507=CARTESIAN_POINT('',(-1.019371210218E0,-3.765780844405E-1,
-2.025130956137E0));
#3508=LINE('',#3507,#3506);
#3509=DIRECTION('',(0.E0,0.E0,1.E0));
#3510=VECTOR('',#3509,6.7E-1);
#3511=CARTESIAN_POINT('',(-1.019371210218E0,-3.765780844405E-1,
-2.695130956137E0));
#3512=LINE('',#3511,#3510);
#3513=DIRECTION('',(0.E0,-1.E0,0.E0));
#3514=VECTOR('',#3513,2.258241950815E0);
#3515=CARTESIAN_POINT('',(-1.019371210218E0,1.881663866374E0,
-2.695130956137E0));
#3516=LINE('',#3515,#3514);
#3517=DIRECTION('',(0.E0,0.E0,-1.E0));
#3518=VECTOR('',#3517,1.75E0);
#3519=CARTESIAN_POINT('',(-1.019371210218E0,1.881663866374E0,
-9.451309561373E-1));
#3520=LINE('',#3519,#3518);
#3521=DIRECTION('',(0.E0,1.E0,0.E0));
#3522=VECTOR('',#3521,5.163892997459E0);
#3523=CARTESIAN_POINT('',(-1.019371210218E0,-3.282229131085E0,
-9.451309561373E-1));
#3524=LINE('',#3523,#3522);
#3525=DIRECTION('',(-1.E0,0.E0,0.E0));
#3526=VECTOR('',#3525,2.027777306779E0);
#3527=CARTESIAN_POINT('',(1.008406096561E0,-1.023371915559E0,
-2.695130956137E0));
#3528=LINE('',#3527,#3526);
#3529=DIRECTION('',(-1.E0,0.E0,0.E0));
#3530=VECTOR('',#3529,2.027777306779E0);
#3531=CARTESIAN_POINT('',(1.008406096561E0,-1.023371915559E0,
-2.025130956137E0));
#3532=LINE('',#3531,#3530);
#3533=DIRECTION('',(-1.E0,0.E0,0.E0));
#3534=VECTOR('',#3533,6.902336155040E-1);
#3535=CARTESIAN_POINT('',(-1.989766384496E0,1.881663866374E0,
-2.695130956137E0));
#3536=LINE('',#3535,#3534);
#3537=DIRECTION('',(0.E0,0.E0,-1.E0));
#3538=VECTOR('',#3537,1.75E0);
#3539=CARTESIAN_POINT('',(-1.989766384496E0,1.881663866374E0,
-9.451309561373E-1));
#3540=LINE('',#3539,#3538);
#3541=DIRECTION('',(-1.E0,0.E0,0.E0));
#3542=VECTOR('',#3541,9.703951742784E-1);
#3543=CARTESIAN_POINT('',(-1.019371210218E0,1.881663866374E0,
-9.451309561373E-1));
#3544=LINE('',#3543,#3542);
#3545=DIRECTION('',(-1.E0,0.E0,0.E0));
#3546=VECTOR('',#3545,6.993712102176E-1);
#3547=CARTESIAN_POINT('',(-3.2E-1,1.881663866374E0,-2.695130956137E0));
#3548=LINE('',#3547,#3546);
#3549=DIRECTION('',(1.E0,0.E0,0.E0));
#3550=VECTOR('',#3549,2.36E0);
#3551=CARTESIAN_POINT('',(-2.68E0,1.881663866374E0,-3.365130956137E0));
#3552=LINE('',#3551,#3550);
#3553=DIRECTION('',(0.E0,0.E0,1.E0));
#3554=VECTOR('',#3553,6.7E-1);
#3555=CARTESIAN_POINT('',(-2.68E0,1.881663866374E0,-3.365130956137E0));
#3556=LINE('',#3555,#3554);
#3557=DIRECTION('',(0.E0,0.E0,-1.E0));
#3558=VECTOR('',#3557,6.7E-1);
#3559=CARTESIAN_POINT('',(-2.68E0,2.730025E0,-2.695130956137E0));
#3560=LINE('',#3559,#3558);
#3561=DIRECTION('',(0.E0,-1.E0,0.E0));
#3562=VECTOR('',#3561,8.483611336257E-1);
#3563=CARTESIAN_POINT('',(-2.68E0,2.730025E0,-2.695130956137E0));
#3564=LINE('',#3563,#3562);
#3565=DIRECTION('',(1.E0,0.E0,0.E0));
#3566=VECTOR('',#3565,6.4E-1);
#3567=CARTESIAN_POINT('',(-3.32E0,2.730025E0,-2.695130956137E0));
#3568=LINE('',#3567,#3566);
#3569=DIRECTION('',(-1.E0,0.E0,0.E0));
#3570=VECTOR('',#3569,2.027777306779E0);
#3571=CARTESIAN_POINT('',(-1.989766384496E0,-3.765780844405E-1,
-2.695130956137E0));
#3572=LINE('',#3571,#3570);
#3573=DIRECTION('',(1.E0,0.E0,0.E0));
#3574=VECTOR('',#3573,6.35E-1);
#3575=CARTESIAN_POINT('',(-3.3175E0,4.82525E-1,-2.695130956137E0));
#3576=LINE('',#3575,#3574);
#3577=DIRECTION('',(0.E0,-1.E0,0.E0));
#3578=VECTOR('',#3577,6.350002001624E-1);
#3579=CARTESIAN_POINT('',(-3.3175E0,1.117525200162E0,-2.695130956137E0));
#3580=LINE('',#3579,#3578);
#3581=DIRECTION('',(-1.E0,0.E0,0.E0));
#3582=VECTOR('',#3581,6.35E-1);
#3583=CARTESIAN_POINT('',(-2.6825E0,1.117525200162E0,-2.695130956137E0));
#3584=LINE('',#3583,#3582);
#3585=DIRECTION('',(0.E0,1.E0,0.E0));
#3586=VECTOR('',#3585,6.350002001624E-1);
#3587=CARTESIAN_POINT('',(-2.6825E0,4.82525E-1,-2.695130956137E0));
#3588=LINE('',#3587,#3586);
#3589=DIRECTION('',(0.E0,1.E0,0.E0));
#3590=VECTOR('',#3589,2.258857215526E0);
#3591=CARTESIAN_POINT('',(-1.989766384496E0,-3.282229131085E0,
-2.695130956137E0));
#3592=LINE('',#3591,#3590);
#3593=DIRECTION('',(0.E0,0.E0,-1.E0));
#3594=VECTOR('',#3593,1.75E0);
#3595=CARTESIAN_POINT('',(-1.989766384496E0,-3.282229131085E0,
-9.451309561373E-1));
#3596=LINE('',#3595,#3594);
#3597=DIRECTION('',(0.E0,-1.E0,0.E0));
#3598=VECTOR('',#3597,5.163892997459E0);
#3599=CARTESIAN_POINT('',(-1.989766384496E0,1.881663866374E0,
-9.451309561373E-1));
#3600=LINE('',#3599,#3598);
#3601=DIRECTION('',(0.E0,1.E0,0.E0));
#3602=VECTOR('',#3601,2.258241950815E0);
#3603=CARTESIAN_POINT('',(-1.989766384496E0,-3.765780844405E-1,
-2.695130956137E0));
#3604=LINE('',#3603,#3602);
#3605=DIRECTION('',(0.E0,0.E0,-1.E0));
#3606=VECTOR('',#3605,6.7E-1);
#3607=CARTESIAN_POINT('',(-1.989766384496E0,-3.765780844405E-1,
-2.025130956137E0));
#3608=LINE('',#3607,#3606);
#3609=DIRECTION('',(0.E0,1.E0,0.E0));
#3610=VECTOR('',#3609,6.467938311189E-1);
#3611=CARTESIAN_POINT('',(-1.989766384496E0,-1.023371915559E0,
-2.025130956137E0));
#3612=LINE('',#3611,#3610);
#3613=DIRECTION('',(0.E0,0.E0,1.E0));
#3614=VECTOR('',#3613,6.7E-1);
#3615=CARTESIAN_POINT('',(-1.989766384496E0,-1.023371915559E0,
-2.695130956137E0));
#3616=LINE('',#3615,#3614);
#3617=DIRECTION('',(-1.E0,0.E0,0.E0));
#3618=VECTOR('',#3617,2.027777306779E0);
#3619=CARTESIAN_POINT('',(-1.989766384496E0,-3.765780844405E-1,
-2.025130956137E0));
#3620=LINE('',#3619,#3618);
#3621=DIRECTION('',(0.E0,-1.E0,0.E0));
#3622=VECTOR('',#3621,2.258857215526E0);
#3623=CARTESIAN_POINT('',(-4.017543691275E0,-1.023371915559E0,
-2.695130956137E0));
#3624=LINE('',#3623,#3622);
#3625=DIRECTION('',(0.E0,0.E0,-1.E0));
#3626=VECTOR('',#3625,6.7E-1);
#3627=CARTESIAN_POINT('',(-4.017543691275E0,-1.023371915559E0,
-2.025130956137E0));
#3628=LINE('',#3627,#3626);
#3629=DIRECTION('',(0.E0,-1.E0,0.E0));
#3630=VECTOR('',#3629,6.467938311189E-1);
#3631=CARTESIAN_POINT('',(-4.017543691275E0,-3.765780844405E-1,
-2.025130956137E0));
#3632=LINE('',#3631,#3630);
#3633=DIRECTION('',(0.E0,0.E0,1.E0));
#3634=VECTOR('',#3633,6.7E-1);
#3635=CARTESIAN_POINT('',(-4.017543691275E0,-3.765780844405E-1,
-2.695130956137E0));
#3636=LINE('',#3635,#3634);
#3637=DIRECTION('',(0.E0,-1.E0,0.E0));
#3638=VECTOR('',#3637,2.258241950815E0);
#3639=CARTESIAN_POINT('',(-4.017543691275E0,1.881663866374E0,
-2.695130956137E0));
#3640=LINE('',#3639,#3638);
#3641=DIRECTION('',(0.E0,0.E0,-1.E0));
#3642=VECTOR('',#3641,1.75E0);
#3643=CARTESIAN_POINT('',(-4.017543691275E0,1.881663866374E0,
-9.451309561373E-1));
#3644=LINE('',#3643,#3642);
#3645=DIRECTION('',(0.E0,1.E0,0.E0));
#3646=VECTOR('',#3645,5.163892997459E0);
#3647=CARTESIAN_POINT('',(-4.017543691275E0,-3.282229131085E0,
-9.451309561373E-1));
#3648=LINE('',#3647,#3646);
#3649=DIRECTION('',(-1.E0,0.E0,0.E0));
#3650=VECTOR('',#3649,2.027777306779E0);
#3651=CARTESIAN_POINT('',(-1.989766384496E0,-1.023371915559E0,
-2.695130956137E0));
#3652=LINE('',#3651,#3650);
#3653=DIRECTION('',(-1.E0,0.E0,0.E0));
#3654=VECTOR('',#3653,2.027777306779E0);
#3655=CARTESIAN_POINT('',(-1.989766384496E0,-1.023371915559E0,
-2.025130956137E0));
#3656=LINE('',#3655,#3654);
#3657=DIRECTION('',(1.E0,0.E0,0.E0));
#3658=VECTOR('',#3657,2.36E0);
#3659=CARTESIAN_POINT('',(-5.68E0,1.881663866374E0,-3.365130956137E0));
#3660=LINE('',#3659,#3658);
#3661=DIRECTION('',(-1.E0,0.E0,0.E0));
#3662=VECTOR('',#3661,6.920611344467E-1);
#3663=CARTESIAN_POINT('',(-4.987938865553E0,1.881663866374E0,
-2.695130956137E0));
#3664=LINE('',#3663,#3662);
#3665=DIRECTION('',(0.E0,0.E0,-1.E0));
#3666=VECTOR('',#3665,1.75E0);
#3667=CARTESIAN_POINT('',(-4.987938865553E0,1.881663866374E0,
-9.451309561373E-1));
#3668=LINE('',#3667,#3666);
#3669=DIRECTION('',(-1.E0,0.E0,0.E0));
#3670=VECTOR('',#3669,9.703951742784E-1);
#3671=CARTESIAN_POINT('',(-4.017543691275E0,1.881663866374E0,
-9.451309561373E-1));
#3672=LINE('',#3671,#3670);
#3673=DIRECTION('',(-1.E0,0.E0,0.E0));
#3674=VECTOR('',#3673,6.975436912749E-1);
#3675=CARTESIAN_POINT('',(-3.32E0,1.881663866374E0,-2.695130956137E0));
#3676=LINE('',#3675,#3674);
#3677=DIRECTION('',(0.E0,1.E0,0.E0));
#3678=VECTOR('',#3677,8.483611336257E-1);
#3679=CARTESIAN_POINT('',(-5.68E0,1.881663866374E0,-3.365130956137E0));
#3680=LINE('',#3679,#3678);
#3681=DIRECTION('',(0.E0,0.E0,1.E0));
#3682=VECTOR('',#3681,6.7E-1);
#3683=CARTESIAN_POINT('',(-5.68E0,1.881663866374E0,-3.365130956137E0));
#3684=LINE('',#3683,#3682);
#3685=DIRECTION('',(0.E0,0.E0,-1.E0));
#3686=VECTOR('',#3685,6.7E-1);
#3687=CARTESIAN_POINT('',(-5.68E0,2.730025E0,-2.695130956137E0));
#3688=LINE('',#3687,#3686);
#3689=DIRECTION('',(0.E0,0.E0,-1.E0));
#3690=VECTOR('',#3689,6.7E-1);
#3691=CARTESIAN_POINT('',(-3.32E0,1.881663866374E0,-2.695130956137E0));
#3692=LINE('',#3691,#3690);
#3693=DIRECTION('',(0.E0,-1.E0,0.E0));
#3694=VECTOR('',#3693,8.483611336257E-1);
#3695=CARTESIAN_POINT('',(-3.32E0,2.730025E0,-2.695130956137E0));
#3696=LINE('',#3695,#3694);
#3697=DIRECTION('',(0.E0,0.E0,1.E0));
#3698=VECTOR('',#3697,6.7E-1);
#3699=CARTESIAN_POINT('',(-3.32E0,2.730025E0,-3.365130956137E0));
#3700=LINE('',#3699,#3698);
#3701=DIRECTION('',(0.E0,1.E0,0.E0));
#3702=VECTOR('',#3701,8.483611336257E-1);
#3703=CARTESIAN_POINT('',(-3.32E0,1.881663866374E0,-3.365130956137E0));
#3704=LINE('',#3703,#3702);
#3705=DIRECTION('',(1.E0,0.E0,0.E0));
#3706=VECTOR('',#3705,6.35E-1);
#3707=CARTESIAN_POINT('',(-3.3175E0,4.82525E-1,-6.544869043863E0));
#3708=LINE('',#3707,#3706);
#3709=DIRECTION('',(0.E0,0.E0,1.E0));
#3710=VECTOR('',#3709,3.849738087725E0);
#3711=CARTESIAN_POINT('',(-2.6825E0,1.117525200162E0,-6.544869043863E0));
#3712=LINE('',#3711,#3710);
#3713=DIRECTION('',(0.E0,1.E0,0.E0));
#3714=VECTOR('',#3713,6.350002001624E-1);
#3715=CARTESIAN_POINT('',(-2.6825E0,4.82525E-1,-6.544869043863E0));
#3716=LINE('',#3715,#3714);
#3717=DIRECTION('',(0.E0,0.E0,-1.E0));
#3718=VECTOR('',#3717,3.849738087725E0);
#3719=CARTESIAN_POINT('',(-2.6825E0,4.82525E-1,-2.695130956137E0));
#3720=LINE('',#3719,#3718);
#3721=DIRECTION('',(0.E0,0.E0,1.E0));
#3722=VECTOR('',#3721,3.849738087725E0);
#3723=CARTESIAN_POINT('',(-3.3175E0,1.117525200162E0,-6.544869043863E0));
#3724=LINE('',#3723,#3722);
#3725=DIRECTION('',(-1.E0,0.E0,0.E0));
#3726=VECTOR('',#3725,6.35E-1);
#3727=CARTESIAN_POINT('',(-2.6825E0,1.117525200162E0,-6.544869043863E0));
#3728=LINE('',#3727,#3726);
#3729=DIRECTION('',(0.E0,0.E0,1.E0));
#3730=VECTOR('',#3729,3.849738087725E0);
#3731=CARTESIAN_POINT('',(-3.3175E0,4.82525E-1,-6.544869043863E0));
#3732=LINE('',#3731,#3730);
#3733=DIRECTION('',(0.E0,-1.E0,0.E0));
#3734=VECTOR('',#3733,6.350002001624E-1);
#3735=CARTESIAN_POINT('',(-3.3175E0,1.117525200162E0,-6.544869043863E0));
#3736=LINE('',#3735,#3734);
#3737=DIRECTION('',(0.E0,1.E0,0.E0));
#3738=VECTOR('',#3737,8.483611336257E-1);
#3739=CARTESIAN_POINT('',(-2.68E0,1.881663866374E0,-3.365130956137E0));
#3740=LINE('',#3739,#3738);
#3741=DIRECTION('',(0.E0,0.E0,-1.E0));
#3742=VECTOR('',#3741,6.7E-1);
#3743=CARTESIAN_POINT('',(-3.2E-1,1.881663866374E0,-2.695130956137E0));
#3744=LINE('',#3743,#3742);
#3745=DIRECTION('',(0.E0,-1.E0,0.E0));
#3746=VECTOR('',#3745,8.483611336257E-1);
#3747=CARTESIAN_POINT('',(-3.2E-1,2.730025E0,-2.695130956137E0));
#3748=LINE('',#3747,#3746);
#3749=DIRECTION('',(0.E0,0.E0,1.E0));
#3750=VECTOR('',#3749,6.7E-1);
#3751=CARTESIAN_POINT('',(-3.2E-1,2.730025E0,-3.365130956137E0));
#3752=LINE('',#3751,#3750);
#3753=DIRECTION('',(0.E0,1.E0,0.E0));
#3754=VECTOR('',#3753,8.483611336257E-1);
#3755=CARTESIAN_POINT('',(-3.2E-1,1.881663866374E0,-3.365130956137E0));
#3756=LINE('',#3755,#3754);
#3757=DIRECTION('',(1.E0,0.E0,0.E0));
#3758=VECTOR('',#3757,6.35E-1);
#3759=CARTESIAN_POINT('',(-3.175E-1,4.82525E-1,-6.544869043863E0));
#3760=LINE('',#3759,#3758);
#3761=DIRECTION('',(0.E0,0.E0,1.E0));
#3762=VECTOR('',#3761,3.849738087725E0);
#3763=CARTESIAN_POINT('',(3.175E-1,1.117525200162E0,-6.544869043863E0));
#3764=LINE('',#3763,#3762);
#3765=DIRECTION('',(0.E0,1.E0,0.E0));
#3766=VECTOR('',#3765,6.350002001624E-1);
#3767=CARTESIAN_POINT('',(3.175E-1,4.82525E-1,-6.544869043863E0));
#3768=LINE('',#3767,#3766);
#3769=DIRECTION('',(0.E0,0.E0,-1.E0));
#3770=VECTOR('',#3769,3.849738087725E0);
#3771=CARTESIAN_POINT('',(3.175E-1,4.82525E-1,-2.695130956137E0));
#3772=LINE('',#3771,#3770);
#3773=DIRECTION('',(0.E0,0.E0,1.E0));
#3774=VECTOR('',#3773,3.849738087725E0);
#3775=CARTESIAN_POINT('',(-3.175E-1,1.117525200162E0,-6.544869043863E0));
#3776=LINE('',#3775,#3774);
#3777=DIRECTION('',(-1.E0,0.E0,0.E0));
#3778=VECTOR('',#3777,6.35E-1);
#3779=CARTESIAN_POINT('',(3.175E-1,1.117525200162E0,-6.544869043863E0));
#3780=LINE('',#3779,#3778);
#3781=DIRECTION('',(0.E0,0.E0,1.E0));
#3782=VECTOR('',#3781,3.849738087725E0);
#3783=CARTESIAN_POINT('',(-3.175E-1,4.82525E-1,-6.544869043863E0));
#3784=LINE('',#3783,#3782);
#3785=DIRECTION('',(0.E0,-1.E0,0.E0));
#3786=VECTOR('',#3785,6.350002001624E-1);
#3787=CARTESIAN_POINT('',(-3.175E-1,1.117525200162E0,-6.544869043863E0));
#3788=LINE('',#3787,#3786);
#3789=DIRECTION('',(0.E0,0.E0,-1.E0));
#3790=VECTOR('',#3789,6.7E-1);
#3791=CARTESIAN_POINT('',(2.68E0,1.881663866374E0,-2.695130956137E0));
#3792=LINE('',#3791,#3790);
#3793=DIRECTION('',(0.E0,-1.E0,0.E0));
#3794=VECTOR('',#3793,8.483611336257E-1);
#3795=CARTESIAN_POINT('',(2.68E0,2.730025E0,-2.695130956137E0));
#3796=LINE('',#3795,#3794);
#3797=DIRECTION('',(0.E0,0.E0,1.E0));
#3798=VECTOR('',#3797,6.7E-1);
#3799=CARTESIAN_POINT('',(2.68E0,2.730025E0,-3.365130956137E0));
#3800=LINE('',#3799,#3798);
#3801=DIRECTION('',(1.E0,0.E0,0.E0));
#3802=VECTOR('',#3801,6.35E-1);
#3803=CARTESIAN_POINT('',(2.6825E0,4.82525E-1,-6.544869043863E0));
#3804=LINE('',#3803,#3802);
#3805=DIRECTION('',(0.E0,0.E0,1.E0));
#3806=VECTOR('',#3805,3.849738087725E0);
#3807=CARTESIAN_POINT('',(3.3175E0,1.117525200162E0,-6.544869043863E0));
#3808=LINE('',#3807,#3806);
#3809=DIRECTION('',(0.E0,1.E0,0.E0));
#3810=VECTOR('',#3809,6.350002001624E-1);
#3811=CARTESIAN_POINT('',(3.3175E0,4.82525E-1,-6.544869043863E0));
#3812=LINE('',#3811,#3810);
#3813=DIRECTION('',(0.E0,0.E0,-1.E0));
#3814=VECTOR('',#3813,3.849738087725E0);
#3815=CARTESIAN_POINT('',(3.3175E0,4.82525E-1,-2.695130956137E0));
#3816=LINE('',#3815,#3814);
#3817=DIRECTION('',(0.E0,0.E0,1.E0));
#3818=VECTOR('',#3817,3.849738087725E0);
#3819=CARTESIAN_POINT('',(2.6825E0,1.117525200162E0,-6.544869043863E0));
#3820=LINE('',#3819,#3818);
#3821=DIRECTION('',(-1.E0,0.E0,0.E0));
#3822=VECTOR('',#3821,6.35E-1);
#3823=CARTESIAN_POINT('',(3.3175E0,1.117525200162E0,-6.544869043863E0));
#3824=LINE('',#3823,#3822);
#3825=DIRECTION('',(0.E0,0.E0,1.E0));
#3826=VECTOR('',#3825,3.849738087725E0);
#3827=CARTESIAN_POINT('',(2.6825E0,4.82525E-1,-6.544869043863E0));
#3828=LINE('',#3827,#3826);
#3829=DIRECTION('',(0.E0,-1.E0,0.E0));
#3830=VECTOR('',#3829,6.350002001624E-1);
#3831=CARTESIAN_POINT('',(2.6825E0,1.117525200162E0,-6.544869043863E0));
#3832=LINE('',#3831,#3830);
#3833=DIRECTION('',(0.E0,1.E0,0.E0));
#3834=VECTOR('',#3833,8.483611336257E-1);
#3835=CARTESIAN_POINT('',(3.32E0,1.881663866374E0,-3.365130956137E0));
#3836=LINE('',#3835,#3834);
#3837=DIRECTION('',(1.E0,0.E0,0.E0));
#3838=VECTOR('',#3837,6.35E-1);
#3839=CARTESIAN_POINT('',(5.6825E0,4.82525E-1,-6.544869043863E0));
#3840=LINE('',#3839,#3838);
#3841=DIRECTION('',(0.E0,0.E0,1.E0));
#3842=VECTOR('',#3841,3.849738087725E0);
#3843=CARTESIAN_POINT('',(6.3175E0,1.117525200162E0,-6.544869043863E0));
#3844=LINE('',#3843,#3842);
#3845=DIRECTION('',(0.E0,1.E0,0.E0));
#3846=VECTOR('',#3845,6.350002001624E-1);
#3847=CARTESIAN_POINT('',(6.3175E0,4.82525E-1,-6.544869043863E0));
#3848=LINE('',#3847,#3846);
#3849=DIRECTION('',(0.E0,0.E0,-1.E0));
#3850=VECTOR('',#3849,3.849738087725E0);
#3851=CARTESIAN_POINT('',(6.3175E0,4.82525E-1,-2.695130956137E0));
#3852=LINE('',#3851,#3850);
#3853=DIRECTION('',(0.E0,0.E0,1.E0));
#3854=VECTOR('',#3853,3.849738087725E0);
#3855=CARTESIAN_POINT('',(5.6825E0,1.117525200162E0,-6.544869043863E0));
#3856=LINE('',#3855,#3854);
#3857=DIRECTION('',(-1.E0,0.E0,0.E0));
#3858=VECTOR('',#3857,6.35E-1);
#3859=CARTESIAN_POINT('',(6.3175E0,1.117525200162E0,-6.544869043863E0));
#3860=LINE('',#3859,#3858);
#3861=DIRECTION('',(0.E0,0.E0,1.E0));
#3862=VECTOR('',#3861,3.849738087725E0);
#3863=CARTESIAN_POINT('',(5.6825E0,4.82525E-1,-6.544869043863E0));
#3864=LINE('',#3863,#3862);
#3865=DIRECTION('',(0.E0,-1.E0,0.E0));
#3866=VECTOR('',#3865,6.350002001624E-1);
#3867=CARTESIAN_POINT('',(5.6825E0,1.117525200162E0,-6.544869043863E0));
#3868=LINE('',#3867,#3866);
#3869=DIRECTION('',(0.E0,0.E0,-1.E0));
#3870=VECTOR('',#3869,6.7E-1);
#3871=CARTESIAN_POINT('',(8.68E0,1.881663866374E0,-2.695130956137E0));
#3872=LINE('',#3871,#3870);
#3873=DIRECTION('',(0.E0,-1.E0,0.E0));
#3874=VECTOR('',#3873,8.483611336257E-1);
#3875=CARTESIAN_POINT('',(8.68E0,2.730025E0,-2.695130956137E0));
#3876=LINE('',#3875,#3874);
#3877=DIRECTION('',(0.E0,0.E0,1.E0));
#3878=VECTOR('',#3877,6.7E-1);
#3879=CARTESIAN_POINT('',(8.68E0,2.730025E0,-3.365130956137E0));
#3880=LINE('',#3879,#3878);
#3881=DIRECTION('',(0.E0,0.E0,-1.E0));
#3882=VECTOR('',#3881,6.7E-1);
#3883=CARTESIAN_POINT('',(6.32E0,-3.282229131085E0,-2.695130956137E0));
#3884=LINE('',#3883,#3882);
#3885=DIRECTION('',(0.E0,-1.E0,0.E0));
#3886=VECTOR('',#3885,8.477458689150E-1);
#3887=CARTESIAN_POINT('',(6.32E0,-3.282229131085E0,-3.365130956137E0));
#3888=LINE('',#3887,#3886);
#3889=DIRECTION('',(1.E0,0.E0,0.E0));
#3890=VECTOR('',#3889,6.35E-1);
#3891=CARTESIAN_POINT('',(5.6825E0,-2.517475E0,-6.544869043863E0));
#3892=LINE('',#3891,#3890);
#3893=DIRECTION('',(0.E0,0.E0,1.E0));
#3894=VECTOR('',#3893,3.849738087725E0);
#3895=CARTESIAN_POINT('',(6.3175E0,-1.882474799838E0,-6.544869043863E0));
#3896=LINE('',#3895,#3894);
#3897=DIRECTION('',(0.E0,1.E0,0.E0));
#3898=VECTOR('',#3897,6.350002001624E-1);
#3899=CARTESIAN_POINT('',(6.3175E0,-2.517475E0,-6.544869043863E0));
#3900=LINE('',#3899,#3898);
#3901=DIRECTION('',(0.E0,0.E0,-1.E0));
#3902=VECTOR('',#3901,3.849738087725E0);
#3903=CARTESIAN_POINT('',(6.3175E0,-2.517475E0,-2.695130956137E0));
#3904=LINE('',#3903,#3902);
#3905=DIRECTION('',(0.E0,0.E0,1.E0));
#3906=VECTOR('',#3905,3.849738087725E0);
#3907=CARTESIAN_POINT('',(5.6825E0,-1.882474799838E0,-6.544869043863E0));
#3908=LINE('',#3907,#3906);
#3909=DIRECTION('',(-1.E0,0.E0,0.E0));
#3910=VECTOR('',#3909,6.35E-1);
#3911=CARTESIAN_POINT('',(6.3175E0,-1.882474799838E0,-6.544869043863E0));
#3912=LINE('',#3911,#3910);
#3913=DIRECTION('',(0.E0,0.E0,1.E0));
#3914=VECTOR('',#3913,3.849738087725E0);
#3915=CARTESIAN_POINT('',(5.6825E0,-2.517475E0,-6.544869043863E0));
#3916=LINE('',#3915,#3914);
#3917=DIRECTION('',(0.E0,-1.E0,0.E0));
#3918=VECTOR('',#3917,6.350002001624E-1);
#3919=CARTESIAN_POINT('',(5.6825E0,-1.882474799838E0,-6.544869043863E0));
#3920=LINE('',#3919,#3918);
#3921=DIRECTION('',(0.E0,0.E0,-1.E0));
#3922=VECTOR('',#3921,6.7E-1);
#3923=CARTESIAN_POINT('',(3.32E0,-3.282229131085E0,-2.695130956137E0));
#3924=LINE('',#3923,#3922);
#3925=DIRECTION('',(1.E0,0.E0,0.E0));
#3926=VECTOR('',#3925,6.35E-1);
#3927=CARTESIAN_POINT('',(2.6825E0,-2.517475E0,-6.544869043863E0));
#3928=LINE('',#3927,#3926);
#3929=DIRECTION('',(0.E0,0.E0,1.E0));
#3930=VECTOR('',#3929,3.849738087725E0);
#3931=CARTESIAN_POINT('',(3.3175E0,-1.882474799838E0,-6.544869043863E0));
#3932=LINE('',#3931,#3930);
#3933=DIRECTION('',(0.E0,1.E0,0.E0));
#3934=VECTOR('',#3933,6.350002001624E-1);
#3935=CARTESIAN_POINT('',(3.3175E0,-2.517475E0,-6.544869043863E0));
#3936=LINE('',#3935,#3934);
#3937=DIRECTION('',(0.E0,0.E0,-1.E0));
#3938=VECTOR('',#3937,3.849738087725E0);
#3939=CARTESIAN_POINT('',(3.3175E0,-2.517475E0,-2.695130956137E0));
#3940=LINE('',#3939,#3938);
#3941=DIRECTION('',(0.E0,0.E0,1.E0));
#3942=VECTOR('',#3941,3.849738087725E0);
#3943=CARTESIAN_POINT('',(2.6825E0,-1.882474799838E0,-6.544869043863E0));
#3944=LINE('',#3943,#3942);
#3945=DIRECTION('',(-1.E0,0.E0,0.E0));
#3946=VECTOR('',#3945,6.35E-1);
#3947=CARTESIAN_POINT('',(3.3175E0,-1.882474799838E0,-6.544869043863E0));
#3948=LINE('',#3947,#3946);
#3949=DIRECTION('',(0.E0,0.E0,1.E0));
#3950=VECTOR('',#3949,3.849738087725E0);
#3951=CARTESIAN_POINT('',(2.6825E0,-2.517475E0,-6.544869043863E0));
#3952=LINE('',#3951,#3950);
#3953=DIRECTION('',(0.E0,-1.E0,0.E0));
#3954=VECTOR('',#3953,6.350002001624E-1);
#3955=CARTESIAN_POINT('',(2.6825E0,-1.882474799838E0,-6.544869043863E0));
#3956=LINE('',#3955,#3954);
#3957=DIRECTION('',(0.E0,-1.E0,0.E0));
#3958=VECTOR('',#3957,8.477458689150E-1);
#3959=CARTESIAN_POINT('',(2.68E0,-3.282229131085E0,-3.365130956137E0));
#3960=LINE('',#3959,#3958);
#3961=DIRECTION('',(0.E0,0.E0,-1.E0));
#3962=VECTOR('',#3961,6.7E-1);
#3963=CARTESIAN_POINT('',(3.2E-1,-3.282229131085E0,-2.695130956137E0));
#3964=LINE('',#3963,#3962);
#3965=DIRECTION('',(0.E0,-1.E0,0.E0));
#3966=VECTOR('',#3965,8.477458689150E-1);
#3967=CARTESIAN_POINT('',(3.2E-1,-3.282229131085E0,-3.365130956137E0));
#3968=LINE('',#3967,#3966);
#3969=DIRECTION('',(1.E0,0.E0,0.E0));
#3970=VECTOR('',#3969,6.35E-1);
#3971=CARTESIAN_POINT('',(-3.175E-1,-2.517475E0,-6.544869043863E0));
#3972=LINE('',#3971,#3970);
#3973=DIRECTION('',(0.E0,0.E0,1.E0));
#3974=VECTOR('',#3973,3.849738087725E0);
#3975=CARTESIAN_POINT('',(3.175E-1,-1.882474799838E0,-6.544869043863E0));
#3976=LINE('',#3975,#3974);
#3977=DIRECTION('',(0.E0,1.E0,0.E0));
#3978=VECTOR('',#3977,6.350002001624E-1);
#3979=CARTESIAN_POINT('',(3.175E-1,-2.517475E0,-6.544869043863E0));
#3980=LINE('',#3979,#3978);
#3981=DIRECTION('',(0.E0,0.E0,-1.E0));
#3982=VECTOR('',#3981,3.849738087725E0);
#3983=CARTESIAN_POINT('',(3.175E-1,-2.517475E0,-2.695130956137E0));
#3984=LINE('',#3983,#3982);
#3985=DIRECTION('',(0.E0,0.E0,1.E0));
#3986=VECTOR('',#3985,3.849738087725E0);
#3987=CARTESIAN_POINT('',(-3.175E-1,-1.882474799838E0,-6.544869043863E0));
#3988=LINE('',#3987,#3986);
#3989=DIRECTION('',(-1.E0,0.E0,0.E0));
#3990=VECTOR('',#3989,6.35E-1);
#3991=CARTESIAN_POINT('',(3.175E-1,-1.882474799838E0,-6.544869043863E0));
#3992=LINE('',#3991,#3990);
#3993=DIRECTION('',(0.E0,0.E0,1.E0));
#3994=VECTOR('',#3993,3.849738087725E0);
#3995=CARTESIAN_POINT('',(-3.175E-1,-2.517475E0,-6.544869043863E0));
#3996=LINE('',#3995,#3994);
#3997=DIRECTION('',(0.E0,-1.E0,0.E0));
#3998=VECTOR('',#3997,6.350002001624E-1);
#3999=CARTESIAN_POINT('',(-3.175E-1,-1.882474799838E0,-6.544869043863E0));
#4000=LINE('',#3999,#3998);
#4001=DIRECTION('',(0.E0,0.E0,-1.E0));
#4002=VECTOR('',#4001,6.7E-1);
#4003=CARTESIAN_POINT('',(-2.68E0,-3.282229131085E0,-2.695130956137E0));
#4004=LINE('',#4003,#4002);
#4005=DIRECTION('',(1.E0,0.E0,0.E0));
#4006=VECTOR('',#4005,6.35E-1);
#4007=CARTESIAN_POINT('',(-3.3175E0,-2.517475E0,-6.544869043863E0));
#4008=LINE('',#4007,#4006);
#4009=DIRECTION('',(0.E0,0.E0,1.E0));
#4010=VECTOR('',#4009,3.849738087725E0);
#4011=CARTESIAN_POINT('',(-2.6825E0,-1.882474799838E0,-6.544869043863E0));
#4012=LINE('',#4011,#4010);
#4013=DIRECTION('',(0.E0,1.E0,0.E0));
#4014=VECTOR('',#4013,6.350002001624E-1);
#4015=CARTESIAN_POINT('',(-2.6825E0,-2.517475E0,-6.544869043863E0));
#4016=LINE('',#4015,#4014);
#4017=DIRECTION('',(0.E0,0.E0,-1.E0));
#4018=VECTOR('',#4017,3.849738087725E0);
#4019=CARTESIAN_POINT('',(-2.6825E0,-2.517475E0,-2.695130956137E0));
#4020=LINE('',#4019,#4018);
#4021=DIRECTION('',(0.E0,0.E0,1.E0));
#4022=VECTOR('',#4021,3.849738087725E0);
#4023=CARTESIAN_POINT('',(-3.3175E0,-1.882474799838E0,-6.544869043863E0));
#4024=LINE('',#4023,#4022);
#4025=DIRECTION('',(-1.E0,0.E0,0.E0));
#4026=VECTOR('',#4025,6.35E-1);
#4027=CARTESIAN_POINT('',(-2.6825E0,-1.882474799838E0,-6.544869043863E0));
#4028=LINE('',#4027,#4026);
#4029=DIRECTION('',(0.E0,0.E0,1.E0));
#4030=VECTOR('',#4029,3.849738087725E0);
#4031=CARTESIAN_POINT('',(-3.3175E0,-2.517475E0,-6.544869043863E0));
#4032=LINE('',#4031,#4030);
#4033=DIRECTION('',(0.E0,-1.E0,0.E0));
#4034=VECTOR('',#4033,6.350002001624E-1);
#4035=CARTESIAN_POINT('',(-3.3175E0,-1.882474799838E0,-6.544869043863E0));
#4036=LINE('',#4035,#4034);
#4037=DIRECTION('',(0.E0,1.E0,0.E0));
#4038=VECTOR('',#4037,8.477458689150E-1);
#4039=CARTESIAN_POINT('',(-5.68E0,-4.129975E0,-3.365130956137E0));
#4040=LINE('',#4039,#4038);
#4041=DIRECTION('',(0.E0,0.E0,-1.E0));
#4042=VECTOR('',#4041,6.7E-1);
#4043=CARTESIAN_POINT('',(-5.68E0,-3.282229131085E0,-2.695130956137E0));
#4044=LINE('',#4043,#4042);
#4045=DIRECTION('',(-1.E0,0.E0,0.E0));
#4046=VECTOR('',#4045,2.027777306779E0);
#4047=CARTESIAN_POINT('',(-4.987938865553E0,-1.023371915559E0,
-2.695130956137E0));
#4048=LINE('',#4047,#4046);
#4049=DIRECTION('',(0.E0,-1.E0,0.E0));
#4050=VECTOR('',#4049,2.258857215526E0);
#4051=CARTESIAN_POINT('',(-7.015716172332E0,-1.023371915559E0,
-2.695130956137E0));
#4052=LINE('',#4051,#4050);
#4053=DIRECTION('',(0.E0,0.E0,-1.E0));
#4054=VECTOR('',#4053,6.7E-1);
#4055=CARTESIAN_POINT('',(-7.015716172332E0,-1.023371915559E0,
-2.025130956137E0));
#4056=LINE('',#4055,#4054);
#4057=DIRECTION('',(0.E0,-1.E0,0.E0));
#4058=VECTOR('',#4057,6.467938311189E-1);
#4059=CARTESIAN_POINT('',(-7.015716172332E0,-3.765780844405E-1,
-2.025130956137E0));
#4060=LINE('',#4059,#4058);
#4061=DIRECTION('',(0.E0,0.E0,1.E0));
#4062=VECTOR('',#4061,6.7E-1);
#4063=CARTESIAN_POINT('',(-7.015716172332E0,-3.765780844405E-1,
-2.695130956137E0));
#4064=LINE('',#4063,#4062);
#4065=DIRECTION('',(0.E0,-1.E0,0.E0));
#4066=VECTOR('',#4065,2.258241950815E0);
#4067=CARTESIAN_POINT('',(-7.015716172332E0,1.881663866374E0,
-2.695130956137E0));
#4068=LINE('',#4067,#4066);
#4069=DIRECTION('',(0.E0,0.E0,-1.E0));
#4070=VECTOR('',#4069,1.75E0);
#4071=CARTESIAN_POINT('',(-7.015716172332E0,1.881663866374E0,
-9.451309561373E-1));
#4072=LINE('',#4071,#4070);
#4073=DIRECTION('',(0.E0,1.E0,0.E0));
#4074=VECTOR('',#4073,5.163892997459E0);
#4075=CARTESIAN_POINT('',(-7.015716172332E0,-3.282229131085E0,
-9.451309561373E-1));
#4076=LINE('',#4075,#4074);
#4077=DIRECTION('',(-1.E0,0.E0,0.E0));
#4078=VECTOR('',#4077,2.027777306779E0);
#4079=CARTESIAN_POINT('',(-4.987938865553E0,-1.023371915559E0,
-2.025130956137E0));
#4080=LINE('',#4079,#4078);
#4081=DIRECTION('',(-1.E0,0.E0,0.E0));
#4082=VECTOR('',#4081,2.027777306779E0);
#4083=CARTESIAN_POINT('',(-4.987938865553E0,-3.765780844405E-1,
-2.025130956137E0));
#4084=LINE('',#4083,#4082);
#4085=DIRECTION('',(0.E0,-1.E0,0.E0));
#4086=VECTOR('',#4085,8.477458689150E-1);
#4087=CARTESIAN_POINT('',(-6.32E0,-3.282229131085E0,-2.695130956137E0));
#4088=LINE('',#4087,#4086);
#4089=DIRECTION('',(0.E0,0.E0,1.E0));
#4090=VECTOR('',#4089,6.7E-1);
#4091=CARTESIAN_POINT('',(-6.32E0,-3.282229131085E0,-3.365130956137E0));
#4092=LINE('',#4091,#4090);
#4093=DIRECTION('',(1.E0,0.E0,0.E0));
#4094=VECTOR('',#4093,6.35E-1);
#4095=CARTESIAN_POINT('',(-6.3175E0,-2.517475E0,-6.544869043863E0));
#4096=LINE('',#4095,#4094);
#4097=DIRECTION('',(0.E0,0.E0,1.E0));
#4098=VECTOR('',#4097,3.849738087725E0);
#4099=CARTESIAN_POINT('',(-5.6825E0,-1.882474799838E0,-6.544869043863E0));
#4100=LINE('',#4099,#4098);
#4101=DIRECTION('',(0.E0,1.E0,0.E0));
#4102=VECTOR('',#4101,6.350002001624E-1);
#4103=CARTESIAN_POINT('',(-5.6825E0,-2.517475E0,-6.544869043863E0));
#4104=LINE('',#4103,#4102);
#4105=DIRECTION('',(0.E0,0.E0,-1.E0));
#4106=VECTOR('',#4105,3.849738087725E0);
#4107=CARTESIAN_POINT('',(-5.6825E0,-2.517475E0,-2.695130956137E0));
#4108=LINE('',#4107,#4106);
#4109=DIRECTION('',(0.E0,0.E0,1.E0));
#4110=VECTOR('',#4109,3.849738087725E0);
#4111=CARTESIAN_POINT('',(-6.3175E0,-1.882474799838E0,-6.544869043863E0));
#4112=LINE('',#4111,#4110);
#4113=DIRECTION('',(-1.E0,0.E0,0.E0));
#4114=VECTOR('',#4113,6.35E-1);
#4115=CARTESIAN_POINT('',(-5.6825E0,-1.882474799838E0,-6.544869043863E0));
#4116=LINE('',#4115,#4114);
#4117=DIRECTION('',(0.E0,0.E0,1.E0));
#4118=VECTOR('',#4117,3.849738087725E0);
#4119=CARTESIAN_POINT('',(-6.3175E0,-2.517475E0,-6.544869043863E0));
#4120=LINE('',#4119,#4118);
#4121=DIRECTION('',(0.E0,-1.E0,0.E0));
#4122=VECTOR('',#4121,6.350002001624E-1);
#4123=CARTESIAN_POINT('',(-6.3175E0,-1.882474799838E0,-6.544869043863E0));
#4124=LINE('',#4123,#4122);
#4125=DIRECTION('',(1.E0,0.E0,0.E0));
#4126=VECTOR('',#4125,6.35E-1);
#4127=CARTESIAN_POINT('',(-6.3175E0,4.82525E-1,-6.544869043863E0));
#4128=LINE('',#4127,#4126);
#4129=DIRECTION('',(0.E0,0.E0,1.E0));
#4130=VECTOR('',#4129,3.849738087725E0);
#4131=CARTESIAN_POINT('',(-5.6825E0,1.117525200162E0,-6.544869043863E0));
#4132=LINE('',#4131,#4130);
#4133=DIRECTION('',(0.E0,1.E0,0.E0));
#4134=VECTOR('',#4133,6.350002001624E-1);
#4135=CARTESIAN_POINT('',(-5.6825E0,4.82525E-1,-6.544869043863E0));
#4136=LINE('',#4135,#4134);
#4137=DIRECTION('',(0.E0,0.E0,-1.E0));
#4138=VECTOR('',#4137,3.849738087725E0);
#4139=CARTESIAN_POINT('',(-5.6825E0,4.82525E-1,-2.695130956137E0));
#4140=LINE('',#4139,#4138);
#4141=DIRECTION('',(0.E0,0.E0,1.E0));
#4142=VECTOR('',#4141,3.849738087725E0);
#4143=CARTESIAN_POINT('',(-6.3175E0,1.117525200162E0,-6.544869043863E0));
#4144=LINE('',#4143,#4142);
#4145=DIRECTION('',(-1.E0,0.E0,0.E0));
#4146=VECTOR('',#4145,6.35E-1);
#4147=CARTESIAN_POINT('',(-5.6825E0,1.117525200162E0,-6.544869043863E0));
#4148=LINE('',#4147,#4146);
#4149=DIRECTION('',(0.E0,0.E0,1.E0));
#4150=VECTOR('',#4149,3.849738087725E0);
#4151=CARTESIAN_POINT('',(-6.3175E0,4.82525E-1,-6.544869043863E0));
#4152=LINE('',#4151,#4150);
#4153=DIRECTION('',(0.E0,-1.E0,0.E0));
#4154=VECTOR('',#4153,6.350002001624E-1);
#4155=CARTESIAN_POINT('',(-6.3175E0,1.117525200162E0,-6.544869043863E0));
#4156=LINE('',#4155,#4154);
#4157=DIRECTION('',(1.E0,0.E0,0.E0));
#4158=VECTOR('',#4157,6.35E-1);
#4159=CARTESIAN_POINT('',(-9.3175E0,4.82525E-1,-6.544869043863E0));
#4160=LINE('',#4159,#4158);
#4161=DIRECTION('',(0.E0,0.E0,1.E0));
#4162=VECTOR('',#4161,3.849738087725E0);
#4163=CARTESIAN_POINT('',(-8.6825E0,1.117525200162E0,-6.544869043863E0));
#4164=LINE('',#4163,#4162);
#4165=DIRECTION('',(0.E0,1.E0,0.E0));
#4166=VECTOR('',#4165,6.350002001624E-1);
#4167=CARTESIAN_POINT('',(-8.6825E0,4.82525E-1,-6.544869043863E0));
#4168=LINE('',#4167,#4166);
#4169=DIRECTION('',(0.E0,0.E0,-1.E0));
#4170=VECTOR('',#4169,3.849738087725E0);
#4171=CARTESIAN_POINT('',(-8.6825E0,4.82525E-1,-2.695130956137E0));
#4172=LINE('',#4171,#4170);
#4173=DIRECTION('',(0.E0,0.E0,1.E0));
#4174=VECTOR('',#4173,3.849738087725E0);
#4175=CARTESIAN_POINT('',(-9.3175E0,1.117525200162E0,-6.544869043863E0));
#4176=LINE('',#4175,#4174);
#4177=DIRECTION('',(-1.E0,0.E0,0.E0));
#4178=VECTOR('',#4177,6.35E-1);
#4179=CARTESIAN_POINT('',(-8.6825E0,1.117525200162E0,-6.544869043863E0));
#4180=LINE('',#4179,#4178);
#4181=DIRECTION('',(0.E0,0.E0,1.E0));
#4182=VECTOR('',#4181,3.849738087725E0);
#4183=CARTESIAN_POINT('',(-9.3175E0,4.82525E-1,-6.544869043863E0));
#4184=LINE('',#4183,#4182);
#4185=DIRECTION('',(0.E0,-1.E0,0.E0));
#4186=VECTOR('',#4185,6.350002001624E-1);
#4187=CARTESIAN_POINT('',(-9.3175E0,1.117525200162E0,-6.544869043863E0));
#4188=LINE('',#4187,#4186);
#4189=DIRECTION('',(0.E0,1.E0,0.E0));
#4190=VECTOR('',#4189,8.483611336257E-1);
#4191=CARTESIAN_POINT('',(9.32E0,1.881663866374E0,-3.365130956137E0));
#4192=LINE('',#4191,#4190);
#4193=DIRECTION('',(0.E0,0.E0,1.E0));
#4194=VECTOR('',#4193,3.085822404507E0);
#4195=CARTESIAN_POINT('',(-7.E-1,2.730025E0,2.919046639355E0));
#4196=LINE('',#4195,#4194);
#4197=CARTESIAN_POINT('',(-7.E-1,3.480025E0,2.919046639355E0));
#4198=DIRECTION('',(1.E0,0.E0,0.E0));
#4199=DIRECTION('',(0.E0,0.E0,1.E0));
#4200=AXIS2_PLACEMENT_3D('',#4197,#4198,#4199);
#4202=CARTESIAN_POINT('',(-7.E-1,3.480025E0,2.919046639355E0));
#4203=DIRECTION('',(1.E0,0.E0,0.E0));
#4204=DIRECTION('',(0.E0,1.218693434049E-1,9.925461516414E-1));
#4205=AXIS2_PLACEMENT_3D('',#4202,#4203,#4204);
#4207=DIRECTION('',(0.E0,-9.925461516413E-1,1.218693434051E-1));
#4208=VECTOR('',#4207,5.627929658711E-1);
#4209=CARTESIAN_POINT('',(-7.E-1,4.130025E0,3.594869043863E0));
#4210=LINE('',#4209,#4208);
#4211=DIRECTION('',(0.E0,0.E0,-1.E0));
#4212=VECTOR('',#4211,7.5E-1);
#4213=CARTESIAN_POINT('',(-7.E-1,4.130025E0,4.344869043863E0));
#4214=LINE('',#4213,#4212);
#4215=DIRECTION('',(0.E0,6.447027996602E-1,-7.644333195971E-1));
#4216=VECTOR('',#4215,2.171543230056E0);
#4217=CARTESIAN_POINT('',(-7.E-1,2.730025E0,6.004869043863E0));
#4218=LINE('',#4217,#4216);
#4219=DIRECTION('',(1.E0,0.E0,0.E0));
#4220=VECTOR('',#4219,1.4E0);
#4221=CARTESIAN_POINT('',(-7.E-1,3.571427007554E0,3.663456253086E0));
#4222=LINE('',#4221,#4220);
#4223=DIRECTION('',(-1.E0,0.E0,0.E0));
#4224=VECTOR('',#4223,1.4E0);
#4225=CARTESIAN_POINT('',(7.E-1,2.730025E0,2.919046639355E0));
#4226=LINE('',#4225,#4224);
#4227=DIRECTION('',(0.E0,-6.447027996602E-1,7.644333195971E-1));
#4228=VECTOR('',#4227,2.171543230056E0);
#4229=CARTESIAN_POINT('',(7.E-1,4.130025E0,4.344869043863E0));
#4230=LINE('',#4229,#4228);
#4231=DIRECTION('',(0.E0,9.925461516413E-1,-1.218693434051E-1));
#4232=VECTOR('',#4231,5.627929658711E-1);
#4233=CARTESIAN_POINT('',(7.E-1,3.571427007554E0,3.663456253086E0));
#4234=LINE('',#4233,#4232);
#4235=CARTESIAN_POINT('',(7.E-1,3.480025E0,2.919046639355E0));
#4236=DIRECTION('',(-1.E0,0.E0,0.E0));
#4237=DIRECTION('',(0.E0,0.E0,1.E0));
#4238=AXIS2_PLACEMENT_3D('',#4235,#4236,#4237);
#4240=CARTESIAN_POINT('',(7.E-1,3.480025E0,2.919046639355E0));
#4241=DIRECTION('',(-1.E0,0.E0,0.E0));
#4242=DIRECTION('',(0.E0,-1.E0,0.E0));
#4243=AXIS2_PLACEMENT_3D('',#4240,#4241,#4242);
#4245=DIRECTION('',(1.E0,0.E0,0.E0));
#4246=VECTOR('',#4245,1.4E0);
#4247=CARTESIAN_POINT('',(-7.E-1,2.730025E0,6.004869043863E0));
#4248=LINE('',#4247,#4246);
#4249=DIRECTION('',(0.E0,0.E0,-1.E0));
#4250=VECTOR('',#4249,7.5E-1);
#4251=CARTESIAN_POINT('',(7.E-1,4.130025E0,4.344869043863E0));
#4252=LINE('',#4251,#4250);
#4253=DIRECTION('',(1.E0,0.E0,0.E0));
#4254=VECTOR('',#4253,1.4E0);
#4255=CARTESIAN_POINT('',(-7.E-1,4.130025E0,4.344869043863E0));
#4256=LINE('',#4255,#4254);
#4257=DIRECTION('',(1.E0,0.E0,0.E0));
#4258=VECTOR('',#4257,1.4E0);
#4259=CARTESIAN_POINT('',(-7.E-1,4.130025E0,3.594869043863E0));
#4260=LINE('',#4259,#4258);
#4261=DIRECTION('',(0.E0,0.E0,-1.E0));
#4262=VECTOR('',#4261,2.25E0);
#4263=CARTESIAN_POINT('',(-8.495E0,2.730025E0,5.844869043863E0));
#4264=LINE('',#4263,#4262);
#4265=DIRECTION('',(-1.776356839400E-13,1.E0,0.E0));
#4266=VECTOR('',#4265,1.E-2);
#4267=CARTESIAN_POINT('',(-8.495E0,2.720025E0,5.844869043863E0));
#4268=LINE('',#4267,#4266);
#4269=DIRECTION('',(0.E0,0.E0,1.E0));
#4270=VECTOR('',#4269,2.25E0);
#4271=CARTESIAN_POINT('',(-8.495E0,2.720025E0,3.594869043863E0));
#4272=LINE('',#4271,#4270);
#4273=DIRECTION('',(1.E0,0.E0,0.E0));
#4274=VECTOR('',#4273,1.82E0);
#4275=CARTESIAN_POINT('',(-1.0315E1,2.730025E0,5.844869043863E0));
#4276=LINE('',#4275,#4274);
#4277=DIRECTION('',(-1.776356839400E-13,1.E0,0.E0));
#4278=VECTOR('',#4277,1.E-2);
#4279=CARTESIAN_POINT('',(-1.0315E1,2.720025E0,5.844869043863E0));
#4280=LINE('',#4279,#4278);
#4281=DIRECTION('',(-1.E0,0.E0,0.E0));
#4282=VECTOR('',#4281,1.82E0);
#4283=CARTESIAN_POINT('',(-8.495E0,2.720025E0,5.844869043863E0));
#4284=LINE('',#4283,#4282);
#4285=DIRECTION('',(0.E0,0.E0,1.E0));
#4286=VECTOR('',#4285,2.25E0);
#4287=CARTESIAN_POINT('',(-1.0315E1,2.730025E0,3.594869043863E0));
#4288=LINE('',#4287,#4286);
#4289=DIRECTION('',(-1.776356839400E-13,1.E0,0.E0));
#4290=VECTOR('',#4289,1.E-2);
#4291=CARTESIAN_POINT('',(-1.0315E1,2.720025E0,3.594869043863E0));
#4292=LINE('',#4291,#4290);
#4293=DIRECTION('',(0.E0,0.E0,-1.E0));
#4294=VECTOR('',#4293,2.25E0);
#4295=CARTESIAN_POINT('',(-1.0315E1,2.720025E0,5.844869043863E0));
#4296=LINE('',#4295,#4294);
#4297=DIRECTION('',(-1.E0,0.E0,0.E0));
#4298=VECTOR('',#4297,1.82E0);
#4299=CARTESIAN_POINT('',(-8.495E0,2.730025E0,3.594869043863E0));
#4300=LINE('',#4299,#4298);
#4301=DIRECTION('',(-1.776356839400E-13,1.E0,0.E0));
#4302=VECTOR('',#4301,1.E-2);
#4303=CARTESIAN_POINT('',(-8.495E0,2.720025E0,3.594869043863E0));
#4304=LINE('',#4303,#4302);
#4305=DIRECTION('',(1.E0,0.E0,0.E0));
#4306=VECTOR('',#4305,1.82E0);
#4307=CARTESIAN_POINT('',(-1.0315E1,2.720025E0,3.594869043863E0));
#4308=LINE('',#4307,#4306);
#4309=DIRECTION('',(1.E0,0.E0,0.E0));
#4310=VECTOR('',#4309,1.380632790028E-1);
#4311=CARTESIAN_POINT('',(-1.000313039310E1,2.720025E0,3.769869043863E0));
#4312=LINE('',#4311,#4310);
#4313=DIRECTION('',(0.E0,0.E0,-1.E0));
#4314=VECTOR('',#4313,4.549501151190E-1);
#4315=CARTESIAN_POINT('',(-1.000313039310E1,2.720025E0,4.224819158982E0));
#4316=LINE('',#4315,#4314);
#4317=DIRECTION('',(1.E0,0.E0,0.E0));
#4318=VECTOR('',#4317,1.518696069032E-1);
#4319=CARTESIAN_POINT('',(-1.0155E1,2.720025E0,4.224819158982E0));
#4320=LINE('',#4319,#4318);
#4321=DIRECTION('',(0.E0,0.E0,-1.E0));
#4322=VECTOR('',#4321,2.138654387311E-1);
#4323=CARTESIAN_POINT('',(-1.0155E1,2.720025E0,4.438684597713E0));
#4324=LINE('',#4323,#4322);
#4325=DIRECTION('',(-1.E0,0.E0,0.E0));
#4326=VECTOR('',#4325,1.518696069032E-1);
#4327=CARTESIAN_POINT('',(-1.000313039310E1,2.720025E0,4.438684597713E0));
#4328=LINE('',#4327,#4326);
#4329=DIRECTION('',(0.E0,0.E0,-1.E0));
#4330=VECTOR('',#4329,1.231184446150E0);
#4331=CARTESIAN_POINT('',(-1.000313039310E1,2.720025E0,5.669869043863E0));
#4332=LINE('',#4331,#4330);
#4333=DIRECTION('',(-1.E0,0.E0,0.E0));
#4334=VECTOR('',#4333,1.127516778523E-1);
#4335=CARTESIAN_POINT('',(-9.890378715244E0,2.720025E0,5.669869043863E0));
#4336=LINE('',#4335,#4334);
#4337=DIRECTION('',(-3.847058817621E-1,0.E0,9.230392107260E-1));
#4338=VECTOR('',#4337,1.333837643995E0);
#4339=CARTESIAN_POINT('',(-9.377243528284E0,2.720025E0,4.438684597713E0));
#4340=LINE('',#4339,#4338);
#4341=DIRECTION('',(0.E0,0.E0,1.E0));
#4342=VECTOR('',#4341,2.138654387311E-1);
#4343=CARTESIAN_POINT('',(-9.377243528284E0,2.720025E0,4.224819158982E0));
#4344=LINE('',#4343,#4342);
#4345=DIRECTION('',(1.E0,0.E0,0.E0));
#4346=VECTOR('',#4345,4.878235858102E-1);
#4347=CARTESIAN_POINT('',(-9.865067114094E0,2.720025E0,4.224819158982E0));
#4348=LINE('',#4347,#4346);
#4349=DIRECTION('',(0.E0,0.E0,1.E0));
#4350=VECTOR('',#4349,4.549501151190E-1);
#4351=CARTESIAN_POINT('',(-9.865067114094E0,2.720025E0,3.769869043863E0));
#4352=LINE('',#4351,#4350);
#4353=CARTESIAN_POINT('',(-8.931126558006E0,2.720025E0,5.256233843044E0));
#4354=CARTESIAN_POINT('',(-8.897761265580E0,2.720025E0,5.202767483361E0));
#4355=CARTESIAN_POINT('',(-8.854328859060E0,2.720025E0,5.149301123679E0));
#4356=CARTESIAN_POINT('',(-8.800254074784E0,2.720025E0,5.095834763996E0));
#4358=DIRECTION('',(0.E0,0.E0,1.E0));
#4359=VECTOR('',#4358,1.486364799181E0);
#4360=CARTESIAN_POINT('',(-8.931126558006E0,2.720025E0,3.769869043863E0));
#4361=LINE('',#4360,#4359);
#4362=DIRECTION('',(1.E0,0.E0,0.E0));
#4363=VECTOR('',#4362,1.380632790029E-1);
#4364=CARTESIAN_POINT('',(-9.069189837009E0,2.720025E0,3.769869043863E0));
#4365=LINE('',#4364,#4363);
#4366=CARTESIAN_POINT('',(-8.655E0,2.720025E0,5.200823252100E0));
#4367=CARTESIAN_POINT('',(-8.693542665388E0,2.720025E0,5.231444894464E0));
#4368=CARTESIAN_POINT('',(-8.747833691068E0,2.720025E0,5.282372704379E0));
#4369=CARTESIAN_POINT('',(-8.812849089511E0,2.720025E0,5.359640806054E0));
#4370=CARTESIAN_POINT('',(-8.858370845610E0,2.720025E0,5.423166628302E0));
#4371=CARTESIAN_POINT('',(-8.898861268897E0,2.720025E0,5.488674416869E0));
#4372=CARTESIAN_POINT('',(-8.943832992144E0,2.720025E0,5.573875546489E0));
#4373=CARTESIAN_POINT('',(-8.968087248322E0,2.720025E0,5.636574083515E0));
#4374=CARTESIAN_POINT('',(-8.980023969319E0,2.720025E0,5.677645968907E0));
#4376=CARTESIAN_POINT('',(-8.800254074784E0,2.720025E0,5.095834763996E0));
#4377=CARTESIAN_POINT('',(-8.745935721107E0,2.720025E0,5.042127575443E0));
#4378=CARTESIAN_POINT('',(-8.697857142857E0,2.720025E0,5.002025605643E0));
#4379=CARTESIAN_POINT('',(-8.655E0,2.720025E0,4.975292425802E0));
#4381=DIRECTION('',(0.E0,1.E0,0.E0));
#4382=VECTOR('',#4381,1.E-2);
#4383=CARTESIAN_POINT('',(-1.000313039310E1,2.720025E0,3.769869043863E0));
#4384=LINE('',#4383,#4382);
#4385=DIRECTION('',(1.E0,0.E0,0.E0));
#4386=VECTOR('',#4385,3.520613614573E-1);
#4387=CARTESIAN_POINT('',(-9.865067114094E0,2.730025E0,4.438684597713E0));
#4388=LINE('',#4387,#4386);
#4389=DIRECTION('',(0.E0,0.E0,-1.E0));
#4390=VECTOR('',#4389,8.564338705551E-1);
#4391=CARTESIAN_POINT('',(-9.865067114094E0,2.730025E0,5.295118468268E0));
#4392=LINE('',#4391,#4390);
#4393=DIRECTION('',(-3.802069007143E-1,0.E0,9.249014610483E-1));
#4394=VECTOR('',#4393,9.259730972686E-1);
#4395=CARTESIAN_POINT('',(-9.513005752637E0,2.730025E0,4.438684597713E0));
#4396=LINE('',#4395,#4394);
#4397=DIRECTION('',(-1.E0,0.E0,0.E0));
#4398=VECTOR('',#4397,1.380632790028E-1);
#4399=CARTESIAN_POINT('',(-9.865067114094E0,2.730025E0,3.769869043863E0));
#4400=LINE('',#4399,#4398);
#4401=DIRECTION('',(0.E0,0.E0,-1.E0));
#4402=VECTOR('',#4401,4.549501151190E-1);
#4403=CARTESIAN_POINT('',(-9.865067114094E0,2.730025E0,4.224819158982E0));
#4404=LINE('',#4403,#4402);
#4405=DIRECTION('',(-1.E0,0.E0,0.E0));
#4406=VECTOR('',#4405,4.878235858102E-1);
#4407=CARTESIAN_POINT('',(-9.377243528284E0,2.730025E0,4.224819158982E0));
#4408=LINE('',#4407,#4406);
#4409=DIRECTION('',(0.E0,0.E0,-1.E0));
#4410=VECTOR('',#4409,2.138654387311E-1);
#4411=CARTESIAN_POINT('',(-9.377243528284E0,2.730025E0,4.438684597713E0));
#4412=LINE('',#4411,#4410);
#4413=DIRECTION('',(3.847058817621E-1,0.E0,-9.230392107260E-1));
#4414=VECTOR('',#4413,1.333837643995E0);
#4415=CARTESIAN_POINT('',(-9.890378715244E0,2.730025E0,5.669869043863E0));
#4416=LINE('',#4415,#4414);
#4417=DIRECTION('',(1.E0,0.E0,0.E0));
#4418=VECTOR('',#4417,1.127516778523E-1);
#4419=CARTESIAN_POINT('',(-1.000313039310E1,2.730025E0,5.669869043863E0));
#4420=LINE('',#4419,#4418);
#4421=DIRECTION('',(0.E0,0.E0,1.E0));
#4422=VECTOR('',#4421,1.231184446150E0);
#4423=CARTESIAN_POINT('',(-1.000313039310E1,2.730025E0,4.438684597713E0));
#4424=LINE('',#4423,#4422);
#4425=DIRECTION('',(1.E0,0.E0,0.E0));
#4426=VECTOR('',#4425,1.518696069032E-1);
#4427=CARTESIAN_POINT('',(-1.0155E1,2.730025E0,4.438684597713E0));
#4428=LINE('',#4427,#4426);
#4429=DIRECTION('',(0.E0,0.E0,1.E0));
#4430=VECTOR('',#4429,2.138654387311E-1);
#4431=CARTESIAN_POINT('',(-1.0155E1,2.730025E0,4.224819158982E0));
#4432=LINE('',#4431,#4430);
#4433=DIRECTION('',(-1.E0,0.E0,0.E0));
#4434=VECTOR('',#4433,1.518696069032E-1);
#4435=CARTESIAN_POINT('',(-1.000313039310E1,2.730025E0,4.224819158982E0));
#4436=LINE('',#4435,#4434);
#4437=DIRECTION('',(0.E0,0.E0,1.E0));
#4438=VECTOR('',#4437,4.549501151190E-1);
#4439=CARTESIAN_POINT('',(-1.000313039310E1,2.730025E0,3.769869043863E0));
#4440=LINE('',#4439,#4438);
#4441=DIRECTION('',(1.776356839400E-13,1.E0,-8.881784197001E-14));
#4442=VECTOR('',#4441,1.E-2);
#4443=CARTESIAN_POINT('',(-9.513005752637E0,2.720025E0,4.438684597713E0));
#4444=LINE('',#4443,#4442);
#4445=DIRECTION('',(0.E0,-1.E0,0.E0));
#4446=VECTOR('',#4445,1.E-2);
#4447=CARTESIAN_POINT('',(-9.865067114094E0,2.730025E0,4.438684597713E0));
#4448=LINE('',#4447,#4446);
#4449=DIRECTION('',(0.E0,1.E0,0.E0));
#4450=VECTOR('',#4449,1.E-2);
#4451=CARTESIAN_POINT('',(-9.865067114094E0,2.720025E0,5.295118468268E0));
#4452=LINE('',#4451,#4450);
#4453=DIRECTION('',(-1.E0,0.E0,0.E0));
#4454=VECTOR('',#4453,3.520613614573E-1);
#4455=CARTESIAN_POINT('',(-9.513005752637E0,2.720025E0,4.438684597713E0));
#4456=LINE('',#4455,#4454);
#4457=DIRECTION('',(3.802069007143E-1,0.E0,-9.249014610483E-1));
#4458=VECTOR('',#4457,9.259730972686E-1);
#4459=CARTESIAN_POINT('',(-9.865067114094E0,2.720025E0,5.295118468268E0));
#4460=LINE('',#4459,#4458);
#4461=DIRECTION('',(0.E0,0.E0,1.E0));
#4462=VECTOR('',#4461,8.564338705551E-1);
#4463=CARTESIAN_POINT('',(-9.865067114094E0,2.720025E0,4.438684597713E0));
#4464=LINE('',#4463,#4462);
#4465=DIRECTION('',(0.E0,1.E0,0.E0));
#4466=VECTOR('',#4465,1.E-2);
#4467=CARTESIAN_POINT('',(-9.865067114094E0,2.720025E0,3.769869043863E0));
#4468=LINE('',#4467,#4466);
#4469=DIRECTION('',(0.E0,1.E0,0.E0));
#4470=VECTOR('',#4469,1.E-2);
#4471=CARTESIAN_POINT('',(-9.865067114094E0,2.720025E0,4.224819158982E0));
#4472=LINE('',#4471,#4470);
#4473=DIRECTION('',(-1.776356839400E-13,1.E0,0.E0));
#4474=VECTOR('',#4473,1.E-2);
#4475=CARTESIAN_POINT('',(-9.377243528284E0,2.720025E0,4.224819158982E0));
#4476=LINE('',#4475,#4474);
#4477=DIRECTION('',(-1.776356839400E-13,1.E0,0.E0));
#4478=VECTOR('',#4477,1.E-2);
#4479=CARTESIAN_POINT('',(-9.377243528284E0,2.720025E0,4.438684597713E0));
#4480=LINE('',#4479,#4478);
#4481=DIRECTION('',(0.E0,1.E0,0.E0));
#4482=VECTOR('',#4481,1.E-2);
#4483=CARTESIAN_POINT('',(-9.890378715244E0,2.720025E0,5.669869043863E0));
#4484=LINE('',#4483,#4482);
#4485=DIRECTION('',(0.E0,1.E0,0.E0));
#4486=VECTOR('',#4485,1.E-2);
#4487=CARTESIAN_POINT('',(-1.000313039310E1,2.720025E0,5.669869043863E0));
#4488=LINE('',#4487,#4486);
#4489=DIRECTION('',(1.776356839400E-13,1.E0,0.E0));
#4490=VECTOR('',#4489,1.E-2);
#4491=CARTESIAN_POINT('',(-1.000313039310E1,2.720025E0,4.438684597713E0));
#4492=LINE('',#4491,#4490);
#4493=DIRECTION('',(1.776356839400E-13,1.E0,0.E0));
#4494=VECTOR('',#4493,1.E-2);
#4495=CARTESIAN_POINT('',(-1.0155E1,2.720025E0,4.438684597713E0));
#4496=LINE('',#4495,#4494);
#4497=DIRECTION('',(1.776356839400E-13,1.E0,0.E0));
#4498=VECTOR('',#4497,1.E-2);
#4499=CARTESIAN_POINT('',(-1.0155E1,2.720025E0,4.224819158982E0));
#4500=LINE('',#4499,#4498);
#4501=DIRECTION('',(0.E0,1.E0,0.E0));
#4502=VECTOR('',#4501,1.E-2);
#4503=CARTESIAN_POINT('',(-1.000313039310E1,2.720025E0,4.224819158982E0));
#4504=LINE('',#4503,#4502);
#4505=DIRECTION('',(0.E0,1.E0,0.E0));
#4506=VECTOR('',#4505,1.E-2);
#4507=CARTESIAN_POINT('',(-8.931126558006E0,2.720025E0,5.256233843044E0));
#4508=LINE('',#4507,#4506);
#4509=DIRECTION('',(0.E0,1.E0,0.E0));
#4510=VECTOR('',#4509,1.E-2);
#4511=CARTESIAN_POINT('',(-8.800254074784E0,2.720025E0,5.095834763996E0));
#4512=LINE('',#4511,#4510);
#4513=DIRECTION('',(1.776356839400E-13,-1.E0,-8.881784197001E-14));
#4514=VECTOR('',#4513,1.E-2);
#4515=CARTESIAN_POINT('',(-8.655E0,2.730025E0,4.975292425802E0));
#4516=LINE('',#4515,#4514);
#4517=DIRECTION('',(0.E0,0.E0,-1.E0));
#4518=VECTOR('',#4517,2.255308262983E-1);
#4519=CARTESIAN_POINT('',(-8.655E0,2.720025E0,5.200823252100E0));
#4520=LINE('',#4519,#4518);
#4521=CARTESIAN_POINT('',(-8.655E0,2.730025E0,4.975292425802E0));
#4522=CARTESIAN_POINT('',(-8.697857142857E0,2.730025E0,5.002025605643E0));
#4523=CARTESIAN_POINT('',(-8.745935721107E0,2.730025E0,5.042127575443E0));
#4524=CARTESIAN_POINT('',(-8.800254074784E0,2.730025E0,5.095834763996E0));
#4526=DIRECTION('',(0.E0,0.E0,-1.E0));
#4527=VECTOR('',#4526,2.255308262983E-1);
#4528=CARTESIAN_POINT('',(-8.655E0,2.730025E0,5.200823252100E0));
#4529=LINE('',#4528,#4527);
#4530=CARTESIAN_POINT('',(-8.980023969319E0,2.730025E0,5.677645968907E0));
#4531=CARTESIAN_POINT('',(-8.968087248322E0,2.730025E0,5.636574083515E0));
#4532=CARTESIAN_POINT('',(-8.943832992144E0,2.730025E0,5.573875546489E0));
#4533=CARTESIAN_POINT('',(-8.898861268897E0,2.730025E0,5.488674416869E0));
#4534=CARTESIAN_POINT('',(-8.858370845610E0,2.730025E0,5.423166628302E0));
#4535=CARTESIAN_POINT('',(-8.812849089511E0,2.730025E0,5.359640806054E0));
#4536=CARTESIAN_POINT('',(-8.747833691068E0,2.730025E0,5.282372704379E0));
#4537=CARTESIAN_POINT('',(-8.693542665388E0,2.730025E0,5.231444894464E0));
#4538=CARTESIAN_POINT('',(-8.655E0,2.730025E0,5.200823252100E0));
#4540=DIRECTION('',(1.E0,0.E0,0.E0));
#4541=VECTOR('',#4540,8.916586768936E-2);
#4542=CARTESIAN_POINT('',(-9.069189837009E0,2.730025E0,5.677645968907E0));
#4543=LINE('',#4542,#4541);
#4544=DIRECTION('',(-1.E0,0.E0,0.E0));
#4545=VECTOR('',#4544,1.380632790029E-1);
#4546=CARTESIAN_POINT('',(-8.931126558006E0,2.730025E0,3.769869043863E0));
#4547=LINE('',#4546,#4545);
#4548=DIRECTION('',(0.E0,0.E0,-1.E0));
#4549=VECTOR('',#4548,1.486364799181E0);
#4550=CARTESIAN_POINT('',(-8.931126558006E0,2.730025E0,5.256233843044E0));
#4551=LINE('',#4550,#4549);
#4552=CARTESIAN_POINT('',(-8.800254074784E0,2.730025E0,5.095834763996E0));
#4553=CARTESIAN_POINT('',(-8.854328859060E0,2.730025E0,5.149301123679E0));
#4554=CARTESIAN_POINT('',(-8.897761265580E0,2.730025E0,5.202767483361E0));
#4555=CARTESIAN_POINT('',(-8.931126558006E0,2.730025E0,5.256233843044E0));
#4557=DIRECTION('',(1.776356839400E-13,1.E0,0.E0));
#4558=VECTOR('',#4557,1.E-2);
#4559=CARTESIAN_POINT('',(-8.655E0,2.720025E0,5.200823252100E0));
#4560=LINE('',#4559,#4558);
#4561=DIRECTION('',(0.E0,-1.E0,-8.881784197001E-14));
#4562=VECTOR('',#4561,1.E-2);
#4563=CARTESIAN_POINT('',(-8.980023969319E0,2.730025E0,5.677645968907E0));
#4564=LINE('',#4563,#4562);
#4565=DIRECTION('',(1.E0,0.E0,0.E0));
#4566=VECTOR('',#4565,8.916586768936E-2);
#4567=CARTESIAN_POINT('',(-9.069189837009E0,2.720025E0,5.677645968907E0));
#4568=LINE('',#4567,#4566);
#4569=DIRECTION('',(0.E0,0.E0,-1.E0));
#4570=VECTOR('',#4569,1.907776925045E0);
#4571=CARTESIAN_POINT('',(-9.069189837009E0,2.730025E0,5.677645968907E0));
#4572=LINE('',#4571,#4570);
#4573=DIRECTION('',(0.E0,1.E0,0.E0));
#4574=VECTOR('',#4573,1.E-2);
#4575=CARTESIAN_POINT('',(-9.069189837009E0,2.720025E0,5.677645968907E0));
#4576=LINE('',#4575,#4574);
#4577=DIRECTION('',(0.E0,0.E0,1.E0));
#4578=VECTOR('',#4577,1.907776925045E0);
#4579=CARTESIAN_POINT('',(-9.069189837009E0,2.720025E0,3.769869043863E0));
#4580=LINE('',#4579,#4578);
#4581=DIRECTION('',(0.E0,1.E0,0.E0));
#4582=VECTOR('',#4581,1.E-2);
#4583=CARTESIAN_POINT('',(-9.069189837009E0,2.720025E0,3.769869043863E0));
#4584=LINE('',#4583,#4582);
#4585=DIRECTION('',(0.E0,-1.E0,0.E0));
#4586=VECTOR('',#4585,1.E-2);
#4587=CARTESIAN_POINT('',(-8.931126558006E0,2.730025E0,3.769869043863E0));
#4588=LINE('',#4587,#4586);
#4589=DIRECTION('',(1.E0,0.E0,0.E0));
#4590=VECTOR('',#4589,6.35E-1);
#4591=CARTESIAN_POINT('',(8.6825E0,4.82525E-1,-6.544869043863E0));
#4592=LINE('',#4591,#4590);
#4593=DIRECTION('',(0.E0,0.E0,1.E0));
#4594=VECTOR('',#4593,3.849738087725E0);
#4595=CARTESIAN_POINT('',(9.3175E0,1.117525200162E0,-6.544869043863E0));
#4596=LINE('',#4595,#4594);
#4597=DIRECTION('',(0.E0,1.E0,0.E0));
#4598=VECTOR('',#4597,6.350002001624E-1);
#4599=CARTESIAN_POINT('',(9.3175E0,4.82525E-1,-6.544869043863E0));
#4600=LINE('',#4599,#4598);
#4601=DIRECTION('',(0.E0,0.E0,-1.E0));
#4602=VECTOR('',#4601,3.849738087725E0);
#4603=CARTESIAN_POINT('',(9.3175E0,4.82525E-1,-2.695130956137E0));
#4604=LINE('',#4603,#4602);
#4605=DIRECTION('',(0.E0,0.E0,1.E0));
#4606=VECTOR('',#4605,3.849738087725E0);
#4607=CARTESIAN_POINT('',(8.6825E0,1.117525200162E0,-6.544869043863E0));
#4608=LINE('',#4607,#4606);
#4609=DIRECTION('',(-1.E0,0.E0,0.E0));
#4610=VECTOR('',#4609,6.35E-1);
#4611=CARTESIAN_POINT('',(9.3175E0,1.117525200162E0,-6.544869043863E0));
#4612=LINE('',#4611,#4610);
#4613=DIRECTION('',(0.E0,0.E0,1.E0));
#4614=VECTOR('',#4613,3.849738087725E0);
#4615=CARTESIAN_POINT('',(8.6825E0,4.82525E-1,-6.544869043863E0));
#4616=LINE('',#4615,#4614);
#4617=DIRECTION('',(0.E0,-1.E0,0.E0));
#4618=VECTOR('',#4617,6.350002001624E-1);
#4619=CARTESIAN_POINT('',(8.6825E0,1.117525200162E0,-6.544869043863E0));
#4620=LINE('',#4619,#4618);
#4621=DIRECTION('',(0.E0,0.E0,-1.E0));
#4622=VECTOR('',#4621,6.7E-1);
#4623=CARTESIAN_POINT('',(9.32E0,-3.282229131085E0,-2.695130956137E0));
#4624=LINE('',#4623,#4622);
#4625=DIRECTION('',(1.E0,0.E0,0.E0));
#4626=VECTOR('',#4625,6.35E-1);
#4627=CARTESIAN_POINT('',(8.6825E0,-2.517475E0,-6.544869043863E0));
#4628=LINE('',#4627,#4626);
#4629=DIRECTION('',(0.E0,0.E0,1.E0));
#4630=VECTOR('',#4629,3.849738087725E0);
#4631=CARTESIAN_POINT('',(9.3175E0,-1.882474799838E0,-6.544869043863E0));
#4632=LINE('',#4631,#4630);
#4633=DIRECTION('',(0.E0,1.E0,0.E0));
#4634=VECTOR('',#4633,6.350002001624E-1);
#4635=CARTESIAN_POINT('',(9.3175E0,-2.517475E0,-6.544869043863E0));
#4636=LINE('',#4635,#4634);
#4637=DIRECTION('',(0.E0,0.E0,-1.E0));
#4638=VECTOR('',#4637,3.849738087725E0);
#4639=CARTESIAN_POINT('',(9.3175E0,-2.517475E0,-2.695130956137E0));
#4640=LINE('',#4639,#4638);
#4641=DIRECTION('',(0.E0,0.E0,1.E0));
#4642=VECTOR('',#4641,3.849738087725E0);
#4643=CARTESIAN_POINT('',(8.6825E0,-1.882474799838E0,-6.544869043863E0));
#4644=LINE('',#4643,#4642);
#4645=DIRECTION('',(-1.E0,0.E0,0.E0));
#4646=VECTOR('',#4645,6.35E-1);
#4647=CARTESIAN_POINT('',(9.3175E0,-1.882474799838E0,-6.544869043863E0));
#4648=LINE('',#4647,#4646);
#4649=DIRECTION('',(0.E0,0.E0,1.E0));
#4650=VECTOR('',#4649,3.849738087725E0);
#4651=CARTESIAN_POINT('',(8.6825E0,-2.517475E0,-6.544869043863E0));
#4652=LINE('',#4651,#4650);
#4653=DIRECTION('',(0.E0,-1.E0,0.E0));
#4654=VECTOR('',#4653,6.350002001624E-1);
#4655=CARTESIAN_POINT('',(8.6825E0,-1.882474799838E0,-6.544869043863E0));
#4656=LINE('',#4655,#4654);
#4657=DIRECTION('',(0.E0,0.E0,-1.E0));
#4658=VECTOR('',#4657,6.7E-1);
#4659=CARTESIAN_POINT('',(-8.68E0,-3.282229131085E0,-2.695130956137E0));
#4660=LINE('',#4659,#4658);
#4661=DIRECTION('',(0.E0,0.E0,1.E0));
#4662=VECTOR('',#4661,6.7E-1);
#4663=CARTESIAN_POINT('',(-8.68E0,-4.129975E0,-3.365130956137E0));
#4664=LINE('',#4663,#4662);
#4665=DIRECTION('',(0.E0,-1.E0,0.E0));
#4666=VECTOR('',#4665,8.477458689150E-1);
#4667=CARTESIAN_POINT('',(-8.68E0,-3.282229131085E0,-3.365130956137E0));
#4668=LINE('',#4667,#4666);
#4669=DIRECTION('',(1.E0,0.E0,0.E0));
#4670=VECTOR('',#4669,6.35E-1);
#4671=CARTESIAN_POINT('',(-9.3175E0,-2.517475E0,-6.544869043863E0));
#4672=LINE('',#4671,#4670);
#4673=DIRECTION('',(0.E0,0.E0,1.E0));
#4674=VECTOR('',#4673,3.849738087725E0);
#4675=CARTESIAN_POINT('',(-8.6825E0,-1.882474799838E0,-6.544869043863E0));
#4676=LINE('',#4675,#4674);
#4677=DIRECTION('',(0.E0,1.E0,0.E0));
#4678=VECTOR('',#4677,6.350002001624E-1);
#4679=CARTESIAN_POINT('',(-8.6825E0,-2.517475E0,-6.544869043863E0));
#4680=LINE('',#4679,#4678);
#4681=DIRECTION('',(0.E0,0.E0,-1.E0));
#4682=VECTOR('',#4681,3.849738087725E0);
#4683=CARTESIAN_POINT('',(-8.6825E0,-2.517475E0,-2.695130956137E0));
#4684=LINE('',#4683,#4682);
#4685=DIRECTION('',(0.E0,0.E0,1.E0));
#4686=VECTOR('',#4685,3.849738087725E0);
#4687=CARTESIAN_POINT('',(-9.3175E0,-1.882474799838E0,-6.544869043863E0));
#4688=LINE('',#4687,#4686);
#4689=DIRECTION('',(-1.E0,0.E0,0.E0));
#4690=VECTOR('',#4689,6.35E-1);
#4691=CARTESIAN_POINT('',(-8.6825E0,-1.882474799838E0,-6.544869043863E0));
#4692=LINE('',#4691,#4690);
#4693=DIRECTION('',(0.E0,0.E0,1.E0));
#4694=VECTOR('',#4693,3.849738087725E0);
#4695=CARTESIAN_POINT('',(-9.3175E0,-2.517475E0,-6.544869043863E0));
#4696=LINE('',#4695,#4694);
#4697=DIRECTION('',(0.E0,-1.E0,0.E0));
#4698=VECTOR('',#4697,6.350002001624E-1);
#4699=CARTESIAN_POINT('',(-9.3175E0,-1.882474799838E0,-6.544869043863E0));
#4700=LINE('',#4699,#4698);
#4701=CARTESIAN_POINT('',(-1.02775E1,1.780025E0,-3.945130956137E0));
#4702=DIRECTION('',(0.E0,0.E0,-1.E0));
#4703=DIRECTION('',(-1.E0,0.E0,0.E0));
#4704=AXIS2_PLACEMENT_3D('',#4701,#4702,#4703);
#4706=CARTESIAN_POINT('',(-1.02775E1,1.780025E0,-3.945130956137E0));
#4707=DIRECTION('',(0.E0,0.E0,-1.E0));
#4708=DIRECTION('',(1.E0,0.E0,0.E0));
#4709=AXIS2_PLACEMENT_3D('',#4706,#4707,#4708);
#4711=DIRECTION('',(7.071067811865E-1,0.E0,7.071067811865E-1));
#4712=VECTOR('',#4711,3.535533905933E-1);
#4713=CARTESIAN_POINT('',(-1.01125E1,1.780025E0,-4.195130956137E0));
#4714=LINE('',#4713,#4712);
#4715=DIRECTION('',(-7.071067811865E-1,0.E0,7.071067811865E-1));
#4716=VECTOR('',#4715,3.535533905933E-1);
#4717=CARTESIAN_POINT('',(-1.04425E1,1.780025E0,-4.195130956137E0));
#4718=LINE('',#4717,#4716);
#4719=DIRECTION('',(0.E0,0.E0,1.E0));
#4720=VECTOR('',#4719,5.8E-1);
#4721=CARTESIAN_POINT('',(-1.06925E1,1.780025E0,-3.945130956137E0));
#4722=LINE('',#4721,#4720);
#4723=DIRECTION('',(0.E0,0.E0,1.E0));
#4724=VECTOR('',#4723,5.8E-1);
#4725=CARTESIAN_POINT('',(-9.8625E0,1.780025E0,-3.945130956137E0));
#4726=LINE('',#4725,#4724);
#4727=CARTESIAN_POINT('',(-1.02775E1,1.780025E0,-4.195130956137E0));
#4728=DIRECTION('',(0.E0,0.E0,-1.E0));
#4729=DIRECTION('',(-1.E0,0.E0,0.E0));
#4730=AXIS2_PLACEMENT_3D('',#4727,#4728,#4729);
#4732=CARTESIAN_POINT('',(-1.02775E1,1.780025E0,-4.195130956137E0));
#4733=DIRECTION('',(0.E0,0.E0,-1.E0));
#4734=DIRECTION('',(1.E0,0.E0,0.E0));
#4735=AXIS2_PLACEMENT_3D('',#4732,#4733,#4734);
#4737=DIRECTION('',(0.E0,-1.E0,0.E0));
#4738=VECTOR('',#4737,6.35E-1);
#4739=CARTESIAN_POINT('',(8.6825E0,-1.882475E0,1.944869043863E0));
#4740=LINE('',#4739,#4738);
#4741=DIRECTION('',(0.E0,1.E0,0.E0));
#4742=VECTOR('',#4741,6.35E-1);
#4743=CARTESIAN_POINT('',(8.6825E0,-2.517475E0,4.144869043863E0));
#4744=LINE('',#4743,#4742);
#4745=DIRECTION('',(0.E0,0.E0,1.E0));
#4746=VECTOR('',#4745,2.2E0);
#4747=CARTESIAN_POINT('',(8.6825E0,-2.517475E0,1.944869043863E0));
#4748=LINE('',#4747,#4746);
#4749=DIRECTION('',(-1.E0,0.E0,0.E0));
#4750=VECTOR('',#4749,6.35E-1);
#4751=CARTESIAN_POINT('',(9.3175E0,-1.882475E0,1.944869043863E0));
#4752=LINE('',#4751,#4750);
#4753=DIRECTION('',(0.E0,0.E0,-1.E0));
#4754=VECTOR('',#4753,2.2E0);
#4755=CARTESIAN_POINT('',(9.3175E0,-1.882475E0,4.144869043863E0));
#4756=LINE('',#4755,#4754);
#4757=DIRECTION('',(1.E0,0.E0,0.E0));
#4758=VECTOR('',#4757,6.35E-1);
#4759=CARTESIAN_POINT('',(8.6825E0,-1.882475E0,4.144869043863E0));
#4760=LINE('',#4759,#4758);
#4761=DIRECTION('',(0.E0,0.E0,1.E0));
#4762=VECTOR('',#4761,2.2E0);
#4763=CARTESIAN_POINT('',(8.6825E0,-1.882475E0,1.944869043863E0));
#4764=LINE('',#4763,#4762);
#4765=DIRECTION('',(0.E0,1.E0,0.E0));
#4766=VECTOR('',#4765,6.35E-1);
#4767=CARTESIAN_POINT('',(9.3175E0,-2.517475E0,1.944869043863E0));
#4768=LINE('',#4767,#4766);
#4769=DIRECTION('',(0.E0,0.E0,-1.E0));
#4770=VECTOR('',#4769,2.2E0);
#4771=CARTESIAN_POINT('',(9.3175E0,-2.517475E0,4.144869043863E0));
#4772=LINE('',#4771,#4770);
#4773=DIRECTION('',(0.E0,-1.E0,0.E0));
#4774=VECTOR('',#4773,6.35E-1);
#4775=CARTESIAN_POINT('',(9.3175E0,-1.882475E0,4.144869043863E0));
#4776=LINE('',#4775,#4774);
#4777=DIRECTION('',(1.E0,0.E0,0.E0));
#4778=VECTOR('',#4777,6.35E-1);
#4779=CARTESIAN_POINT('',(8.6825E0,-2.517475E0,1.944869043863E0));
#4780=LINE('',#4779,#4778);
#4781=DIRECTION('',(-1.E0,0.E0,0.E0));
#4782=VECTOR('',#4781,6.35E-1);
#4783=CARTESIAN_POINT('',(9.3175E0,-2.517475E0,4.144869043863E0));
#4784=LINE('',#4783,#4782);
#4785=DIRECTION('',(0.E0,-1.E0,0.E0));
#4786=VECTOR('',#4785,6.35E-1);
#4787=CARTESIAN_POINT('',(8.6825E0,1.117525E0,1.944869043863E0));
#4788=LINE('',#4787,#4786);
#4789=DIRECTION('',(0.E0,1.E0,0.E0));
#4790=VECTOR('',#4789,6.35E-1);
#4791=CARTESIAN_POINT('',(8.6825E0,4.82525E-1,4.144869043863E0));
#4792=LINE('',#4791,#4790);
#4793=DIRECTION('',(0.E0,0.E0,1.E0));
#4794=VECTOR('',#4793,2.2E0);
#4795=CARTESIAN_POINT('',(8.6825E0,4.82525E-1,1.944869043863E0));
#4796=LINE('',#4795,#4794);
#4797=DIRECTION('',(-1.E0,0.E0,0.E0));
#4798=VECTOR('',#4797,6.35E-1);
#4799=CARTESIAN_POINT('',(9.3175E0,1.117525E0,1.944869043863E0));
#4800=LINE('',#4799,#4798);
#4801=DIRECTION('',(0.E0,0.E0,-1.E0));
#4802=VECTOR('',#4801,2.2E0);
#4803=CARTESIAN_POINT('',(9.3175E0,1.117525E0,4.144869043863E0));
#4804=LINE('',#4803,#4802);
#4805=DIRECTION('',(1.E0,0.E0,0.E0));
#4806=VECTOR('',#4805,6.35E-1);
#4807=CARTESIAN_POINT('',(8.6825E0,1.117525E0,4.144869043863E0));
#4808=LINE('',#4807,#4806);
#4809=DIRECTION('',(0.E0,0.E0,1.E0));
#4810=VECTOR('',#4809,2.2E0);
#4811=CARTESIAN_POINT('',(8.6825E0,1.117525E0,1.944869043863E0));
#4812=LINE('',#4811,#4810);
#4813=DIRECTION('',(0.E0,1.E0,0.E0));
#4814=VECTOR('',#4813,6.35E-1);
#4815=CARTESIAN_POINT('',(9.3175E0,4.82525E-1,1.944869043863E0));
#4816=LINE('',#4815,#4814);
#4817=DIRECTION('',(0.E0,0.E0,-1.E0));
#4818=VECTOR('',#4817,2.2E0);
#4819=CARTESIAN_POINT('',(9.3175E0,4.82525E-1,4.144869043863E0));
#4820=LINE('',#4819,#4818);
#4821=DIRECTION('',(0.E0,-1.E0,0.E0));
#4822=VECTOR('',#4821,6.35E-1);
#4823=CARTESIAN_POINT('',(9.3175E0,1.117525E0,4.144869043863E0));
#4824=LINE('',#4823,#4822);
#4825=DIRECTION('',(1.E0,0.E0,0.E0));
#4826=VECTOR('',#4825,6.35E-1);
#4827=CARTESIAN_POINT('',(8.6825E0,4.82525E-1,1.944869043863E0));
#4828=LINE('',#4827,#4826);
#4829=DIRECTION('',(-1.E0,0.E0,0.E0));
#4830=VECTOR('',#4829,6.35E-1);
#4831=CARTESIAN_POINT('',(9.3175E0,4.82525E-1,4.144869043863E0));
#4832=LINE('',#4831,#4830);
#4833=CARTESIAN_POINT('',(-7.E-1,2.730025E0,2.919046639355E0));
#4834=CARTESIAN_POINT('',(-7.E-1,2.730025E0,6.004869043863E0));
#4835=VERTEX_POINT('',#4833);
#4836=VERTEX_POINT('',#4834);
#4837=CARTESIAN_POINT('',(7.E-1,2.730025E0,2.919046639355E0));
#4838=VERTEX_POINT('',#4837);
#4839=CARTESIAN_POINT('',(7.E-1,2.730025E0,6.004869043863E0));
#4840=VERTEX_POINT('',#4839);
#4841=CARTESIAN_POINT('',(7.E-1,3.571427007554E0,3.663456253086E0));
#4842=CARTESIAN_POINT('',(7.E-1,4.130025E0,3.594869043863E0));
#4843=VERTEX_POINT('',#4841);
#4844=VERTEX_POINT('',#4842);
#4845=CARTESIAN_POINT('',(-7.E-1,3.571427007554E0,3.663456253086E0));
#4846=VERTEX_POINT('',#4845);
#4847=CARTESIAN_POINT('',(-7.E-1,4.130025E0,3.594869043863E0));
#4848=VERTEX_POINT('',#4847);
#4849=CARTESIAN_POINT('',(-7.E-1,4.130025E0,4.344869043863E0));
#4850=VERTEX_POINT('',#4849);
#4851=CARTESIAN_POINT('',(7.E-1,4.130025E0,4.344869043863E0));
#4852=VERTEX_POINT('',#4851);
#4853=CARTESIAN_POINT('',(7.E-1,3.480025E0,3.669046639355E0));
#4854=VERTEX_POINT('',#4853);
#4855=CARTESIAN_POINT('',(-7.E-1,3.480025E0,3.669046639355E0));
#4856=VERTEX_POINT('',#4855);
#4857=CARTESIAN_POINT('',(7.747453735582E0,2.012427672581E0,1.944869043863E0));
#4858=CARTESIAN_POINT('',(1.021240267258E1,2.012427672581E0,1.944869043863E0));
#4859=VERTEX_POINT('',#4857);
#4860=VERTEX_POINT('',#4858);
#4861=CARTESIAN_POINT('',(8.387204823984E0,-4.525212644185E-1,
1.944869043863E0));
#4862=CARTESIAN_POINT('',(9.62E0,-4.525212644185E-1,1.944869043863E0));
#4863=VERTEX_POINT('',#4861);
#4864=VERTEX_POINT('',#4862);
#4865=CARTESIAN_POINT('',(9.62E0,-9.474287355815E-1,1.944869043863E0));
#4866=VERTEX_POINT('',#4865);
#4867=CARTESIAN_POINT('',(7.747453735582E0,-9.474287355815E-1,
1.944869043863E0));
#4868=VERTEX_POINT('',#4867);
#4869=CARTESIAN_POINT('',(9.3175E0,-2.517475E0,1.944869043863E0));
#4870=CARTESIAN_POINT('',(9.3175E0,-1.882475E0,1.944869043863E0));
#4871=VERTEX_POINT('',#4869);
#4872=VERTEX_POINT('',#4870);
#4873=CARTESIAN_POINT('',(9.3175E0,4.82525E-1,1.944869043863E0));
#4874=CARTESIAN_POINT('',(9.3175E0,1.117525E0,1.944869043863E0));
#4875=VERTEX_POINT('',#4873);
#4876=VERTEX_POINT('',#4874);
#4877=CARTESIAN_POINT('',(1.000292353973E1,-3.765780844405E-1,
-2.695130956137E0));
#4878=CARTESIAN_POINT('',(1.000292353973E1,1.881663866374E0,-2.695130956137E0));
#4879=VERTEX_POINT('',#4877);
#4880=VERTEX_POINT('',#4878);
#4881=CARTESIAN_POINT('',(7.975146232954E0,-3.765780844405E-1,
-2.695130956137E0));
#4882=VERTEX_POINT('',#4881);
#4883=CARTESIAN_POINT('',(7.975146232954E0,1.881663866374E0,-2.695130956137E0));
#4884=VERTEX_POINT('',#4883);
#4885=CARTESIAN_POINT('',(8.68E0,1.881663866374E0,-2.695130956137E0));
#4886=VERTEX_POINT('',#4885);
#4887=CARTESIAN_POINT('',(8.68E0,2.730025E0,-2.695130956137E0));
#4888=VERTEX_POINT('',#4887);
#4889=CARTESIAN_POINT('',(9.32E0,2.730025E0,-2.695130956137E0));
#4890=VERTEX_POINT('',#4889);
#4891=CARTESIAN_POINT('',(9.32E0,1.881663866374E0,-2.695130956137E0));
#4892=VERTEX_POINT('',#4891);
#4893=CARTESIAN_POINT('',(9.3175E0,4.82525E-1,-2.695130956137E0));
#4894=CARTESIAN_POINT('',(9.3175E0,1.117525200162E0,-2.695130956137E0));
#4895=VERTEX_POINT('',#4893);
#4896=VERTEX_POINT('',#4894);
#4897=CARTESIAN_POINT('',(7.004751058676E0,-3.765780844405E-1,
-2.695130956137E0));
#4898=CARTESIAN_POINT('',(7.004751058676E0,1.881663866374E0,-2.695130956137E0));
#4899=VERTEX_POINT('',#4897);
#4900=VERTEX_POINT('',#4898);
#4901=CARTESIAN_POINT('',(4.976973751897E0,-3.765780844405E-1,
-2.695130956137E0));
#4902=VERTEX_POINT('',#4901);
#4903=CARTESIAN_POINT('',(4.976973751897E0,1.881663866374E0,-2.695130956137E0));
#4904=VERTEX_POINT('',#4903);
#4905=CARTESIAN_POINT('',(5.68E0,1.881663866374E0,-2.695130956137E0));
#4906=VERTEX_POINT('',#4905);
#4907=CARTESIAN_POINT('',(5.68E0,2.730025E0,-2.695130956137E0));
#4908=VERTEX_POINT('',#4907);
#4909=CARTESIAN_POINT('',(6.32E0,2.730025E0,-2.695130956137E0));
#4910=VERTEX_POINT('',#4909);
#4911=CARTESIAN_POINT('',(6.32E0,1.881663866374E0,-2.695130956137E0));
#4912=VERTEX_POINT('',#4911);
#4913=CARTESIAN_POINT('',(6.3175E0,4.82525E-1,-2.695130956137E0));
#4914=CARTESIAN_POINT('',(6.3175E0,1.117525200162E0,-2.695130956137E0));
#4915=VERTEX_POINT('',#4913);
#4916=VERTEX_POINT('',#4914);
#4917=CARTESIAN_POINT('',(5.387204823984E0,-4.525212644185E-1,
1.944869043863E0));
#4918=CARTESIAN_POINT('',(7.252546264418E0,-4.525212644185E-1,
1.944869043863E0));
#4919=VERTEX_POINT('',#4917);
#4920=VERTEX_POINT('',#4918);
#4921=CARTESIAN_POINT('',(6.3175E0,4.82525E-1,1.944869043863E0));
#4922=CARTESIAN_POINT('',(6.3175E0,1.117525E0,1.944869043863E0));
#4923=VERTEX_POINT('',#4921);
#4924=VERTEX_POINT('',#4922);
#4925=CARTESIAN_POINT('',(4.006578577619E0,-3.765780844405E-1,
-2.695130956137E0));
#4926=CARTESIAN_POINT('',(4.006578577619E0,1.881663866374E0,-2.695130956137E0));
#4927=VERTEX_POINT('',#4925);
#4928=VERTEX_POINT('',#4926);
#4929=CARTESIAN_POINT('',(1.978801270840E0,-3.765780844405E-1,
-2.695130956137E0));
#4930=VERTEX_POINT('',#4929);
#4931=CARTESIAN_POINT('',(1.978801270840E0,1.881663866374E0,-2.695130956137E0));
#4932=VERTEX_POINT('',#4931);
#4933=CARTESIAN_POINT('',(2.68E0,1.881663866374E0,-2.695130956137E0));
#4934=VERTEX_POINT('',#4933);
#4935=CARTESIAN_POINT('',(2.68E0,2.730025E0,-2.695130956137E0));
#4936=VERTEX_POINT('',#4935);
#4937=CARTESIAN_POINT('',(3.32E0,2.730025E0,-2.695130956137E0));
#4938=VERTEX_POINT('',#4937);
#4939=CARTESIAN_POINT('',(3.32E0,1.881663866374E0,-2.695130956137E0));
#4940=VERTEX_POINT('',#4939);
#4941=CARTESIAN_POINT('',(3.3175E0,4.82525E-1,-2.695130956137E0));
#4942=CARTESIAN_POINT('',(3.3175E0,1.117525200162E0,-2.695130956137E0));
#4943=VERTEX_POINT('',#4941);
#4944=VERTEX_POINT('',#4942);
#4945=CARTESIAN_POINT('',(3.3175E0,4.82525E-1,1.944869043863E0));
#4946=CARTESIAN_POINT('',(3.3175E0,1.117525E0,1.944869043863E0));
#4947=VERTEX_POINT('',#4945);
#4948=VERTEX_POINT('',#4946);
#4949=CARTESIAN_POINT('',(1.008406096561E0,-3.765780844405E-1,
-2.695130956137E0));
#4950=CARTESIAN_POINT('',(1.008406096561E0,1.881663866374E0,-2.695130956137E0));
#4951=VERTEX_POINT('',#4949);
#4952=VERTEX_POINT('',#4950);
#4953=CARTESIAN_POINT('',(-1.019371210218E0,-3.765780844405E-1,
-2.695130956137E0));
#4954=VERTEX_POINT('',#4953);
#4955=CARTESIAN_POINT('',(-1.019371210218E0,1.881663866374E0,
-2.695130956137E0));
#4956=VERTEX_POINT('',#4955);
#4957=CARTESIAN_POINT('',(-3.2E-1,1.881663866374E0,-2.695130956137E0));
#4958=VERTEX_POINT('',#4957);
#4959=CARTESIAN_POINT('',(-3.2E-1,2.730025E0,-2.695130956137E0));
#4960=VERTEX_POINT('',#4959);
#4961=CARTESIAN_POINT('',(3.2E-1,2.730025E0,-2.695130956137E0));
#4962=VERTEX_POINT('',#4961);
#4963=CARTESIAN_POINT('',(3.2E-1,1.881663866374E0,-2.695130956137E0));
#4964=VERTEX_POINT('',#4963);
#4965=CARTESIAN_POINT('',(3.175E-1,4.82525E-1,-2.695130956137E0));
#4966=CARTESIAN_POINT('',(3.175E-1,1.117525200162E0,-2.695130956137E0));
#4967=VERTEX_POINT('',#4965);
#4968=VERTEX_POINT('',#4966);
#4969=CARTESIAN_POINT('',(3.175E-1,4.82525E-1,1.944869043863E0));
#4970=CARTESIAN_POINT('',(3.175E-1,1.117525E0,1.944869043863E0));
#4971=VERTEX_POINT('',#4969);
#4972=VERTEX_POINT('',#4970);
#4973=CARTESIAN_POINT('',(-1.989766384496E0,-3.765780844405E-1,
-2.695130956137E0));
#4974=CARTESIAN_POINT('',(-1.989766384496E0,1.881663866374E0,
-2.695130956137E0));
#4975=VERTEX_POINT('',#4973);
#4976=VERTEX_POINT('',#4974);
#4977=CARTESIAN_POINT('',(-4.017543691275E0,-3.765780844405E-1,
-2.695130956137E0));
#4978=VERTEX_POINT('',#4977);
#4979=CARTESIAN_POINT('',(-4.017543691275E0,1.881663866374E0,
-2.695130956137E0));
#4980=VERTEX_POINT('',#4979);
#4981=CARTESIAN_POINT('',(-3.32E0,1.881663866374E0,-2.695130956137E0));
#4982=VERTEX_POINT('',#4981);
#4983=CARTESIAN_POINT('',(-3.32E0,2.730025E0,-2.695130956137E0));
#4984=VERTEX_POINT('',#4983);
#4985=CARTESIAN_POINT('',(-2.68E0,2.730025E0,-2.695130956137E0));
#4986=VERTEX_POINT('',#4985);
#4987=CARTESIAN_POINT('',(-2.68E0,1.881663866374E0,-2.695130956137E0));
#4988=VERTEX_POINT('',#4987);
#4989=CARTESIAN_POINT('',(-2.6825E0,4.82525E-1,-2.695130956137E0));
#4990=CARTESIAN_POINT('',(-2.6825E0,1.117525200162E0,-2.695130956137E0));
#4991=VERTEX_POINT('',#4989);
#4992=VERTEX_POINT('',#4990);
#4993=CARTESIAN_POINT('',(-2.6825E0,4.82525E-1,1.944869043863E0));
#4994=CARTESIAN_POINT('',(-2.6825E0,1.117525E0,1.944869043863E0));
#4995=VERTEX_POINT('',#4993);
#4996=VERTEX_POINT('',#4994);
#4997=CARTESIAN_POINT('',(-4.987938865553E0,-3.765780844405E-1,
-2.695130956137E0));
#4998=CARTESIAN_POINT('',(-4.987938865553E0,1.881663866374E0,
-2.695130956137E0));
#4999=VERTEX_POINT('',#4997);
#5000=VERTEX_POINT('',#4998);
#5001=CARTESIAN_POINT('',(-7.015716172332E0,-3.765780844405E-1,
-2.695130956137E0));
#5002=VERTEX_POINT('',#5001);
#5003=CARTESIAN_POINT('',(-7.015716172332E0,1.881663866374E0,
-2.695130956137E0));
#5004=VERTEX_POINT('',#5003);
#5005=CARTESIAN_POINT('',(-6.32E0,1.881663866374E0,-2.695130956137E0));
#5006=VERTEX_POINT('',#5005);
#5007=CARTESIAN_POINT('',(-6.32E0,2.730025E0,-2.695130956137E0));
#5008=VERTEX_POINT('',#5007);
#5009=CARTESIAN_POINT('',(-5.68E0,2.730025E0,-2.695130956137E0));
#5010=VERTEX_POINT('',#5009);
#5011=CARTESIAN_POINT('',(-5.68E0,1.881663866374E0,-2.695130956137E0));
#5012=VERTEX_POINT('',#5011);
#5013=CARTESIAN_POINT('',(-5.6825E0,4.82525E-1,-2.695130956137E0));
#5014=CARTESIAN_POINT('',(-5.6825E0,1.117525200162E0,-2.695130956137E0));
#5015=VERTEX_POINT('',#5013);
#5016=VERTEX_POINT('',#5014);
#5017=CARTESIAN_POINT('',(-6.612795176016E0,-4.525212644185E-1,
1.944869043863E0));
#5018=CARTESIAN_POINT('',(-4.747453735582E0,-4.525212644185E-1,
1.944869043863E0));
#5019=VERTEX_POINT('',#5017);
#5020=VERTEX_POINT('',#5018);
#5021=CARTESIAN_POINT('',(-5.6825E0,4.82525E-1,1.944869043863E0));
#5022=CARTESIAN_POINT('',(-5.6825E0,1.117525E0,1.944869043863E0));
#5023=VERTEX_POINT('',#5021);
#5024=VERTEX_POINT('',#5022);
#5025=CARTESIAN_POINT('',(-1.0075E1,1.162373196797E0,-2.695130956137E0));
#5026=CARTESIAN_POINT('',(-9.6275E0,1.780025E0,-2.695130956137E0));
#5027=VERTEX_POINT('',#5025);
#5028=VERTEX_POINT('',#5026);
#5029=CARTESIAN_POINT('',(-9.6275E0,1.881663866374E0,-2.695130956137E0));
#5030=VERTEX_POINT('',#5029);
#5031=CARTESIAN_POINT('',(-9.32E0,1.881663866374E0,-2.695130956137E0));
#5032=VERTEX_POINT('',#5031);
#5033=CARTESIAN_POINT('',(-9.32E0,2.730025E0,-2.695130956137E0));
#5034=VERTEX_POINT('',#5033);
#5035=CARTESIAN_POINT('',(-8.68E0,2.730025E0,-2.695130956137E0));
#5036=VERTEX_POINT('',#5035);
#5037=CARTESIAN_POINT('',(-8.68E0,1.881663866374E0,-2.695130956137E0));
#5038=VERTEX_POINT('',#5037);
#5039=CARTESIAN_POINT('',(-7.986111346611E0,1.881663866374E0,
-2.695130956137E0));
#5040=VERTEX_POINT('',#5039);
#5041=CARTESIAN_POINT('',(-7.986111346611E0,-3.765780844405E-1,
-2.695130956137E0));
#5042=VERTEX_POINT('',#5041);
#5043=CARTESIAN_POINT('',(-1.001388865339E1,-3.765780844405E-1,
-2.695130956137E0));
#5044=VERTEX_POINT('',#5043);
#5045=CARTESIAN_POINT('',(-1.001388865339E1,8.722791310850E-1,
-2.695130956137E0));
#5046=VERTEX_POINT('',#5045);
#5047=CARTESIAN_POINT('',(-1.0075E1,8.722791310850E-1,-2.695130956137E0));
#5048=VERTEX_POINT('',#5047);
#5049=CARTESIAN_POINT('',(-8.6825E0,4.82525E-1,-2.695130956137E0));
#5050=CARTESIAN_POINT('',(-8.6825E0,1.117525200162E0,-2.695130956137E0));
#5051=VERTEX_POINT('',#5049);
#5052=VERTEX_POINT('',#5050);
#5053=CARTESIAN_POINT('',(-1.021240267258E1,2.012427672581E0,1.944869043863E0));
#5054=CARTESIAN_POINT('',(-7.747453735582E0,2.012427672581E0,1.944869043863E0));
#5055=VERTEX_POINT('',#5053);
#5056=VERTEX_POINT('',#5054);
#5057=CARTESIAN_POINT('',(-1.021240267258E1,1.470862321462E-1,
1.944869043863E0));
#5058=VERTEX_POINT('',#5057);
#5059=CARTESIAN_POINT('',(-9.612795176016E0,-4.525212644185E-1,
1.944869043863E0));
#5060=CARTESIAN_POINT('',(-7.747453735582E0,-4.525212644185E-1,
1.944869043863E0));
#5061=VERTEX_POINT('',#5059);
#5062=VERTEX_POINT('',#5060);
#5063=CARTESIAN_POINT('',(-8.6825E0,4.82525E-1,1.944869043863E0));
#5064=CARTESIAN_POINT('',(-8.6825E0,1.117525E0,1.944869043863E0));
#5065=VERTEX_POINT('',#5063);
#5066=VERTEX_POINT('',#5064);
#5067=CARTESIAN_POINT('',(-7.986111346611E0,-1.023371915559E0,
-2.695130956137E0));
#5068=CARTESIAN_POINT('',(-1.001388865339E1,-1.023371915559E0,
-2.695130956137E0));
#5069=VERTEX_POINT('',#5067);
#5070=VERTEX_POINT('',#5068);
#5071=CARTESIAN_POINT('',(-7.986111346611E0,-3.282229131085E0,
-2.695130956137E0));
#5072=VERTEX_POINT('',#5071);
#5073=CARTESIAN_POINT('',(-8.68E0,-3.282229131085E0,-2.695130956137E0));
#5074=VERTEX_POINT('',#5073);
#5075=CARTESIAN_POINT('',(-8.68E0,-4.129975E0,-2.695130956137E0));
#5076=VERTEX_POINT('',#5075);
#5077=CARTESIAN_POINT('',(-9.32E0,-4.129975E0,-2.695130956137E0));
#5078=VERTEX_POINT('',#5077);
#5079=CARTESIAN_POINT('',(-9.32E0,-3.282229131085E0,-2.695130956137E0));
#5080=VERTEX_POINT('',#5079);
#5081=CARTESIAN_POINT('',(-1.001388865339E1,-3.282229131085E0,
-2.695130956137E0));
#5082=VERTEX_POINT('',#5081);
#5083=CARTESIAN_POINT('',(-8.6825E0,-2.517475E0,-2.695130956137E0));
#5084=CARTESIAN_POINT('',(-8.6825E0,-1.882474799838E0,-2.695130956137E0));
#5085=VERTEX_POINT('',#5083);
#5086=VERTEX_POINT('',#5084);
#5087=CARTESIAN_POINT('',(-7.747453735582E0,-9.474287355815E-1,
1.944869043863E0));
#5088=CARTESIAN_POINT('',(-1.021240267258E1,-9.474287355815E-1,
1.944869043863E0));
#5089=VERTEX_POINT('',#5087);
#5090=VERTEX_POINT('',#5088);
#5091=CARTESIAN_POINT('',(-1.021240267258E1,-3.412377672581E0,
1.944869043863E0));
#5092=VERTEX_POINT('',#5091);
#5093=CARTESIAN_POINT('',(-8.347061232146E0,-3.412377672581E0,
1.944869043863E0));
#5094=VERTEX_POINT('',#5093);
#5095=CARTESIAN_POINT('',(-8.6825E0,-2.517475E0,1.944869043863E0));
#5096=CARTESIAN_POINT('',(-8.6825E0,-1.882475E0,1.944869043863E0));
#5097=VERTEX_POINT('',#5095);
#5098=VERTEX_POINT('',#5096);
#5099=CARTESIAN_POINT('',(-5.68E0,-3.282229131085E0,-2.695130956137E0));
#5100=CARTESIAN_POINT('',(-4.987938865553E0,-3.282229131085E0,
-2.695130956137E0));
#5101=VERTEX_POINT('',#5099);
#5102=VERTEX_POINT('',#5100);
#5103=CARTESIAN_POINT('',(-5.68E0,-4.129975E0,-2.695130956137E0));
#5104=VERTEX_POINT('',#5103);
#5105=CARTESIAN_POINT('',(-6.32E0,-4.129975E0,-2.695130956137E0));
#5106=VERTEX_POINT('',#5105);
#5107=CARTESIAN_POINT('',(-6.32E0,-3.282229131085E0,-2.695130956137E0));
#5108=VERTEX_POINT('',#5107);
#5109=CARTESIAN_POINT('',(-7.015716172332E0,-3.282229131085E0,
-2.695130956137E0));
#5110=VERTEX_POINT('',#5109);
#5111=CARTESIAN_POINT('',(-7.015716172332E0,-1.023371915559E0,
-2.695130956137E0));
#5112=VERTEX_POINT('',#5111);
#5113=CARTESIAN_POINT('',(-4.987938865553E0,-1.023371915559E0,
-2.695130956137E0));
#5114=VERTEX_POINT('',#5113);
#5115=CARTESIAN_POINT('',(-5.6825E0,-2.517475E0,-2.695130956137E0));
#5116=CARTESIAN_POINT('',(-5.6825E0,-1.882474799838E0,-2.695130956137E0));
#5117=VERTEX_POINT('',#5115);
#5118=VERTEX_POINT('',#5116);
#5119=CARTESIAN_POINT('',(-5.347061232146E0,-3.412377672581E0,
1.944869043863E0));
#5120=CARTESIAN_POINT('',(-7.252546264418E0,-3.412377672581E0,
1.944869043863E0));
#5121=VERTEX_POINT('',#5119);
#5122=VERTEX_POINT('',#5120);
#5123=CARTESIAN_POINT('',(-5.6825E0,-2.517475E0,1.944869043863E0));
#5124=CARTESIAN_POINT('',(-5.6825E0,-1.882475E0,1.944869043863E0));
#5125=VERTEX_POINT('',#5123);
#5126=VERTEX_POINT('',#5124);
#5127=CARTESIAN_POINT('',(-2.68E0,-3.282229131085E0,-2.695130956137E0));
#5128=CARTESIAN_POINT('',(-1.989766384496E0,-3.282229131085E0,
-2.695130956137E0));
#5129=VERTEX_POINT('',#5127);
#5130=VERTEX_POINT('',#5128);
#5131=CARTESIAN_POINT('',(-2.68E0,-4.129975E0,-2.695130956137E0));
#5132=VERTEX_POINT('',#5131);
#5133=CARTESIAN_POINT('',(-3.32E0,-4.129975E0,-2.695130956137E0));
#5134=VERTEX_POINT('',#5133);
#5135=CARTESIAN_POINT('',(-3.32E0,-3.282229131085E0,-2.695130956137E0));
#5136=VERTEX_POINT('',#5135);
#5137=CARTESIAN_POINT('',(-4.017543691275E0,-3.282229131085E0,
-2.695130956137E0));
#5138=VERTEX_POINT('',#5137);
#5139=CARTESIAN_POINT('',(-4.017543691275E0,-1.023371915559E0,
-2.695130956137E0));
#5140=VERTEX_POINT('',#5139);
#5141=CARTESIAN_POINT('',(-1.989766384496E0,-1.023371915559E0,
-2.695130956137E0));
#5142=VERTEX_POINT('',#5141);
#5143=CARTESIAN_POINT('',(-2.6825E0,-2.517475E0,-2.695130956137E0));
#5144=CARTESIAN_POINT('',(-2.6825E0,-1.882474799838E0,-2.695130956137E0));
#5145=VERTEX_POINT('',#5143);
#5146=VERTEX_POINT('',#5144);
#5147=CARTESIAN_POINT('',(-2.347061232146E0,-3.412377672581E0,
1.944869043863E0));
#5148=CARTESIAN_POINT('',(-4.252546264418E0,-3.412377672581E0,
1.944869043863E0));
#5149=VERTEX_POINT('',#5147);
#5150=VERTEX_POINT('',#5148);
#5151=CARTESIAN_POINT('',(-2.6825E0,-2.517475E0,1.944869043863E0));
#5152=CARTESIAN_POINT('',(-2.6825E0,-1.882475E0,1.944869043863E0));
#5153=VERTEX_POINT('',#5151);
#5154=VERTEX_POINT('',#5152);
#5155=CARTESIAN_POINT('',(3.2E-1,-3.282229131085E0,-2.695130956137E0));
#5156=CARTESIAN_POINT('',(1.008406096561E0,-3.282229131085E0,
-2.695130956137E0));
#5157=VERTEX_POINT('',#5155);
#5158=VERTEX_POINT('',#5156);
#5159=CARTESIAN_POINT('',(3.2E-1,-4.129975E0,-2.695130956137E0));
#5160=VERTEX_POINT('',#5159);
#5161=CARTESIAN_POINT('',(-3.2E-1,-4.129975E0,-2.695130956137E0));
#5162=VERTEX_POINT('',#5161);
#5163=CARTESIAN_POINT('',(-3.2E-1,-3.282229131085E0,-2.695130956137E0));
#5164=VERTEX_POINT('',#5163);
#5165=CARTESIAN_POINT('',(-1.019371210218E0,-3.282229131085E0,
-2.695130956137E0));
#5166=VERTEX_POINT('',#5165);
#5167=CARTESIAN_POINT('',(-1.019371210218E0,-1.023371915559E0,
-2.695130956137E0));
#5168=VERTEX_POINT('',#5167);
#5169=CARTESIAN_POINT('',(1.008406096561E0,-1.023371915559E0,
-2.695130956137E0));
#5170=VERTEX_POINT('',#5169);
#5171=CARTESIAN_POINT('',(3.175E-1,-2.517475E0,-2.695130956137E0));
#5172=CARTESIAN_POINT('',(3.175E-1,-1.882474799838E0,-2.695130956137E0));
#5173=VERTEX_POINT('',#5171);
#5174=VERTEX_POINT('',#5172);
#5175=CARTESIAN_POINT('',(3.175E-1,-2.517475E0,1.944869043863E0));
#5176=CARTESIAN_POINT('',(3.175E-1,-1.882475E0,1.944869043863E0));
#5177=VERTEX_POINT('',#5175);
#5178=VERTEX_POINT('',#5176);
#5179=CARTESIAN_POINT('',(3.32E0,-3.282229131085E0,-2.695130956137E0));
#5180=CARTESIAN_POINT('',(4.006578577619E0,-3.282229131085E0,
-2.695130956137E0));
#5181=VERTEX_POINT('',#5179);
#5182=VERTEX_POINT('',#5180);
#5183=CARTESIAN_POINT('',(3.32E0,-4.129975E0,-2.695130956137E0));
#5184=VERTEX_POINT('',#5183);
#5185=CARTESIAN_POINT('',(2.68E0,-4.129975E0,-2.695130956137E0));
#5186=VERTEX_POINT('',#5185);
#5187=CARTESIAN_POINT('',(2.68E0,-3.282229131085E0,-2.695130956137E0));
#5188=VERTEX_POINT('',#5187);
#5189=CARTESIAN_POINT('',(1.978801270840E0,-3.282229131085E0,
-2.695130956137E0));
#5190=VERTEX_POINT('',#5189);
#5191=CARTESIAN_POINT('',(1.978801270840E0,-1.023371915559E0,
-2.695130956137E0));
#5192=VERTEX_POINT('',#5191);
#5193=CARTESIAN_POINT('',(4.006578577619E0,-1.023371915559E0,
-2.695130956137E0));
#5194=VERTEX_POINT('',#5193);
#5195=CARTESIAN_POINT('',(3.3175E0,-2.517475E0,-2.695130956137E0));
#5196=CARTESIAN_POINT('',(3.3175E0,-1.882474799838E0,-2.695130956137E0));
#5197=VERTEX_POINT('',#5195);
#5198=VERTEX_POINT('',#5196);
#5199=CARTESIAN_POINT('',(3.3175E0,-2.517475E0,1.944869043863E0));
#5200=CARTESIAN_POINT('',(3.3175E0,-1.882475E0,1.944869043863E0));
#5201=VERTEX_POINT('',#5199);
#5202=VERTEX_POINT('',#5200);
#5203=CARTESIAN_POINT('',(6.32E0,-3.282229131085E0,-2.695130956137E0));
#5204=CARTESIAN_POINT('',(7.004751058676E0,-3.282229131085E0,
-2.695130956137E0));
#5205=VERTEX_POINT('',#5203);
#5206=VERTEX_POINT('',#5204);
#5207=CARTESIAN_POINT('',(6.32E0,-4.129975E0,-2.695130956137E0));
#5208=VERTEX_POINT('',#5207);
#5209=CARTESIAN_POINT('',(5.68E0,-4.129975E0,-2.695130956137E0));
#5210=VERTEX_POINT('',#5209);
#5211=CARTESIAN_POINT('',(5.68E0,-3.282229131085E0,-2.695130956137E0));
#5212=VERTEX_POINT('',#5211);
#5213=CARTESIAN_POINT('',(4.976973751897E0,-3.282229131085E0,
-2.695130956137E0));
#5214=VERTEX_POINT('',#5213);
#5215=CARTESIAN_POINT('',(4.976973751897E0,-1.023371915559E0,
-2.695130956137E0));
#5216=VERTEX_POINT('',#5215);
#5217=CARTESIAN_POINT('',(7.004751058676E0,-1.023371915559E0,
-2.695130956137E0));
#5218=VERTEX_POINT('',#5217);
#5219=CARTESIAN_POINT('',(6.3175E0,-2.517475E0,-2.695130956137E0));
#5220=CARTESIAN_POINT('',(6.3175E0,-1.882474799838E0,-2.695130956137E0));
#5221=VERTEX_POINT('',#5219);
#5222=VERTEX_POINT('',#5220);
#5223=CARTESIAN_POINT('',(6.3175E0,-2.517475E0,1.944869043863E0));
#5224=CARTESIAN_POINT('',(6.3175E0,-1.882475E0,1.944869043863E0));
#5225=VERTEX_POINT('',#5223);
#5226=VERTEX_POINT('',#5224);
#5227=CARTESIAN_POINT('',(9.32E0,-3.282229131085E0,-2.695130956137E0));
#5228=CARTESIAN_POINT('',(1.000292353973E1,-3.282229131085E0,
-2.695130956137E0));
#5229=VERTEX_POINT('',#5227);
#5230=VERTEX_POINT('',#5228);
#5231=CARTESIAN_POINT('',(9.32E0,-4.129975E0,-2.695130956137E0));
#5232=VERTEX_POINT('',#5231);
#5233=CARTESIAN_POINT('',(8.68E0,-4.129975E0,-2.695130956137E0));
#5234=VERTEX_POINT('',#5233);
#5235=CARTESIAN_POINT('',(8.68E0,-3.282229131085E0,-2.695130956137E0));
#5236=VERTEX_POINT('',#5235);
#5237=CARTESIAN_POINT('',(7.975146232954E0,-3.282229131085E0,
-2.695130956137E0));
#5238=VERTEX_POINT('',#5237);
#5239=CARTESIAN_POINT('',(7.975146232954E0,-1.023371915559E0,
-2.695130956137E0));
#5240=VERTEX_POINT('',#5239);
#5241=CARTESIAN_POINT('',(1.000292353973E1,-1.023371915559E0,
-2.695130956137E0));
#5242=VERTEX_POINT('',#5241);
#5243=CARTESIAN_POINT('',(9.3175E0,-2.517475E0,-2.695130956137E0));
#5244=CARTESIAN_POINT('',(9.3175E0,-1.882474799838E0,-2.695130956137E0));
#5245=VERTEX_POINT('',#5243);
#5246=VERTEX_POINT('',#5244);
#5247=CARTESIAN_POINT('',(7.73E0,2.012427672581E0,-5.513095613730E-2));
#5248=CARTESIAN_POINT('',(1.021240267258E1,2.012427672581E0,
-5.513095613730E-2));
#5249=VERTEX_POINT('',#5247);
#5250=VERTEX_POINT('',#5248);
#5251=CARTESIAN_POINT('',(1.021240267258E1,-4.69975E-1,-5.513095613730E-2));
#5252=VERTEX_POINT('',#5251);
#5253=CARTESIAN_POINT('',(1.027E1,-4.69975E-1,-5.513095613730E-2));
#5254=VERTEX_POINT('',#5253);
#5255=CARTESIAN_POINT('',(1.021240267258E1,-9.29975E-1,-5.513095613730E-2));
#5256=CARTESIAN_POINT('',(1.021240267258E1,-9.421926149071E-1,
1.344869043863E0));
#5257=VERTEX_POINT('',#5255);
#5258=VERTEX_POINT('',#5256);
#5259=CARTESIAN_POINT('',(1.027E1,-9.29975E-1,-5.513095613730E-2));
#5260=VERTEX_POINT('',#5259);
#5261=CARTESIAN_POINT('',(1.025778238509E1,-9.421926149071E-1,
1.344869043863E0));
#5262=VERTEX_POINT('',#5261);
#5263=CARTESIAN_POINT('',(1.021240267258E1,-4.577573850929E-1,
1.344869043863E0));
#5264=VERTEX_POINT('',#5263);
#5265=CARTESIAN_POINT('',(1.025778238509E1,-4.577573850929E-1,
1.344869043863E0));
#5266=VERTEX_POINT('',#5265);
#5267=CARTESIAN_POINT('',(-2.322377922573E0,-3.412377672581E0,
-5.513095613730E-2));
#5268=CARTESIAN_POINT('',(-4.27E0,-3.412377672581E0,-5.513095613730E-2));
#5269=VERTEX_POINT('',#5267);
#5270=VERTEX_POINT('',#5268);
#5271=CARTESIAN_POINT('',(-2.379975249992E0,-3.469975E0,-5.513095613730E-2));
#5272=CARTESIAN_POINT('',(-4.27E0,-3.469975E0,-5.513095613730E-2));
#5273=VERTEX_POINT('',#5271);
#5274=VERTEX_POINT('',#5272);
#5275=CARTESIAN_POINT('',(-1.021240267258E1,1.224029225727E-1,
-5.513095613730E-2));
#5276=CARTESIAN_POINT('',(-1.021240267258E1,2.012427672581E0,
-5.513095613730E-2));
#5277=VERTEX_POINT('',#5275);
#5278=VERTEX_POINT('',#5276);
#5279=CARTESIAN_POINT('',(-7.73E0,2.012427672581E0,-5.513095613730E-2));
#5280=VERTEX_POINT('',#5279);
#5281=CARTESIAN_POINT('',(-5.322377922573E0,-3.412377672581E0,
-5.513095613730E-2));
#5282=CARTESIAN_POINT('',(-7.27E0,-3.412377672581E0,-5.513095613730E-2));
#5283=VERTEX_POINT('',#5281);
#5284=VERTEX_POINT('',#5282);
#5285=CARTESIAN_POINT('',(-5.379975249992E0,-3.469975E0,-5.513095613730E-2));
#5286=CARTESIAN_POINT('',(-7.27E0,-3.469975E0,-5.513095613730E-2));
#5287=VERTEX_POINT('',#5285);
#5288=VERTEX_POINT('',#5286);
#5289=CARTESIAN_POINT('',(-1.021240267258E1,-3.412377672581E0,
-5.513095613730E-2));
#5290=CARTESIAN_POINT('',(-1.021240267258E1,-9.29975E-1,-5.513095613730E-2));
#5291=VERTEX_POINT('',#5289);
#5292=VERTEX_POINT('',#5290);
#5293=CARTESIAN_POINT('',(-1.027E1,-9.29975E-1,-5.513095613730E-2));
#5294=VERTEX_POINT('',#5293);
#5295=CARTESIAN_POINT('',(-8.379975249992E0,-3.469975E0,-5.513095613730E-2));
#5296=CARTESIAN_POINT('',(-1.027E1,-3.469975E0,-5.513095613730E-2));
#5297=VERTEX_POINT('',#5295);
#5298=VERTEX_POINT('',#5296);
#5299=CARTESIAN_POINT('',(-8.322377922573E0,-3.412377672581E0,
-5.513095613730E-2));
#5300=VERTEX_POINT('',#5299);
#5301=CARTESIAN_POINT('',(-7.787597327419E0,-9.875723274190E-1,
6.544869043863E0));
#5302=CARTESIAN_POINT('',(-1.021240267258E1,-9.875723274190E-1,
6.544869043863E0));
#5303=VERTEX_POINT('',#5301);
#5304=VERTEX_POINT('',#5302);
#5305=CARTESIAN_POINT('',(1.0025E1,-3.334975E0,-3.365130956137E0));
#5306=CARTESIAN_POINT('',(1.0525E1,-3.334975E0,-3.365130956137E0));
#5307=VERTEX_POINT('',#5305);
#5308=VERTEX_POINT('',#5306);
#5309=CARTESIAN_POINT('',(1.0025E1,-4.034975E0,-3.365130956137E0));
#5310=VERTEX_POINT('',#5309);
#5311=CARTESIAN_POINT('',(1.0525E1,-4.034975E0,-3.365130956137E0));
#5312=VERTEX_POINT('',#5311);
#5313=CARTESIAN_POINT('',(9.32E0,-4.129975E0,-3.365130956137E0));
#5314=CARTESIAN_POINT('',(1.0925E1,-4.129975E0,-3.365130956137E0));
#5315=VERTEX_POINT('',#5313);
#5316=VERTEX_POINT('',#5314);
#5317=CARTESIAN_POINT('',(9.32E0,-3.282229131085E0,-3.365130956137E0));
#5318=VERTEX_POINT('',#5317);
#5319=CARTESIAN_POINT('',(1.0925E1,-3.282229131085E0,-3.365130956137E0));
#5320=VERTEX_POINT('',#5319);
#5321=CARTESIAN_POINT('',(-9.32E0,2.730025E0,-3.365130956137E0));
#5322=CARTESIAN_POINT('',(-1.0925E1,2.730025E0,-3.365130956137E0));
#5323=VERTEX_POINT('',#5321);
#5324=VERTEX_POINT('',#5322);
#5325=CARTESIAN_POINT('',(-1.0925E1,2.730025E0,6.544869043863E0));
#5326=VERTEX_POINT('',#5325);
#5327=CARTESIAN_POINT('',(1.0925E1,2.730025E0,6.544869043863E0));
#5328=VERTEX_POINT('',#5327);
#5329=CARTESIAN_POINT('',(1.0925E1,2.730025E0,-3.365130956137E0));
#5330=VERTEX_POINT('',#5329);
#5331=CARTESIAN_POINT('',(9.32E0,2.730025E0,-3.365130956137E0));
#5332=VERTEX_POINT('',#5331);
#5333=CARTESIAN_POINT('',(8.68E0,2.730025E0,-3.365130956137E0));
#5334=VERTEX_POINT('',#5333);
#5335=CARTESIAN_POINT('',(6.32E0,2.730025E0,-3.365130956137E0));
#5336=VERTEX_POINT('',#5335);
#5337=CARTESIAN_POINT('',(5.68E0,2.730025E0,-3.365130956137E0));
#5338=VERTEX_POINT('',#5337);
#5339=CARTESIAN_POINT('',(3.32E0,2.730025E0,-3.365130956137E0));
#5340=VERTEX_POINT('',#5339);
#5341=CARTESIAN_POINT('',(2.68E0,2.730025E0,-3.365130956137E0));
#5342=VERTEX_POINT('',#5341);
#5343=CARTESIAN_POINT('',(3.2E-1,2.730025E0,-3.365130956137E0));
#5344=VERTEX_POINT('',#5343);
#5345=CARTESIAN_POINT('',(-3.2E-1,2.730025E0,-3.365130956137E0));
#5346=VERTEX_POINT('',#5345);
#5347=CARTESIAN_POINT('',(-2.68E0,2.730025E0,-3.365130956137E0));
#5348=VERTEX_POINT('',#5347);
#5349=CARTESIAN_POINT('',(-3.32E0,2.730025E0,-3.365130956137E0));
#5350=VERTEX_POINT('',#5349);
#5351=CARTESIAN_POINT('',(-5.68E0,2.730025E0,-3.365130956137E0));
#5352=VERTEX_POINT('',#5351);
#5353=CARTESIAN_POINT('',(-6.32E0,2.730025E0,-3.365130956137E0));
#5354=VERTEX_POINT('',#5353);
#5355=CARTESIAN_POINT('',(-8.68E0,2.730025E0,-3.365130956137E0));
#5356=VERTEX_POINT('',#5355);
#5357=CARTESIAN_POINT('',(-8.495E0,2.730025E0,5.844869043863E0));
#5358=CARTESIAN_POINT('',(-8.495E0,2.730025E0,3.594869043863E0));
#5359=VERTEX_POINT('',#5357);
#5360=VERTEX_POINT('',#5358);
#5361=CARTESIAN_POINT('',(-1.0315E1,2.730025E0,5.844869043863E0));
#5362=VERTEX_POINT('',#5361);
#5363=CARTESIAN_POINT('',(-1.0315E1,2.730025E0,3.594869043863E0));
#5364=VERTEX_POINT('',#5363);
#5365=CARTESIAN_POINT('',(1.0275E1,-4.129975E0,1.344869043863E0));
#5366=CARTESIAN_POINT('',(8.455E0,-4.129975E0,1.344869043863E0));
#5367=VERTEX_POINT('',#5365);
#5368=VERTEX_POINT('',#5366);
#5369=CARTESIAN_POINT('',(8.455E0,-4.129975E0,3.594869043863E0));
#5370=VERTEX_POINT('',#5369);
#5371=CARTESIAN_POINT('',(1.0275E1,-4.129975E0,3.594869043863E0));
#5372=VERTEX_POINT('',#5371);
#5373=CARTESIAN_POINT('',(6.32E0,-4.129975E0,-3.365130956137E0));
#5374=CARTESIAN_POINT('',(8.68E0,-4.129975E0,-3.365130956137E0));
#5375=VERTEX_POINT('',#5373);
#5376=VERTEX_POINT('',#5374);
#5377=CARTESIAN_POINT('',(1.0925E1,-4.129975E0,6.544869043863E0));
#5378=VERTEX_POINT('',#5377);
#5379=CARTESIAN_POINT('',(-1.0925E1,-4.129975E0,6.544869043863E0));
#5380=VERTEX_POINT('',#5379);
#5381=CARTESIAN_POINT('',(-1.0925E1,-4.129975E0,-3.365130956137E0));
#5382=VERTEX_POINT('',#5381);
#5383=CARTESIAN_POINT('',(-9.32E0,-4.129975E0,-3.365130956137E0));
#5384=VERTEX_POINT('',#5383);
#5385=CARTESIAN_POINT('',(-8.68E0,-4.129975E0,-3.365130956137E0));
#5386=VERTEX_POINT('',#5385);
#5387=CARTESIAN_POINT('',(-6.32E0,-4.129975E0,-3.365130956137E0));
#5388=VERTEX_POINT('',#5387);
#5389=CARTESIAN_POINT('',(-5.68E0,-4.129975E0,-3.365130956137E0));
#5390=VERTEX_POINT('',#5389);
#5391=CARTESIAN_POINT('',(-3.32E0,-4.129975E0,-3.365130956137E0));
#5392=VERTEX_POINT('',#5391);
#5393=CARTESIAN_POINT('',(-2.68E0,-4.129975E0,-3.365130956137E0));
#5394=VERTEX_POINT('',#5393);
#5395=CARTESIAN_POINT('',(-3.2E-1,-4.129975E0,-3.365130956137E0));
#5396=VERTEX_POINT('',#5395);
#5397=CARTESIAN_POINT('',(3.2E-1,-4.129975E0,-3.365130956137E0));
#5398=VERTEX_POINT('',#5397);
#5399=CARTESIAN_POINT('',(2.68E0,-4.129975E0,-3.365130956137E0));
#5400=VERTEX_POINT('',#5399);
#5401=CARTESIAN_POINT('',(3.32E0,-4.129975E0,-3.365130956137E0));
#5402=VERTEX_POINT('',#5401);
#5403=CARTESIAN_POINT('',(5.68E0,-4.129975E0,-3.365130956137E0));
#5404=VERTEX_POINT('',#5403);
#5405=CARTESIAN_POINT('',(-9.6275E0,1.780025E0,-3.365130956137E0));
#5406=CARTESIAN_POINT('',(-1.0075E1,1.162373196797E0,-3.365130956137E0));
#5407=VERTEX_POINT('',#5405);
#5408=VERTEX_POINT('',#5406);
#5409=CARTESIAN_POINT('',(-1.0075E1,8.722791310850E-1,-3.365130956137E0));
#5410=VERTEX_POINT('',#5409);
#5411=CARTESIAN_POINT('',(-1.0925E1,8.722791310850E-1,-3.365130956137E0));
#5412=VERTEX_POINT('',#5411);
#5413=CARTESIAN_POINT('',(-9.32E0,1.881663866374E0,-3.365130956137E0));
#5414=VERTEX_POINT('',#5413);
#5415=CARTESIAN_POINT('',(-9.6275E0,1.881663866374E0,-3.365130956137E0));
#5416=VERTEX_POINT('',#5415);
#5417=CARTESIAN_POINT('',(-1.001388865339E1,8.722791310850E-1,
-9.451309561373E-1));
#5418=VERTEX_POINT('',#5417);
#5419=CARTESIAN_POINT('',(-1.0925E1,8.722791310850E-1,-9.451309561373E-1));
#5420=VERTEX_POINT('',#5419);
#5421=CARTESIAN_POINT('',(-1.0925E1,-3.282229131085E0,-9.451309561373E-1));
#5422=VERTEX_POINT('',#5421);
#5423=CARTESIAN_POINT('',(-1.001388865339E1,-3.282229131085E0,
-9.451309561373E-1));
#5424=VERTEX_POINT('',#5423);
#5425=CARTESIAN_POINT('',(9.32E0,1.881663866374E0,-3.365130956137E0));
#5426=VERTEX_POINT('',#5425);
#5427=CARTESIAN_POINT('',(1.0925E1,1.881663866374E0,-3.365130956137E0));
#5428=VERTEX_POINT('',#5427);
#5429=CARTESIAN_POINT('',(1.0925E1,1.881663866374E0,-9.451309561373E-1));
#5430=VERTEX_POINT('',#5429);
#5431=CARTESIAN_POINT('',(1.000292353973E1,1.881663866374E0,
-9.451309561373E-1));
#5432=VERTEX_POINT('',#5431);
#5433=CARTESIAN_POINT('',(6.32E0,1.881663866374E0,-3.365130956137E0));
#5434=CARTESIAN_POINT('',(8.68E0,1.881663866374E0,-3.365130956137E0));
#5435=VERTEX_POINT('',#5433);
#5436=VERTEX_POINT('',#5434);
#5437=CARTESIAN_POINT('',(7.975146232954E0,1.881663866374E0,
-9.451309561373E-1));
#5438=VERTEX_POINT('',#5437);
#5439=CARTESIAN_POINT('',(7.004751058676E0,1.881663866374E0,
-9.451309561373E-1));
#5440=VERTEX_POINT('',#5439);
#5441=CARTESIAN_POINT('',(1.000292353973E1,-3.282229131085E0,
-9.451309561373E-1));
#5442=VERTEX_POINT('',#5441);
#5443=CARTESIAN_POINT('',(1.0925E1,-3.282229131085E0,-9.451309561373E-1));
#5444=VERTEX_POINT('',#5443);
#5445=CARTESIAN_POINT('',(8.68E0,-3.282229131085E0,-3.365130956137E0));
#5446=VERTEX_POINT('',#5445);
#5447=CARTESIAN_POINT('',(6.32E0,-3.282229131085E0,-3.365130956137E0));
#5448=VERTEX_POINT('',#5447);
#5449=CARTESIAN_POINT('',(7.004751058676E0,-3.282229131085E0,
-9.451309561373E-1));
#5450=VERTEX_POINT('',#5449);
#5451=CARTESIAN_POINT('',(7.975146232954E0,-3.282229131085E0,
-9.451309561373E-1));
#5452=VERTEX_POINT('',#5451);
#5453=CARTESIAN_POINT('',(3.32E0,1.881663866374E0,-3.365130956137E0));
#5454=VERTEX_POINT('',#5453);
#5455=CARTESIAN_POINT('',(5.68E0,1.881663866374E0,-3.365130956137E0));
#5456=VERTEX_POINT('',#5455);
#5457=CARTESIAN_POINT('',(4.976973751897E0,1.881663866374E0,
-9.451309561373E-1));
#5458=VERTEX_POINT('',#5457);
#5459=CARTESIAN_POINT('',(4.006578577619E0,1.881663866374E0,
-9.451309561373E-1));
#5460=VERTEX_POINT('',#5459);
#5461=CARTESIAN_POINT('',(3.2E-1,1.881663866374E0,-3.365130956137E0));
#5462=CARTESIAN_POINT('',(2.68E0,1.881663866374E0,-3.365130956137E0));
#5463=VERTEX_POINT('',#5461);
#5464=VERTEX_POINT('',#5462);
#5465=CARTESIAN_POINT('',(1.978801270840E0,1.881663866374E0,
-9.451309561373E-1));
#5466=VERTEX_POINT('',#5465);
#5467=CARTESIAN_POINT('',(1.008406096561E0,1.881663866374E0,
-9.451309561373E-1));
#5468=VERTEX_POINT('',#5467);
#5469=CARTESIAN_POINT('',(5.68E0,-3.282229131085E0,-3.365130956137E0));
#5470=CARTESIAN_POINT('',(3.32E0,-3.282229131085E0,-3.365130956137E0));
#5471=VERTEX_POINT('',#5469);
#5472=VERTEX_POINT('',#5470);
#5473=CARTESIAN_POINT('',(4.006578577619E0,-3.282229131085E0,
-9.451309561373E-1));
#5474=VERTEX_POINT('',#5473);
#5475=CARTESIAN_POINT('',(4.976973751897E0,-3.282229131085E0,
-9.451309561373E-1));
#5476=VERTEX_POINT('',#5475);
#5477=CARTESIAN_POINT('',(2.68E0,-3.282229131085E0,-3.365130956137E0));
#5478=VERTEX_POINT('',#5477);
#5479=CARTESIAN_POINT('',(3.2E-1,-3.282229131085E0,-3.365130956137E0));
#5480=VERTEX_POINT('',#5479);
#5481=CARTESIAN_POINT('',(1.008406096561E0,-3.282229131085E0,
-9.451309561373E-1));
#5482=VERTEX_POINT('',#5481);
#5483=CARTESIAN_POINT('',(1.978801270840E0,-3.282229131085E0,
-9.451309561373E-1));
#5484=VERTEX_POINT('',#5483);
#5485=CARTESIAN_POINT('',(-2.68E0,1.881663866374E0,-3.365130956137E0));
#5486=VERTEX_POINT('',#5485);
#5487=CARTESIAN_POINT('',(-3.2E-1,1.881663866374E0,-3.365130956137E0));
#5488=VERTEX_POINT('',#5487);
#5489=CARTESIAN_POINT('',(-1.019371210218E0,1.881663866374E0,
-9.451309561373E-1));
#5490=VERTEX_POINT('',#5489);
#5491=CARTESIAN_POINT('',(-1.989766384496E0,1.881663866374E0,
-9.451309561373E-1));
#5492=VERTEX_POINT('',#5491);
#5493=CARTESIAN_POINT('',(-5.68E0,1.881663866374E0,-3.365130956137E0));
#5494=CARTESIAN_POINT('',(-3.32E0,1.881663866374E0,-3.365130956137E0));
#5495=VERTEX_POINT('',#5493);
#5496=VERTEX_POINT('',#5494);
#5497=CARTESIAN_POINT('',(-4.017543691275E0,1.881663866374E0,
-9.451309561373E-1));
#5498=VERTEX_POINT('',#5497);
#5499=CARTESIAN_POINT('',(-4.987938865553E0,1.881663866374E0,
-9.451309561373E-1));
#5500=VERTEX_POINT('',#5499);
#5501=CARTESIAN_POINT('',(-3.2E-1,-3.282229131085E0,-3.365130956137E0));
#5502=CARTESIAN_POINT('',(-2.68E0,-3.282229131085E0,-3.365130956137E0));
#5503=VERTEX_POINT('',#5501);
#5504=VERTEX_POINT('',#5502);
#5505=CARTESIAN_POINT('',(-1.989766384496E0,-3.282229131085E0,
-9.451309561373E-1));
#5506=VERTEX_POINT('',#5505);
#5507=CARTESIAN_POINT('',(-1.019371210218E0,-3.282229131085E0,
-9.451309561373E-1));
#5508=VERTEX_POINT('',#5507);
#5509=CARTESIAN_POINT('',(-3.32E0,-3.282229131085E0,-3.365130956137E0));
#5510=VERTEX_POINT('',#5509);
#5511=CARTESIAN_POINT('',(-5.68E0,-3.282229131085E0,-3.365130956137E0));
#5512=VERTEX_POINT('',#5511);
#5513=CARTESIAN_POINT('',(-4.987938865553E0,-3.282229131085E0,
-9.451309561373E-1));
#5514=VERTEX_POINT('',#5513);
#5515=CARTESIAN_POINT('',(-4.017543691275E0,-3.282229131085E0,
-9.451309561373E-1));
#5516=VERTEX_POINT('',#5515);
#5517=CARTESIAN_POINT('',(-8.68E0,-3.282229131085E0,-3.365130956137E0));
#5518=VERTEX_POINT('',#5517);
#5519=CARTESIAN_POINT('',(-6.32E0,-3.282229131085E0,-3.365130956137E0));
#5520=VERTEX_POINT('',#5519);
#5521=CARTESIAN_POINT('',(-8.68E0,1.881663866374E0,-3.365130956137E0));
#5522=CARTESIAN_POINT('',(-6.32E0,1.881663866374E0,-3.365130956137E0));
#5523=VERTEX_POINT('',#5521);
#5524=VERTEX_POINT('',#5522);
#5525=CARTESIAN_POINT('',(-7.015716172332E0,1.881663866374E0,
-9.451309561373E-1));
#5526=VERTEX_POINT('',#5525);
#5527=CARTESIAN_POINT('',(-7.986111346611E0,1.881663866374E0,
-9.451309561373E-1));
#5528=VERTEX_POINT('',#5527);
#5529=CARTESIAN_POINT('',(-7.986111346611E0,-3.282229131085E0,
-9.451309561373E-1));
#5530=VERTEX_POINT('',#5529);
#5531=CARTESIAN_POINT('',(-7.015716172332E0,-3.282229131085E0,
-9.451309561373E-1));
#5532=VERTEX_POINT('',#5531);
#5533=CARTESIAN_POINT('',(-9.32E0,-3.282229131085E0,-3.365130956137E0));
#5534=VERTEX_POINT('',#5533);
#5535=CARTESIAN_POINT('',(-1.0925E1,-3.282229131085E0,-3.365130956137E0));
#5536=VERTEX_POINT('',#5535);
#5537=CARTESIAN_POINT('',(-1.021240267258E1,-3.412377672581E0,
6.544869043863E0));
#5538=CARTESIAN_POINT('',(-8.403832844165E0,-3.412377672581E0,
6.544869043863E0));
#5539=VERTEX_POINT('',#5537);
#5540=VERTEX_POINT('',#5538);
#5541=CARTESIAN_POINT('',(-7.212402672581E0,-3.412377672581E0,
6.544869043863E0));
#5542=CARTESIAN_POINT('',(-5.403832844165E0,-3.412377672581E0,
6.544869043863E0));
#5543=VERTEX_POINT('',#5541);
#5544=VERTEX_POINT('',#5542);
#5545=CARTESIAN_POINT('',(-4.787597327419E0,-9.875723274190E-1,
6.544869043863E0));
#5546=CARTESIAN_POINT('',(-7.212402672581E0,-9.875723274190E-1,
6.544869043863E0));
#5547=VERTEX_POINT('',#5545);
#5548=VERTEX_POINT('',#5546);
#5549=CARTESIAN_POINT('',(-4.212402672581E0,-3.412377672581E0,
6.544869043863E0));
#5550=CARTESIAN_POINT('',(-2.403832844165E0,-3.412377672581E0,
6.544869043863E0));
#5551=VERTEX_POINT('',#5549);
#5552=VERTEX_POINT('',#5550);
#5553=CARTESIAN_POINT('',(-1.787597327419E0,-9.875723274190E-1,
6.544869043863E0));
#5554=CARTESIAN_POINT('',(-4.212402672581E0,-9.875723274190E-1,
6.544869043863E0));
#5555=VERTEX_POINT('',#5553);
#5556=VERTEX_POINT('',#5554);
#5557=CARTESIAN_POINT('',(1.212402672581E0,-9.875723274190E-1,
6.544869043863E0));
#5558=CARTESIAN_POINT('',(-1.212402672581E0,-9.875723274190E-1,
6.544869043863E0));
#5559=VERTEX_POINT('',#5557);
#5560=VERTEX_POINT('',#5558);
#5561=CARTESIAN_POINT('',(4.212402672581E0,-9.875723274190E-1,
6.544869043863E0));
#5562=CARTESIAN_POINT('',(1.787597327419E0,-9.875723274190E-1,
6.544869043863E0));
#5563=VERTEX_POINT('',#5561);
#5564=VERTEX_POINT('',#5562);
#5565=CARTESIAN_POINT('',(9.62E0,-9.875723274190E-1,6.544869043863E0));
#5566=CARTESIAN_POINT('',(7.787597327419E0,-9.875723274190E-1,
6.544869043863E0));
#5567=VERTEX_POINT('',#5565);
#5568=VERTEX_POINT('',#5566);
#5569=CARTESIAN_POINT('',(9.62E0,-4.123776725810E-1,6.544869043863E0));
#5570=VERTEX_POINT('',#5569);
#5571=CARTESIAN_POINT('',(8.403832844165E0,-4.123776725810E-1,
6.544869043863E0));
#5572=VERTEX_POINT('',#5571);
#5573=CARTESIAN_POINT('',(1.021240267258E1,2.012427672581E0,6.544869043863E0));
#5574=CARTESIAN_POINT('',(7.787597327419E0,2.012427672581E0,6.544869043863E0));
#5575=VERTEX_POINT('',#5573);
#5576=VERTEX_POINT('',#5574);
#5577=CARTESIAN_POINT('',(7.212402672581E0,2.012427672581E0,6.544869043863E0));
#5578=CARTESIAN_POINT('',(4.787597327419E0,2.012427672581E0,6.544869043863E0));
#5579=VERTEX_POINT('',#5577);
#5580=VERTEX_POINT('',#5578);
#5581=CARTESIAN_POINT('',(5.403832844165E0,-4.123776725810E-1,
6.544869043863E0));
#5582=CARTESIAN_POINT('',(7.212402672581E0,-4.123776725810E-1,
6.544869043863E0));
#5583=VERTEX_POINT('',#5581);
#5584=VERTEX_POINT('',#5582);
#5585=CARTESIAN_POINT('',(4.212402672581E0,2.012427672581E0,6.544869043863E0));
#5586=CARTESIAN_POINT('',(1.787597327419E0,2.012427672581E0,6.544869043863E0));
#5587=VERTEX_POINT('',#5585);
#5588=VERTEX_POINT('',#5586);
#5589=CARTESIAN_POINT('',(1.212402672581E0,2.012427672581E0,6.544869043863E0));
#5590=CARTESIAN_POINT('',(-1.212402672581E0,2.012427672581E0,6.544869043863E0));
#5591=VERTEX_POINT('',#5589);
#5592=VERTEX_POINT('',#5590);
#5593=CARTESIAN_POINT('',(-4.212402672581E0,-4.123776725810E-1,
6.544869043863E0));
#5594=CARTESIAN_POINT('',(-2.403832844165E0,-4.123776725810E-1,
6.544869043863E0));
#5595=VERTEX_POINT('',#5593);
#5596=VERTEX_POINT('',#5594);
#5597=CARTESIAN_POINT('',(-1.787597327419E0,2.012427672581E0,6.544869043863E0));
#5598=CARTESIAN_POINT('',(-4.212402672581E0,2.012427672581E0,6.544869043863E0));
#5599=VERTEX_POINT('',#5597);
#5600=VERTEX_POINT('',#5598);
#5601=CARTESIAN_POINT('',(-4.787597327419E0,2.012427672581E0,6.544869043863E0));
#5602=CARTESIAN_POINT('',(-7.212402672581E0,2.012427672581E0,6.544869043863E0));
#5603=VERTEX_POINT('',#5601);
#5604=VERTEX_POINT('',#5602);
#5605=CARTESIAN_POINT('',(-6.596167155835E0,-4.123776725810E-1,
6.544869043863E0));
#5606=CARTESIAN_POINT('',(-4.787597327419E0,-4.123776725810E-1,
6.544869043863E0));
#5607=VERTEX_POINT('',#5605);
#5608=VERTEX_POINT('',#5606);
#5609=CARTESIAN_POINT('',(-7.787597327419E0,2.012427672581E0,6.544869043863E0));
#5610=CARTESIAN_POINT('',(-1.021240267258E1,2.012427672581E0,6.544869043863E0));
#5611=VERTEX_POINT('',#5609);
#5612=VERTEX_POINT('',#5610);
#5613=CARTESIAN_POINT('',(-9.596167155835E0,-4.123776725810E-1,
6.544869043863E0));
#5614=CARTESIAN_POINT('',(-7.787597327419E0,-4.123776725810E-1,
6.544869043863E0));
#5615=VERTEX_POINT('',#5613);
#5616=VERTEX_POINT('',#5614);
#5617=CARTESIAN_POINT('',(7.212402672581E0,-9.875723274190E-1,
6.544869043863E0));
#5618=CARTESIAN_POINT('',(4.787597327419E0,-9.875723274190E-1,
6.544869043863E0));
#5619=VERTEX_POINT('',#5617);
#5620=VERTEX_POINT('',#5618);
#5621=CARTESIAN_POINT('',(-1.001388865339E1,-3.765780844405E-1,
-2.025130956137E0));
#5622=VERTEX_POINT('',#5621);
#5623=CARTESIAN_POINT('',(-1.001388865339E1,-1.023371915559E0,
-2.025130956137E0));
#5624=VERTEX_POINT('',#5623);
#5625=CARTESIAN_POINT('',(-7.986111346611E0,-1.023371915559E0,
-2.025130956137E0));
#5626=VERTEX_POINT('',#5625);
#5627=CARTESIAN_POINT('',(-7.986111346611E0,-3.765780844405E-1,
-2.025130956137E0));
#5628=VERTEX_POINT('',#5627);
#5629=CARTESIAN_POINT('',(-7.015716172332E0,-3.765780844405E-1,
-2.025130956137E0));
#5630=VERTEX_POINT('',#5629);
#5631=CARTESIAN_POINT('',(-7.015716172332E0,-1.023371915559E0,
-2.025130956137E0));
#5632=VERTEX_POINT('',#5631);
#5633=CARTESIAN_POINT('',(-4.987938865553E0,-1.023371915559E0,
-2.025130956137E0));
#5634=VERTEX_POINT('',#5633);
#5635=CARTESIAN_POINT('',(-4.987938865553E0,-3.765780844405E-1,
-2.025130956137E0));
#5636=VERTEX_POINT('',#5635);
#5637=CARTESIAN_POINT('',(-4.017543691275E0,-3.765780844405E-1,
-2.025130956137E0));
#5638=VERTEX_POINT('',#5637);
#5639=CARTESIAN_POINT('',(-4.017543691275E0,-1.023371915559E0,
-2.025130956137E0));
#5640=VERTEX_POINT('',#5639);
#5641=CARTESIAN_POINT('',(-1.989766384496E0,-1.023371915559E0,
-2.025130956137E0));
#5642=VERTEX_POINT('',#5641);
#5643=CARTESIAN_POINT('',(-1.989766384496E0,-3.765780844405E-1,
-2.025130956137E0));
#5644=VERTEX_POINT('',#5643);
#5645=CARTESIAN_POINT('',(-1.019371210218E0,-3.765780844405E-1,
-2.025130956137E0));
#5646=VERTEX_POINT('',#5645);
#5647=CARTESIAN_POINT('',(-1.019371210218E0,-1.023371915559E0,
-2.025130956137E0));
#5648=VERTEX_POINT('',#5647);
#5649=CARTESIAN_POINT('',(1.008406096561E0,-1.023371915559E0,
-2.025130956137E0));
#5650=VERTEX_POINT('',#5649);
#5651=CARTESIAN_POINT('',(1.008406096561E0,-3.765780844405E-1,
-2.025130956137E0));
#5652=VERTEX_POINT('',#5651);
#5653=CARTESIAN_POINT('',(1.978801270840E0,-3.765780844405E-1,
-2.025130956137E0));
#5654=VERTEX_POINT('',#5653);
#5655=CARTESIAN_POINT('',(1.978801270840E0,-1.023371915559E0,
-2.025130956137E0));
#5656=VERTEX_POINT('',#5655);
#5657=CARTESIAN_POINT('',(4.006578577619E0,-1.023371915559E0,
-2.025130956137E0));
#5658=VERTEX_POINT('',#5657);
#5659=CARTESIAN_POINT('',(4.006578577619E0,-3.765780844405E-1,
-2.025130956137E0));
#5660=VERTEX_POINT('',#5659);
#5661=CARTESIAN_POINT('',(4.976973751897E0,-3.765780844405E-1,
-2.025130956137E0));
#5662=VERTEX_POINT('',#5661);
#5663=CARTESIAN_POINT('',(4.976973751897E0,-1.023371915559E0,
-2.025130956137E0));
#5664=VERTEX_POINT('',#5663);
#5665=CARTESIAN_POINT('',(7.004751058676E0,-1.023371915559E0,
-2.025130956137E0));
#5666=VERTEX_POINT('',#5665);
#5667=CARTESIAN_POINT('',(7.004751058676E0,-3.765780844405E-1,
-2.025130956137E0));
#5668=VERTEX_POINT('',#5667);
#5669=CARTESIAN_POINT('',(7.975146232954E0,-3.765780844405E-1,
-2.025130956137E0));
#5670=VERTEX_POINT('',#5669);
#5671=CARTESIAN_POINT('',(7.975146232954E0,-1.023371915559E0,
-2.025130956137E0));
#5672=VERTEX_POINT('',#5671);
#5673=CARTESIAN_POINT('',(1.000292353973E1,-1.023371915559E0,
-2.025130956137E0));
#5674=VERTEX_POINT('',#5673);
#5675=CARTESIAN_POINT('',(1.000292353973E1,-3.765780844405E-1,
-2.025130956137E0));
#5676=VERTEX_POINT('',#5675);
#5677=CARTESIAN_POINT('',(9.714961627015E0,-4.129975E0,1.519869043863E0));
#5678=CARTESIAN_POINT('',(9.714961627015E0,-4.129975E0,3.427645968907E0));
#5679=VERTEX_POINT('',#5677);
#5680=VERTEX_POINT('',#5678);
#5681=CARTESIAN_POINT('',(9.714961627015E0,-4.119975E0,1.519869043863E0));
#5682=VERTEX_POINT('',#5681);
#5683=CARTESIAN_POINT('',(9.714961627015E0,-4.119975E0,3.427645968907E0));
#5684=VERTEX_POINT('',#5683);
#5685=CARTESIAN_POINT('',(9.481653875672E0,-4.129975E0,1.519869043863E0));
#5686=VERTEX_POINT('',#5685);
#5687=CARTESIAN_POINT('',(9.481653875672E0,-4.119975E0,1.519869043863E0));
#5688=VERTEX_POINT('',#5687);
#5689=CARTESIAN_POINT('',(9.481653875672E0,-4.129975E0,3.006233843044E0));
#5690=VERTEX_POINT('',#5689);
#5691=CARTESIAN_POINT('',(9.481653875672E0,-4.119975E0,3.006233843044E0));
#5692=VERTEX_POINT('',#5691);
#5693=CARTESIAN_POINT('',(9.015038372985E0,-4.129975E0,2.725292425802E0));
#5694=CARTESIAN_POINT('',(9.015038372985E0,-4.119975E0,2.725292425802E0));
#5695=VERTEX_POINT('',#5693);
#5696=VERTEX_POINT('',#5694);
#5697=CARTESIAN_POINT('',(9.015038372985E0,-4.129975E0,2.950823252100E0));
#5698=VERTEX_POINT('',#5697);
#5699=CARTESIAN_POINT('',(9.015038372985E0,-4.119975E0,2.950823252100E0));
#5700=VERTEX_POINT('',#5699);
#5701=VERTEX_POINT('',#2273);
#5702=CARTESIAN_POINT('',(9.564283704272E0,-4.119975E0,3.427645968907E0));
#5703=VERTEX_POINT('',#5702);
#5704=CARTESIAN_POINT('',(1.0275E1,-4.119975E0,1.344869043863E0));
#5705=VERTEX_POINT('',#5704);
#5706=CARTESIAN_POINT('',(8.455E0,-4.119975E0,1.344869043863E0));
#5707=VERTEX_POINT('',#5706);
#5708=CARTESIAN_POINT('',(1.0275E1,-4.119975E0,3.594869043863E0));
#5709=VERTEX_POINT('',#5708);
#5710=CARTESIAN_POINT('',(8.455E0,-4.119975E0,3.594869043863E0));
#5711=VERTEX_POINT('',#5710);
#5712=CARTESIAN_POINT('',(-9.069189837009E0,2.730025E0,5.677645968907E0));
#5713=CARTESIAN_POINT('',(-9.069189837009E0,2.730025E0,3.769869043863E0));
#5714=VERTEX_POINT('',#5712);
#5715=VERTEX_POINT('',#5713);
#5716=CARTESIAN_POINT('',(-9.069189837009E0,2.720025E0,3.769869043863E0));
#5717=VERTEX_POINT('',#5716);
#5718=CARTESIAN_POINT('',(-9.069189837009E0,2.720025E0,5.677645968907E0));
#5719=VERTEX_POINT('',#5718);
#5720=CARTESIAN_POINT('',(-8.980023969319E0,2.730025E0,5.677645968907E0));
#5721=VERTEX_POINT('',#5720);
#5722=CARTESIAN_POINT('',(-8.980023969319E0,2.720025E0,5.677645968907E0));
#5723=VERTEX_POINT('',#5722);
#5724=VERTEX_POINT('',#4538);
#5725=VERTEX_POINT('',#4366);
#5726=CARTESIAN_POINT('',(-8.655E0,2.730025E0,4.975292425802E0));
#5727=VERTEX_POINT('',#5726);
#5728=CARTESIAN_POINT('',(-8.655E0,2.720025E0,4.975292425802E0));
#5729=VERTEX_POINT('',#5728);
#5730=CARTESIAN_POINT('',(-8.931126558006E0,2.720025E0,5.256233843044E0));
#5731=CARTESIAN_POINT('',(-8.931126558006E0,2.730025E0,5.256233843044E0));
#5732=VERTEX_POINT('',#5730);
#5733=VERTEX_POINT('',#5731);
#5734=CARTESIAN_POINT('',(-8.931126558006E0,2.730025E0,3.769869043863E0));
#5735=VERTEX_POINT('',#5734);
#5736=CARTESIAN_POINT('',(-8.931126558006E0,2.720025E0,3.769869043863E0));
#5737=VERTEX_POINT('',#5736);
#5738=CARTESIAN_POINT('',(-9.865067114094E0,2.730025E0,3.769869043863E0));
#5739=CARTESIAN_POINT('',(-1.000313039310E1,2.730025E0,3.769869043863E0));
#5740=VERTEX_POINT('',#5738);
#5741=VERTEX_POINT('',#5739);
#5742=CARTESIAN_POINT('',(-9.865067114094E0,2.720025E0,3.769869043863E0));
#5743=VERTEX_POINT('',#5742);
#5744=CARTESIAN_POINT('',(-1.000313039310E1,2.720025E0,3.769869043863E0));
#5745=VERTEX_POINT('',#5744);
#5746=CARTESIAN_POINT('',(-1.000313039310E1,2.730025E0,4.224819158982E0));
#5747=VERTEX_POINT('',#5746);
#5748=CARTESIAN_POINT('',(-1.000313039310E1,2.720025E0,4.224819158982E0));
#5749=VERTEX_POINT('',#5748);
#5750=CARTESIAN_POINT('',(-1.0155E1,2.730025E0,4.224819158982E0));
#5751=VERTEX_POINT('',#5750);
#5752=CARTESIAN_POINT('',(-1.0155E1,2.720025E0,4.224819158982E0));
#5753=VERTEX_POINT('',#5752);
#5754=CARTESIAN_POINT('',(-1.0155E1,2.730025E0,4.438684597713E0));
#5755=VERTEX_POINT('',#5754);
#5756=CARTESIAN_POINT('',(-1.0155E1,2.720025E0,4.438684597713E0));
#5757=VERTEX_POINT('',#5756);
#5758=CARTESIAN_POINT('',(-1.000313039310E1,2.730025E0,4.438684597713E0));
#5759=VERTEX_POINT('',#5758);
#5760=CARTESIAN_POINT('',(-1.000313039310E1,2.720025E0,4.438684597713E0));
#5761=VERTEX_POINT('',#5760);
#5762=CARTESIAN_POINT('',(-1.000313039310E1,2.730025E0,5.669869043863E0));
#5763=VERTEX_POINT('',#5762);
#5764=CARTESIAN_POINT('',(-1.000313039310E1,2.720025E0,5.669869043863E0));
#5765=VERTEX_POINT('',#5764);
#5766=CARTESIAN_POINT('',(-9.890378715244E0,2.730025E0,5.669869043863E0));
#5767=VERTEX_POINT('',#5766);
#5768=CARTESIAN_POINT('',(-9.890378715244E0,2.720025E0,5.669869043863E0));
#5769=VERTEX_POINT('',#5768);
#5770=CARTESIAN_POINT('',(-9.377243528284E0,2.730025E0,4.438684597713E0));
#5771=VERTEX_POINT('',#5770);
#5772=CARTESIAN_POINT('',(-9.377243528284E0,2.720025E0,4.438684597713E0));
#5773=VERTEX_POINT('',#5772);
#5774=CARTESIAN_POINT('',(-9.377243528284E0,2.730025E0,4.224819158982E0));
#5775=VERTEX_POINT('',#5774);
#5776=CARTESIAN_POINT('',(-9.377243528284E0,2.720025E0,4.224819158982E0));
#5777=VERTEX_POINT('',#5776);
#5778=CARTESIAN_POINT('',(-9.865067114094E0,2.730025E0,4.224819158982E0));
#5779=VERTEX_POINT('',#5778);
#5780=CARTESIAN_POINT('',(-9.865067114094E0,2.720025E0,4.224819158982E0));
#5781=VERTEX_POINT('',#5780);
#5782=CARTESIAN_POINT('',(-8.495E0,2.720025E0,5.844869043863E0));
#5783=VERTEX_POINT('',#5782);
#5784=CARTESIAN_POINT('',(-1.0315E1,2.720025E0,5.844869043863E0));
#5785=VERTEX_POINT('',#5784);
#5786=CARTESIAN_POINT('',(-1.0315E1,2.720025E0,3.594869043863E0));
#5787=VERTEX_POINT('',#5786);
#5788=CARTESIAN_POINT('',(-8.495E0,2.720025E0,3.594869043863E0));
#5789=VERTEX_POINT('',#5788);
#5790=CARTESIAN_POINT('',(-9.865067114094E0,2.730025E0,4.438684597713E0));
#5791=CARTESIAN_POINT('',(-9.513005752637E0,2.730025E0,4.438684597713E0));
#5792=VERTEX_POINT('',#5790);
#5793=VERTEX_POINT('',#5791);
#5794=CARTESIAN_POINT('',(-9.865067114094E0,2.730025E0,5.295118468268E0));
#5795=VERTEX_POINT('',#5794);
#5796=CARTESIAN_POINT('',(-9.865067114094E0,2.720025E0,4.438684597713E0));
#5797=VERTEX_POINT('',#5796);
#5798=CARTESIAN_POINT('',(-9.513005752637E0,2.720025E0,4.438684597713E0));
#5799=VERTEX_POINT('',#5798);
#5800=CARTESIAN_POINT('',(-9.865067114094E0,2.720025E0,5.295118468268E0));
#5801=VERTEX_POINT('',#5800);
#5802=CARTESIAN_POINT('',(1.020381944444E1,-3.432928440778E0,
-3.365130956137E0));
#5803=CARTESIAN_POINT('',(1.015E1,-3.432928440778E0,-3.365130956137E0));
#5804=VERTEX_POINT('',#5802);
#5805=VERTEX_POINT('',#5803);
#5806=CARTESIAN_POINT('',(1.015E1,-3.432928440778E0,-3.355130956137E0));
#5807=VERTEX_POINT('',#5806);
#5808=CARTESIAN_POINT('',(1.020381944444E1,-3.432928440778E0,
-3.355130956137E0));
#5809=VERTEX_POINT('',#5808);
#5810=VERTEX_POINT('',#2478);
#5811=VERTEX_POINT('',#2444);
#5812=CARTESIAN_POINT('',(1.04E1,-3.617758320542E0,-3.365130956137E0));
#5813=VERTEX_POINT('',#5812);
#5814=CARTESIAN_POINT('',(1.04E1,-3.617758320542E0,-3.355130956137E0));
#5815=VERTEX_POINT('',#5814);
#5816=VERTEX_POINT('',#2472);
#5817=VERTEX_POINT('',#2450);
#5818=CARTESIAN_POINT('',(1.023333333333E1,-3.934975E0,-3.365130956137E0));
#5819=VERTEX_POINT('',#5818);
#5820=CARTESIAN_POINT('',(1.023333333333E1,-3.934975E0,-3.355130956137E0));
#5821=VERTEX_POINT('',#5820);
#5822=CARTESIAN_POINT('',(1.015E1,-3.934975E0,-3.365130956137E0));
#5823=VERTEX_POINT('',#5822);
#5824=CARTESIAN_POINT('',(1.015E1,-3.934975E0,-3.355130956137E0));
#5825=VERTEX_POINT('',#5824);
#5826=CARTESIAN_POINT('',(1.0025E1,-3.334975E0,-3.355130956137E0));
#5827=VERTEX_POINT('',#5826);
#5828=CARTESIAN_POINT('',(1.0025E1,-4.034975E0,-3.355130956137E0));
#5829=VERTEX_POINT('',#5828);
#5830=CARTESIAN_POINT('',(1.0525E1,-4.034975E0,-3.355130956137E0));
#5831=VERTEX_POINT('',#5830);
#5832=CARTESIAN_POINT('',(1.0525E1,-3.334975E0,-3.355130956137E0));
#5833=VERTEX_POINT('',#5832);
#5834=CARTESIAN_POINT('',(9.3175E0,-1.882475E0,4.144869043863E0));
#5835=CARTESIAN_POINT('',(9.3175E0,-2.517475E0,4.144869043863E0));
#5836=VERTEX_POINT('',#5834);
#5837=VERTEX_POINT('',#5835);
#5838=CARTESIAN_POINT('',(9.3175E0,-2.517475E0,-6.544869043863E0));
#5839=CARTESIAN_POINT('',(9.3175E0,-1.882474799838E0,-6.544869043863E0));
#5840=VERTEX_POINT('',#5838);
#5841=VERTEX_POINT('',#5839);
#5842=CARTESIAN_POINT('',(6.3175E0,-1.882475E0,4.144869043863E0));
#5843=CARTESIAN_POINT('',(6.3175E0,-2.517475E0,4.144869043863E0));
#5844=VERTEX_POINT('',#5842);
#5845=VERTEX_POINT('',#5843);
#5846=CARTESIAN_POINT('',(6.3175E0,-2.517475E0,-6.544869043863E0));
#5847=CARTESIAN_POINT('',(6.3175E0,-1.882474799838E0,-6.544869043863E0));
#5848=VERTEX_POINT('',#5846);
#5849=VERTEX_POINT('',#5847);
#5850=CARTESIAN_POINT('',(3.3175E0,-1.882475E0,4.144869043863E0));
#5851=CARTESIAN_POINT('',(3.3175E0,-2.517475E0,4.144869043863E0));
#5852=VERTEX_POINT('',#5850);
#5853=VERTEX_POINT('',#5851);
#5854=CARTESIAN_POINT('',(3.3175E0,-2.517475E0,-6.544869043863E0));
#5855=CARTESIAN_POINT('',(3.3175E0,-1.882474799838E0,-6.544869043863E0));
#5856=VERTEX_POINT('',#5854);
#5857=VERTEX_POINT('',#5855);
#5858=CARTESIAN_POINT('',(3.175E-1,-1.882475E0,4.144869043863E0));
#5859=CARTESIAN_POINT('',(3.175E-1,-2.517475E0,4.144869043863E0));
#5860=VERTEX_POINT('',#5858);
#5861=VERTEX_POINT('',#5859);
#5862=CARTESIAN_POINT('',(3.175E-1,-2.517475E0,-6.544869043863E0));
#5863=CARTESIAN_POINT('',(3.175E-1,-1.882474799838E0,-6.544869043863E0));
#5864=VERTEX_POINT('',#5862);
#5865=VERTEX_POINT('',#5863);
#5866=CARTESIAN_POINT('',(-2.6825E0,-1.882475E0,4.144869043863E0));
#5867=CARTESIAN_POINT('',(-2.6825E0,-2.517475E0,4.144869043863E0));
#5868=VERTEX_POINT('',#5866);
#5869=VERTEX_POINT('',#5867);
#5870=CARTESIAN_POINT('',(-2.6825E0,-2.517475E0,-6.544869043863E0));
#5871=CARTESIAN_POINT('',(-2.6825E0,-1.882474799838E0,-6.544869043863E0));
#5872=VERTEX_POINT('',#5870);
#5873=VERTEX_POINT('',#5871);
#5874=CARTESIAN_POINT('',(-5.6825E0,-1.882475E0,4.144869043863E0));
#5875=CARTESIAN_POINT('',(-5.6825E0,-2.517475E0,4.144869043863E0));
#5876=VERTEX_POINT('',#5874);
#5877=VERTEX_POINT('',#5875);
#5878=CARTESIAN_POINT('',(-5.6825E0,-2.517475E0,-6.544869043863E0));
#5879=CARTESIAN_POINT('',(-5.6825E0,-1.882474799838E0,-6.544869043863E0));
#5880=VERTEX_POINT('',#5878);
#5881=VERTEX_POINT('',#5879);
#5882=CARTESIAN_POINT('',(-8.6825E0,-1.882475E0,4.144869043863E0));
#5883=CARTESIAN_POINT('',(-8.6825E0,-2.517475E0,4.144869043863E0));
#5884=VERTEX_POINT('',#5882);
#5885=VERTEX_POINT('',#5883);
#5886=CARTESIAN_POINT('',(-8.6825E0,-2.517475E0,-6.544869043863E0));
#5887=CARTESIAN_POINT('',(-8.6825E0,-1.882474799838E0,-6.544869043863E0));
#5888=VERTEX_POINT('',#5886);
#5889=VERTEX_POINT('',#5887);
#5890=CARTESIAN_POINT('',(-8.6825E0,1.117525E0,4.144869043863E0));
#5891=CARTESIAN_POINT('',(-8.6825E0,4.82525E-1,4.144869043863E0));
#5892=VERTEX_POINT('',#5890);
#5893=VERTEX_POINT('',#5891);
#5894=CARTESIAN_POINT('',(-8.6825E0,4.82525E-1,-6.544869043863E0));
#5895=CARTESIAN_POINT('',(-8.6825E0,1.117525200162E0,-6.544869043863E0));
#5896=VERTEX_POINT('',#5894);
#5897=VERTEX_POINT('',#5895);
#5898=CARTESIAN_POINT('',(-5.6825E0,1.117525E0,4.144869043863E0));
#5899=CARTESIAN_POINT('',(-5.6825E0,4.82525E-1,4.144869043863E0));
#5900=VERTEX_POINT('',#5898);
#5901=VERTEX_POINT('',#5899);
#5902=CARTESIAN_POINT('',(-5.6825E0,4.82525E-1,-6.544869043863E0));
#5903=CARTESIAN_POINT('',(-5.6825E0,1.117525200162E0,-6.544869043863E0));
#5904=VERTEX_POINT('',#5902);
#5905=VERTEX_POINT('',#5903);
#5906=CARTESIAN_POINT('',(-2.6825E0,1.117525E0,4.144869043863E0));
#5907=CARTESIAN_POINT('',(-2.6825E0,4.82525E-1,4.144869043863E0));
#5908=VERTEX_POINT('',#5906);
#5909=VERTEX_POINT('',#5907);
#5910=CARTESIAN_POINT('',(-2.6825E0,4.82525E-1,-6.544869043863E0));
#5911=CARTESIAN_POINT('',(-2.6825E0,1.117525200162E0,-6.544869043863E0));
#5912=VERTEX_POINT('',#5910);
#5913=VERTEX_POINT('',#5911);
#5914=CARTESIAN_POINT('',(3.175E-1,1.117525E0,4.144869043863E0));
#5915=CARTESIAN_POINT('',(3.175E-1,4.82525E-1,4.144869043863E0));
#5916=VERTEX_POINT('',#5914);
#5917=VERTEX_POINT('',#5915);
#5918=CARTESIAN_POINT('',(3.175E-1,4.82525E-1,-6.544869043863E0));
#5919=CARTESIAN_POINT('',(3.175E-1,1.117525200162E0,-6.544869043863E0));
#5920=VERTEX_POINT('',#5918);
#5921=VERTEX_POINT('',#5919);
#5922=CARTESIAN_POINT('',(3.3175E0,1.117525E0,4.144869043863E0));
#5923=CARTESIAN_POINT('',(3.3175E0,4.82525E-1,4.144869043863E0));
#5924=VERTEX_POINT('',#5922);
#5925=VERTEX_POINT('',#5923);
#5926=CARTESIAN_POINT('',(3.3175E0,4.82525E-1,-6.544869043863E0));
#5927=CARTESIAN_POINT('',(3.3175E0,1.117525200162E0,-6.544869043863E0));
#5928=VERTEX_POINT('',#5926);
#5929=VERTEX_POINT('',#5927);
#5930=CARTESIAN_POINT('',(6.3175E0,1.117525E0,4.144869043863E0));
#5931=CARTESIAN_POINT('',(6.3175E0,4.82525E-1,4.144869043863E0));
#5932=VERTEX_POINT('',#5930);
#5933=VERTEX_POINT('',#5931);
#5934=CARTESIAN_POINT('',(6.3175E0,4.82525E-1,-6.544869043863E0));
#5935=CARTESIAN_POINT('',(6.3175E0,1.117525200162E0,-6.544869043863E0));
#5936=VERTEX_POINT('',#5934);
#5937=VERTEX_POINT('',#5935);
#5938=CARTESIAN_POINT('',(9.3175E0,4.82525E-1,-6.544869043863E0));
#5939=CARTESIAN_POINT('',(9.3175E0,1.117525200162E0,-6.544869043863E0));
#5940=VERTEX_POINT('',#5938);
#5941=VERTEX_POINT('',#5939);
#5942=CARTESIAN_POINT('',(9.3175E0,1.117525E0,4.144869043863E0));
#5943=CARTESIAN_POINT('',(9.3175E0,4.82525E-1,4.144869043863E0));
#5944=VERTEX_POINT('',#5942);
#5945=VERTEX_POINT('',#5943);
#5946=CARTESIAN_POINT('',(9.260560851438E0,-4.119975E0,2.845870052015E0));
#5947=CARTESIAN_POINT('',(9.260497569711E0,-4.129975E0,2.845834763996E0));
#5948=VERTEX_POINT('',#5946);
#5949=VERTEX_POINT('',#5947);
#5950=CARTESIAN_POINT('',(-8.800254074784E0,2.720025E0,5.095834763996E0));
#5951=CARTESIAN_POINT('',(-8.800254074784E0,2.730025E0,5.095834763996E0));
#5952=VERTEX_POINT('',#5950);
#5953=VERTEX_POINT('',#5951);
#5954=CARTESIAN_POINT('',(7.747453735582E0,-2.802496515353E0,1.944869043863E0));
#5955=VERTEX_POINT('',#5954);
#5956=CARTESIAN_POINT('',(8.357334892810E0,-3.412377672581E0,1.944869043863E0));
#5957=VERTEX_POINT('',#5956);
#5958=CARTESIAN_POINT('',(1.021240267258E1,-3.412377672581E0,1.944869043863E0));
#5959=VERTEX_POINT('',#5958);
#5960=CARTESIAN_POINT('',(7.747453735582E0,1.872298239836E-1,1.944869043863E0));
#5961=VERTEX_POINT('',#5960);
#5962=CARTESIAN_POINT('',(8.6825E0,-1.882475E0,1.944869043863E0));
#5963=CARTESIAN_POINT('',(8.6825E0,-2.517475E0,1.944869043863E0));
#5964=VERTEX_POINT('',#5962);
#5965=VERTEX_POINT('',#5963);
#5966=CARTESIAN_POINT('',(8.6825E0,1.117525E0,1.944869043863E0));
#5967=CARTESIAN_POINT('',(8.6825E0,4.82525E-1,1.944869043863E0));
#5968=VERTEX_POINT('',#5966);
#5969=VERTEX_POINT('',#5967);
#5970=CARTESIAN_POINT('',(8.6825E0,4.82525E-1,-2.695130956137E0));
#5971=VERTEX_POINT('',#5970);
#5972=CARTESIAN_POINT('',(8.6825E0,1.117525200162E0,-2.695130956137E0));
#5973=VERTEX_POINT('',#5972);
#5974=CARTESIAN_POINT('',(5.6825E0,4.82525E-1,-2.695130956137E0));
#5975=VERTEX_POINT('',#5974);
#5976=CARTESIAN_POINT('',(5.6825E0,1.117525200162E0,-2.695130956137E0));
#5977=VERTEX_POINT('',#5976);
#5978=CARTESIAN_POINT('',(4.747453735582E0,2.012427672581E0,1.944869043863E0));
#5979=CARTESIAN_POINT('',(4.747453735582E0,1.872298239836E-1,1.944869043863E0));
#5980=VERTEX_POINT('',#5978);
#5981=VERTEX_POINT('',#5979);
#5982=CARTESIAN_POINT('',(7.252546264418E0,2.012427672581E0,1.944869043863E0));
#5983=VERTEX_POINT('',#5982);
#5984=CARTESIAN_POINT('',(5.6825E0,1.117525E0,1.944869043863E0));
#5985=CARTESIAN_POINT('',(5.6825E0,4.82525E-1,1.944869043863E0));
#5986=VERTEX_POINT('',#5984);
#5987=VERTEX_POINT('',#5985);
#5988=CARTESIAN_POINT('',(2.6825E0,4.82525E-1,-2.695130956137E0));
#5989=VERTEX_POINT('',#5988);
#5990=CARTESIAN_POINT('',(2.6825E0,1.117525200162E0,-2.695130956137E0));
#5991=VERTEX_POINT('',#5990);
#5992=CARTESIAN_POINT('',(1.747453735582E0,-4.525212644185E-1,
1.944869043863E0));
#5993=CARTESIAN_POINT('',(3.602521515353E0,-4.525212644185E-1,
1.944869043863E0));
#5994=VERTEX_POINT('',#5992);
#5995=VERTEX_POINT('',#5993);
#5996=CARTESIAN_POINT('',(4.252546264418E0,1.975034846474E-1,1.944869043863E0));
#5997=VERTEX_POINT('',#5996);
#5998=CARTESIAN_POINT('',(4.252546264418E0,2.012427672581E0,1.944869043863E0));
#5999=VERTEX_POINT('',#5998);
#6000=CARTESIAN_POINT('',(1.747453735582E0,2.012427672581E0,1.944869043863E0));
#6001=VERTEX_POINT('',#6000);
#6002=CARTESIAN_POINT('',(2.6825E0,1.117525E0,1.944869043863E0));
#6003=CARTESIAN_POINT('',(2.6825E0,4.82525E-1,1.944869043863E0));
#6004=VERTEX_POINT('',#6002);
#6005=VERTEX_POINT('',#6003);
#6006=CARTESIAN_POINT('',(-3.175E-1,4.82525E-1,-2.695130956137E0));
#6007=VERTEX_POINT('',#6006);
#6008=CARTESIAN_POINT('',(-3.175E-1,1.117525200162E0,-2.695130956137E0));
#6009=VERTEX_POINT('',#6008);
#6010=CARTESIAN_POINT('',(-1.252546264418E0,2.012427672581E0,1.944869043863E0));
#6011=CARTESIAN_POINT('',(-1.252546264418E0,1.975034846474E-1,
1.944869043863E0));
#6012=VERTEX_POINT('',#6010);
#6013=VERTEX_POINT('',#6011);
#6014=CARTESIAN_POINT('',(-6.025215153526E-1,-4.525212644185E-1,
1.944869043863E0));
#6015=VERTEX_POINT('',#6014);
#6016=CARTESIAN_POINT('',(1.252546264418E0,-4.525212644185E-1,
1.944869043863E0));
#6017=VERTEX_POINT('',#6016);
#6018=CARTESIAN_POINT('',(1.252546264418E0,2.012427672581E0,1.944869043863E0));
#6019=VERTEX_POINT('',#6018);
#6020=CARTESIAN_POINT('',(-3.175E-1,1.117525E0,1.944869043863E0));
#6021=CARTESIAN_POINT('',(-3.175E-1,4.82525E-1,1.944869043863E0));
#6022=VERTEX_POINT('',#6020);
#6023=VERTEX_POINT('',#6021);
#6024=CARTESIAN_POINT('',(-3.3175E0,4.82525E-1,-2.695130956137E0));
#6025=VERTEX_POINT('',#6024);
#6026=CARTESIAN_POINT('',(-3.3175E0,1.117525200162E0,-2.695130956137E0));
#6027=VERTEX_POINT('',#6026);
#6028=CARTESIAN_POINT('',(-4.252546264418E0,2.012427672581E0,1.944869043863E0));
#6029=CARTESIAN_POINT('',(-4.252546264418E0,-4.525212644185E-1,
1.944869043863E0));
#6030=VERTEX_POINT('',#6028);
#6031=VERTEX_POINT('',#6029);
#6032=CARTESIAN_POINT('',(-2.387204823984E0,-4.525212644185E-1,
1.944869043863E0));
#6033=VERTEX_POINT('',#6032);
#6034=CARTESIAN_POINT('',(-1.747453735582E0,1.872298239837E-1,
1.944869043863E0));
#6035=VERTEX_POINT('',#6034);
#6036=CARTESIAN_POINT('',(-1.747453735582E0,2.012427672581E0,1.944869043863E0));
#6037=VERTEX_POINT('',#6036);
#6038=CARTESIAN_POINT('',(-3.3175E0,1.117525E0,1.944869043863E0));
#6039=CARTESIAN_POINT('',(-3.3175E0,4.82525E-1,1.944869043863E0));
#6040=VERTEX_POINT('',#6038);
#6041=VERTEX_POINT('',#6039);
#6042=CARTESIAN_POINT('',(-6.3175E0,4.82525E-1,-2.695130956137E0));
#6043=VERTEX_POINT('',#6042);
#6044=CARTESIAN_POINT('',(-6.3175E0,1.117525200162E0,-2.695130956137E0));
#6045=VERTEX_POINT('',#6044);
#6046=CARTESIAN_POINT('',(-7.252546264418E0,2.012427672581E0,1.944869043863E0));
#6047=CARTESIAN_POINT('',(-7.252546264418E0,1.872298239836E-1,
1.944869043863E0));
#6048=VERTEX_POINT('',#6046);
#6049=VERTEX_POINT('',#6047);
#6050=CARTESIAN_POINT('',(-4.747453735582E0,2.012427672581E0,1.944869043863E0));
#6051=VERTEX_POINT('',#6050);
#6052=CARTESIAN_POINT('',(-6.3175E0,1.117525E0,1.944869043863E0));
#6053=CARTESIAN_POINT('',(-6.3175E0,4.82525E-1,1.944869043863E0));
#6054=VERTEX_POINT('',#6052);
#6055=VERTEX_POINT('',#6053);
#6056=CARTESIAN_POINT('',(-9.3175E0,4.82525E-1,-2.695130956137E0));
#6057=VERTEX_POINT('',#6056);
#6058=CARTESIAN_POINT('',(-9.3175E0,1.117525200162E0,-2.695130956137E0));
#6059=VERTEX_POINT('',#6058);
#6060=CARTESIAN_POINT('',(-9.3175E0,1.117525E0,1.944869043863E0));
#6061=CARTESIAN_POINT('',(-9.3175E0,4.82525E-1,1.944869043863E0));
#6062=VERTEX_POINT('',#6060);
#6063=VERTEX_POINT('',#6061);
#6064=CARTESIAN_POINT('',(-9.3175E0,-2.517475E0,-2.695130956137E0));
#6065=VERTEX_POINT('',#6064);
#6066=CARTESIAN_POINT('',(-9.3175E0,-1.882474799838E0,-2.695130956137E0));
#6067=VERTEX_POINT('',#6066);
#6068=CARTESIAN_POINT('',(-7.747453735582E0,-2.812770176016E0,
1.944869043863E0));
#6069=VERTEX_POINT('',#6068);
#6070=CARTESIAN_POINT('',(-9.3175E0,-1.882475E0,1.944869043863E0));
#6071=CARTESIAN_POINT('',(-9.3175E0,-2.517475E0,1.944869043863E0));
#6072=VERTEX_POINT('',#6070);
#6073=VERTEX_POINT('',#6071);
#6074=CARTESIAN_POINT('',(-6.3175E0,-2.517475E0,-2.695130956137E0));
#6075=VERTEX_POINT('',#6074);
#6076=CARTESIAN_POINT('',(-6.3175E0,-1.882474799838E0,-2.695130956137E0));
#6077=VERTEX_POINT('',#6076);
#6078=CARTESIAN_POINT('',(-7.252546264418E0,-9.474287355815E-1,
1.944869043863E0));
#6079=VERTEX_POINT('',#6078);
#6080=CARTESIAN_POINT('',(-4.747453735582E0,-2.812770176016E0,
1.944869043863E0));
#6081=VERTEX_POINT('',#6080);
#6082=CARTESIAN_POINT('',(-4.747453735582E0,-9.474287355815E-1,
1.944869043863E0));
#6083=VERTEX_POINT('',#6082);
#6084=CARTESIAN_POINT('',(-6.3175E0,-1.882475E0,1.944869043863E0));
#6085=CARTESIAN_POINT('',(-6.3175E0,-2.517475E0,1.944869043863E0));
#6086=VERTEX_POINT('',#6084);
#6087=VERTEX_POINT('',#6085);
#6088=CARTESIAN_POINT('',(-3.3175E0,-2.517475E0,-2.695130956137E0));
#6089=VERTEX_POINT('',#6088);
#6090=CARTESIAN_POINT('',(-3.3175E0,-1.882474799838E0,-2.695130956137E0));
#6091=VERTEX_POINT('',#6090);
#6092=CARTESIAN_POINT('',(-4.252546264418E0,-9.474287355815E-1,
1.944869043863E0));
#6093=VERTEX_POINT('',#6092);
#6094=CARTESIAN_POINT('',(-1.747453735582E0,-2.812770176016E0,
1.944869043863E0));
#6095=VERTEX_POINT('',#6094);
#6096=CARTESIAN_POINT('',(-1.747453735582E0,-9.474287355815E-1,
1.944869043863E0));
#6097=VERTEX_POINT('',#6096);
#6098=CARTESIAN_POINT('',(-3.3175E0,-1.882475E0,1.944869043863E0));
#6099=CARTESIAN_POINT('',(-3.3175E0,-2.517475E0,1.944869043863E0));
#6100=VERTEX_POINT('',#6098);
#6101=VERTEX_POINT('',#6099);
#6102=CARTESIAN_POINT('',(-3.175E-1,-2.517475E0,-2.695130956137E0));
#6103=VERTEX_POINT('',#6102);
#6104=CARTESIAN_POINT('',(-3.175E-1,-1.882474799838E0,-2.695130956137E0));
#6105=VERTEX_POINT('',#6104);
#6106=CARTESIAN_POINT('',(-1.252546264418E0,-9.474287355815E-1,
1.944869043863E0));
#6107=CARTESIAN_POINT('',(-1.252546264418E0,-2.802496515353E0,
1.944869043863E0));
#6108=VERTEX_POINT('',#6106);
#6109=VERTEX_POINT('',#6107);
#6110=CARTESIAN_POINT('',(-6.426651071901E-1,-3.412377672581E0,
1.944869043863E0));
#6111=VERTEX_POINT('',#6110);
#6112=CARTESIAN_POINT('',(1.252546264418E0,-3.412377672581E0,1.944869043863E0));
#6113=VERTEX_POINT('',#6112);
#6114=CARTESIAN_POINT('',(1.252546264418E0,-9.474287355815E-1,
1.944869043863E0));
#6115=VERTEX_POINT('',#6114);
#6116=CARTESIAN_POINT('',(-3.175E-1,-1.882475E0,1.944869043863E0));
#6117=CARTESIAN_POINT('',(-3.175E-1,-2.517475E0,1.944869043863E0));
#6118=VERTEX_POINT('',#6116);
#6119=VERTEX_POINT('',#6117);
#6120=CARTESIAN_POINT('',(2.6825E0,-2.517475E0,-2.695130956137E0));
#6121=VERTEX_POINT('',#6120);
#6122=CARTESIAN_POINT('',(2.6825E0,-1.882474799838E0,-2.695130956137E0));
#6123=VERTEX_POINT('',#6122);
#6124=CARTESIAN_POINT('',(3.642665107190E0,-3.412377672581E0,1.944869043863E0));
#6125=CARTESIAN_POINT('',(1.747453735582E0,-3.412377672581E0,1.944869043863E0));
#6126=VERTEX_POINT('',#6124);
#6127=VERTEX_POINT('',#6125);
#6128=CARTESIAN_POINT('',(4.252546264418E0,-2.802496515353E0,1.944869043863E0));
#6129=VERTEX_POINT('',#6128);
#6130=CARTESIAN_POINT('',(4.252546264418E0,-9.474287355815E-1,
1.944869043863E0));
#6131=VERTEX_POINT('',#6130);
#6132=CARTESIAN_POINT('',(1.747453735582E0,-9.474287355815E-1,
1.944869043863E0));
#6133=VERTEX_POINT('',#6132);
#6134=CARTESIAN_POINT('',(2.6825E0,-1.882475E0,1.944869043863E0));
#6135=CARTESIAN_POINT('',(2.6825E0,-2.517475E0,1.944869043863E0));
#6136=VERTEX_POINT('',#6134);
#6137=VERTEX_POINT('',#6135);
#6138=CARTESIAN_POINT('',(5.6825E0,-2.517475E0,-2.695130956137E0));
#6139=VERTEX_POINT('',#6138);
#6140=CARTESIAN_POINT('',(5.6825E0,-1.882474799838E0,-2.695130956137E0));
#6141=VERTEX_POINT('',#6140);
#6142=CARTESIAN_POINT('',(4.747453735582E0,-9.474287355815E-1,
1.944869043863E0));
#6143=CARTESIAN_POINT('',(4.747453735582E0,-2.802496515353E0,1.944869043863E0));
#6144=VERTEX_POINT('',#6142);
#6145=VERTEX_POINT('',#6143);
#6146=CARTESIAN_POINT('',(5.357334892810E0,-3.412377672581E0,1.944869043863E0));
#6147=VERTEX_POINT('',#6146);
#6148=CARTESIAN_POINT('',(7.252546264418E0,-3.412377672581E0,1.944869043863E0));
#6149=VERTEX_POINT('',#6148);
#6150=CARTESIAN_POINT('',(7.252546264418E0,-9.474287355815E-1,
1.944869043863E0));
#6151=VERTEX_POINT('',#6150);
#6152=CARTESIAN_POINT('',(5.6825E0,-1.882475E0,1.944869043863E0));
#6153=CARTESIAN_POINT('',(5.6825E0,-2.517475E0,1.944869043863E0));
#6154=VERTEX_POINT('',#6152);
#6155=VERTEX_POINT('',#6153);
#6156=CARTESIAN_POINT('',(8.6825E0,-2.517475E0,-2.695130956137E0));
#6157=VERTEX_POINT('',#6156);
#6158=CARTESIAN_POINT('',(8.6825E0,-1.882474799838E0,-2.695130956137E0));
#6159=VERTEX_POINT('',#6158);
#6160=CARTESIAN_POINT('',(1.027E1,2.070025E0,-5.513095613730E-2));
#6161=VERTEX_POINT('',#6160);
#6162=CARTESIAN_POINT('',(7.73E0,2.070025E0,-5.513095613730E-2));
#6163=VERTEX_POINT('',#6162);
#6164=CARTESIAN_POINT('',(4.73E0,2.012427672581E0,-5.513095613730E-2));
#6165=CARTESIAN_POINT('',(7.27E0,2.012427672581E0,-5.513095613730E-2));
#6166=VERTEX_POINT('',#6164);
#6167=VERTEX_POINT('',#6165);
#6168=CARTESIAN_POINT('',(7.27E0,2.070025E0,-5.513095613730E-2));
#6169=VERTEX_POINT('',#6168);
#6170=CARTESIAN_POINT('',(4.73E0,2.070025E0,-5.513095613730E-2));
#6171=VERTEX_POINT('',#6170);
#6172=CARTESIAN_POINT('',(7.27E0,-3.412377672581E0,-5.513095613730E-2));
#6173=CARTESIAN_POINT('',(5.322427421647E0,-3.412377672581E0,
-5.513095613730E-2));
#6174=VERTEX_POINT('',#6172);
#6175=VERTEX_POINT('',#6173);
#6176=CARTESIAN_POINT('',(5.380024749066E0,-3.469975E0,-5.513095613730E-2));
#6177=VERTEX_POINT('',#6176);
#6178=CARTESIAN_POINT('',(7.27E0,-3.469975E0,-5.513095613730E-2));
#6179=VERTEX_POINT('',#6178);
#6180=CARTESIAN_POINT('',(1.73E0,2.012427672581E0,-5.513095613730E-2));
#6181=CARTESIAN_POINT('',(4.27E0,2.012427672581E0,-5.513095613730E-2));
#6182=VERTEX_POINT('',#6180);
#6183=VERTEX_POINT('',#6181);
#6184=CARTESIAN_POINT('',(4.27E0,2.070025E0,-5.513095613730E-2));
#6185=VERTEX_POINT('',#6184);
#6186=CARTESIAN_POINT('',(1.73E0,2.070025E0,-5.513095613730E-2));
#6187=VERTEX_POINT('',#6186);
#6188=CARTESIAN_POINT('',(-1.27E0,2.012427672581E0,-5.513095613730E-2));
#6189=CARTESIAN_POINT('',(1.27E0,2.012427672581E0,-5.513095613730E-2));
#6190=VERTEX_POINT('',#6188);
#6191=VERTEX_POINT('',#6189);
#6192=CARTESIAN_POINT('',(1.27E0,2.070025E0,-5.513095613730E-2));
#6193=VERTEX_POINT('',#6192);
#6194=CARTESIAN_POINT('',(-1.27E0,2.070025E0,-5.513095613730E-2));
#6195=VERTEX_POINT('',#6194);
#6196=CARTESIAN_POINT('',(-4.27E0,2.012427672581E0,-5.513095613730E-2));
#6197=CARTESIAN_POINT('',(-1.73E0,2.012427672581E0,-5.513095613730E-2));
#6198=VERTEX_POINT('',#6196);
#6199=VERTEX_POINT('',#6197);
#6200=CARTESIAN_POINT('',(-1.73E0,2.070025E0,-5.513095613730E-2));
#6201=VERTEX_POINT('',#6200);
#6202=CARTESIAN_POINT('',(-4.27E0,2.070025E0,-5.513095613730E-2));
#6203=VERTEX_POINT('',#6202);
#6204=CARTESIAN_POINT('',(-7.27E0,2.012427672581E0,-5.513095613730E-2));
#6205=CARTESIAN_POINT('',(-4.73E0,2.012427672581E0,-5.513095613730E-2));
#6206=VERTEX_POINT('',#6204);
#6207=VERTEX_POINT('',#6205);
#6208=CARTESIAN_POINT('',(-4.73E0,2.070025E0,-5.513095613730E-2));
#6209=VERTEX_POINT('',#6208);
#6210=CARTESIAN_POINT('',(-7.27E0,2.070025E0,-5.513095613730E-2));
#6211=VERTEX_POINT('',#6210);
#6212=CARTESIAN_POINT('',(1.021240267258E1,-3.412377672581E0,
-5.513095613730E-2));
#6213=CARTESIAN_POINT('',(8.322427421647E0,-3.412377672581E0,
-5.513095613730E-2));
#6214=VERTEX_POINT('',#6212);
#6215=VERTEX_POINT('',#6213);
#6216=CARTESIAN_POINT('',(8.380024749066E0,-3.469975E0,-5.513095613730E-2));
#6217=VERTEX_POINT('',#6216);
#6218=CARTESIAN_POINT('',(1.027E1,-3.469975E0,-5.513095613730E-2));
#6219=VERTEX_POINT('',#6218);
#6220=CARTESIAN_POINT('',(3.619975250934E0,-3.469975E0,-5.513095613730E-2));
#6221=CARTESIAN_POINT('',(1.73E0,-3.469975E0,-5.513095613730E-2));
#6222=VERTEX_POINT('',#6220);
#6223=VERTEX_POINT('',#6221);
#6224=CARTESIAN_POINT('',(3.677572578353E0,-3.412377672581E0,
-5.513095613730E-2));
#6225=VERTEX_POINT('',#6224);
#6226=CARTESIAN_POINT('',(1.73E0,-3.412377672581E0,-5.513095613730E-2));
#6227=VERTEX_POINT('',#6226);
#6228=CARTESIAN_POINT('',(1.27E0,-3.412377672581E0,-5.513095613730E-2));
#6229=CARTESIAN_POINT('',(-6.775725783531E-1,-3.412377672581E0,
-5.513095613730E-2));
#6230=VERTEX_POINT('',#6228);
#6231=VERTEX_POINT('',#6229);
#6232=CARTESIAN_POINT('',(-6.199752509341E-1,-3.469975E0,-5.513095613730E-2));
#6233=VERTEX_POINT('',#6232);
#6234=CARTESIAN_POINT('',(1.27E0,-3.469975E0,-5.513095613730E-2));
#6235=VERTEX_POINT('',#6234);
#6236=CARTESIAN_POINT('',(-7.73E0,2.070025E0,-5.513095613730E-2));
#6237=VERTEX_POINT('',#6236);
#6238=CARTESIAN_POINT('',(-1.027E1,2.070025E0,-5.513095613730E-2));
#6239=VERTEX_POINT('',#6238);
#6240=CARTESIAN_POINT('',(-1.027E1,1.800002499917E-1,-5.513095613730E-2));
#6241=VERTEX_POINT('',#6240);
#6242=CARTESIAN_POINT('',(-7.212402672581E0,2.038578441651E-1,
6.544869043863E0));
#6243=VERTEX_POINT('',#6242);
#6244=CARTESIAN_POINT('',(-1.787597327419E0,2.038578441651E-1,
6.544869043863E0));
#6245=VERTEX_POINT('',#6244);
#6246=CARTESIAN_POINT('',(-1.212402672581E0,-2.762352923515E0,
6.544869043863E0));
#6247=VERTEX_POINT('',#6246);
#6248=CARTESIAN_POINT('',(-1.212402672581E0,2.376470764849E-1,
6.544869043863E0));
#6249=VERTEX_POINT('',#6248);
#6250=CARTESIAN_POINT('',(1.212402672581E0,-4.123776725810E-1,
6.544869043863E0));
#6251=VERTEX_POINT('',#6250);
#6252=CARTESIAN_POINT('',(4.212402672581E0,-2.762352923515E0,6.544869043863E0));
#6253=VERTEX_POINT('',#6252);
#6254=CARTESIAN_POINT('',(1.787597327419E0,-4.123776725810E-1,
6.544869043863E0));
#6255=VERTEX_POINT('',#6254);
#6256=CARTESIAN_POINT('',(4.212402672581E0,2.376470764849E-1,6.544869043863E0));
#6257=VERTEX_POINT('',#6256);
#6258=CARTESIAN_POINT('',(4.787597327419E0,-2.762352923515E0,6.544869043863E0));
#6259=VERTEX_POINT('',#6258);
#6260=CARTESIAN_POINT('',(7.212402672581E0,-3.412377672581E0,6.544869043863E0));
#6261=VERTEX_POINT('',#6260);
#6262=CARTESIAN_POINT('',(4.787597327419E0,2.038578441651E-1,6.544869043863E0));
#6263=VERTEX_POINT('',#6262);
#6264=CARTESIAN_POINT('',(7.787597327419E0,-2.762352923515E0,6.544869043863E0));
#6265=VERTEX_POINT('',#6264);
#6266=CARTESIAN_POINT('',(7.787597327419E0,2.038578441651E-1,6.544869043863E0));
#6267=VERTEX_POINT('',#6266);
#6268=CARTESIAN_POINT('',(-1.021240267258E1,2.038578441651E-1,
6.544869043863E0));
#6269=VERTEX_POINT('',#6268);
#6270=CARTESIAN_POINT('',(-1.787597327419E0,-2.796142155835E0,
6.544869043863E0));
#6271=VERTEX_POINT('',#6270);
#6272=CARTESIAN_POINT('',(-7.787597327419E0,-2.796142155835E0,
6.544869043863E0));
#6273=VERTEX_POINT('',#6272);
#6274=CARTESIAN_POINT('',(-4.787597327419E0,-2.796142155835E0,
6.544869043863E0));
#6275=VERTEX_POINT('',#6274);
#6276=CARTESIAN_POINT('',(-5.623779235151E-1,-3.412377672581E0,
6.544869043863E0));
#6277=CARTESIAN_POINT('',(1.212402672581E0,-3.412377672581E0,6.544869043863E0));
#6278=VERTEX_POINT('',#6276);
#6279=VERTEX_POINT('',#6277);
#6280=CARTESIAN_POINT('',(3.562377923515E0,-3.412377672581E0,6.544869043863E0));
#6281=VERTEX_POINT('',#6280);
#6282=CARTESIAN_POINT('',(1.787597327419E0,-3.412377672581E0,6.544869043863E0));
#6283=VERTEX_POINT('',#6282);
#6284=CARTESIAN_POINT('',(1.021240267258E1,-3.412377672581E0,6.544869043863E0));
#6285=VERTEX_POINT('',#6284);
#6286=CARTESIAN_POINT('',(8.437622076485E0,-3.412377672581E0,6.544869043863E0));
#6287=VERTEX_POINT('',#6286);
#6288=CARTESIAN_POINT('',(3.562377923515E0,-4.123776725810E-1,
6.544869043863E0));
#6289=VERTEX_POINT('',#6288);
#6290=CARTESIAN_POINT('',(-5.623779235151E-1,-4.123776725810E-1,
6.544869043863E0));
#6291=VERTEX_POINT('',#6290);
#6292=CARTESIAN_POINT('',(5.437622076485E0,-3.412377672581E0,6.544869043863E0));
#6293=VERTEX_POINT('',#6292);
#6294=CARTESIAN_POINT('',(8.6825E0,-1.882475E0,4.144869043863E0));
#6295=VERTEX_POINT('',#6294);
#6296=CARTESIAN_POINT('',(8.6825E0,-2.517475E0,4.144869043863E0));
#6297=VERTEX_POINT('',#6296);
#6298=CARTESIAN_POINT('',(8.6825E0,-2.517475E0,-6.544869043863E0));
#6299=VERTEX_POINT('',#6298);
#6300=CARTESIAN_POINT('',(8.6825E0,-1.882474799838E0,-6.544869043863E0));
#6301=VERTEX_POINT('',#6300);
#6302=CARTESIAN_POINT('',(5.6825E0,-1.882475E0,4.144869043863E0));
#6303=VERTEX_POINT('',#6302);
#6304=CARTESIAN_POINT('',(5.6825E0,-2.517475E0,4.144869043863E0));
#6305=VERTEX_POINT('',#6304);
#6306=CARTESIAN_POINT('',(5.6825E0,-2.517475E0,-6.544869043863E0));
#6307=VERTEX_POINT('',#6306);
#6308=CARTESIAN_POINT('',(5.6825E0,-1.882474799838E0,-6.544869043863E0));
#6309=VERTEX_POINT('',#6308);
#6310=CARTESIAN_POINT('',(2.6825E0,-1.882475E0,4.144869043863E0));
#6311=VERTEX_POINT('',#6310);
#6312=CARTESIAN_POINT('',(2.6825E0,-2.517475E0,4.144869043863E0));
#6313=VERTEX_POINT('',#6312);
#6314=CARTESIAN_POINT('',(2.6825E0,-2.517475E0,-6.544869043863E0));
#6315=VERTEX_POINT('',#6314);
#6316=CARTESIAN_POINT('',(2.6825E0,-1.882474799838E0,-6.544869043863E0));
#6317=VERTEX_POINT('',#6316);
#6318=CARTESIAN_POINT('',(-3.175E-1,-1.882475E0,4.144869043863E0));
#6319=VERTEX_POINT('',#6318);
#6320=CARTESIAN_POINT('',(-3.175E-1,-2.517475E0,4.144869043863E0));
#6321=VERTEX_POINT('',#6320);
#6322=CARTESIAN_POINT('',(-3.175E-1,-2.517475E0,-6.544869043863E0));
#6323=VERTEX_POINT('',#6322);
#6324=CARTESIAN_POINT('',(-3.175E-1,-1.882474799838E0,-6.544869043863E0));
#6325=VERTEX_POINT('',#6324);
#6326=CARTESIAN_POINT('',(-3.3175E0,-1.882475E0,4.144869043863E0));
#6327=VERTEX_POINT('',#6326);
#6328=CARTESIAN_POINT('',(-3.3175E0,-2.517475E0,4.144869043863E0));
#6329=VERTEX_POINT('',#6328);
#6330=CARTESIAN_POINT('',(-3.3175E0,-2.517475E0,-6.544869043863E0));
#6331=VERTEX_POINT('',#6330);
#6332=CARTESIAN_POINT('',(-3.3175E0,-1.882474799838E0,-6.544869043863E0));
#6333=VERTEX_POINT('',#6332);
#6334=CARTESIAN_POINT('',(-6.3175E0,-1.882475E0,4.144869043863E0));
#6335=VERTEX_POINT('',#6334);
#6336=CARTESIAN_POINT('',(-6.3175E0,-2.517475E0,4.144869043863E0));
#6337=VERTEX_POINT('',#6336);
#6338=CARTESIAN_POINT('',(-6.3175E0,-2.517475E0,-6.544869043863E0));
#6339=VERTEX_POINT('',#6338);
#6340=CARTESIAN_POINT('',(-6.3175E0,-1.882474799838E0,-6.544869043863E0));
#6341=VERTEX_POINT('',#6340);
#6342=CARTESIAN_POINT('',(-9.3175E0,-1.882475E0,4.144869043863E0));
#6343=VERTEX_POINT('',#6342);
#6344=CARTESIAN_POINT('',(-9.3175E0,-2.517475E0,4.144869043863E0));
#6345=VERTEX_POINT('',#6344);
#6346=CARTESIAN_POINT('',(-9.3175E0,-2.517475E0,-6.544869043863E0));
#6347=VERTEX_POINT('',#6346);
#6348=CARTESIAN_POINT('',(-9.3175E0,-1.882474799838E0,-6.544869043863E0));
#6349=VERTEX_POINT('',#6348);
#6350=CARTESIAN_POINT('',(-9.3175E0,1.117525E0,4.144869043863E0));
#6351=VERTEX_POINT('',#6350);
#6352=CARTESIAN_POINT('',(-9.3175E0,4.82525E-1,4.144869043863E0));
#6353=VERTEX_POINT('',#6352);
#6354=CARTESIAN_POINT('',(-9.3175E0,4.82525E-1,-6.544869043863E0));
#6355=VERTEX_POINT('',#6354);
#6356=CARTESIAN_POINT('',(-9.3175E0,1.117525200162E0,-6.544869043863E0));
#6357=VERTEX_POINT('',#6356);
#6358=CARTESIAN_POINT('',(-6.3175E0,1.117525E0,4.144869043863E0));
#6359=VERTEX_POINT('',#6358);
#6360=CARTESIAN_POINT('',(-6.3175E0,4.82525E-1,4.144869043863E0));
#6361=VERTEX_POINT('',#6360);
#6362=CARTESIAN_POINT('',(-6.3175E0,4.82525E-1,-6.544869043863E0));
#6363=VERTEX_POINT('',#6362);
#6364=CARTESIAN_POINT('',(-6.3175E0,1.117525200162E0,-6.544869043863E0));
#6365=VERTEX_POINT('',#6364);
#6366=CARTESIAN_POINT('',(-3.3175E0,1.117525E0,4.144869043863E0));
#6367=VERTEX_POINT('',#6366);
#6368=CARTESIAN_POINT('',(-3.3175E0,4.82525E-1,4.144869043863E0));
#6369=VERTEX_POINT('',#6368);
#6370=CARTESIAN_POINT('',(-3.3175E0,4.82525E-1,-6.544869043863E0));
#6371=VERTEX_POINT('',#6370);
#6372=CARTESIAN_POINT('',(-3.3175E0,1.117525200162E0,-6.544869043863E0));
#6373=VERTEX_POINT('',#6372);
#6374=CARTESIAN_POINT('',(-3.175E-1,1.117525E0,4.144869043863E0));
#6375=VERTEX_POINT('',#6374);
#6376=CARTESIAN_POINT('',(-3.175E-1,4.82525E-1,4.144869043863E0));
#6377=VERTEX_POINT('',#6376);
#6378=CARTESIAN_POINT('',(-3.175E-1,4.82525E-1,-6.544869043863E0));
#6379=VERTEX_POINT('',#6378);
#6380=CARTESIAN_POINT('',(-3.175E-1,1.117525200162E0,-6.544869043863E0));
#6381=VERTEX_POINT('',#6380);
#6382=CARTESIAN_POINT('',(2.6825E0,1.117525E0,4.144869043863E0));
#6383=VERTEX_POINT('',#6382);
#6384=CARTESIAN_POINT('',(2.6825E0,4.82525E-1,4.144869043863E0));
#6385=VERTEX_POINT('',#6384);
#6386=CARTESIAN_POINT('',(2.6825E0,4.82525E-1,-6.544869043863E0));
#6387=VERTEX_POINT('',#6386);
#6388=CARTESIAN_POINT('',(2.6825E0,1.117525200162E0,-6.544869043863E0));
#6389=VERTEX_POINT('',#6388);
#6390=CARTESIAN_POINT('',(5.6825E0,1.117525E0,4.144869043863E0));
#6391=VERTEX_POINT('',#6390);
#6392=CARTESIAN_POINT('',(5.6825E0,4.82525E-1,4.144869043863E0));
#6393=VERTEX_POINT('',#6392);
#6394=CARTESIAN_POINT('',(5.6825E0,4.82525E-1,-6.544869043863E0));
#6395=VERTEX_POINT('',#6394);
#6396=CARTESIAN_POINT('',(5.6825E0,1.117525200162E0,-6.544869043863E0));
#6397=VERTEX_POINT('',#6396);
#6398=CARTESIAN_POINT('',(8.6825E0,4.82525E-1,-6.544869043863E0));
#6399=VERTEX_POINT('',#6398);
#6400=CARTESIAN_POINT('',(8.6825E0,1.117525200162E0,-6.544869043863E0));
#6401=VERTEX_POINT('',#6400);
#6402=CARTESIAN_POINT('',(8.6825E0,1.117525E0,4.144869043863E0));
#6403=VERTEX_POINT('',#6402);
#6404=CARTESIAN_POINT('',(8.6825E0,4.82525E-1,4.144869043863E0));
#6405=VERTEX_POINT('',#6404);
#6406=CARTESIAN_POINT('',(-9.8625E0,1.780025E0,-3.945130956137E0));
#6407=CARTESIAN_POINT('',(-9.8625E0,1.780025E0,-3.365130956137E0));
#6408=VERTEX_POINT('',#6406);
#6409=VERTEX_POINT('',#6407);
#6410=CARTESIAN_POINT('',(-1.06925E1,1.780025E0,-3.945130956137E0));
#6411=CARTESIAN_POINT('',(-1.06925E1,1.780025E0,-3.365130956137E0));
#6412=VERTEX_POINT('',#6410);
#6413=VERTEX_POINT('',#6411);
#6414=CARTESIAN_POINT('',(-1.04425E1,1.780025E0,-4.195130956137E0));
#6415=VERTEX_POINT('',#6414);
#6416=CARTESIAN_POINT('',(-1.01125E1,1.780025E0,-4.195130956137E0));
#6417=VERTEX_POINT('',#6416);
#6418=CARTESIAN_POINT('',(-1.0925E1,-4.129975E0,1.944869043863E0));
#6419=DIRECTION('',(0.E0,0.E0,1.E0));
#6420=DIRECTION('',(1.E0,0.E0,0.E0));
#6421=AXIS2_PLACEMENT_3D('',#6418,#6419,#6420);
#6422=PLANE('',#6421);
#6424=ORIENTED_EDGE('',*,*,#6423,.F.);
#6426=ORIENTED_EDGE('',*,*,#6425,.F.);
#6428=ORIENTED_EDGE('',*,*,#6427,.T.);
#6430=ORIENTED_EDGE('',*,*,#6429,.F.);
#6432=ORIENTED_EDGE('',*,*,#6431,.F.);
#6434=ORIENTED_EDGE('',*,*,#6433,.F.);
#6436=ORIENTED_EDGE('',*,*,#6435,.T.);
#6438=ORIENTED_EDGE('',*,*,#6437,.T.);
#6440=ORIENTED_EDGE('',*,*,#6439,.T.);
#6442=ORIENTED_EDGE('',*,*,#6441,.F.);
#6443=EDGE_LOOP('',(#6424,#6426,#6428,#6430,#6432,#6434,#6436,#6438,#6440,
#6442));
#6444=FACE_OUTER_BOUND('',#6443,.F.);
#6446=ORIENTED_EDGE('',*,*,#6445,.T.);
#6448=ORIENTED_EDGE('',*,*,#6447,.T.);
#6450=ORIENTED_EDGE('',*,*,#6449,.T.);
#6452=ORIENTED_EDGE('',*,*,#6451,.T.);
#6453=EDGE_LOOP('',(#6446,#6448,#6450,#6452));
#6454=FACE_BOUND('',#6453,.F.);
#6456=ORIENTED_EDGE('',*,*,#6455,.T.);
#6458=ORIENTED_EDGE('',*,*,#6457,.T.);
#6460=ORIENTED_EDGE('',*,*,#6459,.T.);
#6462=ORIENTED_EDGE('',*,*,#6461,.T.);
#6463=EDGE_LOOP('',(#6456,#6458,#6460,#6462));
#6464=FACE_BOUND('',#6463,.F.);
#6465=ADVANCED_FACE('',(#6444,#6454,#6464),#6422,.T.);
#6466=CARTESIAN_POINT('',(7.73E0,8.00025E-1,-5.513095613730E-2));
#6467=DIRECTION('',(9.999619230642E-1,0.E0,-8.726535498374E-3));
#6468=DIRECTION('',(-8.726535498374E-3,0.E0,-9.999619230642E-1));
#6469=AXIS2_PLACEMENT_3D('',#6466,#6467,#6468);
#6470=PLANE('',#6469);
#6472=ORIENTED_EDGE('',*,*,#6471,.F.);
#6474=ORIENTED_EDGE('',*,*,#6473,.T.);
#6475=ORIENTED_EDGE('',*,*,#6423,.T.);
#6477=ORIENTED_EDGE('',*,*,#6476,.F.);
#6478=EDGE_LOOP('',(#6472,#6474,#6475,#6477));
#6479=FACE_OUTER_BOUND('',#6478,.F.);
#6480=ADVANCED_FACE('',(#6479),#6470,.T.);
#6481=CARTESIAN_POINT('',(-1.0925E1,-4.129975E0,6.544869043863E0));
#6482=DIRECTION('',(0.E0,0.E0,1.E0));
#6483=DIRECTION('',(1.E0,0.E0,0.E0));
#6484=AXIS2_PLACEMENT_3D('',#6481,#6482,#6483);
#6485=PLANE('',#6484);
#6487=ORIENTED_EDGE('',*,*,#6486,.F.);
#6489=ORIENTED_EDGE('',*,*,#6488,.F.);
#6491=ORIENTED_EDGE('',*,*,#6490,.F.);
#6493=ORIENTED_EDGE('',*,*,#6492,.F.);
#6494=EDGE_LOOP('',(#6487,#6489,#6491,#6493));
#6495=FACE_OUTER_BOUND('',#6494,.F.);
#6497=ORIENTED_EDGE('',*,*,#6496,.T.);
#6499=ORIENTED_EDGE('',*,*,#6498,.T.);
#6501=ORIENTED_EDGE('',*,*,#6500,.T.);
#6503=ORIENTED_EDGE('',*,*,#6502,.T.);
#6505=ORIENTED_EDGE('',*,*,#6504,.F.);
#6506=EDGE_LOOP('',(#6497,#6499,#6501,#6503,#6505));
#6507=FACE_BOUND('',#6506,.F.);
#6509=ORIENTED_EDGE('',*,*,#6508,.T.);
#6511=ORIENTED_EDGE('',*,*,#6510,.F.);
#6513=ORIENTED_EDGE('',*,*,#6512,.T.);
#6515=ORIENTED_EDGE('',*,*,#6514,.T.);
#6517=ORIENTED_EDGE('',*,*,#6516,.T.);
#6518=EDGE_LOOP('',(#6509,#6511,#6513,#6515,#6517));
#6519=FACE_BOUND('',#6518,.F.);
#6521=ORIENTED_EDGE('',*,*,#6520,.T.);
#6523=ORIENTED_EDGE('',*,*,#6522,.T.);
#6525=ORIENTED_EDGE('',*,*,#6524,.T.);
#6527=ORIENTED_EDGE('',*,*,#6526,.T.);
#6529=ORIENTED_EDGE('',*,*,#6528,.F.);
#6530=EDGE_LOOP('',(#6521,#6523,#6525,#6527,#6529));
#6531=FACE_BOUND('',#6530,.F.);
#6533=ORIENTED_EDGE('',*,*,#6532,.T.);
#6535=ORIENTED_EDGE('',*,*,#6534,.T.);
#6537=ORIENTED_EDGE('',*,*,#6536,.T.);
#6539=ORIENTED_EDGE('',*,*,#6538,.T.);
#6541=ORIENTED_EDGE('',*,*,#6540,.F.);
#6542=EDGE_LOOP('',(#6533,#6535,#6537,#6539,#6541));
#6543=FACE_BOUND('',#6542,.F.);
#6545=ORIENTED_EDGE('',*,*,#6544,.T.);
#6546=ORIENTED_EDGE('',*,*,#6471,.T.);
#6548=ORIENTED_EDGE('',*,*,#6547,.F.);
#6550=ORIENTED_EDGE('',*,*,#6549,.T.);
#6552=ORIENTED_EDGE('',*,*,#6551,.T.);
#6554=ORIENTED_EDGE('',*,*,#6553,.T.);
#6556=ORIENTED_EDGE('',*,*,#6555,.T.);
#6558=ORIENTED_EDGE('',*,*,#6557,.F.);
#6560=ORIENTED_EDGE('',*,*,#6559,.T.);
#6562=ORIENTED_EDGE('',*,*,#6561,.F.);
#6563=EDGE_LOOP('',(#6545,#6546,#6548,#6550,#6552,#6554,#6556,#6558,#6560,
#6562));
#6564=FACE_BOUND('',#6563,.F.);
#6566=ORIENTED_EDGE('',*,*,#6565,.T.);
#6568=ORIENTED_EDGE('',*,*,#6567,.T.);
#6570=ORIENTED_EDGE('',*,*,#6569,.F.);
#6572=ORIENTED_EDGE('',*,*,#6571,.T.);
#6574=ORIENTED_EDGE('',*,*,#6573,.T.);
#6575=EDGE_LOOP('',(#6566,#6568,#6570,#6572,#6574));
#6576=FACE_BOUND('',#6575,.F.);
#6578=ORIENTED_EDGE('',*,*,#6577,.T.);
#6580=ORIENTED_EDGE('',*,*,#6579,.T.);
#6582=ORIENTED_EDGE('',*,*,#6581,.T.);
#6584=ORIENTED_EDGE('',*,*,#6583,.T.);
#6586=ORIENTED_EDGE('',*,*,#6585,.F.);
#6587=EDGE_LOOP('',(#6578,#6580,#6582,#6584,#6586));
#6588=FACE_BOUND('',#6587,.F.);
#6590=ORIENTED_EDGE('',*,*,#6589,.T.);
#6592=ORIENTED_EDGE('',*,*,#6591,.T.);
#6594=ORIENTED_EDGE('',*,*,#6593,.T.);
#6596=ORIENTED_EDGE('',*,*,#6595,.T.);
#6598=ORIENTED_EDGE('',*,*,#6597,.F.);
#6599=EDGE_LOOP('',(#6590,#6592,#6594,#6596,#6598));
#6600=FACE_BOUND('',#6599,.F.);
#6602=ORIENTED_EDGE('',*,*,#6601,.T.);
#6604=ORIENTED_EDGE('',*,*,#6603,.F.);
#6606=ORIENTED_EDGE('',*,*,#6605,.T.);
#6608=ORIENTED_EDGE('',*,*,#6607,.T.);
#6610=ORIENTED_EDGE('',*,*,#6609,.T.);
#6611=EDGE_LOOP('',(#6602,#6604,#6606,#6608,#6610));
#6612=FACE_BOUND('',#6611,.F.);
#6614=ORIENTED_EDGE('',*,*,#6613,.T.);
#6616=ORIENTED_EDGE('',*,*,#6615,.T.);
#6618=ORIENTED_EDGE('',*,*,#6617,.F.);
#6620=ORIENTED_EDGE('',*,*,#6619,.T.);
#6622=ORIENTED_EDGE('',*,*,#6621,.T.);
#6623=EDGE_LOOP('',(#6614,#6616,#6618,#6620,#6622));
#6624=FACE_BOUND('',#6623,.F.);
#6626=ORIENTED_EDGE('',*,*,#6625,.F.);
#6628=ORIENTED_EDGE('',*,*,#6627,.T.);
#6630=ORIENTED_EDGE('',*,*,#6629,.T.);
#6632=ORIENTED_EDGE('',*,*,#6631,.T.);
#6634=ORIENTED_EDGE('',*,*,#6633,.T.);
#6635=EDGE_LOOP('',(#6626,#6628,#6630,#6632,#6634));
#6636=FACE_BOUND('',#6635,.F.);
#6638=ORIENTED_EDGE('',*,*,#6637,.T.);
#6640=ORIENTED_EDGE('',*,*,#6639,.T.);
#6642=ORIENTED_EDGE('',*,*,#6641,.T.);
#6644=ORIENTED_EDGE('',*,*,#6643,.F.);
#6646=ORIENTED_EDGE('',*,*,#6645,.T.);
#6647=EDGE_LOOP('',(#6638,#6640,#6642,#6644,#6646));
#6648=FACE_BOUND('',#6647,.F.);
#6650=ORIENTED_EDGE('',*,*,#6649,.T.);
#6652=ORIENTED_EDGE('',*,*,#6651,.F.);
#6654=ORIENTED_EDGE('',*,*,#6653,.T.);
#6656=ORIENTED_EDGE('',*,*,#6655,.T.);
#6658=ORIENTED_EDGE('',*,*,#6657,.T.);
#6659=EDGE_LOOP('',(#6650,#6652,#6654,#6656,#6658));
#6660=FACE_BOUND('',#6659,.F.);
#6661=ADVANCED_FACE('',(#6495,#6507,#6519,#6531,#6543,#6564,#6576,#6588,#6600,
#6612,#6624,#6636,#6648,#6660),#6485,.T.);
#6662=CARTESIAN_POINT('',(-9.E0,-3.469975E0,-5.513095613730E-2));
#6663=DIRECTION('',(0.E0,9.999619230642E-1,-8.726535498374E-3));
#6664=DIRECTION('',(0.E0,8.726535498374E-3,9.999619230642E-1));
#6665=AXIS2_PLACEMENT_3D('',#6662,#6663,#6664);
#6666=PLANE('',#6665);
#6668=ORIENTED_EDGE('',*,*,#6667,.T.);
#6670=ORIENTED_EDGE('',*,*,#6669,.F.);
#6672=ORIENTED_EDGE('',*,*,#6671,.T.);
#6673=ORIENTED_EDGE('',*,*,#6649,.F.);
#6674=EDGE_LOOP('',(#6668,#6670,#6672,#6673));
#6675=FACE_OUTER_BOUND('',#6674,.F.);
#6676=ADVANCED_FACE('',(#6675),#6666,.T.);
#6677=CARTESIAN_POINT('',(-1.027E1,8.00025E-1,-5.513095613730E-2));
#6678=DIRECTION('',(9.999619230642E-1,0.E0,-8.726535498374E-3));
#6679=DIRECTION('',(-8.726535498374E-3,0.E0,-9.999619230642E-1));
#6680=AXIS2_PLACEMENT_3D('',#6677,#6678,#6679);
#6681=PLANE('',#6680);
#6683=ORIENTED_EDGE('',*,*,#6682,.T.);
#6685=ORIENTED_EDGE('',*,*,#6684,.F.);
#6686=ORIENTED_EDGE('',*,*,#6667,.F.);
#6687=ORIENTED_EDGE('',*,*,#6657,.F.);
#6688=EDGE_LOOP('',(#6683,#6685,#6686,#6687));
#6689=FACE_OUTER_BOUND('',#6688,.F.);
#6690=ADVANCED_FACE('',(#6689),#6681,.T.);
#6691=CARTESIAN_POINT('',(-9.E0,-9.29975E-1,-5.513095613730E-2));
#6692=DIRECTION('',(0.E0,-9.999619230642E-1,-8.726535498374E-3));
#6693=DIRECTION('',(0.E0,8.726535498374E-3,-9.999619230642E-1));
#6694=AXIS2_PLACEMENT_3D('',#6691,#6692,#6693);
#6695=PLANE('',#6694);
#6697=ORIENTED_EDGE('',*,*,#6696,.T.);
#6699=ORIENTED_EDGE('',*,*,#6698,.F.);
#6700=ORIENTED_EDGE('',*,*,#6682,.F.);
#6701=ORIENTED_EDGE('',*,*,#6655,.F.);
#6703=ORIENTED_EDGE('',*,*,#6702,.T.);
#6705=ORIENTED_EDGE('',*,*,#6704,.T.);
#6706=EDGE_LOOP('',(#6697,#6699,#6700,#6701,#6703,#6705));
#6707=FACE_OUTER_BOUND('',#6706,.F.);
#6708=ADVANCED_FACE('',(#6707),#6695,.T.);
#6709=CARTESIAN_POINT('',(-1.021240267258E1,2.012427672581E0,1.944869043863E0));
#6710=DIRECTION('',(1.E0,0.E0,0.E0));
#6711=DIRECTION('',(0.E0,1.E0,0.E0));
#6712=AXIS2_PLACEMENT_3D('',#6709,#6710,#6711);
#6713=PLANE('',#6712);
#6715=ORIENTED_EDGE('',*,*,#6714,.F.);
#6717=ORIENTED_EDGE('',*,*,#6716,.F.);
#6719=ORIENTED_EDGE('',*,*,#6718,.T.);
#6720=ORIENTED_EDGE('',*,*,#6696,.F.);
#6721=EDGE_LOOP('',(#6715,#6717,#6719,#6720));
#6722=FACE_OUTER_BOUND('',#6721,.F.);
#6723=ADVANCED_FACE('',(#6722),#6713,.F.);
#6724=CARTESIAN_POINT('',(-1.0925E1,-4.129975E0,1.944869043863E0));
#6725=DIRECTION('',(0.E0,0.E0,1.E0));
#6726=DIRECTION('',(1.E0,0.E0,0.E0));
#6727=AXIS2_PLACEMENT_3D('',#6724,#6725,#6726);
#6728=PLANE('',#6727);
#6729=ORIENTED_EDGE('',*,*,#6704,.F.);
#6731=ORIENTED_EDGE('',*,*,#6730,.F.);
#6733=ORIENTED_EDGE('',*,*,#6732,.F.);
#6735=ORIENTED_EDGE('',*,*,#6734,.T.);
#6736=ORIENTED_EDGE('',*,*,#6714,.T.);
#6737=EDGE_LOOP('',(#6729,#6731,#6733,#6735,#6736));
#6738=FACE_OUTER_BOUND('',#6737,.F.);
#6740=ORIENTED_EDGE('',*,*,#6739,.T.);
#6742=ORIENTED_EDGE('',*,*,#6741,.T.);
#6744=ORIENTED_EDGE('',*,*,#6743,.T.);
#6746=ORIENTED_EDGE('',*,*,#6745,.T.);
#6747=EDGE_LOOP('',(#6740,#6742,#6744,#6746));
#6748=FACE_BOUND('',#6747,.F.);
#6749=ADVANCED_FACE('',(#6738,#6748),#6728,.T.);
#6750=CARTESIAN_POINT('',(-7.73E0,8.00025E-1,-5.513095613730E-2));
#6751=DIRECTION('',(-9.999619230642E-1,0.E0,-8.726535498374E-3));
#6752=DIRECTION('',(-8.726535498374E-3,0.E0,9.999619230642E-1));
#6753=AXIS2_PLACEMENT_3D('',#6750,#6751,#6752);
#6754=PLANE('',#6753);
#6755=ORIENTED_EDGE('',*,*,#6702,.F.);
#6756=ORIENTED_EDGE('',*,*,#6653,.F.);
#6758=ORIENTED_EDGE('',*,*,#6757,.T.);
#6759=ORIENTED_EDGE('',*,*,#6730,.T.);
#6760=EDGE_LOOP('',(#6755,#6756,#6758,#6759));
#6761=FACE_OUTER_BOUND('',#6760,.F.);
#6762=ADVANCED_FACE('',(#6761),#6754,.T.);
#6763=CARTESIAN_POINT('',(-6.554987624996E0,-1.644987375004E0,
-5.513095613730E-2));
#6764=DIRECTION('',(-7.070798567270E-1,7.070798567270E-1,-8.726535498374E-3));
#6765=DIRECTION('',(-7.071067811865E-1,-7.071067811865E-1,0.E0));
#6766=AXIS2_PLACEMENT_3D('',#6763,#6764,#6765);
#6767=PLANE('',#6766);
#6769=ORIENTED_EDGE('',*,*,#6768,.F.);
#6770=ORIENTED_EDGE('',*,*,#6732,.T.);
#6771=ORIENTED_EDGE('',*,*,#6757,.F.);
#6772=ORIENTED_EDGE('',*,*,#6651,.T.);
#6773=ORIENTED_EDGE('',*,*,#6671,.F.);
#6775=ORIENTED_EDGE('',*,*,#6774,.T.);
#6776=EDGE_LOOP('',(#6769,#6770,#6771,#6772,#6773,#6775));
#6777=FACE_OUTER_BOUND('',#6776,.F.);
#6778=ADVANCED_FACE('',(#6777),#6767,.T.);
#6779=CARTESIAN_POINT('',(-1.021240267258E1,-3.412377672581E0,
1.944869043863E0));
#6780=DIRECTION('',(0.E0,1.E0,0.E0));
#6781=DIRECTION('',(-1.E0,0.E0,0.E0));
#6782=AXIS2_PLACEMENT_3D('',#6779,#6780,#6781);
#6783=PLANE('',#6782);
#6785=ORIENTED_EDGE('',*,*,#6784,.T.);
#6786=ORIENTED_EDGE('',*,*,#6716,.T.);
#6787=ORIENTED_EDGE('',*,*,#6734,.F.);
#6788=ORIENTED_EDGE('',*,*,#6768,.T.);
#6789=EDGE_LOOP('',(#6785,#6786,#6787,#6788));
#6790=FACE_OUTER_BOUND('',#6789,.F.);
#6791=ADVANCED_FACE('',(#6790),#6783,.F.);
#6792=CARTESIAN_POINT('',(-1.0925E1,-4.129975E0,-5.513095613730E-2));
#6793=DIRECTION('',(0.E0,0.E0,-1.E0));
#6794=DIRECTION('',(-1.E0,0.E0,0.E0));
#6795=AXIS2_PLACEMENT_3D('',#6792,#6793,#6794);
#6796=PLANE('',#6795);
#6797=ORIENTED_EDGE('',*,*,#6718,.F.);
#6798=ORIENTED_EDGE('',*,*,#6784,.F.);
#6799=ORIENTED_EDGE('',*,*,#6774,.F.);
#6800=ORIENTED_EDGE('',*,*,#6669,.T.);
#6801=ORIENTED_EDGE('',*,*,#6684,.T.);
#6802=ORIENTED_EDGE('',*,*,#6698,.T.);
#6803=EDGE_LOOP('',(#6797,#6798,#6799,#6800,#6801,#6802));
#6804=FACE_OUTER_BOUND('',#6803,.F.);
#6805=ADVANCED_FACE('',(#6804),#6796,.F.);
#6806=CARTESIAN_POINT('',(-9.3175E0,-1.882475E0,-8.975307888469E-1));
#6807=DIRECTION('',(1.E0,0.E0,0.E0));
#6808=DIRECTION('',(0.E0,0.E0,1.E0));
#6809=AXIS2_PLACEMENT_3D('',#6806,#6807,#6808);
#6810=PLANE('',#6809);
#6811=ORIENTED_EDGE('',*,*,#6739,.F.);
#6813=ORIENTED_EDGE('',*,*,#6812,.T.);
#6815=ORIENTED_EDGE('',*,*,#6814,.F.);
#6817=ORIENTED_EDGE('',*,*,#6816,.F.);
#6818=EDGE_LOOP('',(#6811,#6813,#6815,#6817));
#6819=FACE_OUTER_BOUND('',#6818,.F.);
#6820=ADVANCED_FACE('',(#6819),#6810,.F.);
#6821=CARTESIAN_POINT('',(-9.3175E0,-1.882475E0,-1.372230956137E0));
#6822=DIRECTION('',(0.E0,-1.E0,0.E0));
#6823=DIRECTION('',(0.E0,0.E0,-1.E0));
#6824=AXIS2_PLACEMENT_3D('',#6821,#6822,#6823);
#6825=PLANE('',#6824);
#6826=ORIENTED_EDGE('',*,*,#6745,.F.);
#6828=ORIENTED_EDGE('',*,*,#6827,.F.);
#6830=ORIENTED_EDGE('',*,*,#6829,.F.);
#6831=ORIENTED_EDGE('',*,*,#6812,.F.);
#6832=EDGE_LOOP('',(#6826,#6828,#6830,#6831));
#6833=FACE_OUTER_BOUND('',#6832,.F.);
#6834=ADVANCED_FACE('',(#6833),#6825,.F.);
#6835=CARTESIAN_POINT('',(-8.6825E0,-1.882475E0,-1.151530956137E0));
#6836=DIRECTION('',(-1.E0,0.E0,0.E0));
#6837=DIRECTION('',(0.E0,0.E0,-1.E0));
#6838=AXIS2_PLACEMENT_3D('',#6835,#6836,#6837);
#6839=PLANE('',#6838);
#6840=ORIENTED_EDGE('',*,*,#6743,.F.);
#6842=ORIENTED_EDGE('',*,*,#6841,.F.);
#6844=ORIENTED_EDGE('',*,*,#6843,.F.);
#6845=ORIENTED_EDGE('',*,*,#6827,.T.);
#6846=EDGE_LOOP('',(#6840,#6842,#6844,#6845));
#6847=FACE_OUTER_BOUND('',#6846,.F.);
#6848=ADVANCED_FACE('',(#6847),#6839,.F.);
#6849=CARTESIAN_POINT('',(-9.3175E0,-2.517475E0,-1.118230788847E0));
#6850=DIRECTION('',(0.E0,1.E0,0.E0));
#6851=DIRECTION('',(0.E0,0.E0,1.E0));
#6852=AXIS2_PLACEMENT_3D('',#6849,#6850,#6851);
#6853=PLANE('',#6852);
#6854=ORIENTED_EDGE('',*,*,#6741,.F.);
#6855=ORIENTED_EDGE('',*,*,#6816,.T.);
#6857=ORIENTED_EDGE('',*,*,#6856,.F.);
#6858=ORIENTED_EDGE('',*,*,#6841,.T.);
#6859=EDGE_LOOP('',(#6854,#6855,#6857,#6858));
#6860=FACE_OUTER_BOUND('',#6859,.F.);
#6861=ADVANCED_FACE('',(#6860),#6853,.F.);
#6862=CARTESIAN_POINT('',(-9.3175E0,-2.517475E0,4.144869043863E0));
#6863=DIRECTION('',(0.E0,0.E0,-1.E0));
#6864=DIRECTION('',(0.E0,1.E0,0.E0));
#6865=AXIS2_PLACEMENT_3D('',#6862,#6863,#6864);
#6866=PLANE('',#6865);
#6867=ORIENTED_EDGE('',*,*,#6843,.T.);
#6868=ORIENTED_EDGE('',*,*,#6856,.T.);
#6869=ORIENTED_EDGE('',*,*,#6814,.T.);
#6870=ORIENTED_EDGE('',*,*,#6829,.T.);
#6871=EDGE_LOOP('',(#6867,#6868,#6869,#6870));
#6872=FACE_OUTER_BOUND('',#6871,.F.);
#6873=ADVANCED_FACE('',(#6872),#6866,.F.);
#6874=CARTESIAN_POINT('',(-4.73E0,8.00025E-1,-5.513095613730E-2));
#6875=DIRECTION('',(-9.999619230642E-1,0.E0,-8.726535498374E-3));
#6876=DIRECTION('',(-8.726535498374E-3,0.E0,9.999619230642E-1));
#6877=AXIS2_PLACEMENT_3D('',#6874,#6875,#6876);
#6878=PLANE('',#6877);
#6880=ORIENTED_EDGE('',*,*,#6879,.F.);
#6881=ORIENTED_EDGE('',*,*,#6496,.F.);
#6883=ORIENTED_EDGE('',*,*,#6882,.T.);
#6885=ORIENTED_EDGE('',*,*,#6884,.T.);
#6886=EDGE_LOOP('',(#6880,#6881,#6883,#6885));
#6887=FACE_OUTER_BOUND('',#6886,.F.);
#6888=ADVANCED_FACE('',(#6887),#6878,.T.);
#6889=CARTESIAN_POINT('',(-9.E0,-9.29975E-1,-5.513095613730E-2));
#6890=DIRECTION('',(0.E0,-9.999619230642E-1,-8.726535498374E-3));
#6891=DIRECTION('',(0.E0,8.726535498374E-3,-9.999619230642E-1));
#6892=AXIS2_PLACEMENT_3D('',#6889,#6890,#6891);
#6893=PLANE('',#6892);
#6895=ORIENTED_EDGE('',*,*,#6894,.F.);
#6896=ORIENTED_EDGE('',*,*,#6498,.F.);
#6897=ORIENTED_EDGE('',*,*,#6879,.T.);
#6899=ORIENTED_EDGE('',*,*,#6898,.T.);
#6900=EDGE_LOOP('',(#6895,#6896,#6897,#6899));
#6901=FACE_OUTER_BOUND('',#6900,.F.);
#6902=ADVANCED_FACE('',(#6901),#6893,.T.);
#6903=CARTESIAN_POINT('',(-7.27E0,8.00025E-1,-5.513095613730E-2));
#6904=DIRECTION('',(9.999619230642E-1,0.E0,-8.726535498374E-3));
#6905=DIRECTION('',(-8.726535498374E-3,0.E0,-9.999619230642E-1));
#6906=AXIS2_PLACEMENT_3D('',#6903,#6904,#6905);
#6907=PLANE('',#6906);
#6909=ORIENTED_EDGE('',*,*,#6908,.T.);
#6911=ORIENTED_EDGE('',*,*,#6910,.F.);
#6913=ORIENTED_EDGE('',*,*,#6912,.F.);
#6914=ORIENTED_EDGE('',*,*,#6500,.F.);
#6915=ORIENTED_EDGE('',*,*,#6894,.T.);
#6917=ORIENTED_EDGE('',*,*,#6916,.T.);
#6918=EDGE_LOOP('',(#6909,#6911,#6913,#6914,#6915,#6917));
#6919=FACE_OUTER_BOUND('',#6918,.F.);
#6920=ADVANCED_FACE('',(#6919),#6907,.T.);
#6921=CARTESIAN_POINT('',(-1.021240267258E1,-3.412377672581E0,
1.944869043863E0));
#6922=DIRECTION('',(0.E0,1.E0,0.E0));
#6923=DIRECTION('',(-1.E0,0.E0,0.E0));
#6924=AXIS2_PLACEMENT_3D('',#6921,#6922,#6923);
#6925=PLANE('',#6924);
#6927=ORIENTED_EDGE('',*,*,#6926,.F.);
#6929=ORIENTED_EDGE('',*,*,#6928,.T.);
#6931=ORIENTED_EDGE('',*,*,#6930,.T.);
#6932=ORIENTED_EDGE('',*,*,#6908,.F.);
#6933=EDGE_LOOP('',(#6927,#6929,#6931,#6932));
#6934=FACE_OUTER_BOUND('',#6933,.F.);
#6935=ADVANCED_FACE('',(#6934),#6925,.F.);
#6936=CARTESIAN_POINT('',(-1.0925E1,-4.129975E0,1.944869043863E0));
#6937=DIRECTION('',(0.E0,0.E0,1.E0));
#6938=DIRECTION('',(1.E0,0.E0,0.E0));
#6939=AXIS2_PLACEMENT_3D('',#6936,#6937,#6938);
#6940=PLANE('',#6939);
#6941=ORIENTED_EDGE('',*,*,#6916,.F.);
#6942=ORIENTED_EDGE('',*,*,#6898,.F.);
#6943=ORIENTED_EDGE('',*,*,#6884,.F.);
#6945=ORIENTED_EDGE('',*,*,#6944,.F.);
#6946=ORIENTED_EDGE('',*,*,#6926,.T.);
#6947=EDGE_LOOP('',(#6941,#6942,#6943,#6945,#6946));
#6948=FACE_OUTER_BOUND('',#6947,.F.);
#6950=ORIENTED_EDGE('',*,*,#6949,.T.);
#6952=ORIENTED_EDGE('',*,*,#6951,.T.);
#6954=ORIENTED_EDGE('',*,*,#6953,.T.);
#6956=ORIENTED_EDGE('',*,*,#6955,.T.);
#6957=EDGE_LOOP('',(#6950,#6952,#6954,#6956));
#6958=FACE_BOUND('',#6957,.F.);
#6959=ADVANCED_FACE('',(#6948,#6958),#6940,.T.);
#6960=CARTESIAN_POINT('',(-5.054987624996E0,-3.144987375004E0,
-5.513095613730E-2));
#6961=DIRECTION('',(-7.070798567270E-1,7.070798567270E-1,-8.726535498374E-3));
#6962=DIRECTION('',(-7.071067811865E-1,-7.071067811865E-1,0.E0));
#6963=AXIS2_PLACEMENT_3D('',#6960,#6961,#6962);
#6964=PLANE('',#6963);
#6965=ORIENTED_EDGE('',*,*,#6928,.F.);
#6966=ORIENTED_EDGE('',*,*,#6944,.T.);
#6967=ORIENTED_EDGE('',*,*,#6882,.F.);
#6968=ORIENTED_EDGE('',*,*,#6504,.T.);
#6970=ORIENTED_EDGE('',*,*,#6969,.F.);
#6972=ORIENTED_EDGE('',*,*,#6971,.T.);
#6973=EDGE_LOOP('',(#6965,#6966,#6967,#6968,#6970,#6972));
#6974=FACE_OUTER_BOUND('',#6973,.F.);
#6975=ADVANCED_FACE('',(#6974),#6964,.T.);
#6976=CARTESIAN_POINT('',(-9.E0,-3.469975E0,-5.513095613730E-2));
#6977=DIRECTION('',(0.E0,9.999619230642E-1,-8.726535498374E-3));
#6978=DIRECTION('',(0.E0,8.726535498374E-3,9.999619230642E-1));
#6979=AXIS2_PLACEMENT_3D('',#6976,#6977,#6978);
#6980=PLANE('',#6979);
#6981=ORIENTED_EDGE('',*,*,#6912,.T.);
#6983=ORIENTED_EDGE('',*,*,#6982,.F.);
#6984=ORIENTED_EDGE('',*,*,#6969,.T.);
#6985=ORIENTED_EDGE('',*,*,#6502,.F.);
#6986=EDGE_LOOP('',(#6981,#6983,#6984,#6985));
#6987=FACE_OUTER_BOUND('',#6986,.F.);
#6988=ADVANCED_FACE('',(#6987),#6980,.T.);
#6989=CARTESIAN_POINT('',(-1.0925E1,-4.129975E0,-5.513095613730E-2));
#6990=DIRECTION('',(0.E0,0.E0,-1.E0));
#6991=DIRECTION('',(-1.E0,0.E0,0.E0));
#6992=AXIS2_PLACEMENT_3D('',#6989,#6990,#6991);
#6993=PLANE('',#6992);
#6994=ORIENTED_EDGE('',*,*,#6930,.F.);
#6995=ORIENTED_EDGE('',*,*,#6971,.F.);
#6996=ORIENTED_EDGE('',*,*,#6982,.T.);
#6997=ORIENTED_EDGE('',*,*,#6910,.T.);
#6998=EDGE_LOOP('',(#6994,#6995,#6996,#6997));
#6999=FACE_OUTER_BOUND('',#6998,.F.);
#7000=ADVANCED_FACE('',(#6999),#6993,.F.);
#7001=CARTESIAN_POINT('',(-6.3175E0,-1.882475E0,-8.975307888469E-1));
#7002=DIRECTION('',(1.E0,0.E0,0.E0));
#7003=DIRECTION('',(0.E0,0.E0,1.E0));
#7004=AXIS2_PLACEMENT_3D('',#7001,#7002,#7003);
#7005=PLANE('',#7004);
#7006=ORIENTED_EDGE('',*,*,#6949,.F.);
#7008=ORIENTED_EDGE('',*,*,#7007,.T.);
#7010=ORIENTED_EDGE('',*,*,#7009,.F.);
#7012=ORIENTED_EDGE('',*,*,#7011,.F.);
#7013=EDGE_LOOP('',(#7006,#7008,#7010,#7012));
#7014=FACE_OUTER_BOUND('',#7013,.F.);
#7015=ADVANCED_FACE('',(#7014),#7005,.F.);
#7016=CARTESIAN_POINT('',(-6.3175E0,-1.882475E0,-1.372230956137E0));
#7017=DIRECTION('',(0.E0,-1.E0,0.E0));
#7018=DIRECTION('',(0.E0,0.E0,-1.E0));
#7019=AXIS2_PLACEMENT_3D('',#7016,#7017,#7018);
#7020=PLANE('',#7019);
#7021=ORIENTED_EDGE('',*,*,#6955,.F.);
#7023=ORIENTED_EDGE('',*,*,#7022,.F.);
#7025=ORIENTED_EDGE('',*,*,#7024,.F.);
#7026=ORIENTED_EDGE('',*,*,#7007,.F.);
#7027=EDGE_LOOP('',(#7021,#7023,#7025,#7026));
#7028=FACE_OUTER_BOUND('',#7027,.F.);
#7029=ADVANCED_FACE('',(#7028),#7020,.F.);
#7030=CARTESIAN_POINT('',(-5.6825E0,-1.882475E0,-1.151530956137E0));
#7031=DIRECTION('',(-1.E0,0.E0,0.E0));
#7032=DIRECTION('',(0.E0,0.E0,-1.E0));
#7033=AXIS2_PLACEMENT_3D('',#7030,#7031,#7032);
#7034=PLANE('',#7033);
#7035=ORIENTED_EDGE('',*,*,#6953,.F.);
#7037=ORIENTED_EDGE('',*,*,#7036,.F.);
#7039=ORIENTED_EDGE('',*,*,#7038,.F.);
#7040=ORIENTED_EDGE('',*,*,#7022,.T.);
#7041=EDGE_LOOP('',(#7035,#7037,#7039,#7040));
#7042=FACE_OUTER_BOUND('',#7041,.F.);
#7043=ADVANCED_FACE('',(#7042),#7034,.F.);
#7044=CARTESIAN_POINT('',(-6.3175E0,-2.517475E0,-1.118230788847E0));
#7045=DIRECTION('',(0.E0,1.E0,0.E0));
#7046=DIRECTION('',(0.E0,0.E0,1.E0));
#7047=AXIS2_PLACEMENT_3D('',#7044,#7045,#7046);
#7048=PLANE('',#7047);
#7049=ORIENTED_EDGE('',*,*,#6951,.F.);
#7050=ORIENTED_EDGE('',*,*,#7011,.T.);
#7052=ORIENTED_EDGE('',*,*,#7051,.F.);
#7053=ORIENTED_EDGE('',*,*,#7036,.T.);
#7054=EDGE_LOOP('',(#7049,#7050,#7052,#7053));
#7055=FACE_OUTER_BOUND('',#7054,.F.);
#7056=ADVANCED_FACE('',(#7055),#7048,.F.);
#7057=CARTESIAN_POINT('',(-6.3175E0,-2.517475E0,4.144869043863E0));
#7058=DIRECTION('',(0.E0,0.E0,-1.E0));
#7059=DIRECTION('',(0.E0,1.E0,0.E0));
#7060=AXIS2_PLACEMENT_3D('',#7057,#7058,#7059);
#7061=PLANE('',#7060);
#7062=ORIENTED_EDGE('',*,*,#7038,.T.);
#7063=ORIENTED_EDGE('',*,*,#7051,.T.);
#7064=ORIENTED_EDGE('',*,*,#7009,.T.);
#7065=ORIENTED_EDGE('',*,*,#7024,.T.);
#7066=EDGE_LOOP('',(#7062,#7063,#7064,#7065));
#7067=FACE_OUTER_BOUND('',#7066,.F.);
#7068=ADVANCED_FACE('',(#7067),#7061,.F.);
#7069=CARTESIAN_POINT('',(-9.E0,-3.469975E0,-5.513095613730E-2));
#7070=DIRECTION('',(0.E0,9.999619230642E-1,-8.726535498374E-3));
#7071=DIRECTION('',(0.E0,8.726535498374E-3,9.999619230642E-1));
#7072=AXIS2_PLACEMENT_3D('',#7069,#7070,#7071);
#7073=PLANE('',#7072);
#7075=ORIENTED_EDGE('',*,*,#7074,.T.);
#7077=ORIENTED_EDGE('',*,*,#7076,.F.);
#7079=ORIENTED_EDGE('',*,*,#7078,.T.);
#7080=ORIENTED_EDGE('',*,*,#6508,.F.);
#7081=EDGE_LOOP('',(#7075,#7077,#7079,#7080));
#7082=FACE_OUTER_BOUND('',#7081,.F.);
#7083=ADVANCED_FACE('',(#7082),#7073,.T.);
#7084=CARTESIAN_POINT('',(-4.27E0,8.00025E-1,-5.513095613730E-2));
#7085=DIRECTION('',(9.999619230642E-1,0.E0,-8.726535498374E-3));
#7086=DIRECTION('',(-8.726535498374E-3,0.E0,-9.999619230642E-1));
#7087=AXIS2_PLACEMENT_3D('',#7084,#7085,#7086);
#7088=PLANE('',#7087);
#7090=ORIENTED_EDGE('',*,*,#7089,.T.);
#7092=ORIENTED_EDGE('',*,*,#7091,.F.);
#7093=ORIENTED_EDGE('',*,*,#7074,.F.);
#7094=ORIENTED_EDGE('',*,*,#6516,.F.);
#7096=ORIENTED_EDGE('',*,*,#7095,.T.);
#7098=ORIENTED_EDGE('',*,*,#7097,.T.);
#7099=EDGE_LOOP('',(#7090,#7092,#7093,#7094,#7096,#7098));
#7100=FACE_OUTER_BOUND('',#7099,.F.);
#7101=ADVANCED_FACE('',(#7100),#7088,.T.);
#7102=CARTESIAN_POINT('',(-1.021240267258E1,-3.412377672581E0,
1.944869043863E0));
#7103=DIRECTION('',(0.E0,1.E0,0.E0));
#7104=DIRECTION('',(-1.E0,0.E0,0.E0));
#7105=AXIS2_PLACEMENT_3D('',#7102,#7103,#7104);
#7106=PLANE('',#7105);
#7108=ORIENTED_EDGE('',*,*,#7107,.F.);
#7110=ORIENTED_EDGE('',*,*,#7109,.T.);
#7112=ORIENTED_EDGE('',*,*,#7111,.T.);
#7113=ORIENTED_EDGE('',*,*,#7089,.F.);
#7114=EDGE_LOOP('',(#7108,#7110,#7112,#7113));
#7115=FACE_OUTER_BOUND('',#7114,.F.);
#7116=ADVANCED_FACE('',(#7115),#7106,.F.);
#7117=CARTESIAN_POINT('',(-1.0925E1,-4.129975E0,1.944869043863E0));
#7118=DIRECTION('',(0.E0,0.E0,1.E0));
#7119=DIRECTION('',(1.E0,0.E0,0.E0));
#7120=AXIS2_PLACEMENT_3D('',#7117,#7118,#7119);
#7121=PLANE('',#7120);
#7122=ORIENTED_EDGE('',*,*,#7097,.F.);
#7124=ORIENTED_EDGE('',*,*,#7123,.F.);
#7126=ORIENTED_EDGE('',*,*,#7125,.F.);
#7128=ORIENTED_EDGE('',*,*,#7127,.F.);
#7129=ORIENTED_EDGE('',*,*,#7107,.T.);
#7130=EDGE_LOOP('',(#7122,#7124,#7126,#7128,#7129));
#7131=FACE_OUTER_BOUND('',#7130,.F.);
#7133=ORIENTED_EDGE('',*,*,#7132,.T.);
#7135=ORIENTED_EDGE('',*,*,#7134,.T.);
#7137=ORIENTED_EDGE('',*,*,#7136,.T.);
#7139=ORIENTED_EDGE('',*,*,#7138,.T.);
#7140=EDGE_LOOP('',(#7133,#7135,#7137,#7139));
#7141=FACE_BOUND('',#7140,.F.);
#7142=ADVANCED_FACE('',(#7131,#7141),#7121,.T.);
#7143=CARTESIAN_POINT('',(-9.E0,-9.29975E-1,-5.513095613730E-2));
#7144=DIRECTION('',(0.E0,-9.999619230642E-1,-8.726535498374E-3));
#7145=DIRECTION('',(0.E0,8.726535498374E-3,-9.999619230642E-1));
#7146=AXIS2_PLACEMENT_3D('',#7143,#7144,#7145);
#7147=PLANE('',#7146);
#7148=ORIENTED_EDGE('',*,*,#7095,.F.);
#7149=ORIENTED_EDGE('',*,*,#6514,.F.);
#7151=ORIENTED_EDGE('',*,*,#7150,.T.);
#7152=ORIENTED_EDGE('',*,*,#7123,.T.);
#7153=EDGE_LOOP('',(#7148,#7149,#7151,#7152));
#7154=FACE_OUTER_BOUND('',#7153,.F.);
#7155=ADVANCED_FACE('',(#7154),#7147,.T.);
#7156=CARTESIAN_POINT('',(-1.73E0,8.00025E-1,-5.513095613730E-2));
#7157=DIRECTION('',(-9.999619230642E-1,0.E0,-8.726535498374E-3));
#7158=DIRECTION('',(-8.726535498374E-3,0.E0,9.999619230642E-1));
#7159=AXIS2_PLACEMENT_3D('',#7156,#7157,#7158);
#7160=PLANE('',#7159);
#7161=ORIENTED_EDGE('',*,*,#7150,.F.);
#7162=ORIENTED_EDGE('',*,*,#6512,.F.);
#7164=ORIENTED_EDGE('',*,*,#7163,.T.);
#7165=ORIENTED_EDGE('',*,*,#7125,.T.);
#7166=EDGE_LOOP('',(#7161,#7162,#7164,#7165));
#7167=FACE_OUTER_BOUND('',#7166,.F.);
#7168=ADVANCED_FACE('',(#7167),#7160,.T.);
#7169=CARTESIAN_POINT('',(-3.554987624996E0,-4.644987375004E0,
-5.513095613730E-2));
#7170=DIRECTION('',(-7.070798567270E-1,7.070798567270E-1,-8.726535498374E-3));
#7171=DIRECTION('',(-7.071067811865E-1,-7.071067811865E-1,0.E0));
#7172=AXIS2_PLACEMENT_3D('',#7169,#7170,#7171);
#7173=PLANE('',#7172);
#7174=ORIENTED_EDGE('',*,*,#7109,.F.);
#7175=ORIENTED_EDGE('',*,*,#7127,.T.);
#7176=ORIENTED_EDGE('',*,*,#7163,.F.);
#7177=ORIENTED_EDGE('',*,*,#6510,.T.);
#7178=ORIENTED_EDGE('',*,*,#7078,.F.);
#7180=ORIENTED_EDGE('',*,*,#7179,.T.);
#7181=EDGE_LOOP('',(#7174,#7175,#7176,#7177,#7178,#7180));
#7182=FACE_OUTER_BOUND('',#7181,.F.);
#7183=ADVANCED_FACE('',(#7182),#7173,.T.);
#7184=CARTESIAN_POINT('',(-1.0925E1,-4.129975E0,-5.513095613730E-2));
#7185=DIRECTION('',(0.E0,0.E0,-1.E0));
#7186=DIRECTION('',(-1.E0,0.E0,0.E0));
#7187=AXIS2_PLACEMENT_3D('',#7184,#7185,#7186);
#7188=PLANE('',#7187);
#7189=ORIENTED_EDGE('',*,*,#7111,.F.);
#7190=ORIENTED_EDGE('',*,*,#7179,.F.);
#7191=ORIENTED_EDGE('',*,*,#7076,.T.);
#7192=ORIENTED_EDGE('',*,*,#7091,.T.);
#7193=EDGE_LOOP('',(#7189,#7190,#7191,#7192));
#7194=FACE_OUTER_BOUND('',#7193,.F.);
#7195=ADVANCED_FACE('',(#7194),#7188,.F.);
#7196=CARTESIAN_POINT('',(-3.3175E0,-1.882475E0,-8.975307888469E-1));
#7197=DIRECTION('',(1.E0,0.E0,0.E0));
#7198=DIRECTION('',(0.E0,0.E0,1.E0));
#7199=AXIS2_PLACEMENT_3D('',#7196,#7197,#7198);
#7200=PLANE('',#7199);
#7201=ORIENTED_EDGE('',*,*,#7132,.F.);
#7203=ORIENTED_EDGE('',*,*,#7202,.T.);
#7205=ORIENTED_EDGE('',*,*,#7204,.F.);
#7207=ORIENTED_EDGE('',*,*,#7206,.F.);
#7208=EDGE_LOOP('',(#7201,#7203,#7205,#7207));
#7209=FACE_OUTER_BOUND('',#7208,.F.);
#7210=ADVANCED_FACE('',(#7209),#7200,.F.);
#7211=CARTESIAN_POINT('',(-3.3175E0,-1.882475E0,-1.372230956137E0));
#7212=DIRECTION('',(0.E0,-1.E0,0.E0));
#7213=DIRECTION('',(0.E0,0.E0,-1.E0));
#7214=AXIS2_PLACEMENT_3D('',#7211,#7212,#7213);
#7215=PLANE('',#7214);
#7216=ORIENTED_EDGE('',*,*,#7138,.F.);
#7218=ORIENTED_EDGE('',*,*,#7217,.F.);
#7220=ORIENTED_EDGE('',*,*,#7219,.F.);
#7221=ORIENTED_EDGE('',*,*,#7202,.F.);
#7222=EDGE_LOOP('',(#7216,#7218,#7220,#7221));
#7223=FACE_OUTER_BOUND('',#7222,.F.);
#7224=ADVANCED_FACE('',(#7223),#7215,.F.);
#7225=CARTESIAN_POINT('',(-2.6825E0,-1.882475E0,-1.151530956137E0));
#7226=DIRECTION('',(-1.E0,0.E0,0.E0));
#7227=DIRECTION('',(0.E0,0.E0,-1.E0));
#7228=AXIS2_PLACEMENT_3D('',#7225,#7226,#7227);
#7229=PLANE('',#7228);
#7230=ORIENTED_EDGE('',*,*,#7136,.F.);
#7232=ORIENTED_EDGE('',*,*,#7231,.F.);
#7234=ORIENTED_EDGE('',*,*,#7233,.F.);
#7235=ORIENTED_EDGE('',*,*,#7217,.T.);
#7236=EDGE_LOOP('',(#7230,#7232,#7234,#7235));
#7237=FACE_OUTER_BOUND('',#7236,.F.);
#7238=ADVANCED_FACE('',(#7237),#7229,.F.);
#7239=CARTESIAN_POINT('',(-3.3175E0,-2.517475E0,-1.118230788847E0));
#7240=DIRECTION('',(0.E0,1.E0,0.E0));
#7241=DIRECTION('',(0.E0,0.E0,1.E0));
#7242=AXIS2_PLACEMENT_3D('',#7239,#7240,#7241);
#7243=PLANE('',#7242);
#7244=ORIENTED_EDGE('',*,*,#7134,.F.);
#7245=ORIENTED_EDGE('',*,*,#7206,.T.);
#7247=ORIENTED_EDGE('',*,*,#7246,.F.);
#7248=ORIENTED_EDGE('',*,*,#7231,.T.);
#7249=EDGE_LOOP('',(#7244,#7245,#7247,#7248));
#7250=FACE_OUTER_BOUND('',#7249,.F.);
#7251=ADVANCED_FACE('',(#7250),#7243,.F.);
#7252=CARTESIAN_POINT('',(-3.3175E0,-2.517475E0,4.144869043863E0));
#7253=DIRECTION('',(0.E0,0.E0,-1.E0));
#7254=DIRECTION('',(0.E0,1.E0,0.E0));
#7255=AXIS2_PLACEMENT_3D('',#7252,#7253,#7254);
#7256=PLANE('',#7255);
#7257=ORIENTED_EDGE('',*,*,#7233,.T.);
#7258=ORIENTED_EDGE('',*,*,#7246,.T.);
#7259=ORIENTED_EDGE('',*,*,#7204,.T.);
#7260=ORIENTED_EDGE('',*,*,#7219,.T.);
#7261=EDGE_LOOP('',(#7257,#7258,#7259,#7260));
#7262=FACE_OUTER_BOUND('',#7261,.F.);
#7263=ADVANCED_FACE('',(#7262),#7256,.F.);
#7264=CARTESIAN_POINT('',(-9.E0,-3.469975E0,-5.513095613730E-2));
#7265=DIRECTION('',(0.E0,9.999619230642E-1,-8.726535498374E-3));
#7266=DIRECTION('',(0.E0,8.726535498374E-3,9.999619230642E-1));
#7267=AXIS2_PLACEMENT_3D('',#7264,#7265,#7266);
#7268=PLANE('',#7267);
#7270=ORIENTED_EDGE('',*,*,#7269,.F.);
#7272=ORIENTED_EDGE('',*,*,#7271,.T.);
#7273=ORIENTED_EDGE('',*,*,#6520,.F.);
#7275=ORIENTED_EDGE('',*,*,#7274,.F.);
#7276=EDGE_LOOP('',(#7270,#7272,#7273,#7275));
#7277=FACE_OUTER_BOUND('',#7276,.F.);
#7278=ADVANCED_FACE('',(#7277),#7268,.T.);
#7279=CARTESIAN_POINT('',(-1.0925E1,-4.129975E0,-5.513095613730E-2));
#7280=DIRECTION('',(0.E0,0.E0,-1.E0));
#7281=DIRECTION('',(-1.E0,0.E0,0.E0));
#7282=AXIS2_PLACEMENT_3D('',#7279,#7280,#7281);
#7283=PLANE('',#7282);
#7285=ORIENTED_EDGE('',*,*,#7284,.F.);
#7287=ORIENTED_EDGE('',*,*,#7286,.T.);
#7288=ORIENTED_EDGE('',*,*,#7269,.T.);
#7290=ORIENTED_EDGE('',*,*,#7289,.F.);
#7291=EDGE_LOOP('',(#7285,#7287,#7288,#7290));
#7292=FACE_OUTER_BOUND('',#7291,.F.);
#7293=ADVANCED_FACE('',(#7292),#7283,.F.);
#7294=CARTESIAN_POINT('',(-1.021240267258E1,-3.412377672581E0,
1.944869043863E0));
#7295=DIRECTION('',(0.E0,1.E0,0.E0));
#7296=DIRECTION('',(-1.E0,0.E0,0.E0));
#7297=AXIS2_PLACEMENT_3D('',#7294,#7295,#7296);
#7298=PLANE('',#7297);
#7300=ORIENTED_EDGE('',*,*,#7299,.F.);
#7302=ORIENTED_EDGE('',*,*,#7301,.F.);
#7303=ORIENTED_EDGE('',*,*,#7284,.T.);
#7305=ORIENTED_EDGE('',*,*,#7304,.T.);
#7306=EDGE_LOOP('',(#7300,#7302,#7303,#7305));
#7307=FACE_OUTER_BOUND('',#7306,.F.);
#7308=ADVANCED_FACE('',(#7307),#7298,.F.);
#7309=CARTESIAN_POINT('',(-1.0925E1,-4.129975E0,1.944869043863E0));
#7310=DIRECTION('',(0.E0,0.E0,1.E0));
#7311=DIRECTION('',(1.E0,0.E0,0.E0));
#7312=AXIS2_PLACEMENT_3D('',#7309,#7310,#7311);
#7313=PLANE('',#7312);
#7315=ORIENTED_EDGE('',*,*,#7314,.F.);
#7317=ORIENTED_EDGE('',*,*,#7316,.F.);
#7319=ORIENTED_EDGE('',*,*,#7318,.F.);
#7320=ORIENTED_EDGE('',*,*,#7299,.T.);
#7322=ORIENTED_EDGE('',*,*,#7321,.F.);
#7323=EDGE_LOOP('',(#7315,#7317,#7319,#7320,#7322));
#7324=FACE_OUTER_BOUND('',#7323,.F.);
#7326=ORIENTED_EDGE('',*,*,#7325,.T.);
#7328=ORIENTED_EDGE('',*,*,#7327,.T.);
#7330=ORIENTED_EDGE('',*,*,#7329,.T.);
#7332=ORIENTED_EDGE('',*,*,#7331,.T.);
#7333=EDGE_LOOP('',(#7326,#7328,#7330,#7332));
#7334=FACE_BOUND('',#7333,.F.);
#7335=ADVANCED_FACE('',(#7324,#7334),#7313,.T.);
#7336=CARTESIAN_POINT('',(-1.27E0,8.00025E-1,-5.513095613730E-2));
#7337=DIRECTION('',(9.999619230642E-1,0.E0,-8.726535498374E-3));
#7338=DIRECTION('',(-8.726535498374E-3,0.E0,-9.999619230642E-1));
#7339=AXIS2_PLACEMENT_3D('',#7336,#7337,#7338);
#7340=PLANE('',#7339);
#7341=ORIENTED_EDGE('',*,*,#6526,.F.);
#7343=ORIENTED_EDGE('',*,*,#7342,.T.);
#7344=ORIENTED_EDGE('',*,*,#7314,.T.);
#7346=ORIENTED_EDGE('',*,*,#7345,.F.);
#7347=EDGE_LOOP('',(#7341,#7343,#7344,#7346));
#7348=FACE_OUTER_BOUND('',#7347,.F.);
#7349=ADVANCED_FACE('',(#7348),#7340,.T.);
#7350=CARTESIAN_POINT('',(-9.E0,-9.29975E-1,-5.513095613730E-2));
#7351=DIRECTION('',(0.E0,-9.999619230642E-1,-8.726535498374E-3));
#7352=DIRECTION('',(0.E0,8.726535498374E-3,-9.999619230642E-1));
#7353=AXIS2_PLACEMENT_3D('',#7350,#7351,#7352);
#7354=PLANE('',#7353);
#7355=ORIENTED_EDGE('',*,*,#7342,.F.);
#7356=ORIENTED_EDGE('',*,*,#6524,.F.);
#7358=ORIENTED_EDGE('',*,*,#7357,.T.);
#7359=ORIENTED_EDGE('',*,*,#7316,.T.);
#7360=EDGE_LOOP('',(#7355,#7356,#7358,#7359));
#7361=FACE_OUTER_BOUND('',#7360,.F.);
#7362=ADVANCED_FACE('',(#7361),#7354,.T.);
#7363=CARTESIAN_POINT('',(1.27E0,8.00025E-1,-5.513095613730E-2));
#7364=DIRECTION('',(-9.999619230642E-1,0.E0,-8.726535498374E-3));
#7365=DIRECTION('',(-8.726535498374E-3,0.E0,9.999619230642E-1));
#7366=AXIS2_PLACEMENT_3D('',#7363,#7364,#7365);
#7367=PLANE('',#7366);
#7368=ORIENTED_EDGE('',*,*,#7357,.F.);
#7369=ORIENTED_EDGE('',*,*,#6522,.F.);
#7370=ORIENTED_EDGE('',*,*,#7271,.F.);
#7371=ORIENTED_EDGE('',*,*,#7286,.F.);
#7372=ORIENTED_EDGE('',*,*,#7301,.T.);
#7373=ORIENTED_EDGE('',*,*,#7318,.T.);
#7374=EDGE_LOOP('',(#7368,#7369,#7370,#7371,#7372,#7373));
#7375=FACE_OUTER_BOUND('',#7374,.F.);
#7376=ADVANCED_FACE('',(#7375),#7367,.T.);
#7377=CARTESIAN_POINT('',(-6.206133615198E-1,-3.470613110586E0,
-1.282511867923E-1));
#7378=DIRECTION('',(7.070529353429E-1,7.070529353429E-1,-1.234071497561E-2));
#7379=DIRECTION('',(-8.726203243944E-3,-8.726203243944E-3,-9.999238504776E-1));
#7380=AXIS2_PLACEMENT_3D('',#7377,#7378,#7379);
#7381=PLANE('',#7380);
#7382=ORIENTED_EDGE('',*,*,#7321,.T.);
#7383=ORIENTED_EDGE('',*,*,#7304,.F.);
#7384=ORIENTED_EDGE('',*,*,#7289,.T.);
#7385=ORIENTED_EDGE('',*,*,#7274,.T.);
#7386=ORIENTED_EDGE('',*,*,#6528,.T.);
#7387=ORIENTED_EDGE('',*,*,#7345,.T.);
#7388=EDGE_LOOP('',(#7382,#7383,#7384,#7385,#7386,#7387));
#7389=FACE_OUTER_BOUND('',#7388,.F.);
#7390=ADVANCED_FACE('',(#7389),#7381,.T.);
#7391=CARTESIAN_POINT('',(-3.175E-1,-1.882475E0,-8.975307888469E-1));
#7392=DIRECTION('',(1.E0,0.E0,0.E0));
#7393=DIRECTION('',(0.E0,0.E0,1.E0));
#7394=AXIS2_PLACEMENT_3D('',#7391,#7392,#7393);
#7395=PLANE('',#7394);
#7396=ORIENTED_EDGE('',*,*,#7325,.F.);
#7398=ORIENTED_EDGE('',*,*,#7397,.T.);
#7400=ORIENTED_EDGE('',*,*,#7399,.F.);
#7402=ORIENTED_EDGE('',*,*,#7401,.F.);
#7403=EDGE_LOOP('',(#7396,#7398,#7400,#7402));
#7404=FACE_OUTER_BOUND('',#7403,.F.);
#7405=ADVANCED_FACE('',(#7404),#7395,.F.);
#7406=CARTESIAN_POINT('',(-3.175E-1,-1.882475E0,-1.372230956137E0));
#7407=DIRECTION('',(0.E0,-1.E0,0.E0));
#7408=DIRECTION('',(0.E0,0.E0,-1.E0));
#7409=AXIS2_PLACEMENT_3D('',#7406,#7407,#7408);
#7410=PLANE('',#7409);
#7411=ORIENTED_EDGE('',*,*,#7331,.F.);
#7413=ORIENTED_EDGE('',*,*,#7412,.F.);
#7415=ORIENTED_EDGE('',*,*,#7414,.F.);
#7416=ORIENTED_EDGE('',*,*,#7397,.F.);
#7417=EDGE_LOOP('',(#7411,#7413,#7415,#7416));
#7418=FACE_OUTER_BOUND('',#7417,.F.);
#7419=ADVANCED_FACE('',(#7418),#7410,.F.);
#7420=CARTESIAN_POINT('',(3.175E-1,-1.882475E0,-1.151530956137E0));
#7421=DIRECTION('',(-1.E0,0.E0,0.E0));
#7422=DIRECTION('',(0.E0,0.E0,-1.E0));
#7423=AXIS2_PLACEMENT_3D('',#7420,#7421,#7422);
#7424=PLANE('',#7423);
#7425=ORIENTED_EDGE('',*,*,#7329,.F.);
#7427=ORIENTED_EDGE('',*,*,#7426,.F.);
#7429=ORIENTED_EDGE('',*,*,#7428,.F.);
#7430=ORIENTED_EDGE('',*,*,#7412,.T.);
#7431=EDGE_LOOP('',(#7425,#7427,#7429,#7430));
#7432=FACE_OUTER_BOUND('',#7431,.F.);
#7433=ADVANCED_FACE('',(#7432),#7424,.F.);
#7434=CARTESIAN_POINT('',(-3.175E-1,-2.517475E0,-1.118230788847E0));
#7435=DIRECTION('',(0.E0,1.E0,0.E0));
#7436=DIRECTION('',(0.E0,0.E0,1.E0));
#7437=AXIS2_PLACEMENT_3D('',#7434,#7435,#7436);
#7438=PLANE('',#7437);
#7439=ORIENTED_EDGE('',*,*,#7327,.F.);
#7440=ORIENTED_EDGE('',*,*,#7401,.T.);
#7442=ORIENTED_EDGE('',*,*,#7441,.F.);
#7443=ORIENTED_EDGE('',*,*,#7426,.T.);
#7444=EDGE_LOOP('',(#7439,#7440,#7442,#7443));
#7445=FACE_OUTER_BOUND('',#7444,.F.);
#7446=ADVANCED_FACE('',(#7445),#7438,.F.);
#7447=CARTESIAN_POINT('',(-3.175E-1,-2.517475E0,4.144869043863E0));
#7448=DIRECTION('',(0.E0,0.E0,-1.E0));
#7449=DIRECTION('',(0.E0,1.E0,0.E0));
#7450=AXIS2_PLACEMENT_3D('',#7447,#7448,#7449);
#7451=PLANE('',#7450);
#7452=ORIENTED_EDGE('',*,*,#7428,.T.);
#7453=ORIENTED_EDGE('',*,*,#7441,.T.);
#7454=ORIENTED_EDGE('',*,*,#7399,.T.);
#7455=ORIENTED_EDGE('',*,*,#7414,.T.);
#7456=EDGE_LOOP('',(#7452,#7453,#7454,#7455));
#7457=FACE_OUTER_BOUND('',#7456,.F.);
#7458=ADVANCED_FACE('',(#7457),#7451,.F.);
#7459=CARTESIAN_POINT('',(4.27E0,8.00025E-1,-5.513095613730E-2));
#7460=DIRECTION('',(-9.999619230642E-1,0.E0,-8.726535498374E-3));
#7461=DIRECTION('',(-8.726535498374E-3,0.E0,9.999619230642E-1));
#7462=AXIS2_PLACEMENT_3D('',#7459,#7460,#7461);
#7463=PLANE('',#7462);
#7465=ORIENTED_EDGE('',*,*,#7464,.T.);
#7467=ORIENTED_EDGE('',*,*,#7466,.F.);
#7468=ORIENTED_EDGE('',*,*,#6532,.F.);
#7470=ORIENTED_EDGE('',*,*,#7469,.F.);
#7471=EDGE_LOOP('',(#7465,#7467,#7468,#7470));
#7472=FACE_OUTER_BOUND('',#7471,.F.);
#7473=ADVANCED_FACE('',(#7472),#7463,.T.);
#7474=CARTESIAN_POINT('',(-1.0925E1,-4.129975E0,1.944869043863E0));
#7475=DIRECTION('',(0.E0,0.E0,1.E0));
#7476=DIRECTION('',(1.E0,0.E0,0.E0));
#7477=AXIS2_PLACEMENT_3D('',#7474,#7475,#7476);
#7478=PLANE('',#7477);
#7480=ORIENTED_EDGE('',*,*,#7479,.T.);
#7482=ORIENTED_EDGE('',*,*,#7481,.F.);
#7484=ORIENTED_EDGE('',*,*,#7483,.F.);
#7485=ORIENTED_EDGE('',*,*,#7464,.F.);
#7487=ORIENTED_EDGE('',*,*,#7486,.F.);
#7488=EDGE_LOOP('',(#7480,#7482,#7484,#7485,#7487));
#7489=FACE_OUTER_BOUND('',#7488,.F.);
#7491=ORIENTED_EDGE('',*,*,#7490,.T.);
#7493=ORIENTED_EDGE('',*,*,#7492,.T.);
#7495=ORIENTED_EDGE('',*,*,#7494,.T.);
#7497=ORIENTED_EDGE('',*,*,#7496,.T.);
#7498=EDGE_LOOP('',(#7491,#7493,#7495,#7497));
#7499=FACE_BOUND('',#7498,.F.);
#7500=ADVANCED_FACE('',(#7489,#7499),#7478,.T.);
#7501=CARTESIAN_POINT('',(-1.021240267258E1,-3.412377672581E0,
1.944869043863E0));
#7502=DIRECTION('',(0.E0,1.E0,0.E0));
#7503=DIRECTION('',(-1.E0,0.E0,0.E0));
#7504=AXIS2_PLACEMENT_3D('',#7501,#7502,#7503);
#7505=PLANE('',#7504);
#7507=ORIENTED_EDGE('',*,*,#7506,.T.);
#7509=ORIENTED_EDGE('',*,*,#7508,.F.);
#7510=ORIENTED_EDGE('',*,*,#7479,.F.);
#7512=ORIENTED_EDGE('',*,*,#7511,.T.);
#7513=EDGE_LOOP('',(#7507,#7509,#7510,#7512));
#7514=FACE_OUTER_BOUND('',#7513,.F.);
#7515=ADVANCED_FACE('',(#7514),#7505,.F.);
#7516=CARTESIAN_POINT('',(-1.0925E1,-4.129975E0,-5.513095613730E-2));
#7517=DIRECTION('',(0.E0,0.E0,-1.E0));
#7518=DIRECTION('',(-1.E0,0.E0,0.E0));
#7519=AXIS2_PLACEMENT_3D('',#7516,#7517,#7518);
#7520=PLANE('',#7519);
#7522=ORIENTED_EDGE('',*,*,#7521,.T.);
#7524=ORIENTED_EDGE('',*,*,#7523,.F.);
#7525=ORIENTED_EDGE('',*,*,#7506,.F.);
#7527=ORIENTED_EDGE('',*,*,#7526,.F.);
#7528=EDGE_LOOP('',(#7522,#7524,#7525,#7527));
#7529=FACE_OUTER_BOUND('',#7528,.F.);
#7530=ADVANCED_FACE('',(#7529),#7520,.F.);
#7531=CARTESIAN_POINT('',(-9.E0,-3.469975E0,-5.513095613730E-2));
#7532=DIRECTION('',(0.E0,9.999619230642E-1,-8.726535498374E-3));
#7533=DIRECTION('',(0.E0,8.726535498374E-3,9.999619230642E-1));
#7534=AXIS2_PLACEMENT_3D('',#7531,#7532,#7533);
#7535=PLANE('',#7534);
#7536=ORIENTED_EDGE('',*,*,#6538,.F.);
#7538=ORIENTED_EDGE('',*,*,#7537,.F.);
#7539=ORIENTED_EDGE('',*,*,#7521,.F.);
#7541=ORIENTED_EDGE('',*,*,#7540,.F.);
#7542=EDGE_LOOP('',(#7536,#7538,#7539,#7541));
#7543=FACE_OUTER_BOUND('',#7542,.F.);
#7544=ADVANCED_FACE('',(#7543),#7535,.T.);
#7545=CARTESIAN_POINT('',(1.73E0,8.00025E-1,-5.513095613730E-2));
#7546=DIRECTION('',(9.999619230642E-1,0.E0,-8.726535498374E-3));
#7547=DIRECTION('',(-8.726535498374E-3,0.E0,-9.999619230642E-1));
#7548=AXIS2_PLACEMENT_3D('',#7545,#7546,#7547);
#7549=PLANE('',#7548);
#7550=ORIENTED_EDGE('',*,*,#6536,.F.);
#7552=ORIENTED_EDGE('',*,*,#7551,.T.);
#7553=ORIENTED_EDGE('',*,*,#7481,.T.);
#7554=ORIENTED_EDGE('',*,*,#7508,.T.);
#7555=ORIENTED_EDGE('',*,*,#7523,.T.);
#7556=ORIENTED_EDGE('',*,*,#7537,.T.);
#7557=EDGE_LOOP('',(#7550,#7552,#7553,#7554,#7555,#7556));
#7558=FACE_OUTER_BOUND('',#7557,.F.);
#7559=ADVANCED_FACE('',(#7558),#7549,.T.);
#7560=CARTESIAN_POINT('',(-9.E0,-9.29975E-1,-5.513095613730E-2));
#7561=DIRECTION('',(0.E0,-9.999619230642E-1,-8.726535498374E-3));
#7562=DIRECTION('',(0.E0,8.726535498374E-3,-9.999619230642E-1));
#7563=AXIS2_PLACEMENT_3D('',#7560,#7561,#7562);
#7564=PLANE('',#7563);
#7565=ORIENTED_EDGE('',*,*,#7551,.F.);
#7566=ORIENTED_EDGE('',*,*,#6534,.F.);
#7567=ORIENTED_EDGE('',*,*,#7466,.T.);
#7568=ORIENTED_EDGE('',*,*,#7483,.T.);
#7569=EDGE_LOOP('',(#7565,#7566,#7567,#7568));
#7570=FACE_OUTER_BOUND('',#7569,.F.);
#7571=ADVANCED_FACE('',(#7570),#7564,.T.);
#7572=CARTESIAN_POINT('',(4.269724351109E0,-2.819674602043E0,
-2.354472181944E-2));
#7573=DIRECTION('',(-7.070529353429E-1,7.070529353429E-1,-1.234071497561E-2));
#7574=DIRECTION('',(8.726203243944E-3,-8.726203243944E-3,-9.999238504776E-1));
#7575=AXIS2_PLACEMENT_3D('',#7572,#7573,#7574);
#7576=PLANE('',#7575);
#7577=ORIENTED_EDGE('',*,*,#7526,.T.);
#7578=ORIENTED_EDGE('',*,*,#7511,.F.);
#7579=ORIENTED_EDGE('',*,*,#7486,.T.);
#7580=ORIENTED_EDGE('',*,*,#7469,.T.);
#7581=ORIENTED_EDGE('',*,*,#6540,.T.);
#7582=ORIENTED_EDGE('',*,*,#7540,.T.);
#7583=EDGE_LOOP('',(#7577,#7578,#7579,#7580,#7581,#7582));
#7584=FACE_OUTER_BOUND('',#7583,.F.);
#7585=ADVANCED_FACE('',(#7584),#7576,.T.);
#7586=CARTESIAN_POINT('',(2.6825E0,-1.882475E0,-8.975307888469E-1));
#7587=DIRECTION('',(1.E0,0.E0,0.E0));
#7588=DIRECTION('',(0.E0,0.E0,1.E0));
#7589=AXIS2_PLACEMENT_3D('',#7586,#7587,#7588);
#7590=PLANE('',#7589);
#7591=ORIENTED_EDGE('',*,*,#7490,.F.);
#7593=ORIENTED_EDGE('',*,*,#7592,.T.);
#7595=ORIENTED_EDGE('',*,*,#7594,.F.);
#7597=ORIENTED_EDGE('',*,*,#7596,.F.);
#7598=EDGE_LOOP('',(#7591,#7593,#7595,#7597));
#7599=FACE_OUTER_BOUND('',#7598,.F.);
#7600=ADVANCED_FACE('',(#7599),#7590,.F.);
#7601=CARTESIAN_POINT('',(2.6825E0,-1.882475E0,-1.372230956137E0));
#7602=DIRECTION('',(0.E0,-1.E0,0.E0));
#7603=DIRECTION('',(0.E0,0.E0,-1.E0));
#7604=AXIS2_PLACEMENT_3D('',#7601,#7602,#7603);
#7605=PLANE('',#7604);
#7606=ORIENTED_EDGE('',*,*,#7496,.F.);
#7608=ORIENTED_EDGE('',*,*,#7607,.F.);
#7610=ORIENTED_EDGE('',*,*,#7609,.F.);
#7611=ORIENTED_EDGE('',*,*,#7592,.F.);
#7612=EDGE_LOOP('',(#7606,#7608,#7610,#7611));
#7613=FACE_OUTER_BOUND('',#7612,.F.);
#7614=ADVANCED_FACE('',(#7613),#7605,.F.);
#7615=CARTESIAN_POINT('',(3.3175E0,-1.882475E0,-1.151530956137E0));
#7616=DIRECTION('',(-1.E0,0.E0,0.E0));
#7617=DIRECTION('',(0.E0,0.E0,-1.E0));
#7618=AXIS2_PLACEMENT_3D('',#7615,#7616,#7617);
#7619=PLANE('',#7618);
#7620=ORIENTED_EDGE('',*,*,#7494,.F.);
#7622=ORIENTED_EDGE('',*,*,#7621,.F.);
#7624=ORIENTED_EDGE('',*,*,#7623,.F.);
#7625=ORIENTED_EDGE('',*,*,#7607,.T.);
#7626=EDGE_LOOP('',(#7620,#7622,#7624,#7625));
#7627=FACE_OUTER_BOUND('',#7626,.F.);
#7628=ADVANCED_FACE('',(#7627),#7619,.F.);
#7629=CARTESIAN_POINT('',(2.6825E0,-2.517475E0,-1.118230788847E0));
#7630=DIRECTION('',(0.E0,1.E0,0.E0));
#7631=DIRECTION('',(0.E0,0.E0,1.E0));
#7632=AXIS2_PLACEMENT_3D('',#7629,#7630,#7631);
#7633=PLANE('',#7632);
#7634=ORIENTED_EDGE('',*,*,#7492,.F.);
#7635=ORIENTED_EDGE('',*,*,#7596,.T.);
#7637=ORIENTED_EDGE('',*,*,#7636,.F.);
#7638=ORIENTED_EDGE('',*,*,#7621,.T.);
#7639=EDGE_LOOP('',(#7634,#7635,#7637,#7638));
#7640=FACE_OUTER_BOUND('',#7639,.F.);
#7641=ADVANCED_FACE('',(#7640),#7633,.F.);
#7642=CARTESIAN_POINT('',(2.6825E0,-2.517475E0,4.144869043863E0));
#7643=DIRECTION('',(0.E0,0.E0,-1.E0));
#7644=DIRECTION('',(0.E0,1.E0,0.E0));
#7645=AXIS2_PLACEMENT_3D('',#7642,#7643,#7644);
#7646=PLANE('',#7645);
#7647=ORIENTED_EDGE('',*,*,#7623,.T.);
#7648=ORIENTED_EDGE('',*,*,#7636,.T.);
#7649=ORIENTED_EDGE('',*,*,#7594,.T.);
#7650=ORIENTED_EDGE('',*,*,#7609,.T.);
#7651=EDGE_LOOP('',(#7647,#7648,#7649,#7650));
#7652=FACE_OUTER_BOUND('',#7651,.F.);
#7653=ADVANCED_FACE('',(#7652),#7646,.F.);
#7654=CARTESIAN_POINT('',(-9.E0,-9.29975E-1,-5.513095613730E-2));
#7655=DIRECTION('',(0.E0,-9.999619230642E-1,-8.726535498374E-3));
#7656=DIRECTION('',(0.E0,8.726535498374E-3,-9.999619230642E-1));
#7657=AXIS2_PLACEMENT_3D('',#7654,#7655,#7656);
#7658=PLANE('',#7657);
#7659=ORIENTED_EDGE('',*,*,#6473,.F.);
#7660=ORIENTED_EDGE('',*,*,#6544,.F.);
#7662=ORIENTED_EDGE('',*,*,#7661,.T.);
#7663=ORIENTED_EDGE('',*,*,#6425,.T.);
#7664=EDGE_LOOP('',(#7659,#7660,#7662,#7663));
#7665=FACE_OUTER_BOUND('',#7664,.F.);
#7666=ADVANCED_FACE('',(#7665),#7658,.T.);
#7667=CARTESIAN_POINT('',(9.62E0,-9.99975E-1,6.544869043863E0));
#7668=DIRECTION('',(1.E0,0.E0,0.E0));
#7669=DIRECTION('',(0.E0,0.E0,-1.E0));
#7670=AXIS2_PLACEMENT_3D('',#7667,#7668,#7669);
#7671=PLANE('',#7670);
#7672=ORIENTED_EDGE('',*,*,#6427,.F.);
#7673=ORIENTED_EDGE('',*,*,#7661,.F.);
#7674=ORIENTED_EDGE('',*,*,#6561,.T.);
#7676=ORIENTED_EDGE('',*,*,#7675,.F.);
#7677=EDGE_LOOP('',(#7672,#7673,#7674,#7676));
#7678=FACE_OUTER_BOUND('',#7677,.F.);
#7679=ADVANCED_FACE('',(#7678),#7671,.T.);
#7680=CARTESIAN_POINT('',(-9.E0,-4.69975E-1,-5.513095613730E-2));
#7681=DIRECTION('',(0.E0,9.999619230642E-1,-8.726535498374E-3));
#7682=DIRECTION('',(0.E0,8.726535498374E-3,9.999619230642E-1));
#7683=AXIS2_PLACEMENT_3D('',#7680,#7681,#7682);
#7684=PLANE('',#7683);
#7685=ORIENTED_EDGE('',*,*,#7675,.T.);
#7686=ORIENTED_EDGE('',*,*,#6559,.F.);
#7688=ORIENTED_EDGE('',*,*,#7687,.T.);
#7689=ORIENTED_EDGE('',*,*,#6429,.T.);
#7690=EDGE_LOOP('',(#7685,#7686,#7688,#7689));
#7691=FACE_OUTER_BOUND('',#7690,.F.);
#7692=ADVANCED_FACE('',(#7691),#7684,.T.);
#7693=CARTESIAN_POINT('',(-9.450123750041E-1,8.855012624996E0,
-5.513095613730E-2));
#7694=DIRECTION('',(7.070798567270E-1,7.070798567270E-1,-8.726535498374E-3));
#7695=DIRECTION('',(-7.071067811865E-1,7.071067811865E-1,0.E0));
#7696=AXIS2_PLACEMENT_3D('',#7693,#7694,#7695);
#7697=PLANE('',#7696);
#7698=ORIENTED_EDGE('',*,*,#7687,.F.);
#7699=ORIENTED_EDGE('',*,*,#6557,.T.);
#7701=ORIENTED_EDGE('',*,*,#7700,.F.);
#7702=ORIENTED_EDGE('',*,*,#6431,.T.);
#7703=EDGE_LOOP('',(#7698,#7699,#7701,#7702));
#7704=FACE_OUTER_BOUND('',#7703,.F.);
#7705=ADVANCED_FACE('',(#7704),#7697,.T.);
#7706=CARTESIAN_POINT('',(7.73E0,8.00025E-1,-5.513095613730E-2));
#7707=DIRECTION('',(9.999619230642E-1,0.E0,-8.726535498374E-3));
#7708=DIRECTION('',(-8.726535498374E-3,0.E0,-9.999619230642E-1));
#7709=AXIS2_PLACEMENT_3D('',#7706,#7707,#7708);
#7710=PLANE('',#7709);
#7712=ORIENTED_EDGE('',*,*,#7711,.T.);
#7713=ORIENTED_EDGE('',*,*,#6433,.T.);
#7714=ORIENTED_EDGE('',*,*,#7700,.T.);
#7715=ORIENTED_EDGE('',*,*,#6555,.F.);
#7717=ORIENTED_EDGE('',*,*,#7716,.T.);
#7719=ORIENTED_EDGE('',*,*,#7718,.F.);
#7720=EDGE_LOOP('',(#7712,#7713,#7714,#7715,#7717,#7719));
#7721=FACE_OUTER_BOUND('',#7720,.F.);
#7722=ADVANCED_FACE('',(#7721),#7710,.T.);
#7723=CARTESIAN_POINT('',(1.021240267258E1,2.012427672581E0,1.944869043863E0));
#7724=DIRECTION('',(0.E0,-1.E0,0.E0));
#7725=DIRECTION('',(0.E0,0.E0,-1.E0));
#7726=AXIS2_PLACEMENT_3D('',#7723,#7724,#7725);
#7727=PLANE('',#7726);
#7729=ORIENTED_EDGE('',*,*,#7728,.T.);
#7731=ORIENTED_EDGE('',*,*,#7730,.T.);
#7732=ORIENTED_EDGE('',*,*,#6435,.F.);
#7733=ORIENTED_EDGE('',*,*,#7711,.F.);
#7734=EDGE_LOOP('',(#7729,#7731,#7732,#7733));
#7735=FACE_OUTER_BOUND('',#7734,.F.);
#7736=ADVANCED_FACE('',(#7735),#7727,.F.);
#7737=CARTESIAN_POINT('',(-1.0925E1,-4.129975E0,-5.513095613730E-2));
#7738=DIRECTION('',(0.E0,0.E0,-1.E0));
#7739=DIRECTION('',(-1.E0,0.E0,0.E0));
#7740=AXIS2_PLACEMENT_3D('',#7737,#7738,#7739);
#7741=PLANE('',#7740);
#7742=ORIENTED_EDGE('',*,*,#7728,.F.);
#7743=ORIENTED_EDGE('',*,*,#7718,.T.);
#7745=ORIENTED_EDGE('',*,*,#7744,.T.);
#7747=ORIENTED_EDGE('',*,*,#7746,.T.);
#7749=ORIENTED_EDGE('',*,*,#7748,.T.);
#7751=ORIENTED_EDGE('',*,*,#7750,.F.);
#7752=EDGE_LOOP('',(#7742,#7743,#7745,#7747,#7749,#7751));
#7753=FACE_OUTER_BOUND('',#7752,.F.);
#7754=ADVANCED_FACE('',(#7753),#7741,.F.);
#7755=CARTESIAN_POINT('',(-9.E0,2.070025E0,-5.513095613730E-2));
#7756=DIRECTION('',(0.E0,-9.999619230642E-1,-8.726535498374E-3));
#7757=DIRECTION('',(0.E0,8.726535498374E-3,-9.999619230642E-1));
#7758=AXIS2_PLACEMENT_3D('',#7755,#7756,#7757);
#7759=PLANE('',#7758);
#7761=ORIENTED_EDGE('',*,*,#7760,.T.);
#7762=ORIENTED_EDGE('',*,*,#7744,.F.);
#7763=ORIENTED_EDGE('',*,*,#7716,.F.);
#7764=ORIENTED_EDGE('',*,*,#6553,.F.);
#7765=EDGE_LOOP('',(#7761,#7762,#7763,#7764));
#7766=FACE_OUTER_BOUND('',#7765,.F.);
#7767=ADVANCED_FACE('',(#7766),#7759,.T.);
#7768=CARTESIAN_POINT('',(1.027E1,8.00025E-1,-5.513095613730E-2));
#7769=DIRECTION('',(-9.999619230642E-1,0.E0,-8.726535498374E-3));
#7770=DIRECTION('',(-8.726535498374E-3,0.E0,9.999619230642E-1));
#7771=AXIS2_PLACEMENT_3D('',#7768,#7769,#7770);
#7772=PLANE('',#7771);
#7774=ORIENTED_EDGE('',*,*,#7773,.F.);
#7776=ORIENTED_EDGE('',*,*,#7775,.F.);
#7778=ORIENTED_EDGE('',*,*,#7777,.F.);
#7780=ORIENTED_EDGE('',*,*,#7779,.T.);
#7781=ORIENTED_EDGE('',*,*,#7746,.F.);
#7782=ORIENTED_EDGE('',*,*,#7760,.F.);
#7783=ORIENTED_EDGE('',*,*,#6551,.F.);
#7785=ORIENTED_EDGE('',*,*,#7784,.F.);
#7786=EDGE_LOOP('',(#7774,#7776,#7778,#7780,#7781,#7782,#7783,#7785));
#7787=FACE_OUTER_BOUND('',#7786,.F.);
#7788=ADVANCED_FACE('',(#7787),#7772,.T.);
#7789=CARTESIAN_POINT('',(-1.0925E1,-4.129975E0,-5.513095613730E-2));
#7790=DIRECTION('',(0.E0,0.E0,-1.E0));
#7791=DIRECTION('',(-1.E0,0.E0,0.E0));
#7792=AXIS2_PLACEMENT_3D('',#7789,#7790,#7791);
#7793=PLANE('',#7792);
#7795=ORIENTED_EDGE('',*,*,#7794,.F.);
#7797=ORIENTED_EDGE('',*,*,#7796,.F.);
#7799=ORIENTED_EDGE('',*,*,#7798,.T.);
#7800=ORIENTED_EDGE('',*,*,#7773,.T.);
#7802=ORIENTED_EDGE('',*,*,#7801,.T.);
#7804=ORIENTED_EDGE('',*,*,#7803,.F.);
#7805=EDGE_LOOP('',(#7795,#7797,#7799,#7800,#7802,#7804));
#7806=FACE_OUTER_BOUND('',#7805,.F.);
#7807=ADVANCED_FACE('',(#7806),#7793,.F.);
#7808=CARTESIAN_POINT('',(-1.021240267258E1,-3.412377672581E0,
1.944869043863E0));
#7809=DIRECTION('',(0.E0,1.E0,0.E0));
#7810=DIRECTION('',(-1.E0,0.E0,0.E0));
#7811=AXIS2_PLACEMENT_3D('',#7808,#7809,#7810);
#7812=PLANE('',#7811);
#7813=ORIENTED_EDGE('',*,*,#6439,.F.);
#7815=ORIENTED_EDGE('',*,*,#7814,.F.);
#7816=ORIENTED_EDGE('',*,*,#7794,.T.);
#7818=ORIENTED_EDGE('',*,*,#7817,.T.);
#7819=EDGE_LOOP('',(#7813,#7815,#7816,#7818));
#7820=FACE_OUTER_BOUND('',#7819,.F.);
#7821=ADVANCED_FACE('',(#7820),#7812,.F.);
#7822=CARTESIAN_POINT('',(1.021240267258E1,-3.412377672581E0,1.944869043863E0));
#7823=DIRECTION('',(-1.E0,0.E0,0.E0));
#7824=DIRECTION('',(0.E0,-1.E0,0.E0));
#7825=AXIS2_PLACEMENT_3D('',#7822,#7823,#7824);
#7826=PLANE('',#7825);
#7827=ORIENTED_EDGE('',*,*,#7796,.T.);
#7828=ORIENTED_EDGE('',*,*,#7814,.T.);
#7829=ORIENTED_EDGE('',*,*,#6437,.F.);
#7830=ORIENTED_EDGE('',*,*,#7730,.F.);
#7831=ORIENTED_EDGE('',*,*,#7750,.T.);
#7833=ORIENTED_EDGE('',*,*,#7832,.F.);
#7835=ORIENTED_EDGE('',*,*,#7834,.F.);
#7837=ORIENTED_EDGE('',*,*,#7836,.F.);
#7838=EDGE_LOOP('',(#7827,#7828,#7829,#7830,#7831,#7833,#7835,#7837));
#7839=FACE_OUTER_BOUND('',#7838,.F.);
#7840=ADVANCED_FACE('',(#7839),#7826,.F.);
#7841=CARTESIAN_POINT('',(-9.E0,-4.69975E-1,-5.513095613730E-2));
#7842=DIRECTION('',(0.E0,9.999619230642E-1,-8.726535498374E-3));
#7843=DIRECTION('',(0.E0,8.726535498374E-3,9.999619230642E-1));
#7844=AXIS2_PLACEMENT_3D('',#7841,#7842,#7843);
#7845=PLANE('',#7844);
#7846=ORIENTED_EDGE('',*,*,#7832,.T.);
#7847=ORIENTED_EDGE('',*,*,#7748,.F.);
#7848=ORIENTED_EDGE('',*,*,#7779,.F.);
#7850=ORIENTED_EDGE('',*,*,#7849,.F.);
#7851=EDGE_LOOP('',(#7846,#7847,#7848,#7850));
#7852=FACE_OUTER_BOUND('',#7851,.F.);
#7853=ADVANCED_FACE('',(#7852),#7845,.T.);
#7854=CARTESIAN_POINT('',(9.62E0,-9.99975E-1,1.344869043863E0));
#7855=DIRECTION('',(0.E0,0.E0,1.E0));
#7856=DIRECTION('',(1.E0,0.E0,0.E0));
#7857=AXIS2_PLACEMENT_3D('',#7854,#7855,#7856);
#7858=PLANE('',#7857);
#7859=ORIENTED_EDGE('',*,*,#7849,.T.);
#7860=ORIENTED_EDGE('',*,*,#7777,.T.);
#7862=ORIENTED_EDGE('',*,*,#7861,.T.);
#7863=ORIENTED_EDGE('',*,*,#7834,.T.);
#7864=EDGE_LOOP('',(#7859,#7860,#7862,#7863));
#7865=FACE_OUTER_BOUND('',#7864,.F.);
#7866=ADVANCED_FACE('',(#7865),#7858,.T.);
#7867=CARTESIAN_POINT('',(-9.E0,-9.29975E-1,-5.513095613730E-2));
#7868=DIRECTION('',(0.E0,-9.999619230642E-1,-8.726535498374E-3));
#7869=DIRECTION('',(0.E0,8.726535498374E-3,-9.999619230642E-1));
#7870=AXIS2_PLACEMENT_3D('',#7867,#7868,#7869);
#7871=PLANE('',#7870);
#7872=ORIENTED_EDGE('',*,*,#7836,.T.);
#7873=ORIENTED_EDGE('',*,*,#7861,.F.);
#7874=ORIENTED_EDGE('',*,*,#7775,.T.);
#7875=ORIENTED_EDGE('',*,*,#7798,.F.);
#7876=EDGE_LOOP('',(#7872,#7873,#7874,#7875));
#7877=FACE_OUTER_BOUND('',#7876,.F.);
#7878=ADVANCED_FACE('',(#7877),#7871,.T.);
#7879=CARTESIAN_POINT('',(8.378701318873E0,-3.471298430193E0,
-2.067810355219E-1));
#7880=DIRECTION('',(7.070529353429E-1,7.070529353429E-1,-1.234071497561E-2));
#7881=DIRECTION('',(-8.726203243944E-3,-8.726203243944E-3,-9.999238504776E-1));
#7882=AXIS2_PLACEMENT_3D('',#7879,#7880,#7881);
#7883=PLANE('',#7882);
#7884=ORIENTED_EDGE('',*,*,#6441,.T.);
#7885=ORIENTED_EDGE('',*,*,#7817,.F.);
#7886=ORIENTED_EDGE('',*,*,#7803,.T.);
#7888=ORIENTED_EDGE('',*,*,#7887,.T.);
#7889=ORIENTED_EDGE('',*,*,#6547,.T.);
#7890=ORIENTED_EDGE('',*,*,#6476,.T.);
#7891=EDGE_LOOP('',(#7884,#7885,#7886,#7888,#7889,#7890));
#7892=FACE_OUTER_BOUND('',#7891,.F.);
#7893=ADVANCED_FACE('',(#7892),#7883,.T.);
#7894=CARTESIAN_POINT('',(-9.E0,-3.469975E0,-5.513095613730E-2));
#7895=DIRECTION('',(0.E0,9.999619230642E-1,-8.726535498374E-3));
#7896=DIRECTION('',(0.E0,8.726535498374E-3,9.999619230642E-1));
#7897=AXIS2_PLACEMENT_3D('',#7894,#7895,#7896);
#7898=PLANE('',#7897);
#7899=ORIENTED_EDGE('',*,*,#7801,.F.);
#7900=ORIENTED_EDGE('',*,*,#7784,.T.);
#7901=ORIENTED_EDGE('',*,*,#6549,.F.);
#7902=ORIENTED_EDGE('',*,*,#7887,.F.);
#7903=EDGE_LOOP('',(#7899,#7900,#7901,#7902));
#7904=FACE_OUTER_BOUND('',#7903,.F.);
#7905=ADVANCED_FACE('',(#7904),#7898,.T.);
#7906=CARTESIAN_POINT('',(-9.E0,2.070025E0,-5.513095613730E-2));
#7907=DIRECTION('',(0.E0,-9.999619230642E-1,-8.726535498374E-3));
#7908=DIRECTION('',(0.E0,8.726535498374E-3,-9.999619230642E-1));
#7909=AXIS2_PLACEMENT_3D('',#7906,#7907,#7908);
#7910=PLANE('',#7909);
#7912=ORIENTED_EDGE('',*,*,#7911,.T.);
#7914=ORIENTED_EDGE('',*,*,#7913,.F.);
#7916=ORIENTED_EDGE('',*,*,#7915,.F.);
#7917=ORIENTED_EDGE('',*,*,#6565,.F.);
#7918=EDGE_LOOP('',(#7912,#7914,#7916,#7917));
#7919=FACE_OUTER_BOUND('',#7918,.F.);
#7920=ADVANCED_FACE('',(#7919),#7910,.T.);
#7921=CARTESIAN_POINT('',(7.27E0,8.00025E-1,-5.513095613730E-2));
#7922=DIRECTION('',(-9.999619230642E-1,0.E0,-8.726535498374E-3));
#7923=DIRECTION('',(-8.726535498374E-3,0.E0,9.999619230642E-1));
#7924=AXIS2_PLACEMENT_3D('',#7921,#7922,#7923);
#7925=PLANE('',#7924);
#7927=ORIENTED_EDGE('',*,*,#7926,.T.);
#7929=ORIENTED_EDGE('',*,*,#7928,.F.);
#7930=ORIENTED_EDGE('',*,*,#7911,.F.);
#7931=ORIENTED_EDGE('',*,*,#6573,.F.);
#7933=ORIENTED_EDGE('',*,*,#7932,.T.);
#7935=ORIENTED_EDGE('',*,*,#7934,.T.);
#7936=EDGE_LOOP('',(#7927,#7929,#7930,#7931,#7933,#7935));
#7937=FACE_OUTER_BOUND('',#7936,.F.);
#7938=ADVANCED_FACE('',(#7937),#7925,.T.);
#7939=CARTESIAN_POINT('',(1.021240267258E1,2.012427672581E0,1.944869043863E0));
#7940=DIRECTION('',(0.E0,-1.E0,0.E0));
#7941=DIRECTION('',(0.E0,0.E0,-1.E0));
#7942=AXIS2_PLACEMENT_3D('',#7939,#7940,#7941);
#7943=PLANE('',#7942);
#7945=ORIENTED_EDGE('',*,*,#7944,.T.);
#7946=ORIENTED_EDGE('',*,*,#7926,.F.);
#7948=ORIENTED_EDGE('',*,*,#7947,.F.);
#7950=ORIENTED_EDGE('',*,*,#7949,.F.);
#7951=EDGE_LOOP('',(#7945,#7946,#7948,#7950));
#7952=FACE_OUTER_BOUND('',#7951,.F.);
#7953=ADVANCED_FACE('',(#7952),#7943,.F.);
#7954=CARTESIAN_POINT('',(-1.0925E1,-4.129975E0,-5.513095613730E-2));
#7955=DIRECTION('',(0.E0,0.E0,-1.E0));
#7956=DIRECTION('',(-1.E0,0.E0,0.E0));
#7957=AXIS2_PLACEMENT_3D('',#7954,#7955,#7956);
#7958=PLANE('',#7957);
#7959=ORIENTED_EDGE('',*,*,#7944,.F.);
#7961=ORIENTED_EDGE('',*,*,#7960,.T.);
#7962=ORIENTED_EDGE('',*,*,#7913,.T.);
#7963=ORIENTED_EDGE('',*,*,#7928,.T.);
#7964=EDGE_LOOP('',(#7959,#7961,#7962,#7963));
#7965=FACE_OUTER_BOUND('',#7964,.F.);
#7966=ADVANCED_FACE('',(#7965),#7958,.F.);
#7967=CARTESIAN_POINT('',(4.73E0,8.00025E-1,-5.513095613730E-2));
#7968=DIRECTION('',(9.999619230642E-1,0.E0,-8.726535498374E-3));
#7969=DIRECTION('',(-8.726535498374E-3,0.E0,-9.999619230642E-1));
#7970=AXIS2_PLACEMENT_3D('',#7967,#7968,#7969);
#7971=PLANE('',#7970);
#7972=ORIENTED_EDGE('',*,*,#7949,.T.);
#7974=ORIENTED_EDGE('',*,*,#7973,.T.);
#7976=ORIENTED_EDGE('',*,*,#7975,.T.);
#7977=ORIENTED_EDGE('',*,*,#6567,.F.);
#7978=ORIENTED_EDGE('',*,*,#7915,.T.);
#7979=ORIENTED_EDGE('',*,*,#7960,.F.);
#7980=EDGE_LOOP('',(#7972,#7974,#7976,#7977,#7978,#7979));
#7981=FACE_OUTER_BOUND('',#7980,.F.);
#7982=ADVANCED_FACE('',(#7981),#7971,.T.);
#7983=CARTESIAN_POINT('',(-1.0925E1,-4.129975E0,1.944869043863E0));
#7984=DIRECTION('',(0.E0,0.E0,1.E0));
#7985=DIRECTION('',(1.E0,0.E0,0.E0));
#7986=AXIS2_PLACEMENT_3D('',#7983,#7984,#7985);
#7987=PLANE('',#7986);
#7988=ORIENTED_EDGE('',*,*,#7973,.F.);
#7989=ORIENTED_EDGE('',*,*,#7947,.T.);
#7990=ORIENTED_EDGE('',*,*,#7934,.F.);
#7992=ORIENTED_EDGE('',*,*,#7991,.F.);
#7994=ORIENTED_EDGE('',*,*,#7993,.F.);
#7995=EDGE_LOOP('',(#7988,#7989,#7990,#7992,#7994));
#7996=FACE_OUTER_BOUND('',#7995,.F.);
#7998=ORIENTED_EDGE('',*,*,#7997,.T.);
#8000=ORIENTED_EDGE('',*,*,#7999,.T.);
#8002=ORIENTED_EDGE('',*,*,#8001,.T.);
#8004=ORIENTED_EDGE('',*,*,#8003,.T.);
#8005=EDGE_LOOP('',(#7998,#8000,#8002,#8004));
#8006=FACE_BOUND('',#8005,.F.);
#8007=ADVANCED_FACE('',(#7996,#8006),#7987,.T.);
#8008=CARTESIAN_POINT('',(-9.E0,-4.69975E-1,-5.513095613730E-2));
#8009=DIRECTION('',(0.E0,9.999619230642E-1,-8.726535498374E-3));
#8010=DIRECTION('',(0.E0,8.726535498374E-3,9.999619230642E-1));
#8011=AXIS2_PLACEMENT_3D('',#8008,#8009,#8010);
#8012=PLANE('',#8011);
#8013=ORIENTED_EDGE('',*,*,#7932,.F.);
#8014=ORIENTED_EDGE('',*,*,#6571,.F.);
#8016=ORIENTED_EDGE('',*,*,#8015,.T.);
#8017=ORIENTED_EDGE('',*,*,#7991,.T.);
#8018=EDGE_LOOP('',(#8013,#8014,#8016,#8017));
#8019=FACE_OUTER_BOUND('',#8018,.F.);
#8020=ADVANCED_FACE('',(#8019),#8012,.T.);
#8021=CARTESIAN_POINT('',(-2.445012375004E0,7.355012624996E0,
-5.513095613730E-2));
#8022=DIRECTION('',(7.070798567270E-1,7.070798567270E-1,-8.726535498374E-3));
#8023=DIRECTION('',(-7.071067811865E-1,7.071067811865E-1,0.E0));
#8024=AXIS2_PLACEMENT_3D('',#8021,#8022,#8023);
#8025=PLANE('',#8024);
#8026=ORIENTED_EDGE('',*,*,#8015,.F.);
#8027=ORIENTED_EDGE('',*,*,#6569,.T.);
#8028=ORIENTED_EDGE('',*,*,#7975,.F.);
#8029=ORIENTED_EDGE('',*,*,#7993,.T.);
#8030=EDGE_LOOP('',(#8026,#8027,#8028,#8029));
#8031=FACE_OUTER_BOUND('',#8030,.F.);
#8032=ADVANCED_FACE('',(#8031),#8025,.T.);
#8033=CARTESIAN_POINT('',(5.6825E0,1.117525E0,-8.975307888469E-1));
#8034=DIRECTION('',(1.E0,0.E0,0.E0));
#8035=DIRECTION('',(0.E0,0.E0,1.E0));
#8036=AXIS2_PLACEMENT_3D('',#8033,#8034,#8035);
#8037=PLANE('',#8036);
#8038=ORIENTED_EDGE('',*,*,#7997,.F.);
#8040=ORIENTED_EDGE('',*,*,#8039,.T.);
#8042=ORIENTED_EDGE('',*,*,#8041,.F.);
#8044=ORIENTED_EDGE('',*,*,#8043,.F.);
#8045=EDGE_LOOP('',(#8038,#8040,#8042,#8044));
#8046=FACE_OUTER_BOUND('',#8045,.F.);
#8047=ADVANCED_FACE('',(#8046),#8037,.F.);
#8048=CARTESIAN_POINT('',(5.6825E0,1.117525E0,-1.372230956137E0));
#8049=DIRECTION('',(0.E0,-1.E0,0.E0));
#8050=DIRECTION('',(0.E0,0.E0,-1.E0));
#8051=AXIS2_PLACEMENT_3D('',#8048,#8049,#8050);
#8052=PLANE('',#8051);
#8053=ORIENTED_EDGE('',*,*,#8003,.F.);
#8055=ORIENTED_EDGE('',*,*,#8054,.F.);
#8057=ORIENTED_EDGE('',*,*,#8056,.F.);
#8058=ORIENTED_EDGE('',*,*,#8039,.F.);
#8059=EDGE_LOOP('',(#8053,#8055,#8057,#8058));
#8060=FACE_OUTER_BOUND('',#8059,.F.);
#8061=ADVANCED_FACE('',(#8060),#8052,.F.);
#8062=CARTESIAN_POINT('',(6.3175E0,1.117525E0,-1.151530956137E0));
#8063=DIRECTION('',(-1.E0,0.E0,0.E0));
#8064=DIRECTION('',(0.E0,0.E0,-1.E0));
#8065=AXIS2_PLACEMENT_3D('',#8062,#8063,#8064);
#8066=PLANE('',#8065);
#8067=ORIENTED_EDGE('',*,*,#8001,.F.);
#8069=ORIENTED_EDGE('',*,*,#8068,.F.);
#8071=ORIENTED_EDGE('',*,*,#8070,.F.);
#8072=ORIENTED_EDGE('',*,*,#8054,.T.);
#8073=EDGE_LOOP('',(#8067,#8069,#8071,#8072));
#8074=FACE_OUTER_BOUND('',#8073,.F.);
#8075=ADVANCED_FACE('',(#8074),#8066,.F.);
#8076=CARTESIAN_POINT('',(5.6825E0,4.82525E-1,-1.118230788847E0));
#8077=DIRECTION('',(0.E0,1.E0,0.E0));
#8078=DIRECTION('',(0.E0,0.E0,1.E0));
#8079=AXIS2_PLACEMENT_3D('',#8076,#8077,#8078);
#8080=PLANE('',#8079);
#8081=ORIENTED_EDGE('',*,*,#7999,.F.);
#8082=ORIENTED_EDGE('',*,*,#8043,.T.);
#8084=ORIENTED_EDGE('',*,*,#8083,.F.);
#8085=ORIENTED_EDGE('',*,*,#8068,.T.);
#8086=EDGE_LOOP('',(#8081,#8082,#8084,#8085));
#8087=FACE_OUTER_BOUND('',#8086,.F.);
#8088=ADVANCED_FACE('',(#8087),#8080,.F.);
#8089=CARTESIAN_POINT('',(5.6825E0,4.82525E-1,4.144869043863E0));
#8090=DIRECTION('',(0.E0,0.E0,-1.E0));
#8091=DIRECTION('',(0.E0,1.E0,0.E0));
#8092=AXIS2_PLACEMENT_3D('',#8089,#8090,#8091);
#8093=PLANE('',#8092);
#8094=ORIENTED_EDGE('',*,*,#8070,.T.);
#8095=ORIENTED_EDGE('',*,*,#8083,.T.);
#8096=ORIENTED_EDGE('',*,*,#8041,.T.);
#8097=ORIENTED_EDGE('',*,*,#8056,.T.);
#8098=EDGE_LOOP('',(#8094,#8095,#8096,#8097));
#8099=FACE_OUTER_BOUND('',#8098,.F.);
#8100=ADVANCED_FACE('',(#8099),#8093,.F.);
#8101=CARTESIAN_POINT('',(4.27E0,8.00025E-1,-5.513095613730E-2));
#8102=DIRECTION('',(-9.999619230642E-1,0.E0,-8.726535498374E-3));
#8103=DIRECTION('',(-8.726535498374E-3,0.E0,9.999619230642E-1));
#8104=AXIS2_PLACEMENT_3D('',#8101,#8102,#8103);
#8105=PLANE('',#8104);
#8107=ORIENTED_EDGE('',*,*,#8106,.T.);
#8109=ORIENTED_EDGE('',*,*,#8108,.T.);
#8111=ORIENTED_EDGE('',*,*,#8110,.F.);
#8113=ORIENTED_EDGE('',*,*,#8112,.F.);
#8114=ORIENTED_EDGE('',*,*,#6577,.F.);
#8116=ORIENTED_EDGE('',*,*,#8115,.F.);
#8117=EDGE_LOOP('',(#8107,#8109,#8111,#8113,#8114,#8116));
#8118=FACE_OUTER_BOUND('',#8117,.F.);
#8119=ADVANCED_FACE('',(#8118),#8105,.T.);
#8120=CARTESIAN_POINT('',(-1.0925E1,-4.129975E0,1.944869043863E0));
#8121=DIRECTION('',(0.E0,0.E0,1.E0));
#8122=DIRECTION('',(1.E0,0.E0,0.E0));
#8123=AXIS2_PLACEMENT_3D('',#8120,#8121,#8122);
#8124=PLANE('',#8123);
#8126=ORIENTED_EDGE('',*,*,#8125,.F.);
#8128=ORIENTED_EDGE('',*,*,#8127,.F.);
#8130=ORIENTED_EDGE('',*,*,#8129,.T.);
#8131=ORIENTED_EDGE('',*,*,#8106,.F.);
#8133=ORIENTED_EDGE('',*,*,#8132,.F.);
#8134=EDGE_LOOP('',(#8126,#8128,#8130,#8131,#8133));
#8135=FACE_OUTER_BOUND('',#8134,.F.);
#8137=ORIENTED_EDGE('',*,*,#8136,.T.);
#8139=ORIENTED_EDGE('',*,*,#8138,.T.);
#8141=ORIENTED_EDGE('',*,*,#8140,.T.);
#8143=ORIENTED_EDGE('',*,*,#8142,.T.);
#8144=EDGE_LOOP('',(#8137,#8139,#8141,#8143));
#8145=FACE_BOUND('',#8144,.F.);
#8146=ADVANCED_FACE('',(#8135,#8145),#8124,.T.);
#8147=CARTESIAN_POINT('',(-9.E0,-4.69975E-1,-5.513095613730E-2));
#8148=DIRECTION('',(0.E0,9.999619230642E-1,-8.726535498374E-3));
#8149=DIRECTION('',(0.E0,8.726535498374E-3,9.999619230642E-1));
#8150=AXIS2_PLACEMENT_3D('',#8147,#8148,#8149);
#8151=PLANE('',#8150);
#8152=ORIENTED_EDGE('',*,*,#6583,.F.);
#8154=ORIENTED_EDGE('',*,*,#8153,.F.);
#8155=ORIENTED_EDGE('',*,*,#8125,.T.);
#8157=ORIENTED_EDGE('',*,*,#8156,.F.);
#8158=EDGE_LOOP('',(#8152,#8154,#8155,#8157));
#8159=FACE_OUTER_BOUND('',#8158,.F.);
#8160=ADVANCED_FACE('',(#8159),#8151,.T.);
#8161=CARTESIAN_POINT('',(1.73E0,8.00025E-1,-5.513095613730E-2));
#8162=DIRECTION('',(9.999619230642E-1,0.E0,-8.726535498374E-3));
#8163=DIRECTION('',(-8.726535498374E-3,0.E0,-9.999619230642E-1));
#8164=AXIS2_PLACEMENT_3D('',#8161,#8162,#8163);
#8165=PLANE('',#8164);
#8167=ORIENTED_EDGE('',*,*,#8166,.T.);
#8168=ORIENTED_EDGE('',*,*,#8127,.T.);
#8169=ORIENTED_EDGE('',*,*,#8153,.T.);
#8170=ORIENTED_EDGE('',*,*,#6581,.F.);
#8172=ORIENTED_EDGE('',*,*,#8171,.T.);
#8174=ORIENTED_EDGE('',*,*,#8173,.F.);
#8175=EDGE_LOOP('',(#8167,#8168,#8169,#8170,#8172,#8174));
#8176=FACE_OUTER_BOUND('',#8175,.F.);
#8177=ADVANCED_FACE('',(#8176),#8165,.T.);
#8178=CARTESIAN_POINT('',(1.021240267258E1,2.012427672581E0,1.944869043863E0));
#8179=DIRECTION('',(0.E0,-1.E0,0.E0));
#8180=DIRECTION('',(0.E0,0.E0,-1.E0));
#8181=AXIS2_PLACEMENT_3D('',#8178,#8179,#8180);
#8182=PLANE('',#8181);
#8184=ORIENTED_EDGE('',*,*,#8183,.T.);
#8185=ORIENTED_EDGE('',*,*,#8108,.F.);
#8186=ORIENTED_EDGE('',*,*,#8129,.F.);
#8187=ORIENTED_EDGE('',*,*,#8166,.F.);
#8188=EDGE_LOOP('',(#8184,#8185,#8186,#8187));
#8189=FACE_OUTER_BOUND('',#8188,.F.);
#8190=ADVANCED_FACE('',(#8189),#8182,.F.);
#8191=CARTESIAN_POINT('',(-1.0925E1,-4.129975E0,-5.513095613730E-2));
#8192=DIRECTION('',(0.E0,0.E0,-1.E0));
#8193=DIRECTION('',(-1.E0,0.E0,0.E0));
#8194=AXIS2_PLACEMENT_3D('',#8191,#8192,#8193);
#8195=PLANE('',#8194);
#8196=ORIENTED_EDGE('',*,*,#8183,.F.);
#8197=ORIENTED_EDGE('',*,*,#8173,.T.);
#8199=ORIENTED_EDGE('',*,*,#8198,.T.);
#8200=ORIENTED_EDGE('',*,*,#8110,.T.);
#8201=EDGE_LOOP('',(#8196,#8197,#8199,#8200));
#8202=FACE_OUTER_BOUND('',#8201,.F.);
#8203=ADVANCED_FACE('',(#8202),#8195,.F.);
#8204=CARTESIAN_POINT('',(-9.E0,2.070025E0,-5.513095613730E-2));
#8205=DIRECTION('',(0.E0,-9.999619230642E-1,-8.726535498374E-3));
#8206=DIRECTION('',(0.E0,8.726535498374E-3,-9.999619230642E-1));
#8207=AXIS2_PLACEMENT_3D('',#8204,#8205,#8206);
#8208=PLANE('',#8207);
#8209=ORIENTED_EDGE('',*,*,#8112,.T.);
#8210=ORIENTED_EDGE('',*,*,#8198,.F.);
#8211=ORIENTED_EDGE('',*,*,#8171,.F.);
#8212=ORIENTED_EDGE('',*,*,#6579,.F.);
#8213=EDGE_LOOP('',(#8209,#8210,#8211,#8212));
#8214=FACE_OUTER_BOUND('',#8213,.F.);
#8215=ADVANCED_FACE('',(#8214),#8208,.T.);
#8216=CARTESIAN_POINT('',(4.269952790978E0,1.800969580877E-1,
-4.972133806264E-2));
#8217=DIRECTION('',(-7.070529353429E-1,7.070529353429E-1,-1.234071497561E-2));
#8218=DIRECTION('',(8.726203243944E-3,-8.726203243944E-3,-9.999238504776E-1));
#8219=AXIS2_PLACEMENT_3D('',#8216,#8217,#8218);
#8220=PLANE('',#8219);
#8221=ORIENTED_EDGE('',*,*,#8132,.T.);
#8222=ORIENTED_EDGE('',*,*,#8115,.T.);
#8223=ORIENTED_EDGE('',*,*,#6585,.T.);
#8224=ORIENTED_EDGE('',*,*,#8156,.T.);
#8225=EDGE_LOOP('',(#8221,#8222,#8223,#8224));
#8226=FACE_OUTER_BOUND('',#8225,.F.);
#8227=ADVANCED_FACE('',(#8226),#8220,.T.);
#8228=CARTESIAN_POINT('',(2.6825E0,1.117525E0,-8.975307888469E-1));
#8229=DIRECTION('',(1.E0,0.E0,0.E0));
#8230=DIRECTION('',(0.E0,0.E0,1.E0));
#8231=AXIS2_PLACEMENT_3D('',#8228,#8229,#8230);
#8232=PLANE('',#8231);
#8233=ORIENTED_EDGE('',*,*,#8136,.F.);
#8235=ORIENTED_EDGE('',*,*,#8234,.T.);
#8237=ORIENTED_EDGE('',*,*,#8236,.F.);
#8239=ORIENTED_EDGE('',*,*,#8238,.F.);
#8240=EDGE_LOOP('',(#8233,#8235,#8237,#8239));
#8241=FACE_OUTER_BOUND('',#8240,.F.);
#8242=ADVANCED_FACE('',(#8241),#8232,.F.);
#8243=CARTESIAN_POINT('',(2.6825E0,1.117525E0,-1.372230956137E0));
#8244=DIRECTION('',(0.E0,-1.E0,0.E0));
#8245=DIRECTION('',(0.E0,0.E0,-1.E0));
#8246=AXIS2_PLACEMENT_3D('',#8243,#8244,#8245);
#8247=PLANE('',#8246);
#8248=ORIENTED_EDGE('',*,*,#8142,.F.);
#8250=ORIENTED_EDGE('',*,*,#8249,.F.);
#8252=ORIENTED_EDGE('',*,*,#8251,.F.);
#8253=ORIENTED_EDGE('',*,*,#8234,.F.);
#8254=EDGE_LOOP('',(#8248,#8250,#8252,#8253));
#8255=FACE_OUTER_BOUND('',#8254,.F.);
#8256=ADVANCED_FACE('',(#8255),#8247,.F.);
#8257=CARTESIAN_POINT('',(3.3175E0,1.117525E0,-1.151530956137E0));
#8258=DIRECTION('',(-1.E0,0.E0,0.E0));
#8259=DIRECTION('',(0.E0,0.E0,-1.E0));
#8260=AXIS2_PLACEMENT_3D('',#8257,#8258,#8259);
#8261=PLANE('',#8260);
#8262=ORIENTED_EDGE('',*,*,#8140,.F.);
#8264=ORIENTED_EDGE('',*,*,#8263,.F.);
#8266=ORIENTED_EDGE('',*,*,#8265,.F.);
#8267=ORIENTED_EDGE('',*,*,#8249,.T.);
#8268=EDGE_LOOP('',(#8262,#8264,#8266,#8267));
#8269=FACE_OUTER_BOUND('',#8268,.F.);
#8270=ADVANCED_FACE('',(#8269),#8261,.F.);
#8271=CARTESIAN_POINT('',(2.6825E0,4.82525E-1,-1.118230788847E0));
#8272=DIRECTION('',(0.E0,1.E0,0.E0));
#8273=DIRECTION('',(0.E0,0.E0,1.E0));
#8274=AXIS2_PLACEMENT_3D('',#8271,#8272,#8273);
#8275=PLANE('',#8274);
#8276=ORIENTED_EDGE('',*,*,#8138,.F.);
#8277=ORIENTED_EDGE('',*,*,#8238,.T.);
#8279=ORIENTED_EDGE('',*,*,#8278,.F.);
#8280=ORIENTED_EDGE('',*,*,#8263,.T.);
#8281=EDGE_LOOP('',(#8276,#8277,#8279,#8280));
#8282=FACE_OUTER_BOUND('',#8281,.F.);
#8283=ADVANCED_FACE('',(#8282),#8275,.F.);
#8284=CARTESIAN_POINT('',(2.6825E0,4.82525E-1,4.144869043863E0));
#8285=DIRECTION('',(0.E0,0.E0,-1.E0));
#8286=DIRECTION('',(0.E0,1.E0,0.E0));
#8287=AXIS2_PLACEMENT_3D('',#8284,#8285,#8286);
#8288=PLANE('',#8287);
#8289=ORIENTED_EDGE('',*,*,#8265,.T.);
#8290=ORIENTED_EDGE('',*,*,#8278,.T.);
#8291=ORIENTED_EDGE('',*,*,#8236,.T.);
#8292=ORIENTED_EDGE('',*,*,#8251,.T.);
#8293=EDGE_LOOP('',(#8289,#8290,#8291,#8292));
#8294=FACE_OUTER_BOUND('',#8293,.F.);
#8295=ADVANCED_FACE('',(#8294),#8288,.F.);
#8296=CARTESIAN_POINT('',(-9.E0,-4.69975E-1,-5.513095613730E-2));
#8297=DIRECTION('',(0.E0,9.999619230642E-1,-8.726535498374E-3));
#8298=DIRECTION('',(0.E0,8.726535498374E-3,9.999619230642E-1));
#8299=AXIS2_PLACEMENT_3D('',#8296,#8297,#8298);
#8300=PLANE('',#8299);
#8302=ORIENTED_EDGE('',*,*,#8301,.T.);
#8304=ORIENTED_EDGE('',*,*,#8303,.T.);
#8305=ORIENTED_EDGE('',*,*,#6589,.F.);
#8307=ORIENTED_EDGE('',*,*,#8306,.F.);
#8308=EDGE_LOOP('',(#8302,#8304,#8305,#8307));
#8309=FACE_OUTER_BOUND('',#8308,.F.);
#8310=ADVANCED_FACE('',(#8309),#8300,.T.);
#8311=CARTESIAN_POINT('',(-1.0925E1,-4.129975E0,1.944869043863E0));
#8312=DIRECTION('',(0.E0,0.E0,1.E0));
#8313=DIRECTION('',(1.E0,0.E0,0.E0));
#8314=AXIS2_PLACEMENT_3D('',#8311,#8312,#8313);
#8315=PLANE('',#8314);
#8317=ORIENTED_EDGE('',*,*,#8316,.F.);
#8319=ORIENTED_EDGE('',*,*,#8318,.T.);
#8321=ORIENTED_EDGE('',*,*,#8320,.F.);
#8322=ORIENTED_EDGE('',*,*,#8301,.F.);
#8324=ORIENTED_EDGE('',*,*,#8323,.F.);
#8325=EDGE_LOOP('',(#8317,#8319,#8321,#8322,#8324));
#8326=FACE_OUTER_BOUND('',#8325,.F.);
#8328=ORIENTED_EDGE('',*,*,#8327,.T.);
#8330=ORIENTED_EDGE('',*,*,#8329,.T.);
#8332=ORIENTED_EDGE('',*,*,#8331,.T.);
#8334=ORIENTED_EDGE('',*,*,#8333,.T.);
#8335=EDGE_LOOP('',(#8328,#8330,#8332,#8334));
#8336=FACE_BOUND('',#8335,.F.);
#8337=ADVANCED_FACE('',(#8326,#8336),#8315,.T.);
#8338=CARTESIAN_POINT('',(-1.27E0,8.00025E-1,-5.513095613730E-2));
#8339=DIRECTION('',(9.999619230642E-1,0.E0,-8.726535498374E-3));
#8340=DIRECTION('',(-8.726535498374E-3,0.E0,-9.999619230642E-1));
#8341=AXIS2_PLACEMENT_3D('',#8338,#8339,#8340);
#8342=PLANE('',#8341);
#8343=ORIENTED_EDGE('',*,*,#6595,.F.);
#8345=ORIENTED_EDGE('',*,*,#8344,.T.);
#8347=ORIENTED_EDGE('',*,*,#8346,.F.);
#8349=ORIENTED_EDGE('',*,*,#8348,.T.);
#8350=ORIENTED_EDGE('',*,*,#8316,.T.);
#8352=ORIENTED_EDGE('',*,*,#8351,.F.);
#8353=EDGE_LOOP('',(#8343,#8345,#8347,#8349,#8350,#8352));
#8354=FACE_OUTER_BOUND('',#8353,.F.);
#8355=ADVANCED_FACE('',(#8354),#8342,.T.);
#8356=CARTESIAN_POINT('',(-9.E0,2.070025E0,-5.513095613730E-2));
#8357=DIRECTION('',(0.E0,-9.999619230642E-1,-8.726535498374E-3));
#8358=DIRECTION('',(0.E0,8.726535498374E-3,-9.999619230642E-1));
#8359=AXIS2_PLACEMENT_3D('',#8356,#8357,#8358);
#8360=PLANE('',#8359);
#8362=ORIENTED_EDGE('',*,*,#8361,.T.);
#8364=ORIENTED_EDGE('',*,*,#8363,.F.);
#8365=ORIENTED_EDGE('',*,*,#8344,.F.);
#8366=ORIENTED_EDGE('',*,*,#6593,.F.);
#8367=EDGE_LOOP('',(#8362,#8364,#8365,#8366));
#8368=FACE_OUTER_BOUND('',#8367,.F.);
#8369=ADVANCED_FACE('',(#8368),#8360,.T.);
#8370=CARTESIAN_POINT('',(1.27E0,8.00025E-1,-5.513095613730E-2));
#8371=DIRECTION('',(-9.999619230642E-1,0.E0,-8.726535498374E-3));
#8372=DIRECTION('',(-8.726535498374E-3,0.E0,9.999619230642E-1));
#8373=AXIS2_PLACEMENT_3D('',#8370,#8371,#8372);
#8374=PLANE('',#8373);
#8376=ORIENTED_EDGE('',*,*,#8375,.T.);
#8378=ORIENTED_EDGE('',*,*,#8377,.F.);
#8379=ORIENTED_EDGE('',*,*,#8361,.F.);
#8380=ORIENTED_EDGE('',*,*,#6591,.F.);
#8381=ORIENTED_EDGE('',*,*,#8303,.F.);
#8382=ORIENTED_EDGE('',*,*,#8320,.T.);
#8383=EDGE_LOOP('',(#8376,#8378,#8379,#8380,#8381,#8382));
#8384=FACE_OUTER_BOUND('',#8383,.F.);
#8385=ADVANCED_FACE('',(#8384),#8374,.T.);
#8386=CARTESIAN_POINT('',(1.021240267258E1,2.012427672581E0,1.944869043863E0));
#8387=DIRECTION('',(0.E0,-1.E0,0.E0));
#8388=DIRECTION('',(0.E0,0.E0,-1.E0));
#8389=AXIS2_PLACEMENT_3D('',#8386,#8387,#8388);
#8390=PLANE('',#8389);
#8392=ORIENTED_EDGE('',*,*,#8391,.T.);
#8393=ORIENTED_EDGE('',*,*,#8375,.F.);
#8394=ORIENTED_EDGE('',*,*,#8318,.F.);
#8395=ORIENTED_EDGE('',*,*,#8348,.F.);
#8396=EDGE_LOOP('',(#8392,#8393,#8394,#8395));
#8397=FACE_OUTER_BOUND('',#8396,.F.);
#8398=ADVANCED_FACE('',(#8397),#8390,.F.);
#8399=CARTESIAN_POINT('',(-1.0925E1,-4.129975E0,-5.513095613730E-2));
#8400=DIRECTION('',(0.E0,0.E0,-1.E0));
#8401=DIRECTION('',(-1.E0,0.E0,0.E0));
#8402=AXIS2_PLACEMENT_3D('',#8399,#8400,#8401);
#8403=PLANE('',#8402);
#8404=ORIENTED_EDGE('',*,*,#8391,.F.);
#8405=ORIENTED_EDGE('',*,*,#8346,.T.);
#8406=ORIENTED_EDGE('',*,*,#8363,.T.);
#8407=ORIENTED_EDGE('',*,*,#8377,.T.);
#8408=EDGE_LOOP('',(#8404,#8405,#8406,#8407));
#8409=FACE_OUTER_BOUND('',#8408,.F.);
#8410=ADVANCED_FACE('',(#8409),#8403,.F.);
#8411=CARTESIAN_POINT('',(-6.206133615198E-1,-4.706131105858E-1,
-1.282511867923E-1));
#8412=DIRECTION('',(7.070529353429E-1,7.070529353429E-1,-1.234071497561E-2));
#8413=DIRECTION('',(-8.726203243944E-3,-8.726203243944E-3,-9.999238504776E-1));
#8414=AXIS2_PLACEMENT_3D('',#8411,#8412,#8413);
#8415=PLANE('',#8414);
#8416=ORIENTED_EDGE('',*,*,#8323,.T.);
#8417=ORIENTED_EDGE('',*,*,#8306,.T.);
#8418=ORIENTED_EDGE('',*,*,#6597,.T.);
#8419=ORIENTED_EDGE('',*,*,#8351,.T.);
#8420=EDGE_LOOP('',(#8416,#8417,#8418,#8419));
#8421=FACE_OUTER_BOUND('',#8420,.F.);
#8422=ADVANCED_FACE('',(#8421),#8415,.T.);
#8423=CARTESIAN_POINT('',(-3.175E-1,1.117525E0,-8.975307888469E-1));
#8424=DIRECTION('',(1.E0,0.E0,0.E0));
#8425=DIRECTION('',(0.E0,0.E0,1.E0));
#8426=AXIS2_PLACEMENT_3D('',#8423,#8424,#8425);
#8427=PLANE('',#8426);
#8428=ORIENTED_EDGE('',*,*,#8327,.F.);
#8430=ORIENTED_EDGE('',*,*,#8429,.T.);
#8432=ORIENTED_EDGE('',*,*,#8431,.F.);
#8434=ORIENTED_EDGE('',*,*,#8433,.F.);
#8435=EDGE_LOOP('',(#8428,#8430,#8432,#8434));
#8436=FACE_OUTER_BOUND('',#8435,.F.);
#8437=ADVANCED_FACE('',(#8436),#8427,.F.);
#8438=CARTESIAN_POINT('',(-3.175E-1,1.117525E0,-1.372230956137E0));
#8439=DIRECTION('',(0.E0,-1.E0,0.E0));
#8440=DIRECTION('',(0.E0,0.E0,-1.E0));
#8441=AXIS2_PLACEMENT_3D('',#8438,#8439,#8440);
#8442=PLANE('',#8441);
#8443=ORIENTED_EDGE('',*,*,#8333,.F.);
#8445=ORIENTED_EDGE('',*,*,#8444,.F.);
#8447=ORIENTED_EDGE('',*,*,#8446,.F.);
#8448=ORIENTED_EDGE('',*,*,#8429,.F.);
#8449=EDGE_LOOP('',(#8443,#8445,#8447,#8448));
#8450=FACE_OUTER_BOUND('',#8449,.F.);
#8451=ADVANCED_FACE('',(#8450),#8442,.F.);
#8452=CARTESIAN_POINT('',(3.175E-1,1.117525E0,-1.151530956137E0));
#8453=DIRECTION('',(-1.E0,0.E0,0.E0));
#8454=DIRECTION('',(0.E0,0.E0,-1.E0));
#8455=AXIS2_PLACEMENT_3D('',#8452,#8453,#8454);
#8456=PLANE('',#8455);
#8457=ORIENTED_EDGE('',*,*,#8331,.F.);
#8459=ORIENTED_EDGE('',*,*,#8458,.F.);
#8461=ORIENTED_EDGE('',*,*,#8460,.F.);
#8462=ORIENTED_EDGE('',*,*,#8444,.T.);
#8463=EDGE_LOOP('',(#8457,#8459,#8461,#8462));
#8464=FACE_OUTER_BOUND('',#8463,.F.);
#8465=ADVANCED_FACE('',(#8464),#8456,.F.);
#8466=CARTESIAN_POINT('',(-3.175E-1,4.82525E-1,-1.118230788847E0));
#8467=DIRECTION('',(0.E0,1.E0,0.E0));
#8468=DIRECTION('',(0.E0,0.E0,1.E0));
#8469=AXIS2_PLACEMENT_3D('',#8466,#8467,#8468);
#8470=PLANE('',#8469);
#8471=ORIENTED_EDGE('',*,*,#8329,.F.);
#8472=ORIENTED_EDGE('',*,*,#8433,.T.);
#8474=ORIENTED_EDGE('',*,*,#8473,.F.);
#8475=ORIENTED_EDGE('',*,*,#8458,.T.);
#8476=EDGE_LOOP('',(#8471,#8472,#8474,#8475));
#8477=FACE_OUTER_BOUND('',#8476,.F.);
#8478=ADVANCED_FACE('',(#8477),#8470,.F.);
#8479=CARTESIAN_POINT('',(-3.175E-1,4.82525E-1,4.144869043863E0));
#8480=DIRECTION('',(0.E0,0.E0,-1.E0));
#8481=DIRECTION('',(0.E0,1.E0,0.E0));
#8482=AXIS2_PLACEMENT_3D('',#8479,#8480,#8481);
#8483=PLANE('',#8482);
#8484=ORIENTED_EDGE('',*,*,#8460,.T.);
#8485=ORIENTED_EDGE('',*,*,#8473,.T.);
#8486=ORIENTED_EDGE('',*,*,#8431,.T.);
#8487=ORIENTED_EDGE('',*,*,#8446,.T.);
#8488=EDGE_LOOP('',(#8484,#8485,#8486,#8487));
#8489=FACE_OUTER_BOUND('',#8488,.F.);
#8490=ADVANCED_FACE('',(#8489),#8483,.F.);
#8491=CARTESIAN_POINT('',(-9.E0,-4.69975E-1,-5.513095613730E-2));
#8492=DIRECTION('',(0.E0,9.999619230642E-1,-8.726535498374E-3));
#8493=DIRECTION('',(0.E0,8.726535498374E-3,9.999619230642E-1));
#8494=AXIS2_PLACEMENT_3D('',#8491,#8492,#8493);
#8495=PLANE('',#8494);
#8497=ORIENTED_EDGE('',*,*,#8496,.T.);
#8498=ORIENTED_EDGE('',*,*,#6601,.F.);
#8500=ORIENTED_EDGE('',*,*,#8499,.T.);
#8502=ORIENTED_EDGE('',*,*,#8501,.T.);
#8503=EDGE_LOOP('',(#8497,#8498,#8500,#8502));
#8504=FACE_OUTER_BOUND('',#8503,.F.);
#8505=ADVANCED_FACE('',(#8504),#8495,.T.);
#8506=CARTESIAN_POINT('',(-5.054987624996E0,-3.144987375004E0,
-5.513095613730E-2));
#8507=DIRECTION('',(-7.070798567270E-1,7.070798567270E-1,-8.726535498374E-3));
#8508=DIRECTION('',(-7.071067811865E-1,-7.071067811865E-1,0.E0));
#8509=AXIS2_PLACEMENT_3D('',#8506,#8507,#8508);
#8510=PLANE('',#8509);
#8512=ORIENTED_EDGE('',*,*,#8511,.F.);
#8513=ORIENTED_EDGE('',*,*,#6603,.T.);
#8514=ORIENTED_EDGE('',*,*,#8496,.F.);
#8516=ORIENTED_EDGE('',*,*,#8515,.T.);
#8517=EDGE_LOOP('',(#8512,#8513,#8514,#8516));
#8518=FACE_OUTER_BOUND('',#8517,.F.);
#8519=ADVANCED_FACE('',(#8518),#8510,.T.);
#8520=CARTESIAN_POINT('',(-1.73E0,8.00025E-1,-5.513095613730E-2));
#8521=DIRECTION('',(-9.999619230642E-1,0.E0,-8.726535498374E-3));
#8522=DIRECTION('',(-8.726535498374E-3,0.E0,9.999619230642E-1));
#8523=AXIS2_PLACEMENT_3D('',#8520,#8521,#8522);
#8524=PLANE('',#8523);
#8526=ORIENTED_EDGE('',*,*,#8525,.T.);
#8528=ORIENTED_EDGE('',*,*,#8527,.F.);
#8530=ORIENTED_EDGE('',*,*,#8529,.F.);
#8531=ORIENTED_EDGE('',*,*,#6605,.F.);
#8532=ORIENTED_EDGE('',*,*,#8511,.T.);
#8534=ORIENTED_EDGE('',*,*,#8533,.T.);
#8535=EDGE_LOOP('',(#8526,#8528,#8530,#8531,#8532,#8534));
#8536=FACE_OUTER_BOUND('',#8535,.F.);
#8537=ADVANCED_FACE('',(#8536),#8524,.T.);
#8538=CARTESIAN_POINT('',(1.021240267258E1,2.012427672581E0,1.944869043863E0));
#8539=DIRECTION('',(0.E0,-1.E0,0.E0));
#8540=DIRECTION('',(0.E0,0.E0,-1.E0));
#8541=AXIS2_PLACEMENT_3D('',#8538,#8539,#8540);
#8542=PLANE('',#8541);
#8544=ORIENTED_EDGE('',*,*,#8543,.T.);
#8545=ORIENTED_EDGE('',*,*,#8525,.F.);
#8547=ORIENTED_EDGE('',*,*,#8546,.F.);
#8549=ORIENTED_EDGE('',*,*,#8548,.F.);
#8550=EDGE_LOOP('',(#8544,#8545,#8547,#8549));
#8551=FACE_OUTER_BOUND('',#8550,.F.);
#8552=ADVANCED_FACE('',(#8551),#8542,.F.);
#8553=CARTESIAN_POINT('',(-1.0925E1,-4.129975E0,-5.513095613730E-2));
#8554=DIRECTION('',(0.E0,0.E0,-1.E0));
#8555=DIRECTION('',(-1.E0,0.E0,0.E0));
#8556=AXIS2_PLACEMENT_3D('',#8553,#8554,#8555);
#8557=PLANE('',#8556);
#8558=ORIENTED_EDGE('',*,*,#8543,.F.);
#8560=ORIENTED_EDGE('',*,*,#8559,.T.);
#8562=ORIENTED_EDGE('',*,*,#8561,.T.);
#8563=ORIENTED_EDGE('',*,*,#8527,.T.);
#8564=EDGE_LOOP('',(#8558,#8560,#8562,#8563));
#8565=FACE_OUTER_BOUND('',#8564,.F.);
#8566=ADVANCED_FACE('',(#8565),#8557,.F.);
#8567=CARTESIAN_POINT('',(-4.27E0,8.00025E-1,-5.513095613730E-2));
#8568=DIRECTION('',(9.999619230642E-1,0.E0,-8.726535498374E-3));
#8569=DIRECTION('',(-8.726535498374E-3,0.E0,-9.999619230642E-1));
#8570=AXIS2_PLACEMENT_3D('',#8567,#8568,#8569);
#8571=PLANE('',#8570);
#8572=ORIENTED_EDGE('',*,*,#8548,.T.);
#8574=ORIENTED_EDGE('',*,*,#8573,.T.);
#8575=ORIENTED_EDGE('',*,*,#8499,.F.);
#8576=ORIENTED_EDGE('',*,*,#6609,.F.);
#8578=ORIENTED_EDGE('',*,*,#8577,.T.);
#8579=ORIENTED_EDGE('',*,*,#8559,.F.);
#8580=EDGE_LOOP('',(#8572,#8574,#8575,#8576,#8578,#8579));
#8581=FACE_OUTER_BOUND('',#8580,.F.);
#8582=ADVANCED_FACE('',(#8581),#8571,.T.);
#8583=CARTESIAN_POINT('',(-1.0925E1,-4.129975E0,1.944869043863E0));
#8584=DIRECTION('',(0.E0,0.E0,1.E0));
#8585=DIRECTION('',(1.E0,0.E0,0.E0));
#8586=AXIS2_PLACEMENT_3D('',#8583,#8584,#8585);
#8587=PLANE('',#8586);
#8588=ORIENTED_EDGE('',*,*,#8573,.F.);
#8589=ORIENTED_EDGE('',*,*,#8546,.T.);
#8590=ORIENTED_EDGE('',*,*,#8533,.F.);
#8591=ORIENTED_EDGE('',*,*,#8515,.F.);
#8592=ORIENTED_EDGE('',*,*,#8501,.F.);
#8593=EDGE_LOOP('',(#8588,#8589,#8590,#8591,#8592));
#8594=FACE_OUTER_BOUND('',#8593,.F.);
#8596=ORIENTED_EDGE('',*,*,#8595,.T.);
#8598=ORIENTED_EDGE('',*,*,#8597,.T.);
#8600=ORIENTED_EDGE('',*,*,#8599,.T.);
#8602=ORIENTED_EDGE('',*,*,#8601,.T.);
#8603=EDGE_LOOP('',(#8596,#8598,#8600,#8602));
#8604=FACE_BOUND('',#8603,.F.);
#8605=ADVANCED_FACE('',(#8594,#8604),#8587,.T.);
#8606=CARTESIAN_POINT('',(-3.3175E0,1.117525E0,-8.975307888469E-1));
#8607=DIRECTION('',(1.E0,0.E0,0.E0));
#8608=DIRECTION('',(0.E0,0.E0,1.E0));
#8609=AXIS2_PLACEMENT_3D('',#8606,#8607,#8608);
#8610=PLANE('',#8609);
#8611=ORIENTED_EDGE('',*,*,#8595,.F.);
#8613=ORIENTED_EDGE('',*,*,#8612,.T.);
#8615=ORIENTED_EDGE('',*,*,#8614,.F.);
#8617=ORIENTED_EDGE('',*,*,#8616,.F.);
#8618=EDGE_LOOP('',(#8611,#8613,#8615,#8617));
#8619=FACE_OUTER_BOUND('',#8618,.F.);
#8620=ADVANCED_FACE('',(#8619),#8610,.F.);
#8621=CARTESIAN_POINT('',(-3.3175E0,1.117525E0,-1.372230956137E0));
#8622=DIRECTION('',(0.E0,-1.E0,0.E0));
#8623=DIRECTION('',(0.E0,0.E0,-1.E0));
#8624=AXIS2_PLACEMENT_3D('',#8621,#8622,#8623);
#8625=PLANE('',#8624);
#8626=ORIENTED_EDGE('',*,*,#8601,.F.);
#8628=ORIENTED_EDGE('',*,*,#8627,.F.);
#8630=ORIENTED_EDGE('',*,*,#8629,.F.);
#8631=ORIENTED_EDGE('',*,*,#8612,.F.);
#8632=EDGE_LOOP('',(#8626,#8628,#8630,#8631));
#8633=FACE_OUTER_BOUND('',#8632,.F.);
#8634=ADVANCED_FACE('',(#8633),#8625,.F.);
#8635=CARTESIAN_POINT('',(-2.6825E0,1.117525E0,-1.151530956137E0));
#8636=DIRECTION('',(-1.E0,0.E0,0.E0));
#8637=DIRECTION('',(0.E0,0.E0,-1.E0));
#8638=AXIS2_PLACEMENT_3D('',#8635,#8636,#8637);
#8639=PLANE('',#8638);
#8640=ORIENTED_EDGE('',*,*,#8599,.F.);
#8642=ORIENTED_EDGE('',*,*,#8641,.F.);
#8644=ORIENTED_EDGE('',*,*,#8643,.F.);
#8645=ORIENTED_EDGE('',*,*,#8627,.T.);
#8646=EDGE_LOOP('',(#8640,#8642,#8644,#8645));
#8647=FACE_OUTER_BOUND('',#8646,.F.);
#8648=ADVANCED_FACE('',(#8647),#8639,.F.);
#8649=CARTESIAN_POINT('',(-3.3175E0,4.82525E-1,-1.118230788847E0));
#8650=DIRECTION('',(0.E0,1.E0,0.E0));
#8651=DIRECTION('',(0.E0,0.E0,1.E0));
#8652=AXIS2_PLACEMENT_3D('',#8649,#8650,#8651);
#8653=PLANE('',#8652);
#8654=ORIENTED_EDGE('',*,*,#8597,.F.);
#8655=ORIENTED_EDGE('',*,*,#8616,.T.);
#8657=ORIENTED_EDGE('',*,*,#8656,.F.);
#8658=ORIENTED_EDGE('',*,*,#8641,.T.);
#8659=EDGE_LOOP('',(#8654,#8655,#8657,#8658));
#8660=FACE_OUTER_BOUND('',#8659,.F.);
#8661=ADVANCED_FACE('',(#8660),#8653,.F.);
#8662=CARTESIAN_POINT('',(-3.3175E0,4.82525E-1,4.144869043863E0));
#8663=DIRECTION('',(0.E0,0.E0,-1.E0));
#8664=DIRECTION('',(0.E0,1.E0,0.E0));
#8665=AXIS2_PLACEMENT_3D('',#8662,#8663,#8664);
#8666=PLANE('',#8665);
#8667=ORIENTED_EDGE('',*,*,#8643,.T.);
#8668=ORIENTED_EDGE('',*,*,#8656,.T.);
#8669=ORIENTED_EDGE('',*,*,#8614,.T.);
#8670=ORIENTED_EDGE('',*,*,#8629,.T.);
#8671=EDGE_LOOP('',(#8667,#8668,#8669,#8670));
#8672=FACE_OUTER_BOUND('',#8671,.F.);
#8673=ADVANCED_FACE('',(#8672),#8666,.F.);
#8674=CARTESIAN_POINT('',(-9.E0,2.070025E0,-5.513095613730E-2));
#8675=DIRECTION('',(0.E0,-9.999619230642E-1,-8.726535498374E-3));
#8676=DIRECTION('',(0.E0,8.726535498374E-3,-9.999619230642E-1));
#8677=AXIS2_PLACEMENT_3D('',#8674,#8675,#8676);
#8678=PLANE('',#8677);
#8679=ORIENTED_EDGE('',*,*,#8529,.T.);
#8680=ORIENTED_EDGE('',*,*,#8561,.F.);
#8681=ORIENTED_EDGE('',*,*,#8577,.F.);
#8682=ORIENTED_EDGE('',*,*,#6607,.F.);
#8683=EDGE_LOOP('',(#8679,#8680,#8681,#8682));
#8684=FACE_OUTER_BOUND('',#8683,.F.);
#8685=ADVANCED_FACE('',(#8684),#8678,.T.);
#8686=CARTESIAN_POINT('',(-9.E0,2.070025E0,-5.513095613730E-2));
#8687=DIRECTION('',(0.E0,-9.999619230642E-1,-8.726535498374E-3));
#8688=DIRECTION('',(0.E0,8.726535498374E-3,-9.999619230642E-1));
#8689=AXIS2_PLACEMENT_3D('',#8686,#8687,#8688);
#8690=PLANE('',#8689);
#8692=ORIENTED_EDGE('',*,*,#8691,.T.);
#8694=ORIENTED_EDGE('',*,*,#8693,.F.);
#8696=ORIENTED_EDGE('',*,*,#8695,.F.);
#8697=ORIENTED_EDGE('',*,*,#6613,.F.);
#8698=EDGE_LOOP('',(#8692,#8694,#8696,#8697));
#8699=FACE_OUTER_BOUND('',#8698,.F.);
#8700=ADVANCED_FACE('',(#8699),#8690,.T.);
#8701=CARTESIAN_POINT('',(-4.73E0,8.00025E-1,-5.513095613730E-2));
#8702=DIRECTION('',(-9.999619230642E-1,0.E0,-8.726535498374E-3));
#8703=DIRECTION('',(-8.726535498374E-3,0.E0,9.999619230642E-1));
#8704=AXIS2_PLACEMENT_3D('',#8701,#8702,#8703);
#8705=PLANE('',#8704);
#8707=ORIENTED_EDGE('',*,*,#8706,.T.);
#8709=ORIENTED_EDGE('',*,*,#8708,.F.);
#8710=ORIENTED_EDGE('',*,*,#8691,.F.);
#8711=ORIENTED_EDGE('',*,*,#6621,.F.);
#8713=ORIENTED_EDGE('',*,*,#8712,.T.);
#8715=ORIENTED_EDGE('',*,*,#8714,.T.);
#8716=EDGE_LOOP('',(#8707,#8709,#8710,#8711,#8713,#8715));
#8717=FACE_OUTER_BOUND('',#8716,.F.);
#8718=ADVANCED_FACE('',(#8717),#8705,.T.);
#8719=CARTESIAN_POINT('',(1.021240267258E1,2.012427672581E0,1.944869043863E0));
#8720=DIRECTION('',(0.E0,-1.E0,0.E0));
#8721=DIRECTION('',(0.E0,0.E0,-1.E0));
#8722=AXIS2_PLACEMENT_3D('',#8719,#8720,#8721);
#8723=PLANE('',#8722);
#8725=ORIENTED_EDGE('',*,*,#8724,.T.);
#8726=ORIENTED_EDGE('',*,*,#8706,.F.);
#8728=ORIENTED_EDGE('',*,*,#8727,.F.);
#8730=ORIENTED_EDGE('',*,*,#8729,.F.);
#8731=EDGE_LOOP('',(#8725,#8726,#8728,#8730));
#8732=FACE_OUTER_BOUND('',#8731,.F.);
#8733=ADVANCED_FACE('',(#8732),#8723,.F.);
#8734=CARTESIAN_POINT('',(-1.0925E1,-4.129975E0,-5.513095613730E-2));
#8735=DIRECTION('',(0.E0,0.E0,-1.E0));
#8736=DIRECTION('',(-1.E0,0.E0,0.E0));
#8737=AXIS2_PLACEMENT_3D('',#8734,#8735,#8736);
#8738=PLANE('',#8737);
#8739=ORIENTED_EDGE('',*,*,#8724,.F.);
#8741=ORIENTED_EDGE('',*,*,#8740,.T.);
#8742=ORIENTED_EDGE('',*,*,#8693,.T.);
#8743=ORIENTED_EDGE('',*,*,#8708,.T.);
#8744=EDGE_LOOP('',(#8739,#8741,#8742,#8743));
#8745=FACE_OUTER_BOUND('',#8744,.F.);
#8746=ADVANCED_FACE('',(#8745),#8738,.F.);
#8747=CARTESIAN_POINT('',(-7.27E0,8.00025E-1,-5.513095613730E-2));
#8748=DIRECTION('',(9.999619230642E-1,0.E0,-8.726535498374E-3));
#8749=DIRECTION('',(-8.726535498374E-3,0.E0,-9.999619230642E-1));
#8750=AXIS2_PLACEMENT_3D('',#8747,#8748,#8749);
#8751=PLANE('',#8750);
#8752=ORIENTED_EDGE('',*,*,#8729,.T.);
#8754=ORIENTED_EDGE('',*,*,#8753,.T.);
#8756=ORIENTED_EDGE('',*,*,#8755,.T.);
#8757=ORIENTED_EDGE('',*,*,#6615,.F.);
#8758=ORIENTED_EDGE('',*,*,#8695,.T.);
#8759=ORIENTED_EDGE('',*,*,#8740,.F.);
#8760=EDGE_LOOP('',(#8752,#8754,#8756,#8757,#8758,#8759));
#8761=FACE_OUTER_BOUND('',#8760,.F.);
#8762=ADVANCED_FACE('',(#8761),#8751,.T.);
#8763=CARTESIAN_POINT('',(-1.0925E1,-4.129975E0,1.944869043863E0));
#8764=DIRECTION('',(0.E0,0.E0,1.E0));
#8765=DIRECTION('',(1.E0,0.E0,0.E0));
#8766=AXIS2_PLACEMENT_3D('',#8763,#8764,#8765);
#8767=PLANE('',#8766);
#8768=ORIENTED_EDGE('',*,*,#8753,.F.);
#8769=ORIENTED_EDGE('',*,*,#8727,.T.);
#8770=ORIENTED_EDGE('',*,*,#8714,.F.);
#8772=ORIENTED_EDGE('',*,*,#8771,.F.);
#8774=ORIENTED_EDGE('',*,*,#8773,.F.);
#8775=EDGE_LOOP('',(#8768,#8769,#8770,#8772,#8774));
#8776=FACE_OUTER_BOUND('',#8775,.F.);
#8778=ORIENTED_EDGE('',*,*,#8777,.T.);
#8780=ORIENTED_EDGE('',*,*,#8779,.T.);
#8782=ORIENTED_EDGE('',*,*,#8781,.T.);
#8784=ORIENTED_EDGE('',*,*,#8783,.T.);
#8785=EDGE_LOOP('',(#8778,#8780,#8782,#8784));
#8786=FACE_BOUND('',#8785,.F.);
#8787=ADVANCED_FACE('',(#8776,#8786),#8767,.T.);
#8788=CARTESIAN_POINT('',(-9.E0,-4.69975E-1,-5.513095613730E-2));
#8789=DIRECTION('',(0.E0,9.999619230642E-1,-8.726535498374E-3));
#8790=DIRECTION('',(0.E0,8.726535498374E-3,9.999619230642E-1));
#8791=AXIS2_PLACEMENT_3D('',#8788,#8789,#8790);
#8792=PLANE('',#8791);
#8793=ORIENTED_EDGE('',*,*,#8712,.F.);
#8794=ORIENTED_EDGE('',*,*,#6619,.F.);
#8796=ORIENTED_EDGE('',*,*,#8795,.T.);
#8797=ORIENTED_EDGE('',*,*,#8771,.T.);
#8798=EDGE_LOOP('',(#8793,#8794,#8796,#8797));
#8799=FACE_OUTER_BOUND('',#8798,.F.);
#8800=ADVANCED_FACE('',(#8799),#8792,.T.);
#8801=CARTESIAN_POINT('',(-8.445012375004E0,1.355012624996E0,
-5.513095613730E-2));
#8802=DIRECTION('',(7.070798567270E-1,7.070798567270E-1,-8.726535498374E-3));
#8803=DIRECTION('',(-7.071067811865E-1,7.071067811865E-1,0.E0));
#8804=AXIS2_PLACEMENT_3D('',#8801,#8802,#8803);
#8805=PLANE('',#8804);
#8806=ORIENTED_EDGE('',*,*,#8795,.F.);
#8807=ORIENTED_EDGE('',*,*,#6617,.T.);
#8808=ORIENTED_EDGE('',*,*,#8755,.F.);
#8809=ORIENTED_EDGE('',*,*,#8773,.T.);
#8810=EDGE_LOOP('',(#8806,#8807,#8808,#8809));
#8811=FACE_OUTER_BOUND('',#8810,.F.);
#8812=ADVANCED_FACE('',(#8811),#8805,.T.);
#8813=CARTESIAN_POINT('',(-6.3175E0,1.117525E0,-8.975307888469E-1));
#8814=DIRECTION('',(1.E0,0.E0,0.E0));
#8815=DIRECTION('',(0.E0,0.E0,1.E0));
#8816=AXIS2_PLACEMENT_3D('',#8813,#8814,#8815);
#8817=PLANE('',#8816);
#8818=ORIENTED_EDGE('',*,*,#8777,.F.);
#8820=ORIENTED_EDGE('',*,*,#8819,.T.);
#8822=ORIENTED_EDGE('',*,*,#8821,.F.);
#8824=ORIENTED_EDGE('',*,*,#8823,.F.);
#8825=EDGE_LOOP('',(#8818,#8820,#8822,#8824));
#8826=FACE_OUTER_BOUND('',#8825,.F.);
#8827=ADVANCED_FACE('',(#8826),#8817,.F.);
#8828=CARTESIAN_POINT('',(-6.3175E0,1.117525E0,-1.372230956137E0));
#8829=DIRECTION('',(0.E0,-1.E0,0.E0));
#8830=DIRECTION('',(0.E0,0.E0,-1.E0));
#8831=AXIS2_PLACEMENT_3D('',#8828,#8829,#8830);
#8832=PLANE('',#8831);
#8833=ORIENTED_EDGE('',*,*,#8783,.F.);
#8835=ORIENTED_EDGE('',*,*,#8834,.F.);
#8837=ORIENTED_EDGE('',*,*,#8836,.F.);
#8838=ORIENTED_EDGE('',*,*,#8819,.F.);
#8839=EDGE_LOOP('',(#8833,#8835,#8837,#8838));
#8840=FACE_OUTER_BOUND('',#8839,.F.);
#8841=ADVANCED_FACE('',(#8840),#8832,.F.);
#8842=CARTESIAN_POINT('',(-5.6825E0,1.117525E0,-1.151530956137E0));
#8843=DIRECTION('',(-1.E0,0.E0,0.E0));
#8844=DIRECTION('',(0.E0,0.E0,-1.E0));
#8845=AXIS2_PLACEMENT_3D('',#8842,#8843,#8844);
#8846=PLANE('',#8845);
#8847=ORIENTED_EDGE('',*,*,#8781,.F.);
#8849=ORIENTED_EDGE('',*,*,#8848,.F.);
#8851=ORIENTED_EDGE('',*,*,#8850,.F.);
#8852=ORIENTED_EDGE('',*,*,#8834,.T.);
#8853=EDGE_LOOP('',(#8847,#8849,#8851,#8852));
#8854=FACE_OUTER_BOUND('',#8853,.F.);
#8855=ADVANCED_FACE('',(#8854),#8846,.F.);
#8856=CARTESIAN_POINT('',(-6.3175E0,4.82525E-1,-1.118230788847E0));
#8857=DIRECTION('',(0.E0,1.E0,0.E0));
#8858=DIRECTION('',(0.E0,0.E0,1.E0));
#8859=AXIS2_PLACEMENT_3D('',#8856,#8857,#8858);
#8860=PLANE('',#8859);
#8861=ORIENTED_EDGE('',*,*,#8779,.F.);
#8862=ORIENTED_EDGE('',*,*,#8823,.T.);
#8864=ORIENTED_EDGE('',*,*,#8863,.F.);
#8865=ORIENTED_EDGE('',*,*,#8848,.T.);
#8866=EDGE_LOOP('',(#8861,#8862,#8864,#8865));
#8867=FACE_OUTER_BOUND('',#8866,.F.);
#8868=ADVANCED_FACE('',(#8867),#8860,.F.);
#8869=CARTESIAN_POINT('',(-6.3175E0,4.82525E-1,4.144869043863E0));
#8870=DIRECTION('',(0.E0,0.E0,-1.E0));
#8871=DIRECTION('',(0.E0,1.E0,0.E0));
#8872=AXIS2_PLACEMENT_3D('',#8869,#8870,#8871);
#8873=PLANE('',#8872);
#8874=ORIENTED_EDGE('',*,*,#8850,.T.);
#8875=ORIENTED_EDGE('',*,*,#8863,.T.);
#8876=ORIENTED_EDGE('',*,*,#8821,.T.);
#8877=ORIENTED_EDGE('',*,*,#8836,.T.);
#8878=EDGE_LOOP('',(#8874,#8875,#8876,#8877));
#8879=FACE_OUTER_BOUND('',#8878,.F.);
#8880=ADVANCED_FACE('',(#8879),#8873,.F.);
#8881=CARTESIAN_POINT('',(-9.945012375004E0,-1.449873750041E-1,
-5.513095613730E-2));
#8882=DIRECTION('',(7.070798567270E-1,7.070798567270E-1,-8.726535498374E-3));
#8883=DIRECTION('',(-7.071067811865E-1,7.071067811865E-1,0.E0));
#8884=AXIS2_PLACEMENT_3D('',#8881,#8882,#8883);
#8885=PLANE('',#8884);
#8887=ORIENTED_EDGE('',*,*,#8886,.F.);
#8889=ORIENTED_EDGE('',*,*,#8888,.T.);
#8891=ORIENTED_EDGE('',*,*,#8890,.F.);
#8892=ORIENTED_EDGE('',*,*,#6625,.T.);
#8894=ORIENTED_EDGE('',*,*,#8893,.F.);
#8896=ORIENTED_EDGE('',*,*,#8895,.T.);
#8897=EDGE_LOOP('',(#8887,#8889,#8891,#8892,#8894,#8896));
#8898=FACE_OUTER_BOUND('',#8897,.F.);
#8899=ADVANCED_FACE('',(#8898),#8885,.T.);
#8900=CARTESIAN_POINT('',(-1.021240267258E1,2.012427672581E0,1.944869043863E0));
#8901=DIRECTION('',(1.E0,0.E0,0.E0));
#8902=DIRECTION('',(0.E0,1.E0,0.E0));
#8903=AXIS2_PLACEMENT_3D('',#8900,#8901,#8902);
#8904=PLANE('',#8903);
#8906=ORIENTED_EDGE('',*,*,#8905,.T.);
#8908=ORIENTED_EDGE('',*,*,#8907,.T.);
#8910=ORIENTED_EDGE('',*,*,#8909,.F.);
#8911=ORIENTED_EDGE('',*,*,#8886,.T.);
#8912=EDGE_LOOP('',(#8906,#8908,#8910,#8911));
#8913=FACE_OUTER_BOUND('',#8912,.F.);
#8914=ADVANCED_FACE('',(#8913),#8904,.F.);
#8915=CARTESIAN_POINT('',(-1.0925E1,-4.129975E0,-5.513095613730E-2));
#8916=DIRECTION('',(0.E0,0.E0,-1.E0));
#8917=DIRECTION('',(-1.E0,0.E0,0.E0));
#8918=AXIS2_PLACEMENT_3D('',#8915,#8916,#8917);
#8919=PLANE('',#8918);
#8920=ORIENTED_EDGE('',*,*,#8905,.F.);
#8921=ORIENTED_EDGE('',*,*,#8895,.F.);
#8923=ORIENTED_EDGE('',*,*,#8922,.T.);
#8925=ORIENTED_EDGE('',*,*,#8924,.T.);
#8927=ORIENTED_EDGE('',*,*,#8926,.T.);
#8929=ORIENTED_EDGE('',*,*,#8928,.F.);
#8930=EDGE_LOOP('',(#8920,#8921,#8923,#8925,#8927,#8929));
#8931=FACE_OUTER_BOUND('',#8930,.F.);
#8932=ADVANCED_FACE('',(#8931),#8919,.F.);
#8933=CARTESIAN_POINT('',(-1.027E1,8.00025E-1,-5.513095613730E-2));
#8934=DIRECTION('',(9.999619230642E-1,0.E0,-8.726535498374E-3));
#8935=DIRECTION('',(-8.726535498374E-3,0.E0,-9.999619230642E-1));
#8936=AXIS2_PLACEMENT_3D('',#8933,#8934,#8935);
#8937=PLANE('',#8936);
#8939=ORIENTED_EDGE('',*,*,#8938,.T.);
#8940=ORIENTED_EDGE('',*,*,#8922,.F.);
#8941=ORIENTED_EDGE('',*,*,#8893,.T.);
#8942=ORIENTED_EDGE('',*,*,#6633,.F.);
#8943=EDGE_LOOP('',(#8939,#8940,#8941,#8942));
#8944=FACE_OUTER_BOUND('',#8943,.F.);
#8945=ADVANCED_FACE('',(#8944),#8937,.T.);
#8946=CARTESIAN_POINT('',(-9.E0,2.070025E0,-5.513095613730E-2));
#8947=DIRECTION('',(0.E0,-9.999619230642E-1,-8.726535498374E-3));
#8948=DIRECTION('',(0.E0,8.726535498374E-3,-9.999619230642E-1));
#8949=AXIS2_PLACEMENT_3D('',#8946,#8947,#8948);
#8950=PLANE('',#8949);
#8952=ORIENTED_EDGE('',*,*,#8951,.T.);
#8953=ORIENTED_EDGE('',*,*,#8924,.F.);
#8954=ORIENTED_EDGE('',*,*,#8938,.F.);
#8955=ORIENTED_EDGE('',*,*,#6631,.F.);
#8956=EDGE_LOOP('',(#8952,#8953,#8954,#8955));
#8957=FACE_OUTER_BOUND('',#8956,.F.);
#8958=ADVANCED_FACE('',(#8957),#8950,.T.);
#8959=CARTESIAN_POINT('',(-7.73E0,8.00025E-1,-5.513095613730E-2));
#8960=DIRECTION('',(-9.999619230642E-1,0.E0,-8.726535498374E-3));
#8961=DIRECTION('',(-8.726535498374E-3,0.E0,9.999619230642E-1));
#8962=AXIS2_PLACEMENT_3D('',#8959,#8960,#8961);
#8963=PLANE('',#8962);
#8965=ORIENTED_EDGE('',*,*,#8964,.T.);
#8966=ORIENTED_EDGE('',*,*,#8926,.F.);
#8967=ORIENTED_EDGE('',*,*,#8951,.F.);
#8968=ORIENTED_EDGE('',*,*,#6629,.F.);
#8970=ORIENTED_EDGE('',*,*,#8969,.T.);
#8972=ORIENTED_EDGE('',*,*,#8971,.T.);
#8973=EDGE_LOOP('',(#8965,#8966,#8967,#8968,#8970,#8972));
#8974=FACE_OUTER_BOUND('',#8973,.F.);
#8975=ADVANCED_FACE('',(#8974),#8963,.T.);
#8976=CARTESIAN_POINT('',(1.021240267258E1,2.012427672581E0,1.944869043863E0));
#8977=DIRECTION('',(0.E0,-1.E0,0.E0));
#8978=DIRECTION('',(0.E0,0.E0,-1.E0));
#8979=AXIS2_PLACEMENT_3D('',#8976,#8977,#8978);
#8980=PLANE('',#8979);
#8982=ORIENTED_EDGE('',*,*,#8981,.F.);
#8983=ORIENTED_EDGE('',*,*,#8907,.F.);
#8984=ORIENTED_EDGE('',*,*,#8928,.T.);
#8985=ORIENTED_EDGE('',*,*,#8964,.F.);
#8986=EDGE_LOOP('',(#8982,#8983,#8984,#8985));
#8987=FACE_OUTER_BOUND('',#8986,.F.);
#8988=ADVANCED_FACE('',(#8987),#8980,.F.);
#8989=CARTESIAN_POINT('',(-1.0925E1,-4.129975E0,1.944869043863E0));
#8990=DIRECTION('',(0.E0,0.E0,1.E0));
#8991=DIRECTION('',(1.E0,0.E0,0.E0));
#8992=AXIS2_PLACEMENT_3D('',#8989,#8990,#8991);
#8993=PLANE('',#8992);
#8994=ORIENTED_EDGE('',*,*,#8971,.F.);
#8996=ORIENTED_EDGE('',*,*,#8995,.F.);
#8997=ORIENTED_EDGE('',*,*,#8888,.F.);
#8998=ORIENTED_EDGE('',*,*,#8909,.T.);
#8999=ORIENTED_EDGE('',*,*,#8981,.T.);
#9000=EDGE_LOOP('',(#8994,#8996,#8997,#8998,#8999));
#9001=FACE_OUTER_BOUND('',#9000,.F.);
#9003=ORIENTED_EDGE('',*,*,#9002,.T.);
#9005=ORIENTED_EDGE('',*,*,#9004,.T.);
#9007=ORIENTED_EDGE('',*,*,#9006,.T.);
#9009=ORIENTED_EDGE('',*,*,#9008,.T.);
#9010=EDGE_LOOP('',(#9003,#9005,#9007,#9009));
#9011=FACE_BOUND('',#9010,.F.);
#9012=ADVANCED_FACE('',(#9001,#9011),#8993,.T.);
#9013=CARTESIAN_POINT('',(-9.E0,-4.69975E-1,-5.513095613730E-2));
#9014=DIRECTION('',(0.E0,9.999619230642E-1,-8.726535498374E-3));
#9015=DIRECTION('',(0.E0,8.726535498374E-3,9.999619230642E-1));
#9016=AXIS2_PLACEMENT_3D('',#9013,#9014,#9015);
#9017=PLANE('',#9016);
#9018=ORIENTED_EDGE('',*,*,#8969,.F.);
#9019=ORIENTED_EDGE('',*,*,#6627,.F.);
#9020=ORIENTED_EDGE('',*,*,#8890,.T.);
#9021=ORIENTED_EDGE('',*,*,#8995,.T.);
#9022=EDGE_LOOP('',(#9018,#9019,#9020,#9021));
#9023=FACE_OUTER_BOUND('',#9022,.F.);
#9024=ADVANCED_FACE('',(#9023),#9017,.T.);
#9025=CARTESIAN_POINT('',(-9.3175E0,1.117525E0,-8.975307888469E-1));
#9026=DIRECTION('',(1.E0,0.E0,0.E0));
#9027=DIRECTION('',(0.E0,0.E0,1.E0));
#9028=AXIS2_PLACEMENT_3D('',#9025,#9026,#9027);
#9029=PLANE('',#9028);
#9030=ORIENTED_EDGE('',*,*,#9002,.F.);
#9032=ORIENTED_EDGE('',*,*,#9031,.T.);
#9034=ORIENTED_EDGE('',*,*,#9033,.F.);
#9036=ORIENTED_EDGE('',*,*,#9035,.F.);
#9037=EDGE_LOOP('',(#9030,#9032,#9034,#9036));
#9038=FACE_OUTER_BOUND('',#9037,.F.);
#9039=ADVANCED_FACE('',(#9038),#9029,.F.);
#9040=CARTESIAN_POINT('',(-9.3175E0,1.117525E0,-1.372230956137E0));
#9041=DIRECTION('',(0.E0,-1.E0,0.E0));
#9042=DIRECTION('',(0.E0,0.E0,-1.E0));
#9043=AXIS2_PLACEMENT_3D('',#9040,#9041,#9042);
#9044=PLANE('',#9043);
#9045=ORIENTED_EDGE('',*,*,#9008,.F.);
#9047=ORIENTED_EDGE('',*,*,#9046,.F.);
#9049=ORIENTED_EDGE('',*,*,#9048,.F.);
#9050=ORIENTED_EDGE('',*,*,#9031,.F.);
#9051=EDGE_LOOP('',(#9045,#9047,#9049,#9050));
#9052=FACE_OUTER_BOUND('',#9051,.F.);
#9053=ADVANCED_FACE('',(#9052),#9044,.F.);
#9054=CARTESIAN_POINT('',(-8.6825E0,1.117525E0,-1.151530956137E0));
#9055=DIRECTION('',(-1.E0,0.E0,0.E0));
#9056=DIRECTION('',(0.E0,0.E0,-1.E0));
#9057=AXIS2_PLACEMENT_3D('',#9054,#9055,#9056);
#9058=PLANE('',#9057);
#9059=ORIENTED_EDGE('',*,*,#9006,.F.);
#9061=ORIENTED_EDGE('',*,*,#9060,.F.);
#9063=ORIENTED_EDGE('',*,*,#9062,.F.);
#9064=ORIENTED_EDGE('',*,*,#9046,.T.);
#9065=EDGE_LOOP('',(#9059,#9061,#9063,#9064));
#9066=FACE_OUTER_BOUND('',#9065,.F.);
#9067=ADVANCED_FACE('',(#9066),#9058,.F.);
#9068=CARTESIAN_POINT('',(-9.3175E0,4.82525E-1,-1.118230788847E0));
#9069=DIRECTION('',(0.E0,1.E0,0.E0));
#9070=DIRECTION('',(0.E0,0.E0,1.E0));
#9071=AXIS2_PLACEMENT_3D('',#9068,#9069,#9070);
#9072=PLANE('',#9071);
#9073=ORIENTED_EDGE('',*,*,#9004,.F.);
#9074=ORIENTED_EDGE('',*,*,#9035,.T.);
#9076=ORIENTED_EDGE('',*,*,#9075,.F.);
#9077=ORIENTED_EDGE('',*,*,#9060,.T.);
#9078=EDGE_LOOP('',(#9073,#9074,#9076,#9077));
#9079=FACE_OUTER_BOUND('',#9078,.F.);
#9080=ADVANCED_FACE('',(#9079),#9072,.F.);
#9081=CARTESIAN_POINT('',(-9.3175E0,4.82525E-1,4.144869043863E0));
#9082=DIRECTION('',(0.E0,0.E0,-1.E0));
#9083=DIRECTION('',(0.E0,1.E0,0.E0));
#9084=AXIS2_PLACEMENT_3D('',#9081,#9082,#9083);
#9085=PLANE('',#9084);
#9086=ORIENTED_EDGE('',*,*,#9062,.T.);
#9087=ORIENTED_EDGE('',*,*,#9075,.T.);
#9088=ORIENTED_EDGE('',*,*,#9033,.T.);
#9089=ORIENTED_EDGE('',*,*,#9048,.T.);
#9090=EDGE_LOOP('',(#9086,#9087,#9088,#9089));
#9091=FACE_OUTER_BOUND('',#9090,.F.);
#9092=ADVANCED_FACE('',(#9091),#9085,.F.);
#9093=CARTESIAN_POINT('',(7.27E0,8.00025E-1,-5.513095613730E-2));
#9094=DIRECTION('',(-9.999619230642E-1,0.E0,-8.726535498374E-3));
#9095=DIRECTION('',(-8.726535498374E-3,0.E0,9.999619230642E-1));
#9096=AXIS2_PLACEMENT_3D('',#9093,#9094,#9095);
#9097=PLANE('',#9096);
#9099=ORIENTED_EDGE('',*,*,#9098,.T.);
#9101=ORIENTED_EDGE('',*,*,#9100,.T.);
#9103=ORIENTED_EDGE('',*,*,#9102,.F.);
#9104=ORIENTED_EDGE('',*,*,#6637,.F.);
#9106=ORIENTED_EDGE('',*,*,#9105,.T.);
#9108=ORIENTED_EDGE('',*,*,#9107,.F.);
#9109=EDGE_LOOP('',(#9099,#9101,#9103,#9104,#9106,#9108));
#9110=FACE_OUTER_BOUND('',#9109,.F.);
#9111=ADVANCED_FACE('',(#9110),#9097,.T.);
#9112=CARTESIAN_POINT('',(-1.021240267258E1,-3.412377672581E0,
1.944869043863E0));
#9113=DIRECTION('',(0.E0,1.E0,0.E0));
#9114=DIRECTION('',(-1.E0,0.E0,0.E0));
#9115=AXIS2_PLACEMENT_3D('',#9112,#9113,#9114);
#9116=PLANE('',#9115);
#9118=ORIENTED_EDGE('',*,*,#9117,.F.);
#9119=ORIENTED_EDGE('',*,*,#9098,.F.);
#9121=ORIENTED_EDGE('',*,*,#9120,.T.);
#9123=ORIENTED_EDGE('',*,*,#9122,.T.);
#9124=EDGE_LOOP('',(#9118,#9119,#9121,#9123));
#9125=FACE_OUTER_BOUND('',#9124,.F.);
#9126=ADVANCED_FACE('',(#9125),#9116,.F.);
#9127=CARTESIAN_POINT('',(-1.0925E1,-4.129975E0,1.944869043863E0));
#9128=DIRECTION('',(0.E0,0.E0,1.E0));
#9129=DIRECTION('',(1.E0,0.E0,0.E0));
#9130=AXIS2_PLACEMENT_3D('',#9127,#9128,#9129);
#9131=PLANE('',#9130);
#9133=ORIENTED_EDGE('',*,*,#9132,.F.);
#9135=ORIENTED_EDGE('',*,*,#9134,.F.);
#9136=ORIENTED_EDGE('',*,*,#9100,.F.);
#9137=ORIENTED_EDGE('',*,*,#9117,.T.);
#9139=ORIENTED_EDGE('',*,*,#9138,.F.);
#9140=EDGE_LOOP('',(#9133,#9135,#9136,#9137,#9139));
#9141=FACE_OUTER_BOUND('',#9140,.F.);
#9143=ORIENTED_EDGE('',*,*,#9142,.T.);
#9145=ORIENTED_EDGE('',*,*,#9144,.T.);
#9147=ORIENTED_EDGE('',*,*,#9146,.T.);
#9149=ORIENTED_EDGE('',*,*,#9148,.T.);
#9150=EDGE_LOOP('',(#9143,#9145,#9147,#9149));
#9151=FACE_BOUND('',#9150,.F.);
#9152=ADVANCED_FACE('',(#9141,#9151),#9131,.T.);
#9153=CARTESIAN_POINT('',(4.73E0,8.00025E-1,-5.513095613730E-2));
#9154=DIRECTION('',(9.999619230642E-1,0.E0,-8.726535498374E-3));
#9155=DIRECTION('',(-8.726535498374E-3,0.E0,-9.999619230642E-1));
#9156=AXIS2_PLACEMENT_3D('',#9153,#9154,#9155);
#9157=PLANE('',#9156);
#9158=ORIENTED_EDGE('',*,*,#6641,.F.);
#9160=ORIENTED_EDGE('',*,*,#9159,.T.);
#9161=ORIENTED_EDGE('',*,*,#9132,.T.);
#9163=ORIENTED_EDGE('',*,*,#9162,.F.);
#9164=EDGE_LOOP('',(#9158,#9160,#9161,#9163));
#9165=FACE_OUTER_BOUND('',#9164,.F.);
#9166=ADVANCED_FACE('',(#9165),#9157,.T.);
#9167=CARTESIAN_POINT('',(-9.E0,-9.29975E-1,-5.513095613730E-2));
#9168=DIRECTION('',(0.E0,-9.999619230642E-1,-8.726535498374E-3));
#9169=DIRECTION('',(0.E0,8.726535498374E-3,-9.999619230642E-1));
#9170=AXIS2_PLACEMENT_3D('',#9167,#9168,#9169);
#9171=PLANE('',#9170);
#9172=ORIENTED_EDGE('',*,*,#9159,.F.);
#9173=ORIENTED_EDGE('',*,*,#6639,.F.);
#9174=ORIENTED_EDGE('',*,*,#9102,.T.);
#9175=ORIENTED_EDGE('',*,*,#9134,.T.);
#9176=EDGE_LOOP('',(#9172,#9173,#9174,#9175));
#9177=FACE_OUTER_BOUND('',#9176,.F.);
#9178=ADVANCED_FACE('',(#9177),#9171,.T.);
#9179=CARTESIAN_POINT('',(5.378929758742E0,-3.471069990324E0,
-1.806044192787E-1));
#9180=DIRECTION('',(7.070529353429E-1,7.070529353429E-1,-1.234071497561E-2));
#9181=DIRECTION('',(-8.726203243944E-3,-8.726203243944E-3,-9.999238504776E-1));
#9182=AXIS2_PLACEMENT_3D('',#9179,#9180,#9181);
#9183=PLANE('',#9182);
#9184=ORIENTED_EDGE('',*,*,#9138,.T.);
#9185=ORIENTED_EDGE('',*,*,#9122,.F.);
#9187=ORIENTED_EDGE('',*,*,#9186,.T.);
#9189=ORIENTED_EDGE('',*,*,#9188,.T.);
#9190=ORIENTED_EDGE('',*,*,#6643,.T.);
#9191=ORIENTED_EDGE('',*,*,#9162,.T.);
#9192=EDGE_LOOP('',(#9184,#9185,#9187,#9189,#9190,#9191));
#9193=FACE_OUTER_BOUND('',#9192,.F.);
#9194=ADVANCED_FACE('',(#9193),#9183,.T.);
#9195=CARTESIAN_POINT('',(-1.0925E1,-4.129975E0,-5.513095613730E-2));
#9196=DIRECTION('',(0.E0,0.E0,-1.E0));
#9197=DIRECTION('',(-1.E0,0.E0,0.E0));
#9198=AXIS2_PLACEMENT_3D('',#9195,#9196,#9197);
#9199=PLANE('',#9198);
#9200=ORIENTED_EDGE('',*,*,#9120,.F.);
#9201=ORIENTED_EDGE('',*,*,#9107,.T.);
#9203=ORIENTED_EDGE('',*,*,#9202,.T.);
#9204=ORIENTED_EDGE('',*,*,#9186,.F.);
#9205=EDGE_LOOP('',(#9200,#9201,#9203,#9204));
#9206=FACE_OUTER_BOUND('',#9205,.F.);
#9207=ADVANCED_FACE('',(#9206),#9199,.F.);
#9208=CARTESIAN_POINT('',(-9.E0,-3.469975E0,-5.513095613730E-2));
#9209=DIRECTION('',(0.E0,9.999619230642E-1,-8.726535498374E-3));
#9210=DIRECTION('',(0.E0,8.726535498374E-3,9.999619230642E-1));
#9211=AXIS2_PLACEMENT_3D('',#9208,#9209,#9210);
#9212=PLANE('',#9211);
#9213=ORIENTED_EDGE('',*,*,#9202,.F.);
#9214=ORIENTED_EDGE('',*,*,#9105,.F.);
#9215=ORIENTED_EDGE('',*,*,#6645,.F.);
#9216=ORIENTED_EDGE('',*,*,#9188,.F.);
#9217=EDGE_LOOP('',(#9213,#9214,#9215,#9216));
#9218=FACE_OUTER_BOUND('',#9217,.F.);
#9219=ADVANCED_FACE('',(#9218),#9212,.T.);
#9220=CARTESIAN_POINT('',(5.6825E0,-1.882475E0,-8.975307888469E-1));
#9221=DIRECTION('',(1.E0,0.E0,0.E0));
#9222=DIRECTION('',(0.E0,0.E0,1.E0));
#9223=AXIS2_PLACEMENT_3D('',#9220,#9221,#9222);
#9224=PLANE('',#9223);
#9225=ORIENTED_EDGE('',*,*,#9142,.F.);
#9227=ORIENTED_EDGE('',*,*,#9226,.T.);
#9229=ORIENTED_EDGE('',*,*,#9228,.F.);
#9231=ORIENTED_EDGE('',*,*,#9230,.F.);
#9232=EDGE_LOOP('',(#9225,#9227,#9229,#9231));
#9233=FACE_OUTER_BOUND('',#9232,.F.);
#9234=ADVANCED_FACE('',(#9233),#9224,.F.);
#9235=CARTESIAN_POINT('',(5.6825E0,-1.882475E0,-1.372230956137E0));
#9236=DIRECTION('',(0.E0,-1.E0,0.E0));
#9237=DIRECTION('',(0.E0,0.E0,-1.E0));
#9238=AXIS2_PLACEMENT_3D('',#9235,#9236,#9237);
#9239=PLANE('',#9238);
#9240=ORIENTED_EDGE('',*,*,#9148,.F.);
#9242=ORIENTED_EDGE('',*,*,#9241,.F.);
#9244=ORIENTED_EDGE('',*,*,#9243,.F.);
#9245=ORIENTED_EDGE('',*,*,#9226,.F.);
#9246=EDGE_LOOP('',(#9240,#9242,#9244,#9245));
#9247=FACE_OUTER_BOUND('',#9246,.F.);
#9248=ADVANCED_FACE('',(#9247),#9239,.F.);
#9249=CARTESIAN_POINT('',(6.3175E0,-1.882475E0,-1.151530956137E0));
#9250=DIRECTION('',(-1.E0,0.E0,0.E0));
#9251=DIRECTION('',(0.E0,0.E0,-1.E0));
#9252=AXIS2_PLACEMENT_3D('',#9249,#9250,#9251);
#9253=PLANE('',#9252);
#9254=ORIENTED_EDGE('',*,*,#9146,.F.);
#9256=ORIENTED_EDGE('',*,*,#9255,.F.);
#9258=ORIENTED_EDGE('',*,*,#9257,.F.);
#9259=ORIENTED_EDGE('',*,*,#9241,.T.);
#9260=EDGE_LOOP('',(#9254,#9256,#9258,#9259));
#9261=FACE_OUTER_BOUND('',#9260,.F.);
#9262=ADVANCED_FACE('',(#9261),#9253,.F.);
#9263=CARTESIAN_POINT('',(5.6825E0,-2.517475E0,-1.118230788847E0));
#9264=DIRECTION('',(0.E0,1.E0,0.E0));
#9265=DIRECTION('',(0.E0,0.E0,1.E0));
#9266=AXIS2_PLACEMENT_3D('',#9263,#9264,#9265);
#9267=PLANE('',#9266);
#9268=ORIENTED_EDGE('',*,*,#9144,.F.);
#9269=ORIENTED_EDGE('',*,*,#9230,.T.);
#9271=ORIENTED_EDGE('',*,*,#9270,.F.);
#9272=ORIENTED_EDGE('',*,*,#9255,.T.);
#9273=EDGE_LOOP('',(#9268,#9269,#9271,#9272));
#9274=FACE_OUTER_BOUND('',#9273,.F.);
#9275=ADVANCED_FACE('',(#9274),#9267,.F.);
#9276=CARTESIAN_POINT('',(5.6825E0,-2.517475E0,4.144869043863E0));
#9277=DIRECTION('',(0.E0,0.E0,-1.E0));
#9278=DIRECTION('',(0.E0,1.E0,0.E0));
#9279=AXIS2_PLACEMENT_3D('',#9276,#9277,#9278);
#9280=PLANE('',#9279);
#9281=ORIENTED_EDGE('',*,*,#9257,.T.);
#9282=ORIENTED_EDGE('',*,*,#9270,.T.);
#9283=ORIENTED_EDGE('',*,*,#9228,.T.);
#9284=ORIENTED_EDGE('',*,*,#9243,.T.);
#9285=EDGE_LOOP('',(#9281,#9282,#9283,#9284));
#9286=FACE_OUTER_BOUND('',#9285,.F.);
#9287=ADVANCED_FACE('',(#9286),#9280,.F.);
#9288=CARTESIAN_POINT('',(-1.0925E1,2.730025E0,-3.365130956137E0));
#9289=DIRECTION('',(-1.E0,0.E0,0.E0));
#9290=DIRECTION('',(0.E0,-1.E0,0.E0));
#9291=AXIS2_PLACEMENT_3D('',#9288,#9289,#9290);
#9292=PLANE('',#9291);
#9294=ORIENTED_EDGE('',*,*,#9293,.F.);
#9296=ORIENTED_EDGE('',*,*,#9295,.T.);
#9297=ORIENTED_EDGE('',*,*,#6486,.T.);
#9299=ORIENTED_EDGE('',*,*,#9298,.F.);
#9301=ORIENTED_EDGE('',*,*,#9300,.F.);
#9303=ORIENTED_EDGE('',*,*,#9302,.F.);
#9305=ORIENTED_EDGE('',*,*,#9304,.T.);
#9307=ORIENTED_EDGE('',*,*,#9306,.T.);
#9308=EDGE_LOOP('',(#9294,#9296,#9297,#9299,#9301,#9303,#9305,#9307));
#9309=FACE_OUTER_BOUND('',#9308,.F.);
#9310=ADVANCED_FACE('',(#9309),#9292,.T.);
#9311=CARTESIAN_POINT('',(-1.0925E1,-4.129975E0,-3.365130956137E0));
#9312=DIRECTION('',(0.E0,0.E0,1.E0));
#9313=DIRECTION('',(1.E0,0.E0,0.E0));
#9314=AXIS2_PLACEMENT_3D('',#9311,#9312,#9313);
#9315=PLANE('',#9314);
#9317=ORIENTED_EDGE('',*,*,#9316,.F.);
#9319=ORIENTED_EDGE('',*,*,#9318,.F.);
#9321=ORIENTED_EDGE('',*,*,#9320,.T.);
#9323=ORIENTED_EDGE('',*,*,#9322,.T.);
#9325=ORIENTED_EDGE('',*,*,#9324,.T.);
#9326=ORIENTED_EDGE('',*,*,#9293,.T.);
#9328=ORIENTED_EDGE('',*,*,#9327,.F.);
#9330=ORIENTED_EDGE('',*,*,#9329,.T.);
#9331=EDGE_LOOP('',(#9317,#9319,#9321,#9323,#9325,#9326,#9328,#9330));
#9332=FACE_OUTER_BOUND('',#9331,.F.);
#9334=ORIENTED_EDGE('',*,*,#9333,.F.);
#9336=ORIENTED_EDGE('',*,*,#9335,.F.);
#9337=EDGE_LOOP('',(#9334,#9336));
#9338=FACE_BOUND('',#9337,.F.);
#9339=ADVANCED_FACE('',(#9332,#9338),#9315,.F.);
#9340=CARTESIAN_POINT('',(-1.02775E1,1.780025E0,-2.695130956137E0));
#9341=DIRECTION('',(0.E0,0.E0,-1.E0));
#9342=DIRECTION('',(-1.E0,0.E0,0.E0));
#9343=AXIS2_PLACEMENT_3D('',#9340,#9341,#9342);
#9344=CYLINDRICAL_SURFACE('',#9343,6.5E-1);
#9345=ORIENTED_EDGE('',*,*,#9316,.T.);
#9347=ORIENTED_EDGE('',*,*,#9346,.F.);
#9349=ORIENTED_EDGE('',*,*,#9348,.T.);
#9351=ORIENTED_EDGE('',*,*,#9350,.F.);
#9352=EDGE_LOOP('',(#9345,#9347,#9349,#9351));
#9353=FACE_OUTER_BOUND('',#9352,.F.);
#9354=ADVANCED_FACE('',(#9353),#9344,.T.);
#9355=CARTESIAN_POINT('',(-1.0075E1,1.162373196797E0,-2.695130956137E0));
#9356=DIRECTION('',(1.E0,0.E0,0.E0));
#9357=DIRECTION('',(0.E0,0.E0,-1.E0));
#9358=AXIS2_PLACEMENT_3D('',#9355,#9356,#9357);
#9359=PLANE('',#9358);
#9360=ORIENTED_EDGE('',*,*,#9329,.F.);
#9362=ORIENTED_EDGE('',*,*,#9361,.T.);
#9364=ORIENTED_EDGE('',*,*,#9363,.T.);
#9365=ORIENTED_EDGE('',*,*,#9346,.T.);
#9366=EDGE_LOOP('',(#9360,#9362,#9364,#9365));
#9367=FACE_OUTER_BOUND('',#9366,.F.);
#9368=ADVANCED_FACE('',(#9367),#9359,.T.);
#9369=CARTESIAN_POINT('',(-1.0925E1,8.722791310850E-1,-2.154393407536E0));
#9370=DIRECTION('',(0.E0,-1.E0,0.E0));
#9371=DIRECTION('',(0.E0,0.E0,-1.E0));
#9372=AXIS2_PLACEMENT_3D('',#9369,#9370,#9371);
#9373=PLANE('',#9372);
#9374=ORIENTED_EDGE('',*,*,#9361,.F.);
#9375=ORIENTED_EDGE('',*,*,#9327,.T.);
#9376=ORIENTED_EDGE('',*,*,#9306,.F.);
#9378=ORIENTED_EDGE('',*,*,#9377,.F.);
#9380=ORIENTED_EDGE('',*,*,#9379,.T.);
#9382=ORIENTED_EDGE('',*,*,#9381,.F.);
#9383=EDGE_LOOP('',(#9374,#9375,#9376,#9378,#9380,#9382));
#9384=FACE_OUTER_BOUND('',#9383,.F.);
#9385=ADVANCED_FACE('',(#9384),#9373,.T.);
#9386=CARTESIAN_POINT('',(-1.0925E1,-4.129975E0,-9.451309561373E-1));
#9387=DIRECTION('',(0.E0,0.E0,-1.E0));
#9388=DIRECTION('',(-1.E0,0.E0,0.E0));
#9389=AXIS2_PLACEMENT_3D('',#9386,#9387,#9388);
#9390=PLANE('',#9389);
#9391=ORIENTED_EDGE('',*,*,#9304,.F.);
#9393=ORIENTED_EDGE('',*,*,#9392,.T.);
#9395=ORIENTED_EDGE('',*,*,#9394,.T.);
#9396=ORIENTED_EDGE('',*,*,#9377,.T.);
#9397=EDGE_LOOP('',(#9391,#9393,#9395,#9396));
#9398=FACE_OUTER_BOUND('',#9397,.F.);
#9399=ADVANCED_FACE('',(#9398),#9390,.T.);
#9400=CARTESIAN_POINT('',(-1.0925E1,-3.282229131085E0,-2.154393407536E0));
#9401=DIRECTION('',(0.E0,1.E0,0.E0));
#9402=DIRECTION('',(0.E0,0.E0,1.E0));
#9403=AXIS2_PLACEMENT_3D('',#9400,#9401,#9402);
#9404=PLANE('',#9403);
#9406=ORIENTED_EDGE('',*,*,#9405,.T.);
#9408=ORIENTED_EDGE('',*,*,#9407,.F.);
#9410=ORIENTED_EDGE('',*,*,#9409,.F.);
#9411=ORIENTED_EDGE('',*,*,#9392,.F.);
#9412=ORIENTED_EDGE('',*,*,#9302,.T.);
#9414=ORIENTED_EDGE('',*,*,#9413,.F.);
#9415=EDGE_LOOP('',(#9406,#9408,#9410,#9411,#9412,#9414));
#9416=FACE_OUTER_BOUND('',#9415,.F.);
#9417=ADVANCED_FACE('',(#9416),#9404,.T.);
#9418=CARTESIAN_POINT('',(-9.32E0,-4.129975E0,-2.695130956137E0));
#9419=DIRECTION('',(1.E0,0.E0,0.E0));
#9420=DIRECTION('',(0.E0,0.E0,-1.E0));
#9421=AXIS2_PLACEMENT_3D('',#9418,#9419,#9420);
#9422=PLANE('',#9421);
#9424=ORIENTED_EDGE('',*,*,#9423,.F.);
#9425=ORIENTED_EDGE('',*,*,#9405,.F.);
#9427=ORIENTED_EDGE('',*,*,#9426,.F.);
#9429=ORIENTED_EDGE('',*,*,#9428,.F.);
#9430=EDGE_LOOP('',(#9424,#9425,#9427,#9429));
#9431=FACE_OUTER_BOUND('',#9430,.F.);
#9432=ADVANCED_FACE('',(#9431),#9422,.T.);
#9433=CARTESIAN_POINT('',(1.0925E1,-3.239975E0,-2.695130956137E0));
#9434=DIRECTION('',(0.E0,0.E0,1.E0));
#9435=DIRECTION('',(1.E0,0.E0,0.E0));
#9436=AXIS2_PLACEMENT_3D('',#9433,#9434,#9435);
#9437=PLANE('',#9436);
#9439=ORIENTED_EDGE('',*,*,#9438,.T.);
#9441=ORIENTED_EDGE('',*,*,#9440,.T.);
#9442=ORIENTED_EDGE('',*,*,#9407,.T.);
#9443=ORIENTED_EDGE('',*,*,#9423,.T.);
#9445=ORIENTED_EDGE('',*,*,#9444,.T.);
#9447=ORIENTED_EDGE('',*,*,#9446,.F.);
#9449=ORIENTED_EDGE('',*,*,#9448,.T.);
#9451=ORIENTED_EDGE('',*,*,#9450,.T.);
#9452=EDGE_LOOP('',(#9439,#9441,#9442,#9443,#9445,#9447,#9449,#9451));
#9453=FACE_OUTER_BOUND('',#9452,.F.);
#9455=ORIENTED_EDGE('',*,*,#9454,.F.);
#9457=ORIENTED_EDGE('',*,*,#9456,.F.);
#9459=ORIENTED_EDGE('',*,*,#9458,.F.);
#9461=ORIENTED_EDGE('',*,*,#9460,.F.);
#9462=EDGE_LOOP('',(#9455,#9457,#9459,#9461));
#9463=FACE_BOUND('',#9462,.F.);
#9464=ADVANCED_FACE('',(#9453,#9463),#9437,.F.);
#9465=CARTESIAN_POINT('',(1.0925E1,-1.023371915559E0,-2.695130956137E0));
#9466=DIRECTION('',(0.E0,-1.E0,0.E0));
#9467=DIRECTION('',(0.E0,0.E0,-1.E0));
#9468=AXIS2_PLACEMENT_3D('',#9465,#9466,#9467);
#9469=PLANE('',#9468);
#9471=ORIENTED_EDGE('',*,*,#9470,.T.);
#9472=ORIENTED_EDGE('',*,*,#9438,.F.);
#9474=ORIENTED_EDGE('',*,*,#9473,.T.);
#9476=ORIENTED_EDGE('',*,*,#9475,.T.);
#9477=EDGE_LOOP('',(#9471,#9472,#9474,#9476));
#9478=FACE_OUTER_BOUND('',#9477,.F.);
#9479=ADVANCED_FACE('',(#9478),#9469,.F.);
#9480=CARTESIAN_POINT('',(-1.001388865339E1,-3.239975E0,-9.440642536144E-1));
#9481=DIRECTION('',(-1.E0,0.E0,0.E0));
#9482=DIRECTION('',(0.E0,0.E0,1.E0));
#9483=AXIS2_PLACEMENT_3D('',#9480,#9481,#9482);
#9484=PLANE('',#9483);
#9485=ORIENTED_EDGE('',*,*,#9379,.F.);
#9486=ORIENTED_EDGE('',*,*,#9394,.F.);
#9487=ORIENTED_EDGE('',*,*,#9409,.T.);
#9488=ORIENTED_EDGE('',*,*,#9440,.F.);
#9489=ORIENTED_EDGE('',*,*,#9470,.F.);
#9491=ORIENTED_EDGE('',*,*,#9490,.F.);
#9493=ORIENTED_EDGE('',*,*,#9492,.F.);
#9495=ORIENTED_EDGE('',*,*,#9494,.F.);
#9496=EDGE_LOOP('',(#9485,#9486,#9487,#9488,#9489,#9491,#9493,#9495));
#9497=FACE_OUTER_BOUND('',#9496,.F.);
#9498=ADVANCED_FACE('',(#9497),#9484,.T.);
#9499=CARTESIAN_POINT('',(1.0925E1,-9.99975E-1,-2.025130956137E0));
#9500=DIRECTION('',(0.E0,0.E0,1.E0));
#9501=DIRECTION('',(1.E0,0.E0,0.E0));
#9502=AXIS2_PLACEMENT_3D('',#9499,#9500,#9501);
#9503=PLANE('',#9502);
#9504=ORIENTED_EDGE('',*,*,#9490,.T.);
#9505=ORIENTED_EDGE('',*,*,#9475,.F.);
#9507=ORIENTED_EDGE('',*,*,#9506,.T.);
#9509=ORIENTED_EDGE('',*,*,#9508,.T.);
#9510=EDGE_LOOP('',(#9504,#9505,#9507,#9509));
#9511=FACE_OUTER_BOUND('',#9510,.F.);
#9512=ADVANCED_FACE('',(#9511),#9503,.F.);
#9513=CARTESIAN_POINT('',(-7.986111346611E0,-3.239975E0,-9.440642536144E-1));
#9514=DIRECTION('',(1.E0,0.E0,0.E0));
#9515=DIRECTION('',(0.E0,0.E0,-1.E0));
#9516=AXIS2_PLACEMENT_3D('',#9513,#9514,#9515);
#9517=PLANE('',#9516);
#9518=ORIENTED_EDGE('',*,*,#9450,.F.);
#9520=ORIENTED_EDGE('',*,*,#9519,.F.);
#9522=ORIENTED_EDGE('',*,*,#9521,.F.);
#9524=ORIENTED_EDGE('',*,*,#9523,.T.);
#9526=ORIENTED_EDGE('',*,*,#9525,.F.);
#9528=ORIENTED_EDGE('',*,*,#9527,.F.);
#9529=ORIENTED_EDGE('',*,*,#9506,.F.);
#9530=ORIENTED_EDGE('',*,*,#9473,.F.);
#9531=EDGE_LOOP('',(#9518,#9520,#9522,#9524,#9526,#9528,#9529,#9530));
#9532=FACE_OUTER_BOUND('',#9531,.F.);
#9533=ADVANCED_FACE('',(#9532),#9517,.T.);
#9534=CARTESIAN_POINT('',(-1.0925E1,-3.282229131085E0,-2.154393407536E0));
#9535=DIRECTION('',(0.E0,1.E0,0.E0));
#9536=DIRECTION('',(0.E0,0.E0,1.E0));
#9537=AXIS2_PLACEMENT_3D('',#9534,#9535,#9536);
#9538=PLANE('',#9537);
#9540=ORIENTED_EDGE('',*,*,#9539,.F.);
#9542=ORIENTED_EDGE('',*,*,#9541,.T.);
#9544=ORIENTED_EDGE('',*,*,#9543,.F.);
#9546=ORIENTED_EDGE('',*,*,#9545,.F.);
#9548=ORIENTED_EDGE('',*,*,#9547,.F.);
#9549=ORIENTED_EDGE('',*,*,#9519,.T.);
#9550=ORIENTED_EDGE('',*,*,#9448,.F.);
#9552=ORIENTED_EDGE('',*,*,#9551,.T.);
#9553=EDGE_LOOP('',(#9540,#9542,#9544,#9546,#9548,#9549,#9550,#9552));
#9554=FACE_OUTER_BOUND('',#9553,.F.);
#9555=ADVANCED_FACE('',(#9554),#9538,.T.);
#9556=CARTESIAN_POINT('',(-1.0925E1,-4.129975E0,-3.365130956137E0));
#9557=DIRECTION('',(0.E0,0.E0,1.E0));
#9558=DIRECTION('',(1.E0,0.E0,0.E0));
#9559=AXIS2_PLACEMENT_3D('',#9556,#9557,#9558);
#9560=PLANE('',#9559);
#9562=ORIENTED_EDGE('',*,*,#9561,.T.);
#9564=ORIENTED_EDGE('',*,*,#9563,.F.);
#9565=ORIENTED_EDGE('',*,*,#9539,.T.);
#9567=ORIENTED_EDGE('',*,*,#9566,.T.);
#9568=EDGE_LOOP('',(#9562,#9564,#9565,#9567));
#9569=FACE_OUTER_BOUND('',#9568,.F.);
#9570=ADVANCED_FACE('',(#9569),#9560,.F.);
#9571=CARTESIAN_POINT('',(-1.0925E1,-4.129975E0,-3.365130956137E0));
#9572=DIRECTION('',(0.E0,-1.E0,0.E0));
#9573=DIRECTION('',(0.E0,0.E0,-1.E0));
#9574=AXIS2_PLACEMENT_3D('',#9571,#9572,#9573);
#9575=PLANE('',#9574);
#9577=ORIENTED_EDGE('',*,*,#9576,.F.);
#9579=ORIENTED_EDGE('',*,*,#9578,.F.);
#9581=ORIENTED_EDGE('',*,*,#9580,.F.);
#9583=ORIENTED_EDGE('',*,*,#9582,.F.);
#9585=ORIENTED_EDGE('',*,*,#9584,.F.);
#9587=ORIENTED_EDGE('',*,*,#9586,.F.);
#9589=ORIENTED_EDGE('',*,*,#9588,.F.);
#9591=ORIENTED_EDGE('',*,*,#9590,.F.);
#9593=ORIENTED_EDGE('',*,*,#9592,.F.);
#9595=ORIENTED_EDGE('',*,*,#9594,.F.);
#9597=ORIENTED_EDGE('',*,*,#9596,.F.);
#9599=ORIENTED_EDGE('',*,*,#9598,.F.);
#9601=ORIENTED_EDGE('',*,*,#9600,.F.);
#9603=ORIENTED_EDGE('',*,*,#9602,.F.);
#9605=ORIENTED_EDGE('',*,*,#9604,.F.);
#9607=ORIENTED_EDGE('',*,*,#9606,.F.);
#9609=ORIENTED_EDGE('',*,*,#9608,.F.);
#9611=ORIENTED_EDGE('',*,*,#9610,.F.);
#9613=ORIENTED_EDGE('',*,*,#9612,.F.);
#9615=ORIENTED_EDGE('',*,*,#9614,.F.);
#9616=ORIENTED_EDGE('',*,*,#9561,.F.);
#9618=ORIENTED_EDGE('',*,*,#9617,.T.);
#9619=ORIENTED_EDGE('',*,*,#9444,.F.);
#9620=ORIENTED_EDGE('',*,*,#9428,.T.);
#9622=ORIENTED_EDGE('',*,*,#9621,.F.);
#9623=ORIENTED_EDGE('',*,*,#9298,.T.);
#9624=ORIENTED_EDGE('',*,*,#6492,.T.);
#9626=ORIENTED_EDGE('',*,*,#9625,.F.);
#9628=ORIENTED_EDGE('',*,*,#9627,.F.);
#9630=ORIENTED_EDGE('',*,*,#9629,.F.);
#9632=ORIENTED_EDGE('',*,*,#9631,.F.);
#9634=ORIENTED_EDGE('',*,*,#9633,.F.);
#9635=EDGE_LOOP('',(#9577,#9579,#9581,#9583,#9585,#9587,#9589,#9591,#9593,#9595,
#9597,#9599,#9601,#9603,#9605,#9607,#9609,#9611,#9613,#9615,#9616,#9618,#9619,
#9620,#9622,#9623,#9624,#9626,#9628,#9630,#9632,#9634));
#9636=FACE_OUTER_BOUND('',#9635,.F.);
#9638=ORIENTED_EDGE('',*,*,#9637,.F.);
#9640=ORIENTED_EDGE('',*,*,#9639,.F.);
#9642=ORIENTED_EDGE('',*,*,#9641,.F.);
#9644=ORIENTED_EDGE('',*,*,#9643,.F.);
#9645=EDGE_LOOP('',(#9638,#9640,#9642,#9644));
#9646=FACE_BOUND('',#9645,.F.);
#9647=ADVANCED_FACE('',(#9636,#9646),#9575,.T.);
#9648=CARTESIAN_POINT('',(8.455E0,-4.119975E0,1.344869043863E0));
#9649=DIRECTION('',(0.E0,0.E0,-1.E0));
#9650=DIRECTION('',(-1.E0,0.E0,0.E0));
#9651=AXIS2_PLACEMENT_3D('',#9648,#9649,#9650);
#9652=PLANE('',#9651);
#9653=ORIENTED_EDGE('',*,*,#9637,.T.);
#9655=ORIENTED_EDGE('',*,*,#9654,.F.);
#9657=ORIENTED_EDGE('',*,*,#9656,.T.);
#9659=ORIENTED_EDGE('',*,*,#9658,.T.);
#9660=EDGE_LOOP('',(#9653,#9655,#9657,#9659));
#9661=FACE_OUTER_BOUND('',#9660,.F.);
#9662=ADVANCED_FACE('',(#9661),#9652,.F.);
#9663=CARTESIAN_POINT('',(8.455E0,-4.119975E0,3.594869043863E0));
#9664=DIRECTION('',(-1.E0,0.E0,0.E0));
#9665=DIRECTION('',(0.E0,0.E0,1.E0));
#9666=AXIS2_PLACEMENT_3D('',#9663,#9664,#9665);
#9667=PLANE('',#9666);
#9668=ORIENTED_EDGE('',*,*,#9643,.T.);
#9670=ORIENTED_EDGE('',*,*,#9669,.F.);
#9672=ORIENTED_EDGE('',*,*,#9671,.T.);
#9673=ORIENTED_EDGE('',*,*,#9654,.T.);
#9674=EDGE_LOOP('',(#9668,#9670,#9672,#9673));
#9675=FACE_OUTER_BOUND('',#9674,.F.);
#9676=ADVANCED_FACE('',(#9675),#9667,.F.);
#9677=CARTESIAN_POINT('',(1.0275E1,-4.119975E0,3.594869043863E0));
#9678=DIRECTION('',(0.E0,0.E0,1.E0));
#9679=DIRECTION('',(1.E0,0.E0,0.E0));
#9680=AXIS2_PLACEMENT_3D('',#9677,#9678,#9679);
#9681=PLANE('',#9680);
#9682=ORIENTED_EDGE('',*,*,#9641,.T.);
#9684=ORIENTED_EDGE('',*,*,#9683,.F.);
#9686=ORIENTED_EDGE('',*,*,#9685,.T.);
#9687=ORIENTED_EDGE('',*,*,#9669,.T.);
#9688=EDGE_LOOP('',(#9682,#9684,#9686,#9687));
#9689=FACE_OUTER_BOUND('',#9688,.F.);
#9690=ADVANCED_FACE('',(#9689),#9681,.F.);
#9691=CARTESIAN_POINT('',(1.0275E1,-4.119975E0,1.344869043863E0));
#9692=DIRECTION('',(1.E0,0.E0,0.E0));
#9693=DIRECTION('',(0.E0,0.E0,-1.E0));
#9694=AXIS2_PLACEMENT_3D('',#9691,#9692,#9693);
#9695=PLANE('',#9694);
#9696=ORIENTED_EDGE('',*,*,#9639,.T.);
#9697=ORIENTED_EDGE('',*,*,#9658,.F.);
#9699=ORIENTED_EDGE('',*,*,#9698,.T.);
#9700=ORIENTED_EDGE('',*,*,#9683,.T.);
#9701=EDGE_LOOP('',(#9696,#9697,#9699,#9700));
#9702=FACE_OUTER_BOUND('',#9701,.F.);
#9703=ADVANCED_FACE('',(#9702),#9695,.F.);
#9704=CARTESIAN_POINT('',(9.260178741076E0,-4.119975E0,2.845648245369E0));
#9705=DIRECTION('',(0.E0,-1.E0,0.E0));
#9706=DIRECTION('',(0.E0,0.E0,-1.E0));
#9707=AXIS2_PLACEMENT_3D('',#9704,#9705,#9706);
#9708=PLANE('',#9707);
#9709=ORIENTED_EDGE('',*,*,#9656,.F.);
#9710=ORIENTED_EDGE('',*,*,#9671,.F.);
#9711=ORIENTED_EDGE('',*,*,#9685,.F.);
#9712=ORIENTED_EDGE('',*,*,#9698,.F.);
#9713=EDGE_LOOP('',(#9709,#9710,#9711,#9712));
#9714=FACE_OUTER_BOUND('',#9713,.F.);
#9716=ORIENTED_EDGE('',*,*,#9715,.F.);
#9718=ORIENTED_EDGE('',*,*,#9717,.F.);
#9720=ORIENTED_EDGE('',*,*,#9719,.F.);
#9722=ORIENTED_EDGE('',*,*,#9721,.F.);
#9724=ORIENTED_EDGE('',*,*,#9723,.F.);
#9726=ORIENTED_EDGE('',*,*,#9725,.F.);
#9728=ORIENTED_EDGE('',*,*,#9727,.F.);
#9730=ORIENTED_EDGE('',*,*,#9729,.F.);
#9731=EDGE_LOOP('',(#9716,#9718,#9720,#9722,#9724,#9726,#9728,#9730));
#9732=FACE_BOUND('',#9731,.F.);
#9733=ADVANCED_FACE('',(#9714,#9732),#9708,.T.);
#9734=CARTESIAN_POINT('',(9.276858032454E0,-4.119975E0,2.855485269408E0));
#9735=CARTESIAN_POINT('',(9.271361082336E0,-4.119975E0,2.852217018714E0));
#9736=CARTESIAN_POINT('',(9.173727606644E0,-4.119975E0,2.794625899201E0));
#9737=CARTESIAN_POINT('',(9.080875688411E0,-4.119975E0,2.748774462080E0));
#9738=CARTESIAN_POINT('',(9.003388214719E0,-4.119975E0,2.721058296076E0));
#9739=CARTESIAN_POINT('',(8.997638800425E0,-4.119975E0,2.719069408010E0));
#9741=DIRECTION('',(0.E0,-1.E0,0.E0));
#9742=VECTOR('',#9741,1.E0);
#9743=SURFACE_OF_LINEAR_EXTRUSION('',#9740,#9742);
#9745=ORIENTED_EDGE('',*,*,#9744,.F.);
#9746=ORIENTED_EDGE('',*,*,#9715,.T.);
#9748=ORIENTED_EDGE('',*,*,#9747,.F.);
#9750=ORIENTED_EDGE('',*,*,#9749,.T.);
#9751=EDGE_LOOP('',(#9745,#9746,#9748,#9750));
#9752=FACE_OUTER_BOUND('',#9751,.F.);
#9753=ADVANCED_FACE('',(#9752),#9743,.F.);
#9754=CARTESIAN_POINT('',(9.495183625925E0,-4.119975E0,3.019388796975E0));
#9755=CARTESIAN_POINT('',(9.490781622719E0,-4.119975E0,3.014997670971E0));
#9756=CARTESIAN_POINT('',(9.431286931853E0,-4.119975E0,2.957150833985E0));
#9757=CARTESIAN_POINT('',(9.347472901692E0,-4.119975E0,2.896094781114E0));
#9758=CARTESIAN_POINT('',(9.249486567871E0,-4.119975E0,2.839429854247E0));
#9759=CARTESIAN_POINT('',(9.243872113086E0,-4.119975E0,2.836220638362E0));
#9761=DIRECTION('',(0.E0,-1.E0,0.E0));
#9762=VECTOR('',#9761,1.E0);
#9763=SURFACE_OF_LINEAR_EXTRUSION('',#9760,#9762);
#9764=ORIENTED_EDGE('',*,*,#9744,.T.);
#9766=ORIENTED_EDGE('',*,*,#9765,.T.);
#9768=ORIENTED_EDGE('',*,*,#9767,.F.);
#9769=ORIENTED_EDGE('',*,*,#9717,.T.);
#9770=EDGE_LOOP('',(#9764,#9766,#9768,#9769));
#9771=FACE_OUTER_BOUND('',#9770,.F.);
#9772=ADVANCED_FACE('',(#9771),#9763,.F.);
#9773=CARTESIAN_POINT('',(-1.0925E1,-4.129975E0,-3.365130956137E0));
#9774=DIRECTION('',(0.E0,-1.E0,0.E0));
#9775=DIRECTION('',(0.E0,0.E0,-1.E0));
#9776=AXIS2_PLACEMENT_3D('',#9773,#9774,#9775);
#9777=PLANE('',#9776);
#9778=ORIENTED_EDGE('',*,*,#9749,.F.);
#9780=ORIENTED_EDGE('',*,*,#9779,.F.);
#9782=ORIENTED_EDGE('',*,*,#9781,.F.);
#9784=ORIENTED_EDGE('',*,*,#9783,.F.);
#9786=ORIENTED_EDGE('',*,*,#9785,.F.);
#9788=ORIENTED_EDGE('',*,*,#9787,.F.);
#9790=ORIENTED_EDGE('',*,*,#9789,.F.);
#9791=ORIENTED_EDGE('',*,*,#9765,.F.);
#9792=EDGE_LOOP('',(#9778,#9780,#9782,#9784,#9786,#9788,#9790,#9791));
#9793=FACE_OUTER_BOUND('',#9792,.F.);
#9794=ADVANCED_FACE('',(#9793),#9777,.T.);
#9795=CARTESIAN_POINT('',(9.015038372985E0,-4.119975E0,2.725292425802E0));
#9796=DIRECTION('',(1.E0,0.E0,0.E0));
#9797=DIRECTION('',(0.E0,0.E0,-1.E0));
#9798=AXIS2_PLACEMENT_3D('',#9795,#9796,#9797);
#9799=PLANE('',#9798);
#9800=ORIENTED_EDGE('',*,*,#9779,.T.);
#9801=ORIENTED_EDGE('',*,*,#9747,.T.);
#9802=ORIENTED_EDGE('',*,*,#9729,.T.);
#9804=ORIENTED_EDGE('',*,*,#9803,.T.);
#9805=EDGE_LOOP('',(#9800,#9801,#9802,#9804));
#9806=FACE_OUTER_BOUND('',#9805,.F.);
#9807=ADVANCED_FACE('',(#9806),#9799,.F.);
#9808=CARTESIAN_POINT('',(8.995400597638E0,-4.119975E0,2.941746217441E0));
#9809=CARTESIAN_POINT('',(9.001986021427E0,-4.119975E0,2.944738542669E0));
#9810=CARTESIAN_POINT('',(9.074060352958E0,-4.119975E0,2.978053410313E0));
#9811=CARTESIAN_POINT('',(9.171912527168E0,-4.119975E0,3.032370388830E0));
#9812=CARTESIAN_POINT('',(9.281784527714E0,-4.119975E0,3.109644665302E0));
#9813=CARTESIAN_POINT('',(9.358626947118E0,-4.119975E0,3.173095825973E0));
#9814=CARTESIAN_POINT('',(9.426997008529E0,-4.119975E0,3.238554809512E0));
#9815=CARTESIAN_POINT('',(9.503030820554E0,-4.119975E0,3.323791491278E0));
#9816=CARTESIAN_POINT('',(9.548372268725E0,-4.119975E0,3.393084353858E0));
#9817=CARTESIAN_POINT('',(9.570384164542E0,-4.119975E0,3.440403926236E0));
#9818=CARTESIAN_POINT('',(9.573172023321E0,-4.119975E0,3.446753450700E0));
#9820=DIRECTION('',(0.E0,-1.E0,0.E0));
#9821=VECTOR('',#9820,1.E0);
#9822=SURFACE_OF_LINEAR_EXTRUSION('',#9819,#9821);
#9823=ORIENTED_EDGE('',*,*,#9781,.T.);
#9824=ORIENTED_EDGE('',*,*,#9803,.F.);
#9825=ORIENTED_EDGE('',*,*,#9727,.T.);
#9827=ORIENTED_EDGE('',*,*,#9826,.F.);
#9828=EDGE_LOOP('',(#9823,#9824,#9825,#9827));
#9829=FACE_OUTER_BOUND('',#9828,.F.);
#9830=ADVANCED_FACE('',(#9829),#9822,.F.);
#9831=CARTESIAN_POINT('',(9.564283704272E0,-4.119975E0,3.427645968907E0));
#9832=DIRECTION('',(0.E0,0.E0,-1.E0));
#9833=DIRECTION('',(-1.E0,0.E0,0.E0));
#9834=AXIS2_PLACEMENT_3D('',#9831,#9832,#9833);
#9835=PLANE('',#9834);
#9836=ORIENTED_EDGE('',*,*,#9783,.T.);
#9837=ORIENTED_EDGE('',*,*,#9826,.T.);
#9838=ORIENTED_EDGE('',*,*,#9725,.T.);
#9840=ORIENTED_EDGE('',*,*,#9839,.T.);
#9841=EDGE_LOOP('',(#9836,#9837,#9838,#9840));
#9842=FACE_OUTER_BOUND('',#9841,.F.);
#9843=ADVANCED_FACE('',(#9842),#9835,.F.);
#9844=CARTESIAN_POINT('',(9.714961627015E0,-4.119975E0,3.427645968907E0));
#9845=DIRECTION('',(-1.E0,0.E0,0.E0));
#9846=DIRECTION('',(0.E0,0.E0,1.E0));
#9847=AXIS2_PLACEMENT_3D('',#9844,#9845,#9846);
#9848=PLANE('',#9847);
#9849=ORIENTED_EDGE('',*,*,#9785,.T.);
#9850=ORIENTED_EDGE('',*,*,#9839,.F.);
#9851=ORIENTED_EDGE('',*,*,#9723,.T.);
#9853=ORIENTED_EDGE('',*,*,#9852,.T.);
#9854=EDGE_LOOP('',(#9849,#9850,#9851,#9853));
#9855=FACE_OUTER_BOUND('',#9854,.F.);
#9856=ADVANCED_FACE('',(#9855),#9848,.F.);
#9857=CARTESIAN_POINT('',(9.714961627015E0,-4.119975E0,1.519869043863E0));
#9858=DIRECTION('',(0.E0,0.E0,1.E0));
#9859=DIRECTION('',(1.E0,0.E0,0.E0));
#9860=AXIS2_PLACEMENT_3D('',#9857,#9858,#9859);
#9861=PLANE('',#9860);
#9862=ORIENTED_EDGE('',*,*,#9787,.T.);
#9863=ORIENTED_EDGE('',*,*,#9852,.F.);
#9864=ORIENTED_EDGE('',*,*,#9721,.T.);
#9866=ORIENTED_EDGE('',*,*,#9865,.T.);
#9867=EDGE_LOOP('',(#9862,#9863,#9864,#9866));
#9868=FACE_OUTER_BOUND('',#9867,.F.);
#9869=ADVANCED_FACE('',(#9868),#9861,.F.);
#9870=CARTESIAN_POINT('',(9.481653875672E0,-4.119975E0,1.519869043863E0));
#9871=DIRECTION('',(1.E0,0.E0,0.E0));
#9872=DIRECTION('',(0.E0,0.E0,-1.E0));
#9873=AXIS2_PLACEMENT_3D('',#9870,#9871,#9872);
#9874=PLANE('',#9873);
#9875=ORIENTED_EDGE('',*,*,#9789,.T.);
#9876=ORIENTED_EDGE('',*,*,#9865,.F.);
#9877=ORIENTED_EDGE('',*,*,#9719,.T.);
#9878=ORIENTED_EDGE('',*,*,#9767,.T.);
#9879=EDGE_LOOP('',(#9875,#9876,#9877,#9878));
#9880=FACE_OUTER_BOUND('',#9879,.F.);
#9881=ADVANCED_FACE('',(#9880),#9874,.F.);
#9882=CARTESIAN_POINT('',(-1.0925E1,-4.129975E0,-3.365130956137E0));
#9883=DIRECTION('',(0.E0,0.E0,1.E0));
#9884=DIRECTION('',(1.E0,0.E0,0.E0));
#9885=AXIS2_PLACEMENT_3D('',#9882,#9883,#9884);
#9886=PLANE('',#9885);
#9888=ORIENTED_EDGE('',*,*,#9887,.T.);
#9890=ORIENTED_EDGE('',*,*,#9889,.T.);
#9891=ORIENTED_EDGE('',*,*,#9576,.T.);
#9893=ORIENTED_EDGE('',*,*,#9892,.F.);
#9894=EDGE_LOOP('',(#9888,#9890,#9891,#9893));
#9895=FACE_OUTER_BOUND('',#9894,.F.);
#9896=ADVANCED_FACE('',(#9895),#9886,.F.);
#9897=CARTESIAN_POINT('',(-1.0925E1,-3.282229131085E0,-2.154393407536E0));
#9898=DIRECTION('',(0.E0,1.E0,0.E0));
#9899=DIRECTION('',(0.E0,0.E0,1.E0));
#9900=AXIS2_PLACEMENT_3D('',#9897,#9898,#9899);
#9901=PLANE('',#9900);
#9903=ORIENTED_EDGE('',*,*,#9902,.T.);
#9905=ORIENTED_EDGE('',*,*,#9904,.F.);
#9907=ORIENTED_EDGE('',*,*,#9906,.F.);
#9909=ORIENTED_EDGE('',*,*,#9908,.F.);
#9911=ORIENTED_EDGE('',*,*,#9910,.T.);
#9913=ORIENTED_EDGE('',*,*,#9912,.F.);
#9915=ORIENTED_EDGE('',*,*,#9914,.T.);
#9916=ORIENTED_EDGE('',*,*,#9887,.F.);
#9917=EDGE_LOOP('',(#9903,#9905,#9907,#9909,#9911,#9913,#9915,#9916));
#9918=FACE_OUTER_BOUND('',#9917,.F.);
#9919=ADVANCED_FACE('',(#9918),#9901,.T.);
#9920=CARTESIAN_POINT('',(8.68E0,-4.129975E0,-2.695130956137E0));
#9921=DIRECTION('',(1.E0,0.E0,0.E0));
#9922=DIRECTION('',(0.E0,0.E0,-1.E0));
#9923=AXIS2_PLACEMENT_3D('',#9920,#9921,#9922);
#9924=PLANE('',#9923);
#9926=ORIENTED_EDGE('',*,*,#9925,.F.);
#9927=ORIENTED_EDGE('',*,*,#9902,.F.);
#9928=ORIENTED_EDGE('',*,*,#9892,.T.);
#9929=ORIENTED_EDGE('',*,*,#9633,.T.);
#9930=EDGE_LOOP('',(#9926,#9927,#9928,#9929));
#9931=FACE_OUTER_BOUND('',#9930,.F.);
#9932=ADVANCED_FACE('',(#9931),#9924,.T.);
#9933=CARTESIAN_POINT('',(1.0925E1,-3.239975E0,-2.695130956137E0));
#9934=DIRECTION('',(0.E0,0.E0,1.E0));
#9935=DIRECTION('',(1.E0,0.E0,0.E0));
#9936=AXIS2_PLACEMENT_3D('',#9933,#9934,#9935);
#9937=PLANE('',#9936);
#9939=ORIENTED_EDGE('',*,*,#9938,.T.);
#9941=ORIENTED_EDGE('',*,*,#9940,.T.);
#9943=ORIENTED_EDGE('',*,*,#9942,.T.);
#9945=ORIENTED_EDGE('',*,*,#9944,.T.);
#9946=ORIENTED_EDGE('',*,*,#9904,.T.);
#9947=ORIENTED_EDGE('',*,*,#9925,.T.);
#9948=ORIENTED_EDGE('',*,*,#9631,.T.);
#9950=ORIENTED_EDGE('',*,*,#9949,.F.);
#9951=EDGE_LOOP('',(#9939,#9941,#9943,#9945,#9946,#9947,#9948,#9950));
#9952=FACE_OUTER_BOUND('',#9951,.F.);
#9954=ORIENTED_EDGE('',*,*,#9953,.F.);
#9956=ORIENTED_EDGE('',*,*,#9955,.F.);
#9958=ORIENTED_EDGE('',*,*,#9957,.F.);
#9960=ORIENTED_EDGE('',*,*,#9959,.F.);
#9961=EDGE_LOOP('',(#9954,#9956,#9958,#9960));
#9962=FACE_BOUND('',#9961,.F.);
#9963=ADVANCED_FACE('',(#9952,#9962),#9937,.F.);
#9964=CARTESIAN_POINT('',(-1.0925E1,-3.282229131085E0,-2.154393407536E0));
#9965=DIRECTION('',(0.E0,1.E0,0.E0));
#9966=DIRECTION('',(0.E0,0.E0,1.E0));
#9967=AXIS2_PLACEMENT_3D('',#9964,#9965,#9966);
#9968=PLANE('',#9967);
#9970=ORIENTED_EDGE('',*,*,#9969,.F.);
#9972=ORIENTED_EDGE('',*,*,#9971,.F.);
#9974=ORIENTED_EDGE('',*,*,#9973,.F.);
#9976=ORIENTED_EDGE('',*,*,#9975,.T.);
#9977=ORIENTED_EDGE('',*,*,#9938,.F.);
#9979=ORIENTED_EDGE('',*,*,#9978,.T.);
#9980=EDGE_LOOP('',(#9970,#9972,#9974,#9976,#9977,#9979));
#9981=FACE_OUTER_BOUND('',#9980,.F.);
#9982=ADVANCED_FACE('',(#9981),#9968,.T.);
#9983=CARTESIAN_POINT('',(-1.0925E1,-4.129975E0,-3.365130956137E0));
#9984=DIRECTION('',(0.E0,0.E0,1.E0));
#9985=DIRECTION('',(1.E0,0.E0,0.E0));
#9986=AXIS2_PLACEMENT_3D('',#9983,#9984,#9985);
#9987=PLANE('',#9986);
#9988=ORIENTED_EDGE('',*,*,#9627,.T.);
#9990=ORIENTED_EDGE('',*,*,#9989,.T.);
#9991=ORIENTED_EDGE('',*,*,#9969,.T.);
#9993=ORIENTED_EDGE('',*,*,#9992,.F.);
#9994=EDGE_LOOP('',(#9988,#9990,#9991,#9993));
#9995=FACE_OUTER_BOUND('',#9994,.F.);
#9997=ORIENTED_EDGE('',*,*,#9996,.T.);
#9999=ORIENTED_EDGE('',*,*,#9998,.T.);
#10001=ORIENTED_EDGE('',*,*,#10000,.T.);
#10003=ORIENTED_EDGE('',*,*,#10002,.T.);
#10004=EDGE_LOOP('',(#9997,#9999,#10001,#10003));
#10005=FACE_BOUND('',#10004,.F.);
#10006=ADVANCED_FACE('',(#9995,#10005),#9987,.F.);
#10007=CARTESIAN_POINT('',(1.0525E1,-3.334975E0,-3.355130956137E0));
#10008=DIRECTION('',(0.E0,-1.E0,0.E0));
#10009=DIRECTION('',(0.E0,0.E0,-1.E0));
#10010=AXIS2_PLACEMENT_3D('',#10007,#10008,#10009);
#10011=PLANE('',#10010);
#10012=ORIENTED_EDGE('',*,*,#9996,.F.);
#10014=ORIENTED_EDGE('',*,*,#10013,.F.);
#10016=ORIENTED_EDGE('',*,*,#10015,.F.);
#10018=ORIENTED_EDGE('',*,*,#10017,.T.);
#10019=EDGE_LOOP('',(#10012,#10014,#10016,#10018));
#10020=FACE_OUTER_BOUND('',#10019,.F.);
#10021=ADVANCED_FACE('',(#10020),#10011,.T.);
#10022=CARTESIAN_POINT('',(1.0025E1,-3.334975E0,-3.355130956137E0));
#10023=DIRECTION('',(1.E0,0.E0,0.E0));
#10024=DIRECTION('',(0.E0,0.E0,-1.E0));
#10025=AXIS2_PLACEMENT_3D('',#10022,#10023,#10024);
#10026=PLANE('',#10025);
#10027=ORIENTED_EDGE('',*,*,#10002,.F.);
#10029=ORIENTED_EDGE('',*,*,#10028,.F.);
#10031=ORIENTED_EDGE('',*,*,#10030,.F.);
#10032=ORIENTED_EDGE('',*,*,#10013,.T.);
#10033=EDGE_LOOP('',(#10027,#10029,#10031,#10032));
#10034=FACE_OUTER_BOUND('',#10033,.F.);
#10035=ADVANCED_FACE('',(#10034),#10026,.T.);
#10036=CARTESIAN_POINT('',(1.0025E1,-4.034975E0,-3.355130956137E0));
#10037=DIRECTION('',(0.E0,1.E0,0.E0));
#10038=DIRECTION('',(0.E0,0.E0,1.E0));
#10039=AXIS2_PLACEMENT_3D('',#10036,#10037,#10038);
#10040=PLANE('',#10039);
#10041=ORIENTED_EDGE('',*,*,#10000,.F.);
#10043=ORIENTED_EDGE('',*,*,#10042,.F.);
#10045=ORIENTED_EDGE('',*,*,#10044,.F.);
#10046=ORIENTED_EDGE('',*,*,#10028,.T.);
#10047=EDGE_LOOP('',(#10041,#10043,#10045,#10046));
#10048=FACE_OUTER_BOUND('',#10047,.F.);
#10049=ADVANCED_FACE('',(#10048),#10040,.T.);
#10050=CARTESIAN_POINT('',(1.0525E1,-4.034975E0,-3.355130956137E0));
#10051=DIRECTION('',(-1.E0,0.E0,0.E0));
#10052=DIRECTION('',(0.E0,0.E0,1.E0));
#10053=AXIS2_PLACEMENT_3D('',#10050,#10051,#10052);
#10054=PLANE('',#10053);
#10055=ORIENTED_EDGE('',*,*,#9998,.F.);
#10056=ORIENTED_EDGE('',*,*,#10017,.F.);
#10058=ORIENTED_EDGE('',*,*,#10057,.F.);
#10059=ORIENTED_EDGE('',*,*,#10042,.T.);
#10060=EDGE_LOOP('',(#10055,#10056,#10058,#10059));
#10061=FACE_OUTER_BOUND('',#10060,.F.);
#10062=ADVANCED_FACE('',(#10061),#10054,.T.);
#10063=CARTESIAN_POINT('',(1.027787122107E1,-3.499886638242E0,
-3.355130956137E0));
#10064=DIRECTION('',(0.E0,0.E0,-1.E0));
#10065=DIRECTION('',(-1.E0,0.E0,0.E0));
#10066=AXIS2_PLACEMENT_3D('',#10063,#10064,#10065);
#10067=PLANE('',#10066);
#10068=ORIENTED_EDGE('',*,*,#10030,.T.);
#10069=ORIENTED_EDGE('',*,*,#10044,.T.);
#10070=ORIENTED_EDGE('',*,*,#10057,.T.);
#10071=ORIENTED_EDGE('',*,*,#10015,.T.);
#10072=EDGE_LOOP('',(#10068,#10069,#10070,#10071));
#10073=FACE_OUTER_BOUND('',#10072,.F.);
#10075=ORIENTED_EDGE('',*,*,#10074,.T.);
#10077=ORIENTED_EDGE('',*,*,#10076,.F.);
#10079=ORIENTED_EDGE('',*,*,#10078,.T.);
#10081=ORIENTED_EDGE('',*,*,#10080,.F.);
#10083=ORIENTED_EDGE('',*,*,#10082,.T.);
#10085=ORIENTED_EDGE('',*,*,#10084,.T.);
#10087=ORIENTED_EDGE('',*,*,#10086,.T.);
#10088=EDGE_LOOP('',(#10075,#10077,#10079,#10081,#10083,#10085,#10087));
#10089=FACE_BOUND('',#10088,.F.);
#10090=ADVANCED_FACE('',(#10073,#10089),#10067,.T.);
#10091=CARTESIAN_POINT('',(1.015E1,-3.432928440778E0,-3.355130956137E0));
#10092=DIRECTION('',(0.E0,1.E0,0.E0));
#10093=DIRECTION('',(0.E0,0.E0,1.E0));
#10094=AXIS2_PLACEMENT_3D('',#10091,#10092,#10093);
#10095=PLANE('',#10094);
#10097=ORIENTED_EDGE('',*,*,#10096,.F.);
#10099=ORIENTED_EDGE('',*,*,#10098,.T.);
#10100=ORIENTED_EDGE('',*,*,#10074,.F.);
#10102=ORIENTED_EDGE('',*,*,#10101,.T.);
#10103=EDGE_LOOP('',(#10097,#10099,#10100,#10102));
#10104=FACE_OUTER_BOUND('',#10103,.F.);
#10105=ADVANCED_FACE('',(#10104),#10095,.T.);
#10106=CARTESIAN_POINT('',(-1.0925E1,-4.129975E0,-3.365130956137E0));
#10107=DIRECTION('',(0.E0,0.E0,1.E0));
#10108=DIRECTION('',(1.E0,0.E0,0.E0));
#10109=AXIS2_PLACEMENT_3D('',#10106,#10107,#10108);
#10110=PLANE('',#10109);
#10112=ORIENTED_EDGE('',*,*,#10111,.T.);
#10114=ORIENTED_EDGE('',*,*,#10113,.T.);
#10116=ORIENTED_EDGE('',*,*,#10115,.T.);
#10118=ORIENTED_EDGE('',*,*,#10117,.F.);
#10120=ORIENTED_EDGE('',*,*,#10119,.T.);
#10122=ORIENTED_EDGE('',*,*,#10121,.F.);
#10123=ORIENTED_EDGE('',*,*,#10096,.T.);
#10124=EDGE_LOOP('',(#10112,#10114,#10116,#10118,#10120,#10122,#10123));
#10125=FACE_OUTER_BOUND('',#10124,.F.);
#10126=ADVANCED_FACE('',(#10125),#10110,.F.);
#10127=CARTESIAN_POINT('',(1.015E1,-3.934975E0,-3.355130956137E0));
#10128=DIRECTION('',(-1.E0,0.E0,0.E0));
#10129=DIRECTION('',(0.E0,0.E0,1.E0));
#10130=AXIS2_PLACEMENT_3D('',#10127,#10128,#10129);
#10131=PLANE('',#10130);
#10132=ORIENTED_EDGE('',*,*,#10111,.F.);
#10133=ORIENTED_EDGE('',*,*,#10101,.F.);
#10134=ORIENTED_EDGE('',*,*,#10086,.F.);
#10136=ORIENTED_EDGE('',*,*,#10135,.T.);
#10137=EDGE_LOOP('',(#10132,#10133,#10134,#10136));
#10138=FACE_OUTER_BOUND('',#10137,.F.);
#10139=ADVANCED_FACE('',(#10138),#10131,.T.);
#10140=CARTESIAN_POINT('',(1.023333333333E1,-3.934975E0,-3.355130956137E0));
#10141=DIRECTION('',(0.E0,-1.E0,0.E0));
#10142=DIRECTION('',(1.E0,0.E0,0.E0));
#10143=AXIS2_PLACEMENT_3D('',#10140,#10141,#10142);
#10144=PLANE('',#10143);
#10145=ORIENTED_EDGE('',*,*,#10113,.F.);
#10146=ORIENTED_EDGE('',*,*,#10135,.F.);
#10147=ORIENTED_EDGE('',*,*,#10084,.F.);
#10149=ORIENTED_EDGE('',*,*,#10148,.T.);
#10150=EDGE_LOOP('',(#10145,#10146,#10147,#10149));
#10151=FACE_OUTER_BOUND('',#10150,.F.);
#10152=ADVANCED_FACE('',(#10151),#10144,.T.);
#10153=CARTESIAN_POINT('',(1.023333333333E1,-3.543826368636E0,
-3.355130956137E0));
#10154=DIRECTION('',(1.E0,0.E0,0.E0));
#10155=DIRECTION('',(0.E0,0.E0,-1.E0));
#10156=AXIS2_PLACEMENT_3D('',#10153,#10154,#10155);
#10157=PLANE('',#10156);
#10158=ORIENTED_EDGE('',*,*,#10115,.F.);
#10159=ORIENTED_EDGE('',*,*,#10148,.F.);
#10160=ORIENTED_EDGE('',*,*,#10082,.F.);
#10162=ORIENTED_EDGE('',*,*,#10161,.T.);
#10163=EDGE_LOOP('',(#10158,#10159,#10160,#10162));
#10164=FACE_OUTER_BOUND('',#10163,.F.);
#10165=ADVANCED_FACE('',(#10164),#10157,.T.);
#10166=CARTESIAN_POINT('',(1.041944315020E1,-3.622533659625E0,
-3.355130956137E0));
#10167=CARTESIAN_POINT('',(1.041307694404E1,-3.621142917829E0,
-3.355130956137E0));
#10168=CARTESIAN_POINT('',(1.039401236662E1,-3.616465496169E0,
-3.355130956137E0));
#10169=CARTESIAN_POINT('',(1.035992910747E1,-3.605549760888E0,
-3.355130956137E0));
#10170=CARTESIAN_POINT('',(1.031199056062E1,-3.586482771720E0,
-3.355130956137E0));
#10171=CARTESIAN_POINT('',(1.026622321322E1,-3.564806998842E0,
-3.355130956137E0));
#10172=CARTESIAN_POINT('',(1.023749527682E1,-3.547251338301E0,
-3.355130956137E0));
#10173=CARTESIAN_POINT('',(1.022326606694E1,-3.536525061019E0,
-3.355130956137E0));
#10174=CARTESIAN_POINT('',(1.021869126270E1,-3.532823455670E0,
-3.355130956137E0));
#10176=DIRECTION('',(0.E0,0.E0,-1.E0));
#10177=VECTOR('',#10176,1.E0);
#10178=SURFACE_OF_LINEAR_EXTRUSION('',#10175,#10177);
#10179=ORIENTED_EDGE('',*,*,#10117,.T.);
#10180=ORIENTED_EDGE('',*,*,#10161,.F.);
#10181=ORIENTED_EDGE('',*,*,#10080,.T.);
#10183=ORIENTED_EDGE('',*,*,#10182,.F.);
#10184=EDGE_LOOP('',(#10179,#10180,#10181,#10183));
#10185=FACE_OUTER_BOUND('',#10184,.F.);
#10186=ADVANCED_FACE('',(#10185),#10178,.T.);
#10187=CARTESIAN_POINT('',(1.04E1,-3.558408103095E0,-3.355130956137E0));
#10188=DIRECTION('',(1.E0,0.E0,0.E0));
#10189=DIRECTION('',(0.E0,0.E0,-1.E0));
#10190=AXIS2_PLACEMENT_3D('',#10187,#10188,#10189);
#10191=PLANE('',#10190);
#10192=ORIENTED_EDGE('',*,*,#10119,.F.);
#10193=ORIENTED_EDGE('',*,*,#10182,.T.);
#10194=ORIENTED_EDGE('',*,*,#10078,.F.);
#10196=ORIENTED_EDGE('',*,*,#10195,.T.);
#10197=EDGE_LOOP('',(#10192,#10193,#10194,#10196));
#10198=FACE_OUTER_BOUND('',#10197,.F.);
#10199=ADVANCED_FACE('',(#10198),#10191,.T.);
#10200=CARTESIAN_POINT('',(1.019304077897E1,-3.411109056774E0,
-3.355130956137E0));
#10201=CARTESIAN_POINT('',(1.019515976780E1,-3.418080599619E0,
-3.355130956137E0));
#10202=CARTESIAN_POINT('',(1.020925087162E1,-3.446407564359E0,
-3.355130956137E0));
#10203=CARTESIAN_POINT('',(1.026982565487E1,-3.501310736895E0,
-3.355130956137E0));
#10204=CARTESIAN_POINT('',(1.036043530842E1,-3.545702853194E0,
-3.355130956137E0));
#10205=CARTESIAN_POINT('',(1.041560796648E1,-3.563648259510E0,
-3.355130956137E0));
#10206=CARTESIAN_POINT('',(1.042359018859E1,-3.566072508857E0,
-3.355130956137E0));
#10208=DIRECTION('',(0.E0,0.E0,-1.E0));
#10209=VECTOR('',#10208,1.E0);
#10210=SURFACE_OF_LINEAR_EXTRUSION('',#10207,#10209);
#10211=ORIENTED_EDGE('',*,*,#10121,.T.);
#10212=ORIENTED_EDGE('',*,*,#10195,.F.);
#10213=ORIENTED_EDGE('',*,*,#10076,.T.);
#10214=ORIENTED_EDGE('',*,*,#10098,.F.);
#10215=EDGE_LOOP('',(#10211,#10212,#10213,#10214));
#10216=FACE_OUTER_BOUND('',#10215,.F.);
#10217=ADVANCED_FACE('',(#10216),#10210,.T.);
#10218=CARTESIAN_POINT('',(1.0925E1,-4.129975E0,-3.365130956137E0));
#10219=DIRECTION('',(1.E0,0.E0,0.E0));
#10220=DIRECTION('',(0.E0,0.E0,-1.E0));
#10221=AXIS2_PLACEMENT_3D('',#10218,#10219,#10220);
#10222=PLANE('',#10221);
#10224=ORIENTED_EDGE('',*,*,#10223,.F.);
#10225=ORIENTED_EDGE('',*,*,#9971,.T.);
#10226=ORIENTED_EDGE('',*,*,#9989,.F.);
#10227=ORIENTED_EDGE('',*,*,#9625,.T.);
#10228=ORIENTED_EDGE('',*,*,#6490,.T.);
#10230=ORIENTED_EDGE('',*,*,#10229,.F.);
#10232=ORIENTED_EDGE('',*,*,#10231,.F.);
#10234=ORIENTED_EDGE('',*,*,#10233,.T.);
#10235=EDGE_LOOP('',(#10224,#10225,#10226,#10227,#10228,#10230,#10232,#10234));
#10236=FACE_OUTER_BOUND('',#10235,.F.);
#10237=ADVANCED_FACE('',(#10236),#10222,.T.);
#10238=CARTESIAN_POINT('',(-1.0925E1,-4.129975E0,-9.451309561373E-1));
#10239=DIRECTION('',(0.E0,0.E0,-1.E0));
#10240=DIRECTION('',(-1.E0,0.E0,0.E0));
#10241=AXIS2_PLACEMENT_3D('',#10238,#10239,#10240);
#10242=PLANE('',#10241);
#10244=ORIENTED_EDGE('',*,*,#10243,.T.);
#10245=ORIENTED_EDGE('',*,*,#9973,.T.);
#10246=ORIENTED_EDGE('',*,*,#10223,.T.);
#10248=ORIENTED_EDGE('',*,*,#10247,.T.);
#10249=EDGE_LOOP('',(#10244,#10245,#10246,#10248));
#10250=FACE_OUTER_BOUND('',#10249,.F.);
#10251=ADVANCED_FACE('',(#10250),#10242,.T.);
#10252=CARTESIAN_POINT('',(1.000292353973E1,-3.239975E0,-3.158733129693E-1));
#10253=DIRECTION('',(1.E0,0.E0,0.E0));
#10254=DIRECTION('',(0.E0,0.E0,-1.E0));
#10255=AXIS2_PLACEMENT_3D('',#10252,#10253,#10254);
#10256=PLANE('',#10255);
#10257=ORIENTED_EDGE('',*,*,#9940,.F.);
#10258=ORIENTED_EDGE('',*,*,#9975,.F.);
#10259=ORIENTED_EDGE('',*,*,#10243,.F.);
#10261=ORIENTED_EDGE('',*,*,#10260,.T.);
#10263=ORIENTED_EDGE('',*,*,#10262,.F.);
#10265=ORIENTED_EDGE('',*,*,#10264,.F.);
#10267=ORIENTED_EDGE('',*,*,#10266,.F.);
#10269=ORIENTED_EDGE('',*,*,#10268,.F.);
#10270=EDGE_LOOP('',(#10257,#10258,#10259,#10261,#10263,#10265,#10267,#10269));
#10271=FACE_OUTER_BOUND('',#10270,.F.);
#10272=ADVANCED_FACE('',(#10271),#10256,.T.);
#10273=CARTESIAN_POINT('',(-1.0925E1,1.881663866374E0,-2.189641899205E0));
#10274=DIRECTION('',(0.E0,-1.E0,0.E0));
#10275=DIRECTION('',(0.E0,0.E0,-1.E0));
#10276=AXIS2_PLACEMENT_3D('',#10273,#10274,#10275);
#10277=PLANE('',#10276);
#10279=ORIENTED_EDGE('',*,*,#10278,.T.);
#10281=ORIENTED_EDGE('',*,*,#10280,.F.);
#10282=ORIENTED_EDGE('',*,*,#10260,.F.);
#10283=ORIENTED_EDGE('',*,*,#10247,.F.);
#10284=ORIENTED_EDGE('',*,*,#10233,.F.);
#10286=ORIENTED_EDGE('',*,*,#10285,.F.);
#10287=EDGE_LOOP('',(#10279,#10281,#10282,#10283,#10284,#10286));
#10288=FACE_OUTER_BOUND('',#10287,.F.);
#10289=ADVANCED_FACE('',(#10288),#10277,.T.);
#10290=CARTESIAN_POINT('',(9.32E0,-4.129975E0,-3.055130956137E0));
#10291=DIRECTION('',(-1.E0,0.E0,0.E0));
#10292=DIRECTION('',(0.E0,0.E0,1.E0));
#10293=AXIS2_PLACEMENT_3D('',#10290,#10291,#10292);
#10294=PLANE('',#10293);
#10296=ORIENTED_EDGE('',*,*,#10295,.T.);
#10297=ORIENTED_EDGE('',*,*,#10278,.F.);
#10299=ORIENTED_EDGE('',*,*,#10298,.T.);
#10301=ORIENTED_EDGE('',*,*,#10300,.F.);
#10302=EDGE_LOOP('',(#10296,#10297,#10299,#10301));
#10303=FACE_OUTER_BOUND('',#10302,.F.);
#10304=ADVANCED_FACE('',(#10303),#10294,.T.);
#10305=CARTESIAN_POINT('',(1.0925E1,-3.765780844405E-1,-2.695130956137E0));
#10306=DIRECTION('',(0.E0,0.E0,1.E0));
#10307=DIRECTION('',(1.E0,0.E0,0.E0));
#10308=AXIS2_PLACEMENT_3D('',#10305,#10306,#10307);
#10309=PLANE('',#10308);
#10310=ORIENTED_EDGE('',*,*,#10262,.T.);
#10311=ORIENTED_EDGE('',*,*,#10280,.T.);
#10312=ORIENTED_EDGE('',*,*,#10295,.F.);
#10314=ORIENTED_EDGE('',*,*,#10313,.F.);
#10316=ORIENTED_EDGE('',*,*,#10315,.T.);
#10318=ORIENTED_EDGE('',*,*,#10317,.T.);
#10320=ORIENTED_EDGE('',*,*,#10319,.T.);
#10322=ORIENTED_EDGE('',*,*,#10321,.F.);
#10323=EDGE_LOOP('',(#10310,#10311,#10312,#10314,#10316,#10318,#10320,#10322));
#10324=FACE_OUTER_BOUND('',#10323,.F.);
#10326=ORIENTED_EDGE('',*,*,#10325,.F.);
#10328=ORIENTED_EDGE('',*,*,#10327,.F.);
#10330=ORIENTED_EDGE('',*,*,#10329,.F.);
#10332=ORIENTED_EDGE('',*,*,#10331,.F.);
#10333=EDGE_LOOP('',(#10326,#10328,#10330,#10332));
#10334=FACE_BOUND('',#10333,.F.);
#10335=ADVANCED_FACE('',(#10324,#10334),#10309,.F.);
#10336=CARTESIAN_POINT('',(1.0925E1,2.730025E0,-3.365130956137E0));
#10337=DIRECTION('',(0.E0,1.E0,0.E0));
#10338=DIRECTION('',(0.E0,0.E0,1.E0));
#10339=AXIS2_PLACEMENT_3D('',#10336,#10337,#10338);
#10340=PLANE('',#10339);
#10341=ORIENTED_EDGE('',*,*,#9324,.F.);
#10343=ORIENTED_EDGE('',*,*,#10342,.T.);
#10345=ORIENTED_EDGE('',*,*,#10344,.T.);
#10347=ORIENTED_EDGE('',*,*,#10346,.T.);
#10349=ORIENTED_EDGE('',*,*,#10348,.F.);
#10351=ORIENTED_EDGE('',*,*,#10350,.T.);
#10353=ORIENTED_EDGE('',*,*,#10352,.T.);
#10355=ORIENTED_EDGE('',*,*,#10354,.T.);
#10357=ORIENTED_EDGE('',*,*,#10356,.F.);
#10359=ORIENTED_EDGE('',*,*,#10358,.T.);
#10361=ORIENTED_EDGE('',*,*,#10360,.T.);
#10363=ORIENTED_EDGE('',*,*,#10362,.T.);
#10365=ORIENTED_EDGE('',*,*,#10364,.F.);
#10367=ORIENTED_EDGE('',*,*,#10366,.T.);
#10369=ORIENTED_EDGE('',*,*,#10368,.T.);
#10371=ORIENTED_EDGE('',*,*,#10370,.T.);
#10373=ORIENTED_EDGE('',*,*,#10372,.F.);
#10375=ORIENTED_EDGE('',*,*,#10374,.T.);
#10377=ORIENTED_EDGE('',*,*,#10376,.T.);
#10379=ORIENTED_EDGE('',*,*,#10378,.T.);
#10381=ORIENTED_EDGE('',*,*,#10380,.F.);
#10383=ORIENTED_EDGE('',*,*,#10382,.T.);
#10385=ORIENTED_EDGE('',*,*,#10384,.T.);
#10387=ORIENTED_EDGE('',*,*,#10386,.T.);
#10389=ORIENTED_EDGE('',*,*,#10388,.F.);
#10391=ORIENTED_EDGE('',*,*,#10390,.T.);
#10392=ORIENTED_EDGE('',*,*,#10313,.T.);
#10393=ORIENTED_EDGE('',*,*,#10300,.T.);
#10395=ORIENTED_EDGE('',*,*,#10394,.F.);
#10396=ORIENTED_EDGE('',*,*,#10229,.T.);
#10397=ORIENTED_EDGE('',*,*,#6488,.T.);
#10398=ORIENTED_EDGE('',*,*,#9295,.F.);
#10399=EDGE_LOOP('',(#10341,#10343,#10345,#10347,#10349,#10351,#10353,#10355,
#10357,#10359,#10361,#10363,#10365,#10367,#10369,#10371,#10373,#10375,#10377,
#10379,#10381,#10383,#10385,#10387,#10389,#10391,#10392,#10393,#10395,#10396,
#10397,#10398));
#10400=FACE_OUTER_BOUND('',#10399,.F.);
#10402=ORIENTED_EDGE('',*,*,#10401,.T.);
#10404=ORIENTED_EDGE('',*,*,#10403,.T.);
#10406=ORIENTED_EDGE('',*,*,#10405,.F.);
#10408=ORIENTED_EDGE('',*,*,#10407,.T.);
#10409=EDGE_LOOP('',(#10402,#10404,#10406,#10408));
#10410=FACE_BOUND('',#10409,.F.);
#10412=ORIENTED_EDGE('',*,*,#10411,.T.);
#10414=ORIENTED_EDGE('',*,*,#10413,.T.);
#10416=ORIENTED_EDGE('',*,*,#10415,.T.);
#10418=ORIENTED_EDGE('',*,*,#10417,.T.);
#10419=EDGE_LOOP('',(#10412,#10414,#10416,#10418));
#10420=FACE_BOUND('',#10419,.F.);
#10421=ADVANCED_FACE('',(#10400,#10410,#10420),#10340,.T.);
#10422=CARTESIAN_POINT('',(-9.32E0,-4.129975E0,-2.695130956137E0));
#10423=DIRECTION('',(1.E0,0.E0,0.E0));
#10424=DIRECTION('',(0.E0,0.E0,-1.E0));
#10425=AXIS2_PLACEMENT_3D('',#10422,#10423,#10424);
#10426=PLANE('',#10425);
#10427=ORIENTED_EDGE('',*,*,#9322,.F.);
#10429=ORIENTED_EDGE('',*,*,#10428,.F.);
#10431=ORIENTED_EDGE('',*,*,#10430,.F.);
#10432=ORIENTED_EDGE('',*,*,#10342,.F.);
#10433=EDGE_LOOP('',(#10427,#10429,#10431,#10432));
#10434=FACE_OUTER_BOUND('',#10433,.F.);
#10435=ADVANCED_FACE('',(#10434),#10426,.T.);
#10436=CARTESIAN_POINT('',(-1.0925E1,1.881663866374E0,-2.189641899205E0));
#10437=DIRECTION('',(0.E0,-1.E0,0.E0));
#10438=DIRECTION('',(0.E0,0.E0,-1.E0));
#10439=AXIS2_PLACEMENT_3D('',#10436,#10437,#10438);
#10440=PLANE('',#10439);
#10442=ORIENTED_EDGE('',*,*,#10441,.F.);
#10444=ORIENTED_EDGE('',*,*,#10443,.F.);
#10445=ORIENTED_EDGE('',*,*,#10428,.T.);
#10446=ORIENTED_EDGE('',*,*,#9320,.F.);
#10447=EDGE_LOOP('',(#10442,#10444,#10445,#10446));
#10448=FACE_OUTER_BOUND('',#10447,.F.);
#10449=ADVANCED_FACE('',(#10448),#10440,.T.);
#10450=CARTESIAN_POINT('',(-9.6275E0,1.785025E0,-9.451309561373E-1));
#10451=DIRECTION('',(1.E0,0.E0,0.E0));
#10452=DIRECTION('',(0.E0,0.E0,-1.E0));
#10453=AXIS2_PLACEMENT_3D('',#10450,#10451,#10452);
#10454=PLANE('',#10453);
#10456=ORIENTED_EDGE('',*,*,#10455,.F.);
#10457=ORIENTED_EDGE('',*,*,#10441,.T.);
#10458=ORIENTED_EDGE('',*,*,#9318,.T.);
#10459=ORIENTED_EDGE('',*,*,#9350,.T.);
#10460=EDGE_LOOP('',(#10456,#10457,#10458,#10459));
#10461=FACE_OUTER_BOUND('',#10460,.F.);
#10462=ADVANCED_FACE('',(#10461),#10454,.T.);
#10463=CARTESIAN_POINT('',(1.0925E1,-3.765780844405E-1,-2.695130956137E0));
#10464=DIRECTION('',(0.E0,0.E0,1.E0));
#10465=DIRECTION('',(1.E0,0.E0,0.E0));
#10466=AXIS2_PLACEMENT_3D('',#10463,#10464,#10465);
#10467=PLANE('',#10466);
#10468=ORIENTED_EDGE('',*,*,#9348,.F.);
#10469=ORIENTED_EDGE('',*,*,#9363,.F.);
#10470=ORIENTED_EDGE('',*,*,#9381,.T.);
#10471=ORIENTED_EDGE('',*,*,#9494,.T.);
#10473=ORIENTED_EDGE('',*,*,#10472,.F.);
#10474=ORIENTED_EDGE('',*,*,#9525,.T.);
#10476=ORIENTED_EDGE('',*,*,#10475,.T.);
#10478=ORIENTED_EDGE('',*,*,#10477,.F.);
#10479=ORIENTED_EDGE('',*,*,#10344,.F.);
#10480=ORIENTED_EDGE('',*,*,#10430,.T.);
#10481=ORIENTED_EDGE('',*,*,#10443,.T.);
#10482=ORIENTED_EDGE('',*,*,#10455,.T.);
#10483=EDGE_LOOP('',(#10468,#10469,#10470,#10471,#10473,#10474,#10476,#10478,
#10479,#10480,#10481,#10482));
#10484=FACE_OUTER_BOUND('',#10483,.F.);
#10486=ORIENTED_EDGE('',*,*,#10485,.F.);
#10488=ORIENTED_EDGE('',*,*,#10487,.F.);
#10490=ORIENTED_EDGE('',*,*,#10489,.F.);
#10492=ORIENTED_EDGE('',*,*,#10491,.F.);
#10493=EDGE_LOOP('',(#10486,#10488,#10490,#10492));
#10494=FACE_BOUND('',#10493,.F.);
#10495=ADVANCED_FACE('',(#10484,#10494),#10467,.F.);
#10496=CARTESIAN_POINT('',(1.0925E1,-3.765780844405E-1,-2.024722561457E0));
#10497=DIRECTION('',(0.E0,1.E0,0.E0));
#10498=DIRECTION('',(0.E0,0.E0,1.E0));
#10499=AXIS2_PLACEMENT_3D('',#10496,#10497,#10498);
#10500=PLANE('',#10499);
#10501=ORIENTED_EDGE('',*,*,#9492,.T.);
#10502=ORIENTED_EDGE('',*,*,#9508,.F.);
#10503=ORIENTED_EDGE('',*,*,#9527,.T.);
#10504=ORIENTED_EDGE('',*,*,#10472,.T.);
#10505=EDGE_LOOP('',(#10501,#10502,#10503,#10504));
#10506=FACE_OUTER_BOUND('',#10505,.F.);
#10507=ADVANCED_FACE('',(#10506),#10500,.F.);
#10508=CARTESIAN_POINT('',(-1.0925E1,1.881663866374E0,-2.189641899205E0));
#10509=DIRECTION('',(0.E0,-1.E0,0.E0));
#10510=DIRECTION('',(0.E0,0.E0,-1.E0));
#10511=AXIS2_PLACEMENT_3D('',#10508,#10509,#10510);
#10512=PLANE('',#10511);
#10514=ORIENTED_EDGE('',*,*,#10513,.T.);
#10515=ORIENTED_EDGE('',*,*,#10475,.F.);
#10516=ORIENTED_EDGE('',*,*,#9523,.F.);
#10518=ORIENTED_EDGE('',*,*,#10517,.F.);
#10520=ORIENTED_EDGE('',*,*,#10519,.T.);
#10522=ORIENTED_EDGE('',*,*,#10521,.F.);
#10524=ORIENTED_EDGE('',*,*,#10523,.T.);
#10526=ORIENTED_EDGE('',*,*,#10525,.F.);
#10527=EDGE_LOOP('',(#10514,#10515,#10516,#10518,#10520,#10522,#10524,#10526));
#10528=FACE_OUTER_BOUND('',#10527,.F.);
#10529=ADVANCED_FACE('',(#10528),#10512,.T.);
#10530=CARTESIAN_POINT('',(-8.68E0,-4.129975E0,-3.055130956137E0));
#10531=DIRECTION('',(-1.E0,0.E0,0.E0));
#10532=DIRECTION('',(0.E0,0.E0,1.E0));
#10533=AXIS2_PLACEMENT_3D('',#10530,#10531,#10532);
#10534=PLANE('',#10533);
#10535=ORIENTED_EDGE('',*,*,#10477,.T.);
#10536=ORIENTED_EDGE('',*,*,#10513,.F.);
#10538=ORIENTED_EDGE('',*,*,#10537,.F.);
#10539=ORIENTED_EDGE('',*,*,#10346,.F.);
#10540=EDGE_LOOP('',(#10535,#10536,#10538,#10539));
#10541=FACE_OUTER_BOUND('',#10540,.F.);
#10542=ADVANCED_FACE('',(#10541),#10534,.T.);
#10543=CARTESIAN_POINT('',(-1.0925E1,-4.129975E0,-3.365130956137E0));
#10544=DIRECTION('',(0.E0,0.E0,1.E0));
#10545=DIRECTION('',(1.E0,0.E0,0.E0));
#10546=AXIS2_PLACEMENT_3D('',#10543,#10544,#10545);
#10547=PLANE('',#10546);
#10548=ORIENTED_EDGE('',*,*,#10525,.T.);
#10550=ORIENTED_EDGE('',*,*,#10549,.F.);
#10551=ORIENTED_EDGE('',*,*,#10348,.T.);
#10552=ORIENTED_EDGE('',*,*,#10537,.T.);
#10553=EDGE_LOOP('',(#10548,#10550,#10551,#10552));
#10554=FACE_OUTER_BOUND('',#10553,.F.);
#10555=ADVANCED_FACE('',(#10554),#10547,.F.);
#10556=CARTESIAN_POINT('',(-6.32E0,-4.129975E0,-2.695130956137E0));
#10557=DIRECTION('',(1.E0,0.E0,0.E0));
#10558=DIRECTION('',(0.E0,0.E0,-1.E0));
#10559=AXIS2_PLACEMENT_3D('',#10556,#10557,#10558);
#10560=PLANE('',#10559);
#10561=ORIENTED_EDGE('',*,*,#10523,.F.);
#10563=ORIENTED_EDGE('',*,*,#10562,.F.);
#10564=ORIENTED_EDGE('',*,*,#10350,.F.);
#10565=ORIENTED_EDGE('',*,*,#10549,.T.);
#10566=EDGE_LOOP('',(#10561,#10563,#10564,#10565));
#10567=FACE_OUTER_BOUND('',#10566,.F.);
#10568=ADVANCED_FACE('',(#10567),#10560,.T.);
#10569=CARTESIAN_POINT('',(1.0925E1,-3.765780844405E-1,-2.695130956137E0));
#10570=DIRECTION('',(0.E0,0.E0,1.E0));
#10571=DIRECTION('',(1.E0,0.E0,0.E0));
#10572=AXIS2_PLACEMENT_3D('',#10569,#10570,#10571);
#10573=PLANE('',#10572);
#10575=ORIENTED_EDGE('',*,*,#10574,.T.);
#10577=ORIENTED_EDGE('',*,*,#10576,.T.);
#10579=ORIENTED_EDGE('',*,*,#10578,.F.);
#10580=ORIENTED_EDGE('',*,*,#10352,.F.);
#10581=ORIENTED_EDGE('',*,*,#10562,.T.);
#10582=ORIENTED_EDGE('',*,*,#10521,.T.);
#10584=ORIENTED_EDGE('',*,*,#10583,.T.);
#10586=ORIENTED_EDGE('',*,*,#10585,.F.);
#10587=EDGE_LOOP('',(#10575,#10577,#10579,#10580,#10581,#10582,#10584,#10586));
#10588=FACE_OUTER_BOUND('',#10587,.F.);
#10590=ORIENTED_EDGE('',*,*,#10589,.F.);
#10592=ORIENTED_EDGE('',*,*,#10591,.F.);
#10594=ORIENTED_EDGE('',*,*,#10593,.F.);
#10596=ORIENTED_EDGE('',*,*,#10595,.F.);
#10597=EDGE_LOOP('',(#10590,#10592,#10594,#10596));
#10598=FACE_BOUND('',#10597,.F.);
#10599=ADVANCED_FACE('',(#10588,#10598),#10573,.F.);
#10600=CARTESIAN_POINT('',(-4.987938865553E0,-3.239975E0,-8.393657635069E-1));
#10601=DIRECTION('',(1.E0,0.E0,0.E0));
#10602=DIRECTION('',(0.E0,0.E0,-1.E0));
#10603=AXIS2_PLACEMENT_3D('',#10600,#10601,#10602);
#10604=PLANE('',#10603);
#10606=ORIENTED_EDGE('',*,*,#10605,.F.);
#10608=ORIENTED_EDGE('',*,*,#10607,.F.);
#10610=ORIENTED_EDGE('',*,*,#10609,.F.);
#10612=ORIENTED_EDGE('',*,*,#10611,.T.);
#10613=ORIENTED_EDGE('',*,*,#10574,.F.);
#10615=ORIENTED_EDGE('',*,*,#10614,.F.);
#10617=ORIENTED_EDGE('',*,*,#10616,.F.);
#10619=ORIENTED_EDGE('',*,*,#10618,.F.);
#10620=EDGE_LOOP('',(#10606,#10608,#10610,#10612,#10613,#10615,#10617,#10619));
#10621=FACE_OUTER_BOUND('',#10620,.F.);
#10622=ADVANCED_FACE('',(#10621),#10604,.T.);
#10623=CARTESIAN_POINT('',(1.0925E1,-3.239975E0,-2.695130956137E0));
#10624=DIRECTION('',(0.E0,0.E0,1.E0));
#10625=DIRECTION('',(1.E0,0.E0,0.E0));
#10626=AXIS2_PLACEMENT_3D('',#10623,#10624,#10625);
#10627=PLANE('',#10626);
#10629=ORIENTED_EDGE('',*,*,#10628,.T.);
#10630=ORIENTED_EDGE('',*,*,#10605,.T.);
#10632=ORIENTED_EDGE('',*,*,#10631,.T.);
#10634=ORIENTED_EDGE('',*,*,#10633,.T.);
#10635=ORIENTED_EDGE('',*,*,#9543,.T.);
#10637=ORIENTED_EDGE('',*,*,#10636,.T.);
#10638=ORIENTED_EDGE('',*,*,#9612,.T.);
#10640=ORIENTED_EDGE('',*,*,#10639,.F.);
#10641=EDGE_LOOP('',(#10629,#10630,#10632,#10634,#10635,#10637,#10638,#10640));
#10642=FACE_OUTER_BOUND('',#10641,.F.);
#10644=ORIENTED_EDGE('',*,*,#10643,.F.);
#10646=ORIENTED_EDGE('',*,*,#10645,.F.);
#10648=ORIENTED_EDGE('',*,*,#10647,.F.);
#10650=ORIENTED_EDGE('',*,*,#10649,.F.);
#10651=EDGE_LOOP('',(#10644,#10646,#10648,#10650));
#10652=FACE_BOUND('',#10651,.F.);
#10653=ADVANCED_FACE('',(#10642,#10652),#10627,.F.);
#10654=CARTESIAN_POINT('',(-1.0925E1,-3.282229131085E0,-2.154393407536E0));
#10655=DIRECTION('',(0.E0,1.E0,0.E0));
#10656=DIRECTION('',(0.E0,0.E0,1.E0));
#10657=AXIS2_PLACEMENT_3D('',#10654,#10655,#10656);
#10658=PLANE('',#10657);
#10660=ORIENTED_EDGE('',*,*,#10659,.T.);
#10662=ORIENTED_EDGE('',*,*,#10661,.F.);
#10664=ORIENTED_EDGE('',*,*,#10663,.F.);
#10666=ORIENTED_EDGE('',*,*,#10665,.F.);
#10667=ORIENTED_EDGE('',*,*,#10607,.T.);
#10668=ORIENTED_EDGE('',*,*,#10628,.F.);
#10670=ORIENTED_EDGE('',*,*,#10669,.T.);
#10672=ORIENTED_EDGE('',*,*,#10671,.F.);
#10673=EDGE_LOOP('',(#10660,#10662,#10664,#10666,#10667,#10668,#10670,#10672));
#10674=FACE_OUTER_BOUND('',#10673,.F.);
#10675=ADVANCED_FACE('',(#10674),#10658,.T.);
#10676=CARTESIAN_POINT('',(-3.32E0,-4.129975E0,-2.695130956137E0));
#10677=DIRECTION('',(1.E0,0.E0,0.E0));
#10678=DIRECTION('',(0.E0,0.E0,-1.E0));
#10679=AXIS2_PLACEMENT_3D('',#10676,#10677,#10678);
#10680=PLANE('',#10679);
#10682=ORIENTED_EDGE('',*,*,#10681,.F.);
#10683=ORIENTED_EDGE('',*,*,#10659,.F.);
#10685=ORIENTED_EDGE('',*,*,#10684,.F.);
#10686=ORIENTED_EDGE('',*,*,#9606,.T.);
#10687=EDGE_LOOP('',(#10682,#10683,#10685,#10686));
#10688=FACE_OUTER_BOUND('',#10687,.F.);
#10689=ADVANCED_FACE('',(#10688),#10680,.T.);
#10690=CARTESIAN_POINT('',(1.0925E1,-3.239975E0,-2.695130956137E0));
#10691=DIRECTION('',(0.E0,0.E0,1.E0));
#10692=DIRECTION('',(1.E0,0.E0,0.E0));
#10693=AXIS2_PLACEMENT_3D('',#10690,#10691,#10692);
#10694=PLANE('',#10693);
#10696=ORIENTED_EDGE('',*,*,#10695,.T.);
#10698=ORIENTED_EDGE('',*,*,#10697,.T.);
#10700=ORIENTED_EDGE('',*,*,#10699,.T.);
#10702=ORIENTED_EDGE('',*,*,#10701,.T.);
#10703=ORIENTED_EDGE('',*,*,#10661,.T.);
#10704=ORIENTED_EDGE('',*,*,#10681,.T.);
#10705=ORIENTED_EDGE('',*,*,#9604,.T.);
#10707=ORIENTED_EDGE('',*,*,#10706,.F.);
#10708=EDGE_LOOP('',(#10696,#10698,#10700,#10702,#10703,#10704,#10705,#10707));
#10709=FACE_OUTER_BOUND('',#10708,.F.);
#10711=ORIENTED_EDGE('',*,*,#10710,.F.);
#10713=ORIENTED_EDGE('',*,*,#10712,.F.);
#10715=ORIENTED_EDGE('',*,*,#10714,.F.);
#10717=ORIENTED_EDGE('',*,*,#10716,.F.);
#10718=EDGE_LOOP('',(#10711,#10713,#10715,#10717));
#10719=FACE_BOUND('',#10718,.F.);
#10720=ADVANCED_FACE('',(#10709,#10719),#10694,.F.);
#10721=CARTESIAN_POINT('',(-1.0925E1,-3.282229131085E0,-2.154393407536E0));
#10722=DIRECTION('',(0.E0,1.E0,0.E0));
#10723=DIRECTION('',(0.E0,0.E0,1.E0));
#10724=AXIS2_PLACEMENT_3D('',#10721,#10722,#10723);
#10725=PLANE('',#10724);
#10727=ORIENTED_EDGE('',*,*,#10726,.F.);
#10729=ORIENTED_EDGE('',*,*,#10728,.T.);
#10731=ORIENTED_EDGE('',*,*,#10730,.F.);
#10733=ORIENTED_EDGE('',*,*,#10732,.F.);
#10735=ORIENTED_EDGE('',*,*,#10734,.F.);
#10737=ORIENTED_EDGE('',*,*,#10736,.T.);
#10738=ORIENTED_EDGE('',*,*,#10695,.F.);
#10740=ORIENTED_EDGE('',*,*,#10739,.T.);
#10741=EDGE_LOOP('',(#10727,#10729,#10731,#10733,#10735,#10737,#10738,#10740));
#10742=FACE_OUTER_BOUND('',#10741,.F.);
#10743=ADVANCED_FACE('',(#10742),#10725,.T.);
#10744=CARTESIAN_POINT('',(-1.0925E1,-4.129975E0,-3.365130956137E0));
#10745=DIRECTION('',(0.E0,0.E0,1.E0));
#10746=DIRECTION('',(1.E0,0.E0,0.E0));
#10747=AXIS2_PLACEMENT_3D('',#10744,#10745,#10746);
#10748=PLANE('',#10747);
#10749=ORIENTED_EDGE('',*,*,#9600,.T.);
#10751=ORIENTED_EDGE('',*,*,#10750,.T.);
#10752=ORIENTED_EDGE('',*,*,#10726,.T.);
#10754=ORIENTED_EDGE('',*,*,#10753,.F.);
#10755=EDGE_LOOP('',(#10749,#10751,#10752,#10754));
#10756=FACE_OUTER_BOUND('',#10755,.F.);
#10757=ADVANCED_FACE('',(#10756),#10748,.F.);
#10758=CARTESIAN_POINT('',(-3.2E-1,-4.129975E0,-2.695130956137E0));
#10759=DIRECTION('',(1.E0,0.E0,0.E0));
#10760=DIRECTION('',(0.E0,0.E0,-1.E0));
#10761=AXIS2_PLACEMENT_3D('',#10758,#10759,#10760);
#10762=PLANE('',#10761);
#10764=ORIENTED_EDGE('',*,*,#10763,.F.);
#10765=ORIENTED_EDGE('',*,*,#10728,.F.);
#10766=ORIENTED_EDGE('',*,*,#10750,.F.);
#10767=ORIENTED_EDGE('',*,*,#9598,.T.);
#10768=EDGE_LOOP('',(#10764,#10765,#10766,#10767));
#10769=FACE_OUTER_BOUND('',#10768,.F.);
#10770=ADVANCED_FACE('',(#10769),#10762,.T.);
#10771=CARTESIAN_POINT('',(1.0925E1,-3.239975E0,-2.695130956137E0));
#10772=DIRECTION('',(0.E0,0.E0,1.E0));
#10773=DIRECTION('',(1.E0,0.E0,0.E0));
#10774=AXIS2_PLACEMENT_3D('',#10771,#10772,#10773);
#10775=PLANE('',#10774);
#10777=ORIENTED_EDGE('',*,*,#10776,.T.);
#10779=ORIENTED_EDGE('',*,*,#10778,.T.);
#10781=ORIENTED_EDGE('',*,*,#10780,.T.);
#10783=ORIENTED_EDGE('',*,*,#10782,.T.);
#10784=ORIENTED_EDGE('',*,*,#10730,.T.);
#10785=ORIENTED_EDGE('',*,*,#10763,.T.);
#10786=ORIENTED_EDGE('',*,*,#9596,.T.);
#10788=ORIENTED_EDGE('',*,*,#10787,.F.);
#10789=EDGE_LOOP('',(#10777,#10779,#10781,#10783,#10784,#10785,#10786,#10788));
#10790=FACE_OUTER_BOUND('',#10789,.F.);
#10792=ORIENTED_EDGE('',*,*,#10791,.F.);
#10794=ORIENTED_EDGE('',*,*,#10793,.F.);
#10796=ORIENTED_EDGE('',*,*,#10795,.F.);
#10798=ORIENTED_EDGE('',*,*,#10797,.F.);
#10799=EDGE_LOOP('',(#10792,#10794,#10796,#10798));
#10800=FACE_BOUND('',#10799,.F.);
#10801=ADVANCED_FACE('',(#10790,#10800),#10775,.F.);
#10802=CARTESIAN_POINT('',(-1.0925E1,-3.282229131085E0,-2.154393407536E0));
#10803=DIRECTION('',(0.E0,1.E0,0.E0));
#10804=DIRECTION('',(0.E0,0.E0,1.E0));
#10805=AXIS2_PLACEMENT_3D('',#10802,#10803,#10804);
#10806=PLANE('',#10805);
#10808=ORIENTED_EDGE('',*,*,#10807,.T.);
#10810=ORIENTED_EDGE('',*,*,#10809,.F.);
#10812=ORIENTED_EDGE('',*,*,#10811,.F.);
#10814=ORIENTED_EDGE('',*,*,#10813,.F.);
#10816=ORIENTED_EDGE('',*,*,#10815,.T.);
#10817=ORIENTED_EDGE('',*,*,#10776,.F.);
#10819=ORIENTED_EDGE('',*,*,#10818,.T.);
#10821=ORIENTED_EDGE('',*,*,#10820,.F.);
#10822=EDGE_LOOP('',(#10808,#10810,#10812,#10814,#10816,#10817,#10819,#10821));
#10823=FACE_OUTER_BOUND('',#10822,.F.);
#10824=ADVANCED_FACE('',(#10823),#10806,.T.);
#10825=CARTESIAN_POINT('',(2.68E0,-4.129975E0,-2.695130956137E0));
#10826=DIRECTION('',(1.E0,0.E0,0.E0));
#10827=DIRECTION('',(0.E0,0.E0,-1.E0));
#10828=AXIS2_PLACEMENT_3D('',#10825,#10826,#10827);
#10829=PLANE('',#10828);
#10831=ORIENTED_EDGE('',*,*,#10830,.F.);
#10832=ORIENTED_EDGE('',*,*,#10807,.F.);
#10834=ORIENTED_EDGE('',*,*,#10833,.T.);
#10835=ORIENTED_EDGE('',*,*,#9590,.T.);
#10836=EDGE_LOOP('',(#10831,#10832,#10834,#10835));
#10837=FACE_OUTER_BOUND('',#10836,.F.);
#10838=ADVANCED_FACE('',(#10837),#10829,.T.);
#10839=CARTESIAN_POINT('',(1.0925E1,-3.239975E0,-2.695130956137E0));
#10840=DIRECTION('',(0.E0,0.E0,1.E0));
#10841=DIRECTION('',(1.E0,0.E0,0.E0));
#10842=AXIS2_PLACEMENT_3D('',#10839,#10840,#10841);
#10843=PLANE('',#10842);
#10845=ORIENTED_EDGE('',*,*,#10844,.T.);
#10847=ORIENTED_EDGE('',*,*,#10846,.T.);
#10849=ORIENTED_EDGE('',*,*,#10848,.T.);
#10851=ORIENTED_EDGE('',*,*,#10850,.T.);
#10852=ORIENTED_EDGE('',*,*,#10809,.T.);
#10853=ORIENTED_EDGE('',*,*,#10830,.T.);
#10854=ORIENTED_EDGE('',*,*,#9588,.T.);
#10856=ORIENTED_EDGE('',*,*,#10855,.F.);
#10857=EDGE_LOOP('',(#10845,#10847,#10849,#10851,#10852,#10853,#10854,#10856));
#10858=FACE_OUTER_BOUND('',#10857,.F.);
#10860=ORIENTED_EDGE('',*,*,#10859,.F.);
#10862=ORIENTED_EDGE('',*,*,#10861,.F.);
#10864=ORIENTED_EDGE('',*,*,#10863,.F.);
#10866=ORIENTED_EDGE('',*,*,#10865,.F.);
#10867=EDGE_LOOP('',(#10860,#10862,#10864,#10866));
#10868=FACE_BOUND('',#10867,.F.);
#10869=ADVANCED_FACE('',(#10858,#10868),#10843,.F.);
#10870=CARTESIAN_POINT('',(-1.0925E1,-3.282229131085E0,-2.154393407536E0));
#10871=DIRECTION('',(0.E0,1.E0,0.E0));
#10872=DIRECTION('',(0.E0,0.E0,1.E0));
#10873=AXIS2_PLACEMENT_3D('',#10870,#10871,#10872);
#10874=PLANE('',#10873);
#10876=ORIENTED_EDGE('',*,*,#10875,.F.);
#10878=ORIENTED_EDGE('',*,*,#10877,.T.);
#10880=ORIENTED_EDGE('',*,*,#10879,.F.);
#10882=ORIENTED_EDGE('',*,*,#10881,.F.);
#10884=ORIENTED_EDGE('',*,*,#10883,.F.);
#10886=ORIENTED_EDGE('',*,*,#10885,.T.);
#10887=ORIENTED_EDGE('',*,*,#10844,.F.);
#10889=ORIENTED_EDGE('',*,*,#10888,.T.);
#10890=EDGE_LOOP('',(#10876,#10878,#10880,#10882,#10884,#10886,#10887,#10889));
#10891=FACE_OUTER_BOUND('',#10890,.F.);
#10892=ADVANCED_FACE('',(#10891),#10874,.T.);
#10893=CARTESIAN_POINT('',(-1.0925E1,-4.129975E0,-3.365130956137E0));
#10894=DIRECTION('',(0.E0,0.E0,1.E0));
#10895=DIRECTION('',(1.E0,0.E0,0.E0));
#10896=AXIS2_PLACEMENT_3D('',#10893,#10894,#10895);
#10897=PLANE('',#10896);
#10898=ORIENTED_EDGE('',*,*,#9584,.T.);
#10900=ORIENTED_EDGE('',*,*,#10899,.T.);
#10901=ORIENTED_EDGE('',*,*,#10875,.T.);
#10903=ORIENTED_EDGE('',*,*,#10902,.F.);
#10904=EDGE_LOOP('',(#10898,#10900,#10901,#10903));
#10905=FACE_OUTER_BOUND('',#10904,.F.);
#10906=ADVANCED_FACE('',(#10905),#10897,.F.);
#10907=CARTESIAN_POINT('',(5.68E0,-4.129975E0,-2.695130956137E0));
#10908=DIRECTION('',(1.E0,0.E0,0.E0));
#10909=DIRECTION('',(0.E0,0.E0,-1.E0));
#10910=AXIS2_PLACEMENT_3D('',#10907,#10908,#10909);
#10911=PLANE('',#10910);
#10913=ORIENTED_EDGE('',*,*,#10912,.F.);
#10914=ORIENTED_EDGE('',*,*,#10877,.F.);
#10915=ORIENTED_EDGE('',*,*,#10899,.F.);
#10916=ORIENTED_EDGE('',*,*,#9582,.T.);
#10917=EDGE_LOOP('',(#10913,#10914,#10915,#10916));
#10918=FACE_OUTER_BOUND('',#10917,.F.);
#10919=ADVANCED_FACE('',(#10918),#10911,.T.);
#10920=CARTESIAN_POINT('',(1.0925E1,-3.239975E0,-2.695130956137E0));
#10921=DIRECTION('',(0.E0,0.E0,1.E0));
#10922=DIRECTION('',(1.E0,0.E0,0.E0));
#10923=AXIS2_PLACEMENT_3D('',#10920,#10921,#10922);
#10924=PLANE('',#10923);
#10925=ORIENTED_EDGE('',*,*,#9912,.T.);
#10927=ORIENTED_EDGE('',*,*,#10926,.T.);
#10929=ORIENTED_EDGE('',*,*,#10928,.T.);
#10931=ORIENTED_EDGE('',*,*,#10930,.T.);
#10932=ORIENTED_EDGE('',*,*,#10879,.T.);
#10933=ORIENTED_EDGE('',*,*,#10912,.T.);
#10934=ORIENTED_EDGE('',*,*,#9580,.T.);
#10936=ORIENTED_EDGE('',*,*,#10935,.F.);
#10937=EDGE_LOOP('',(#10925,#10927,#10929,#10931,#10932,#10933,#10934,#10936));
#10938=FACE_OUTER_BOUND('',#10937,.F.);
#10940=ORIENTED_EDGE('',*,*,#10939,.F.);
#10942=ORIENTED_EDGE('',*,*,#10941,.F.);
#10944=ORIENTED_EDGE('',*,*,#10943,.F.);
#10946=ORIENTED_EDGE('',*,*,#10945,.F.);
#10947=EDGE_LOOP('',(#10940,#10942,#10944,#10946));
#10948=FACE_BOUND('',#10947,.F.);
#10949=ADVANCED_FACE('',(#10938,#10948),#10924,.F.);
#10950=CARTESIAN_POINT('',(7.004751058676E0,-3.239975E0,-4.205718030768E-1));
#10951=DIRECTION('',(1.E0,0.E0,0.E0));
#10952=DIRECTION('',(0.E0,0.E0,-1.E0));
#10953=AXIS2_PLACEMENT_3D('',#10950,#10951,#10952);
#10954=PLANE('',#10953);
#10955=ORIENTED_EDGE('',*,*,#10926,.F.);
#10956=ORIENTED_EDGE('',*,*,#9910,.F.);
#10958=ORIENTED_EDGE('',*,*,#10957,.F.);
#10960=ORIENTED_EDGE('',*,*,#10959,.T.);
#10962=ORIENTED_EDGE('',*,*,#10961,.F.);
#10964=ORIENTED_EDGE('',*,*,#10963,.F.);
#10966=ORIENTED_EDGE('',*,*,#10965,.F.);
#10968=ORIENTED_EDGE('',*,*,#10967,.F.);
#10969=EDGE_LOOP('',(#10955,#10956,#10958,#10960,#10962,#10964,#10966,#10968));
#10970=FACE_OUTER_BOUND('',#10969,.F.);
#10971=ADVANCED_FACE('',(#10970),#10954,.T.);
#10972=CARTESIAN_POINT('',(-1.0925E1,-4.129975E0,-9.451309561373E-1));
#10973=DIRECTION('',(0.E0,0.E0,-1.E0));
#10974=DIRECTION('',(-1.E0,0.E0,0.E0));
#10975=AXIS2_PLACEMENT_3D('',#10972,#10973,#10974);
#10976=PLANE('',#10975);
#10977=ORIENTED_EDGE('',*,*,#10957,.T.);
#10978=ORIENTED_EDGE('',*,*,#9908,.T.);
#10980=ORIENTED_EDGE('',*,*,#10979,.T.);
#10982=ORIENTED_EDGE('',*,*,#10981,.T.);
#10983=EDGE_LOOP('',(#10977,#10978,#10980,#10982));
#10984=FACE_OUTER_BOUND('',#10983,.F.);
#10985=ADVANCED_FACE('',(#10984),#10976,.T.);
#10986=CARTESIAN_POINT('',(7.975146232954E0,-3.239975E0,-1.572255194259E0));
#10987=DIRECTION('',(-1.E0,0.E0,0.E0));
#10988=DIRECTION('',(0.E0,0.E0,1.E0));
#10989=AXIS2_PLACEMENT_3D('',#10986,#10987,#10988);
#10990=PLANE('',#10989);
#10991=ORIENTED_EDGE('',*,*,#9944,.F.);
#10993=ORIENTED_EDGE('',*,*,#10992,.F.);
#10995=ORIENTED_EDGE('',*,*,#10994,.F.);
#10997=ORIENTED_EDGE('',*,*,#10996,.F.);
#10998=ORIENTED_EDGE('',*,*,#10319,.F.);
#11000=ORIENTED_EDGE('',*,*,#10999,.F.);
#11001=ORIENTED_EDGE('',*,*,#10979,.F.);
#11002=ORIENTED_EDGE('',*,*,#9906,.T.);
#11003=EDGE_LOOP('',(#10991,#10993,#10995,#10997,#10998,#11000,#11001,#11002));
#11004=FACE_OUTER_BOUND('',#11003,.F.);
#11005=ADVANCED_FACE('',(#11004),#10990,.T.);
#11006=CARTESIAN_POINT('',(1.0925E1,-1.023371915559E0,-2.695130956137E0));
#11007=DIRECTION('',(0.E0,-1.E0,0.E0));
#11008=DIRECTION('',(0.E0,0.E0,-1.E0));
#11009=AXIS2_PLACEMENT_3D('',#11006,#11007,#11008);
#11010=PLANE('',#11009);
#11011=ORIENTED_EDGE('',*,*,#10992,.T.);
#11012=ORIENTED_EDGE('',*,*,#9942,.F.);
#11013=ORIENTED_EDGE('',*,*,#10268,.T.);
#11015=ORIENTED_EDGE('',*,*,#11014,.T.);
#11016=EDGE_LOOP('',(#11011,#11012,#11013,#11015));
#11017=FACE_OUTER_BOUND('',#11016,.F.);
#11018=ADVANCED_FACE('',(#11017),#11010,.F.);
#11019=CARTESIAN_POINT('',(1.0925E1,-9.99975E-1,-2.025130956137E0));
#11020=DIRECTION('',(0.E0,0.E0,1.E0));
#11021=DIRECTION('',(1.E0,0.E0,0.E0));
#11022=AXIS2_PLACEMENT_3D('',#11019,#11020,#11021);
#11023=PLANE('',#11022);
#11024=ORIENTED_EDGE('',*,*,#10994,.T.);
#11025=ORIENTED_EDGE('',*,*,#11014,.F.);
#11026=ORIENTED_EDGE('',*,*,#10266,.T.);
#11028=ORIENTED_EDGE('',*,*,#11027,.T.);
#11029=EDGE_LOOP('',(#11024,#11025,#11026,#11028));
#11030=FACE_OUTER_BOUND('',#11029,.F.);
#11031=ADVANCED_FACE('',(#11030),#11023,.F.);
#11032=CARTESIAN_POINT('',(1.0925E1,-3.765780844405E-1,-2.024722561457E0));
#11033=DIRECTION('',(0.E0,1.E0,0.E0));
#11034=DIRECTION('',(0.E0,0.E0,1.E0));
#11035=AXIS2_PLACEMENT_3D('',#11032,#11033,#11034);
#11036=PLANE('',#11035);
#11037=ORIENTED_EDGE('',*,*,#10996,.T.);
#11038=ORIENTED_EDGE('',*,*,#11027,.F.);
#11039=ORIENTED_EDGE('',*,*,#10264,.T.);
#11040=ORIENTED_EDGE('',*,*,#10321,.T.);
#11041=EDGE_LOOP('',(#11037,#11038,#11039,#11040));
#11042=FACE_OUTER_BOUND('',#11041,.F.);
#11043=ADVANCED_FACE('',(#11042),#11036,.F.);
#11044=CARTESIAN_POINT('',(-1.0925E1,1.881663866374E0,-2.189641899205E0));
#11045=DIRECTION('',(0.E0,-1.E0,0.E0));
#11046=DIRECTION('',(0.E0,0.E0,-1.E0));
#11047=AXIS2_PLACEMENT_3D('',#11044,#11045,#11046);
#11048=PLANE('',#11047);
#11050=ORIENTED_EDGE('',*,*,#11049,.F.);
#11052=ORIENTED_EDGE('',*,*,#11051,.T.);
#11054=ORIENTED_EDGE('',*,*,#11053,.F.);
#11055=ORIENTED_EDGE('',*,*,#10959,.F.);
#11056=ORIENTED_EDGE('',*,*,#10981,.F.);
#11057=ORIENTED_EDGE('',*,*,#10999,.T.);
#11058=ORIENTED_EDGE('',*,*,#10317,.F.);
#11060=ORIENTED_EDGE('',*,*,#11059,.T.);
#11061=EDGE_LOOP('',(#11050,#11052,#11054,#11055,#11056,#11057,#11058,#11060));
#11062=FACE_OUTER_BOUND('',#11061,.F.);
#11063=ADVANCED_FACE('',(#11062),#11048,.T.);
#11064=CARTESIAN_POINT('',(-1.0925E1,-4.129975E0,-3.365130956137E0));
#11065=DIRECTION('',(0.E0,0.E0,1.E0));
#11066=DIRECTION('',(1.E0,0.E0,0.E0));
#11067=AXIS2_PLACEMENT_3D('',#11064,#11065,#11066);
#11068=PLANE('',#11067);
#11069=ORIENTED_EDGE('',*,*,#10388,.T.);
#11071=ORIENTED_EDGE('',*,*,#11070,.T.);
#11072=ORIENTED_EDGE('',*,*,#11049,.T.);
#11074=ORIENTED_EDGE('',*,*,#11073,.F.);
#11075=EDGE_LOOP('',(#11069,#11071,#11072,#11074));
#11076=FACE_OUTER_BOUND('',#11075,.F.);
#11077=ADVANCED_FACE('',(#11076),#11068,.F.);
#11078=CARTESIAN_POINT('',(6.32E0,-4.129975E0,-3.055130956137E0));
#11079=DIRECTION('',(-1.E0,0.E0,0.E0));
#11080=DIRECTION('',(0.E0,0.E0,1.E0));
#11081=AXIS2_PLACEMENT_3D('',#11078,#11079,#11080);
#11082=PLANE('',#11081);
#11084=ORIENTED_EDGE('',*,*,#11083,.T.);
#11085=ORIENTED_EDGE('',*,*,#11051,.F.);
#11086=ORIENTED_EDGE('',*,*,#11070,.F.);
#11087=ORIENTED_EDGE('',*,*,#10386,.F.);
#11088=EDGE_LOOP('',(#11084,#11085,#11086,#11087));
#11089=FACE_OUTER_BOUND('',#11088,.F.);
#11090=ADVANCED_FACE('',(#11089),#11082,.T.);
#11091=CARTESIAN_POINT('',(1.0925E1,-3.765780844405E-1,-2.695130956137E0));
#11092=DIRECTION('',(0.E0,0.E0,1.E0));
#11093=DIRECTION('',(1.E0,0.E0,0.E0));
#11094=AXIS2_PLACEMENT_3D('',#11091,#11092,#11093);
#11095=PLANE('',#11094);
#11096=ORIENTED_EDGE('',*,*,#10961,.T.);
#11097=ORIENTED_EDGE('',*,*,#11053,.T.);
#11098=ORIENTED_EDGE('',*,*,#11083,.F.);
#11099=ORIENTED_EDGE('',*,*,#10384,.F.);
#11101=ORIENTED_EDGE('',*,*,#11100,.T.);
#11103=ORIENTED_EDGE('',*,*,#11102,.T.);
#11105=ORIENTED_EDGE('',*,*,#11104,.T.);
#11107=ORIENTED_EDGE('',*,*,#11106,.F.);
#11108=EDGE_LOOP('',(#11096,#11097,#11098,#11099,#11101,#11103,#11105,#11107));
#11109=FACE_OUTER_BOUND('',#11108,.F.);
#11111=ORIENTED_EDGE('',*,*,#11110,.F.);
#11113=ORIENTED_EDGE('',*,*,#11112,.F.);
#11115=ORIENTED_EDGE('',*,*,#11114,.F.);
#11117=ORIENTED_EDGE('',*,*,#11116,.F.);
#11118=EDGE_LOOP('',(#11111,#11113,#11115,#11117));
#11119=FACE_BOUND('',#11118,.F.);
#11120=ADVANCED_FACE('',(#11109,#11119),#11095,.F.);
#11121=CARTESIAN_POINT('',(5.68E0,-4.129975E0,-2.695130956137E0));
#11122=DIRECTION('',(1.E0,0.E0,0.E0));
#11123=DIRECTION('',(0.E0,0.E0,-1.E0));
#11124=AXIS2_PLACEMENT_3D('',#11121,#11122,#11123);
#11125=PLANE('',#11124);
#11127=ORIENTED_EDGE('',*,*,#11126,.F.);
#11128=ORIENTED_EDGE('',*,*,#11100,.F.);
#11129=ORIENTED_EDGE('',*,*,#10382,.F.);
#11131=ORIENTED_EDGE('',*,*,#11130,.F.);
#11132=EDGE_LOOP('',(#11127,#11128,#11129,#11131));
#11133=FACE_OUTER_BOUND('',#11132,.F.);
#11134=ADVANCED_FACE('',(#11133),#11125,.T.);
#11135=CARTESIAN_POINT('',(-1.0925E1,1.881663866374E0,-2.189641899205E0));
#11136=DIRECTION('',(0.E0,-1.E0,0.E0));
#11137=DIRECTION('',(0.E0,0.E0,-1.E0));
#11138=AXIS2_PLACEMENT_3D('',#11135,#11136,#11137);
#11139=PLANE('',#11138);
#11141=ORIENTED_EDGE('',*,*,#11140,.T.);
#11143=ORIENTED_EDGE('',*,*,#11142,.F.);
#11145=ORIENTED_EDGE('',*,*,#11144,.F.);
#11147=ORIENTED_EDGE('',*,*,#11146,.F.);
#11149=ORIENTED_EDGE('',*,*,#11148,.T.);
#11150=ORIENTED_EDGE('',*,*,#11102,.F.);
#11151=ORIENTED_EDGE('',*,*,#11126,.T.);
#11153=ORIENTED_EDGE('',*,*,#11152,.F.);
#11154=EDGE_LOOP('',(#11141,#11143,#11145,#11147,#11149,#11150,#11151,#11153));
#11155=FACE_OUTER_BOUND('',#11154,.F.);
#11156=ADVANCED_FACE('',(#11155),#11139,.T.);
#11157=CARTESIAN_POINT('',(3.32E0,-4.129975E0,-3.055130956137E0));
#11158=DIRECTION('',(-1.E0,0.E0,0.E0));
#11159=DIRECTION('',(0.E0,0.E0,1.E0));
#11160=AXIS2_PLACEMENT_3D('',#11157,#11158,#11159);
#11161=PLANE('',#11160);
#11163=ORIENTED_EDGE('',*,*,#11162,.T.);
#11164=ORIENTED_EDGE('',*,*,#11140,.F.);
#11166=ORIENTED_EDGE('',*,*,#11165,.T.);
#11167=ORIENTED_EDGE('',*,*,#10378,.F.);
#11168=EDGE_LOOP('',(#11163,#11164,#11166,#11167));
#11169=FACE_OUTER_BOUND('',#11168,.F.);
#11170=ADVANCED_FACE('',(#11169),#11161,.T.);
#11171=CARTESIAN_POINT('',(1.0925E1,-3.765780844405E-1,-2.695130956137E0));
#11172=DIRECTION('',(0.E0,0.E0,1.E0));
#11173=DIRECTION('',(1.E0,0.E0,0.E0));
#11174=AXIS2_PLACEMENT_3D('',#11171,#11172,#11173);
#11175=PLANE('',#11174);
#11177=ORIENTED_EDGE('',*,*,#11176,.T.);
#11178=ORIENTED_EDGE('',*,*,#11142,.T.);
#11179=ORIENTED_EDGE('',*,*,#11162,.F.);
#11180=ORIENTED_EDGE('',*,*,#10376,.F.);
#11182=ORIENTED_EDGE('',*,*,#11181,.T.);
#11184=ORIENTED_EDGE('',*,*,#11183,.T.);
#11186=ORIENTED_EDGE('',*,*,#11185,.T.);
#11188=ORIENTED_EDGE('',*,*,#11187,.F.);
#11189=EDGE_LOOP('',(#11177,#11178,#11179,#11180,#11182,#11184,#11186,#11188));
#11190=FACE_OUTER_BOUND('',#11189,.F.);
#11192=ORIENTED_EDGE('',*,*,#11191,.F.);
#11194=ORIENTED_EDGE('',*,*,#11193,.F.);
#11196=ORIENTED_EDGE('',*,*,#11195,.F.);
#11198=ORIENTED_EDGE('',*,*,#11197,.F.);
#11199=EDGE_LOOP('',(#11192,#11194,#11196,#11198));
#11200=FACE_BOUND('',#11199,.F.);
#11201=ADVANCED_FACE('',(#11190,#11200),#11175,.F.);
#11202=CARTESIAN_POINT('',(4.006578577619E0,-3.239975E0,-5.252702931844E-1));
#11203=DIRECTION('',(1.E0,0.E0,0.E0));
#11204=DIRECTION('',(0.E0,0.E0,-1.E0));
#11205=AXIS2_PLACEMENT_3D('',#11202,#11203,#11204);
#11206=PLANE('',#11205);
#11207=ORIENTED_EDGE('',*,*,#10846,.F.);
#11208=ORIENTED_EDGE('',*,*,#10885,.F.);
#11210=ORIENTED_EDGE('',*,*,#11209,.F.);
#11211=ORIENTED_EDGE('',*,*,#11144,.T.);
#11212=ORIENTED_EDGE('',*,*,#11176,.F.);
#11214=ORIENTED_EDGE('',*,*,#11213,.F.);
#11216=ORIENTED_EDGE('',*,*,#11215,.F.);
#11218=ORIENTED_EDGE('',*,*,#11217,.F.);
#11219=EDGE_LOOP('',(#11207,#11208,#11210,#11211,#11212,#11214,#11216,#11218));
#11220=FACE_OUTER_BOUND('',#11219,.F.);
#11221=ADVANCED_FACE('',(#11220),#11206,.T.);
#11222=CARTESIAN_POINT('',(-1.0925E1,-4.129975E0,-9.451309561373E-1));
#11223=DIRECTION('',(0.E0,0.E0,-1.E0));
#11224=DIRECTION('',(-1.E0,0.E0,0.E0));
#11225=AXIS2_PLACEMENT_3D('',#11222,#11223,#11224);
#11226=PLANE('',#11225);
#11227=ORIENTED_EDGE('',*,*,#11209,.T.);
#11228=ORIENTED_EDGE('',*,*,#10883,.T.);
#11230=ORIENTED_EDGE('',*,*,#11229,.T.);
#11231=ORIENTED_EDGE('',*,*,#11146,.T.);
#11232=EDGE_LOOP('',(#11227,#11228,#11230,#11231));
#11233=FACE_OUTER_BOUND('',#11232,.F.);
#11234=ADVANCED_FACE('',(#11233),#11226,.T.);
#11235=CARTESIAN_POINT('',(4.976973751897E0,-3.239975E0,-1.467556704152E0));
#11236=DIRECTION('',(-1.E0,0.E0,0.E0));
#11237=DIRECTION('',(0.E0,0.E0,1.E0));
#11238=AXIS2_PLACEMENT_3D('',#11235,#11236,#11237);
#11239=PLANE('',#11238);
#11240=ORIENTED_EDGE('',*,*,#10930,.F.);
#11242=ORIENTED_EDGE('',*,*,#11241,.F.);
#11244=ORIENTED_EDGE('',*,*,#11243,.F.);
#11246=ORIENTED_EDGE('',*,*,#11245,.F.);
#11247=ORIENTED_EDGE('',*,*,#11104,.F.);
#11248=ORIENTED_EDGE('',*,*,#11148,.F.);
#11249=ORIENTED_EDGE('',*,*,#11229,.F.);
#11250=ORIENTED_EDGE('',*,*,#10881,.T.);
#11251=EDGE_LOOP('',(#11240,#11242,#11244,#11246,#11247,#11248,#11249,#11250));
#11252=FACE_OUTER_BOUND('',#11251,.F.);
#11253=ADVANCED_FACE('',(#11252),#11239,.T.);
#11254=CARTESIAN_POINT('',(1.0925E1,-1.023371915559E0,-2.695130956137E0));
#11255=DIRECTION('',(0.E0,-1.E0,0.E0));
#11256=DIRECTION('',(0.E0,0.E0,-1.E0));
#11257=AXIS2_PLACEMENT_3D('',#11254,#11255,#11256);
#11258=PLANE('',#11257);
#11259=ORIENTED_EDGE('',*,*,#11241,.T.);
#11260=ORIENTED_EDGE('',*,*,#10928,.F.);
#11261=ORIENTED_EDGE('',*,*,#10967,.T.);
#11263=ORIENTED_EDGE('',*,*,#11262,.T.);
#11264=EDGE_LOOP('',(#11259,#11260,#11261,#11263));
#11265=FACE_OUTER_BOUND('',#11264,.F.);
#11266=ADVANCED_FACE('',(#11265),#11258,.F.);
#11267=CARTESIAN_POINT('',(1.0925E1,-9.99975E-1,-2.025130956137E0));
#11268=DIRECTION('',(0.E0,0.E0,1.E0));
#11269=DIRECTION('',(1.E0,0.E0,0.E0));
#11270=AXIS2_PLACEMENT_3D('',#11267,#11268,#11269);
#11271=PLANE('',#11270);
#11272=ORIENTED_EDGE('',*,*,#11243,.T.);
#11273=ORIENTED_EDGE('',*,*,#11262,.F.);
#11274=ORIENTED_EDGE('',*,*,#10965,.T.);
#11276=ORIENTED_EDGE('',*,*,#11275,.T.);
#11277=EDGE_LOOP('',(#11272,#11273,#11274,#11276));
#11278=FACE_OUTER_BOUND('',#11277,.F.);
#11279=ADVANCED_FACE('',(#11278),#11271,.F.);
#11280=CARTESIAN_POINT('',(1.0925E1,-3.765780844405E-1,-2.024722561457E0));
#11281=DIRECTION('',(0.E0,1.E0,0.E0));
#11282=DIRECTION('',(0.E0,0.E0,1.E0));
#11283=AXIS2_PLACEMENT_3D('',#11280,#11281,#11282);
#11284=PLANE('',#11283);
#11285=ORIENTED_EDGE('',*,*,#11245,.T.);
#11286=ORIENTED_EDGE('',*,*,#11275,.F.);
#11287=ORIENTED_EDGE('',*,*,#10963,.T.);
#11288=ORIENTED_EDGE('',*,*,#11106,.T.);
#11289=EDGE_LOOP('',(#11285,#11286,#11287,#11288));
#11290=FACE_OUTER_BOUND('',#11289,.F.);
#11291=ADVANCED_FACE('',(#11290),#11284,.F.);
#11292=CARTESIAN_POINT('',(1.0925E1,-3.765780844405E-1,-2.024722561457E0));
#11293=DIRECTION('',(0.E0,1.E0,0.E0));
#11294=DIRECTION('',(0.E0,0.E0,1.E0));
#11295=AXIS2_PLACEMENT_3D('',#11292,#11293,#11294);
#11296=PLANE('',#11295);
#11298=ORIENTED_EDGE('',*,*,#11297,.T.);
#11300=ORIENTED_EDGE('',*,*,#11299,.F.);
#11301=ORIENTED_EDGE('',*,*,#11213,.T.);
#11302=ORIENTED_EDGE('',*,*,#11187,.T.);
#11303=EDGE_LOOP('',(#11298,#11300,#11301,#11302));
#11304=FACE_OUTER_BOUND('',#11303,.F.);
#11305=ADVANCED_FACE('',(#11304),#11296,.F.);
#11306=CARTESIAN_POINT('',(1.978801270840E0,-3.239975E0,-1.362858214044E0));
#11307=DIRECTION('',(-1.E0,0.E0,0.E0));
#11308=DIRECTION('',(0.E0,0.E0,1.E0));
#11309=AXIS2_PLACEMENT_3D('',#11306,#11307,#11308);
#11310=PLANE('',#11309);
#11311=ORIENTED_EDGE('',*,*,#10850,.F.);
#11313=ORIENTED_EDGE('',*,*,#11312,.F.);
#11315=ORIENTED_EDGE('',*,*,#11314,.F.);
#11316=ORIENTED_EDGE('',*,*,#11297,.F.);
#11317=ORIENTED_EDGE('',*,*,#11185,.F.);
#11319=ORIENTED_EDGE('',*,*,#11318,.F.);
#11321=ORIENTED_EDGE('',*,*,#11320,.F.);
#11322=ORIENTED_EDGE('',*,*,#10811,.T.);
#11323=EDGE_LOOP('',(#11311,#11313,#11315,#11316,#11317,#11319,#11321,#11322));
#11324=FACE_OUTER_BOUND('',#11323,.F.);
#11325=ADVANCED_FACE('',(#11324),#11310,.T.);
#11326=CARTESIAN_POINT('',(1.0925E1,-1.023371915559E0,-2.695130956137E0));
#11327=DIRECTION('',(0.E0,-1.E0,0.E0));
#11328=DIRECTION('',(0.E0,0.E0,-1.E0));
#11329=AXIS2_PLACEMENT_3D('',#11326,#11327,#11328);
#11330=PLANE('',#11329);
#11331=ORIENTED_EDGE('',*,*,#11312,.T.);
#11332=ORIENTED_EDGE('',*,*,#10848,.F.);
#11333=ORIENTED_EDGE('',*,*,#11217,.T.);
#11335=ORIENTED_EDGE('',*,*,#11334,.T.);
#11336=EDGE_LOOP('',(#11331,#11332,#11333,#11335));
#11337=FACE_OUTER_BOUND('',#11336,.F.);
#11338=ADVANCED_FACE('',(#11337),#11330,.F.);
#11339=CARTESIAN_POINT('',(1.0925E1,-9.99975E-1,-2.025130956137E0));
#11340=DIRECTION('',(0.E0,0.E0,1.E0));
#11341=DIRECTION('',(1.E0,0.E0,0.E0));
#11342=AXIS2_PLACEMENT_3D('',#11339,#11340,#11341);
#11343=PLANE('',#11342);
#11344=ORIENTED_EDGE('',*,*,#11314,.T.);
#11345=ORIENTED_EDGE('',*,*,#11334,.F.);
#11346=ORIENTED_EDGE('',*,*,#11215,.T.);
#11347=ORIENTED_EDGE('',*,*,#11299,.T.);
#11348=EDGE_LOOP('',(#11344,#11345,#11346,#11347));
#11349=FACE_OUTER_BOUND('',#11348,.F.);
#11350=ADVANCED_FACE('',(#11349),#11343,.F.);
#11351=CARTESIAN_POINT('',(-1.0925E1,1.881663866374E0,-2.189641899205E0));
#11352=DIRECTION('',(0.E0,-1.E0,0.E0));
#11353=DIRECTION('',(0.E0,0.E0,-1.E0));
#11354=AXIS2_PLACEMENT_3D('',#11351,#11352,#11353);
#11355=PLANE('',#11354);
#11357=ORIENTED_EDGE('',*,*,#11356,.F.);
#11359=ORIENTED_EDGE('',*,*,#11358,.T.);
#11361=ORIENTED_EDGE('',*,*,#11360,.F.);
#11363=ORIENTED_EDGE('',*,*,#11362,.F.);
#11365=ORIENTED_EDGE('',*,*,#11364,.F.);
#11366=ORIENTED_EDGE('',*,*,#11318,.T.);
#11367=ORIENTED_EDGE('',*,*,#11183,.F.);
#11369=ORIENTED_EDGE('',*,*,#11368,.T.);
#11370=EDGE_LOOP('',(#11357,#11359,#11361,#11363,#11365,#11366,#11367,#11369));
#11371=FACE_OUTER_BOUND('',#11370,.F.);
#11372=ADVANCED_FACE('',(#11371),#11355,.T.);
#11373=CARTESIAN_POINT('',(-1.0925E1,-4.129975E0,-3.365130956137E0));
#11374=DIRECTION('',(0.E0,0.E0,1.E0));
#11375=DIRECTION('',(1.E0,0.E0,0.E0));
#11376=AXIS2_PLACEMENT_3D('',#11373,#11374,#11375);
#11377=PLANE('',#11376);
#11378=ORIENTED_EDGE('',*,*,#10372,.T.);
#11380=ORIENTED_EDGE('',*,*,#11379,.T.);
#11381=ORIENTED_EDGE('',*,*,#11356,.T.);
#11383=ORIENTED_EDGE('',*,*,#11382,.F.);
#11384=EDGE_LOOP('',(#11378,#11380,#11381,#11383));
#11385=FACE_OUTER_BOUND('',#11384,.F.);
#11386=ADVANCED_FACE('',(#11385),#11377,.F.);
#11387=CARTESIAN_POINT('',(3.2E-1,-4.129975E0,-3.055130956137E0));
#11388=DIRECTION('',(-1.E0,0.E0,0.E0));
#11389=DIRECTION('',(0.E0,0.E0,1.E0));
#11390=AXIS2_PLACEMENT_3D('',#11387,#11388,#11389);
#11391=PLANE('',#11390);
#11393=ORIENTED_EDGE('',*,*,#11392,.T.);
#11394=ORIENTED_EDGE('',*,*,#11358,.F.);
#11395=ORIENTED_EDGE('',*,*,#11379,.F.);
#11396=ORIENTED_EDGE('',*,*,#10370,.F.);
#11397=EDGE_LOOP('',(#11393,#11394,#11395,#11396));
#11398=FACE_OUTER_BOUND('',#11397,.F.);
#11399=ADVANCED_FACE('',(#11398),#11391,.T.);
#11400=CARTESIAN_POINT('',(1.0925E1,-3.765780844405E-1,-2.695130956137E0));
#11401=DIRECTION('',(0.E0,0.E0,1.E0));
#11402=DIRECTION('',(1.E0,0.E0,0.E0));
#11403=AXIS2_PLACEMENT_3D('',#11400,#11401,#11402);
#11404=PLANE('',#11403);
#11406=ORIENTED_EDGE('',*,*,#11405,.T.);
#11407=ORIENTED_EDGE('',*,*,#11360,.T.);
#11408=ORIENTED_EDGE('',*,*,#11392,.F.);
#11409=ORIENTED_EDGE('',*,*,#10368,.F.);
#11411=ORIENTED_EDGE('',*,*,#11410,.T.);
#11413=ORIENTED_EDGE('',*,*,#11412,.T.);
#11415=ORIENTED_EDGE('',*,*,#11414,.T.);
#11417=ORIENTED_EDGE('',*,*,#11416,.F.);
#11418=EDGE_LOOP('',(#11406,#11407,#11408,#11409,#11411,#11413,#11415,#11417));
#11419=FACE_OUTER_BOUND('',#11418,.F.);
#11421=ORIENTED_EDGE('',*,*,#11420,.F.);
#11423=ORIENTED_EDGE('',*,*,#11422,.F.);
#11425=ORIENTED_EDGE('',*,*,#11424,.F.);
#11427=ORIENTED_EDGE('',*,*,#11426,.F.);
#11428=EDGE_LOOP('',(#11421,#11423,#11425,#11427));
#11429=FACE_BOUND('',#11428,.F.);
#11430=ADVANCED_FACE('',(#11419,#11429),#11404,.F.);
#11431=CARTESIAN_POINT('',(1.008406096561E0,-3.239975E0,-6.299687832919E-1));
#11432=DIRECTION('',(1.E0,0.E0,0.E0));
#11433=DIRECTION('',(0.E0,0.E0,-1.E0));
#11434=AXIS2_PLACEMENT_3D('',#11431,#11432,#11433);
#11435=PLANE('',#11434);
#11436=ORIENTED_EDGE('',*,*,#10778,.F.);
#11437=ORIENTED_EDGE('',*,*,#10815,.F.);
#11439=ORIENTED_EDGE('',*,*,#11438,.F.);
#11440=ORIENTED_EDGE('',*,*,#11362,.T.);
#11441=ORIENTED_EDGE('',*,*,#11405,.F.);
#11443=ORIENTED_EDGE('',*,*,#11442,.F.);
#11445=ORIENTED_EDGE('',*,*,#11444,.F.);
#11447=ORIENTED_EDGE('',*,*,#11446,.F.);
#11448=EDGE_LOOP('',(#11436,#11437,#11439,#11440,#11441,#11443,#11445,#11447));
#11449=FACE_OUTER_BOUND('',#11448,.F.);
#11450=ADVANCED_FACE('',(#11449),#11435,.T.);
#11451=CARTESIAN_POINT('',(-1.0925E1,-4.129975E0,-9.451309561373E-1));
#11452=DIRECTION('',(0.E0,0.E0,-1.E0));
#11453=DIRECTION('',(-1.E0,0.E0,0.E0));
#11454=AXIS2_PLACEMENT_3D('',#11451,#11452,#11453);
#11455=PLANE('',#11454);
#11456=ORIENTED_EDGE('',*,*,#11438,.T.);
#11457=ORIENTED_EDGE('',*,*,#10813,.T.);
#11458=ORIENTED_EDGE('',*,*,#11320,.T.);
#11459=ORIENTED_EDGE('',*,*,#11364,.T.);
#11460=EDGE_LOOP('',(#11456,#11457,#11458,#11459));
#11461=FACE_OUTER_BOUND('',#11460,.F.);
#11462=ADVANCED_FACE('',(#11461),#11455,.T.);
#11463=CARTESIAN_POINT('',(1.0925E1,-3.765780844405E-1,-2.024722561457E0));
#11464=DIRECTION('',(0.E0,1.E0,0.E0));
#11465=DIRECTION('',(0.E0,0.E0,1.E0));
#11466=AXIS2_PLACEMENT_3D('',#11463,#11464,#11465);
#11467=PLANE('',#11466);
#11469=ORIENTED_EDGE('',*,*,#11468,.T.);
#11471=ORIENTED_EDGE('',*,*,#11470,.F.);
#11472=ORIENTED_EDGE('',*,*,#11442,.T.);
#11473=ORIENTED_EDGE('',*,*,#11416,.T.);
#11474=EDGE_LOOP('',(#11469,#11471,#11472,#11473));
#11475=FACE_OUTER_BOUND('',#11474,.F.);
#11476=ADVANCED_FACE('',(#11475),#11467,.F.);
#11477=CARTESIAN_POINT('',(-1.019371210218E0,-3.239975E0,-1.258159723937E0));
#11478=DIRECTION('',(-1.E0,0.E0,0.E0));
#11479=DIRECTION('',(0.E0,0.E0,1.E0));
#11480=AXIS2_PLACEMENT_3D('',#11477,#11478,#11479);
#11481=PLANE('',#11480);
#11482=ORIENTED_EDGE('',*,*,#10782,.F.);
#11484=ORIENTED_EDGE('',*,*,#11483,.F.);
#11486=ORIENTED_EDGE('',*,*,#11485,.F.);
#11487=ORIENTED_EDGE('',*,*,#11468,.F.);
#11488=ORIENTED_EDGE('',*,*,#11414,.F.);
#11490=ORIENTED_EDGE('',*,*,#11489,.F.);
#11492=ORIENTED_EDGE('',*,*,#11491,.F.);
#11493=ORIENTED_EDGE('',*,*,#10732,.T.);
#11494=EDGE_LOOP('',(#11482,#11484,#11486,#11487,#11488,#11490,#11492,#11493));
#11495=FACE_OUTER_BOUND('',#11494,.F.);
#11496=ADVANCED_FACE('',(#11495),#11481,.T.);
#11497=CARTESIAN_POINT('',(1.0925E1,-1.023371915559E0,-2.695130956137E0));
#11498=DIRECTION('',(0.E0,-1.E0,0.E0));
#11499=DIRECTION('',(0.E0,0.E0,-1.E0));
#11500=AXIS2_PLACEMENT_3D('',#11497,#11498,#11499);
#11501=PLANE('',#11500);
#11502=ORIENTED_EDGE('',*,*,#11483,.T.);
#11503=ORIENTED_EDGE('',*,*,#10780,.F.);
#11504=ORIENTED_EDGE('',*,*,#11446,.T.);
#11506=ORIENTED_EDGE('',*,*,#11505,.T.);
#11507=EDGE_LOOP('',(#11502,#11503,#11504,#11506));
#11508=FACE_OUTER_BOUND('',#11507,.F.);
#11509=ADVANCED_FACE('',(#11508),#11501,.F.);
#11510=CARTESIAN_POINT('',(1.0925E1,-9.99975E-1,-2.025130956137E0));
#11511=DIRECTION('',(0.E0,0.E0,1.E0));
#11512=DIRECTION('',(1.E0,0.E0,0.E0));
#11513=AXIS2_PLACEMENT_3D('',#11510,#11511,#11512);
#11514=PLANE('',#11513);
#11515=ORIENTED_EDGE('',*,*,#11485,.T.);
#11516=ORIENTED_EDGE('',*,*,#11505,.F.);
#11517=ORIENTED_EDGE('',*,*,#11444,.T.);
#11518=ORIENTED_EDGE('',*,*,#11470,.T.);
#11519=EDGE_LOOP('',(#11515,#11516,#11517,#11518));
#11520=FACE_OUTER_BOUND('',#11519,.F.);
#11521=ADVANCED_FACE('',(#11520),#11514,.F.);
#11522=CARTESIAN_POINT('',(-1.0925E1,1.881663866374E0,-2.189641899205E0));
#11523=DIRECTION('',(0.E0,-1.E0,0.E0));
#11524=DIRECTION('',(0.E0,0.E0,-1.E0));
#11525=AXIS2_PLACEMENT_3D('',#11522,#11523,#11524);
#11526=PLANE('',#11525);
#11528=ORIENTED_EDGE('',*,*,#11527,.T.);
#11530=ORIENTED_EDGE('',*,*,#11529,.F.);
#11532=ORIENTED_EDGE('',*,*,#11531,.F.);
#11534=ORIENTED_EDGE('',*,*,#11533,.F.);
#11535=ORIENTED_EDGE('',*,*,#11489,.T.);
#11536=ORIENTED_EDGE('',*,*,#11412,.F.);
#11538=ORIENTED_EDGE('',*,*,#11537,.T.);
#11540=ORIENTED_EDGE('',*,*,#11539,.F.);
#11541=EDGE_LOOP('',(#11528,#11530,#11532,#11534,#11535,#11536,#11538,#11540));
#11542=FACE_OUTER_BOUND('',#11541,.F.);
#11543=ADVANCED_FACE('',(#11542),#11526,.T.);
#11544=CARTESIAN_POINT('',(-2.68E0,-4.129975E0,-3.055130956137E0));
#11545=DIRECTION('',(-1.E0,0.E0,0.E0));
#11546=DIRECTION('',(0.E0,0.E0,1.E0));
#11547=AXIS2_PLACEMENT_3D('',#11544,#11545,#11546);
#11548=PLANE('',#11547);
#11550=ORIENTED_EDGE('',*,*,#11549,.T.);
#11551=ORIENTED_EDGE('',*,*,#11527,.F.);
#11553=ORIENTED_EDGE('',*,*,#11552,.T.);
#11554=ORIENTED_EDGE('',*,*,#10362,.F.);
#11555=EDGE_LOOP('',(#11550,#11551,#11553,#11554));
#11556=FACE_OUTER_BOUND('',#11555,.F.);
#11557=ADVANCED_FACE('',(#11556),#11548,.T.);
#11558=CARTESIAN_POINT('',(1.0925E1,-3.765780844405E-1,-2.695130956137E0));
#11559=DIRECTION('',(0.E0,0.E0,1.E0));
#11560=DIRECTION('',(1.E0,0.E0,0.E0));
#11561=AXIS2_PLACEMENT_3D('',#11558,#11559,#11560);
#11562=PLANE('',#11561);
#11564=ORIENTED_EDGE('',*,*,#11563,.T.);
#11565=ORIENTED_EDGE('',*,*,#11529,.T.);
#11566=ORIENTED_EDGE('',*,*,#11549,.F.);
#11567=ORIENTED_EDGE('',*,*,#10360,.F.);
#11569=ORIENTED_EDGE('',*,*,#11568,.T.);
#11571=ORIENTED_EDGE('',*,*,#11570,.T.);
#11573=ORIENTED_EDGE('',*,*,#11572,.T.);
#11575=ORIENTED_EDGE('',*,*,#11574,.F.);
#11576=EDGE_LOOP('',(#11564,#11565,#11566,#11567,#11569,#11571,#11573,#11575));
#11577=FACE_OUTER_BOUND('',#11576,.F.);
#11579=ORIENTED_EDGE('',*,*,#11578,.F.);
#11581=ORIENTED_EDGE('',*,*,#11580,.F.);
#11583=ORIENTED_EDGE('',*,*,#11582,.F.);
#11585=ORIENTED_EDGE('',*,*,#11584,.F.);
#11586=EDGE_LOOP('',(#11579,#11581,#11583,#11585));
#11587=FACE_BOUND('',#11586,.F.);
#11588=ADVANCED_FACE('',(#11577,#11587),#11562,.F.);
#11589=CARTESIAN_POINT('',(-1.989766384496E0,-3.239975E0,-7.346672733994E-1));
#11590=DIRECTION('',(1.E0,0.E0,0.E0));
#11591=DIRECTION('',(0.E0,0.E0,-1.E0));
#11592=AXIS2_PLACEMENT_3D('',#11589,#11590,#11591);
#11593=PLANE('',#11592);
#11594=ORIENTED_EDGE('',*,*,#10697,.F.);
#11595=ORIENTED_EDGE('',*,*,#10736,.F.);
#11597=ORIENTED_EDGE('',*,*,#11596,.F.);
#11598=ORIENTED_EDGE('',*,*,#11531,.T.);
#11599=ORIENTED_EDGE('',*,*,#11563,.F.);
#11601=ORIENTED_EDGE('',*,*,#11600,.F.);
#11603=ORIENTED_EDGE('',*,*,#11602,.F.);
#11605=ORIENTED_EDGE('',*,*,#11604,.F.);
#11606=EDGE_LOOP('',(#11594,#11595,#11597,#11598,#11599,#11601,#11603,#11605));
#11607=FACE_OUTER_BOUND('',#11606,.F.);
#11608=ADVANCED_FACE('',(#11607),#11593,.T.);
#11609=CARTESIAN_POINT('',(-1.0925E1,-4.129975E0,-9.451309561373E-1));
#11610=DIRECTION('',(0.E0,0.E0,-1.E0));
#11611=DIRECTION('',(-1.E0,0.E0,0.E0));
#11612=AXIS2_PLACEMENT_3D('',#11609,#11610,#11611);
#11613=PLANE('',#11612);
#11614=ORIENTED_EDGE('',*,*,#11596,.T.);
#11615=ORIENTED_EDGE('',*,*,#10734,.T.);
#11616=ORIENTED_EDGE('',*,*,#11491,.T.);
#11617=ORIENTED_EDGE('',*,*,#11533,.T.);
#11618=EDGE_LOOP('',(#11614,#11615,#11616,#11617));
#11619=FACE_OUTER_BOUND('',#11618,.F.);
#11620=ADVANCED_FACE('',(#11619),#11613,.T.);
#11621=CARTESIAN_POINT('',(1.0925E1,-3.765780844405E-1,-2.024722561457E0));
#11622=DIRECTION('',(0.E0,1.E0,0.E0));
#11623=DIRECTION('',(0.E0,0.E0,1.E0));
#11624=AXIS2_PLACEMENT_3D('',#11621,#11622,#11623);
#11625=PLANE('',#11624);
#11627=ORIENTED_EDGE('',*,*,#11626,.T.);
#11629=ORIENTED_EDGE('',*,*,#11628,.F.);
#11630=ORIENTED_EDGE('',*,*,#11600,.T.);
#11631=ORIENTED_EDGE('',*,*,#11574,.T.);
#11632=EDGE_LOOP('',(#11627,#11629,#11630,#11631));
#11633=FACE_OUTER_BOUND('',#11632,.F.);
#11634=ADVANCED_FACE('',(#11633),#11625,.F.);
#11635=CARTESIAN_POINT('',(-4.017543691275E0,-3.239975E0,-1.153461233829E0));
#11636=DIRECTION('',(-1.E0,0.E0,0.E0));
#11637=DIRECTION('',(0.E0,0.E0,1.E0));
#11638=AXIS2_PLACEMENT_3D('',#11635,#11636,#11637);
#11639=PLANE('',#11638);
#11640=ORIENTED_EDGE('',*,*,#10701,.F.);
#11642=ORIENTED_EDGE('',*,*,#11641,.F.);
#11644=ORIENTED_EDGE('',*,*,#11643,.F.);
#11645=ORIENTED_EDGE('',*,*,#11626,.F.);
#11646=ORIENTED_EDGE('',*,*,#11572,.F.);
#11648=ORIENTED_EDGE('',*,*,#11647,.F.);
#11650=ORIENTED_EDGE('',*,*,#11649,.F.);
#11651=ORIENTED_EDGE('',*,*,#10663,.T.);
#11652=EDGE_LOOP('',(#11640,#11642,#11644,#11645,#11646,#11648,#11650,#11651));
#11653=FACE_OUTER_BOUND('',#11652,.F.);
#11654=ADVANCED_FACE('',(#11653),#11639,.T.);
#11655=CARTESIAN_POINT('',(1.0925E1,-1.023371915559E0,-2.695130956137E0));
#11656=DIRECTION('',(0.E0,-1.E0,0.E0));
#11657=DIRECTION('',(0.E0,0.E0,-1.E0));
#11658=AXIS2_PLACEMENT_3D('',#11655,#11656,#11657);
#11659=PLANE('',#11658);
#11660=ORIENTED_EDGE('',*,*,#11641,.T.);
#11661=ORIENTED_EDGE('',*,*,#10699,.F.);
#11662=ORIENTED_EDGE('',*,*,#11604,.T.);
#11664=ORIENTED_EDGE('',*,*,#11663,.T.);
#11665=EDGE_LOOP('',(#11660,#11661,#11662,#11664));
#11666=FACE_OUTER_BOUND('',#11665,.F.);
#11667=ADVANCED_FACE('',(#11666),#11659,.F.);
#11668=CARTESIAN_POINT('',(1.0925E1,-9.99975E-1,-2.025130956137E0));
#11669=DIRECTION('',(0.E0,0.E0,1.E0));
#11670=DIRECTION('',(1.E0,0.E0,0.E0));
#11671=AXIS2_PLACEMENT_3D('',#11668,#11669,#11670);
#11672=PLANE('',#11671);
#11673=ORIENTED_EDGE('',*,*,#11643,.T.);
#11674=ORIENTED_EDGE('',*,*,#11663,.F.);
#11675=ORIENTED_EDGE('',*,*,#11602,.T.);
#11676=ORIENTED_EDGE('',*,*,#11628,.T.);
#11677=EDGE_LOOP('',(#11673,#11674,#11675,#11676));
#11678=FACE_OUTER_BOUND('',#11677,.F.);
#11679=ADVANCED_FACE('',(#11678),#11672,.F.);
#11680=CARTESIAN_POINT('',(-1.0925E1,1.881663866374E0,-2.189641899205E0));
#11681=DIRECTION('',(0.E0,-1.E0,0.E0));
#11682=DIRECTION('',(0.E0,0.E0,-1.E0));
#11683=AXIS2_PLACEMENT_3D('',#11680,#11681,#11682);
#11684=PLANE('',#11683);
#11686=ORIENTED_EDGE('',*,*,#11685,.F.);
#11688=ORIENTED_EDGE('',*,*,#11687,.T.);
#11689=ORIENTED_EDGE('',*,*,#10576,.F.);
#11690=ORIENTED_EDGE('',*,*,#10611,.F.);
#11692=ORIENTED_EDGE('',*,*,#11691,.F.);
#11693=ORIENTED_EDGE('',*,*,#11647,.T.);
#11694=ORIENTED_EDGE('',*,*,#11570,.F.);
#11696=ORIENTED_EDGE('',*,*,#11695,.T.);
#11697=EDGE_LOOP('',(#11686,#11688,#11689,#11690,#11692,#11693,#11694,#11696));
#11698=FACE_OUTER_BOUND('',#11697,.F.);
#11699=ADVANCED_FACE('',(#11698),#11684,.T.);
#11700=CARTESIAN_POINT('',(-1.0925E1,-4.129975E0,-3.365130956137E0));
#11701=DIRECTION('',(0.E0,0.E0,1.E0));
#11702=DIRECTION('',(1.E0,0.E0,0.E0));
#11703=AXIS2_PLACEMENT_3D('',#11700,#11701,#11702);
#11704=PLANE('',#11703);
#11705=ORIENTED_EDGE('',*,*,#10356,.T.);
#11707=ORIENTED_EDGE('',*,*,#11706,.F.);
#11708=ORIENTED_EDGE('',*,*,#11685,.T.);
#11710=ORIENTED_EDGE('',*,*,#11709,.T.);
#11711=EDGE_LOOP('',(#11705,#11707,#11708,#11710));
#11712=FACE_OUTER_BOUND('',#11711,.F.);
#11713=ADVANCED_FACE('',(#11712),#11704,.F.);
#11714=CARTESIAN_POINT('',(-5.68E0,-4.129975E0,-3.055130956137E0));
#11715=DIRECTION('',(-1.E0,0.E0,0.E0));
#11716=DIRECTION('',(0.E0,0.E0,1.E0));
#11717=AXIS2_PLACEMENT_3D('',#11714,#11715,#11716);
#11718=PLANE('',#11717);
#11719=ORIENTED_EDGE('',*,*,#10578,.T.);
#11720=ORIENTED_EDGE('',*,*,#11687,.F.);
#11721=ORIENTED_EDGE('',*,*,#11706,.T.);
#11722=ORIENTED_EDGE('',*,*,#10354,.F.);
#11723=EDGE_LOOP('',(#11719,#11720,#11721,#11722));
#11724=FACE_OUTER_BOUND('',#11723,.F.);
#11725=ADVANCED_FACE('',(#11724),#11718,.T.);
#11726=CARTESIAN_POINT('',(-3.32E0,-4.129975E0,-2.695130956137E0));
#11727=DIRECTION('',(1.E0,0.E0,0.E0));
#11728=DIRECTION('',(0.E0,0.E0,-1.E0));
#11729=AXIS2_PLACEMENT_3D('',#11726,#11727,#11728);
#11730=PLANE('',#11729);
#11731=ORIENTED_EDGE('',*,*,#11695,.F.);
#11732=ORIENTED_EDGE('',*,*,#11568,.F.);
#11733=ORIENTED_EDGE('',*,*,#10358,.F.);
#11734=ORIENTED_EDGE('',*,*,#11709,.F.);
#11735=EDGE_LOOP('',(#11731,#11732,#11733,#11734));
#11736=FACE_OUTER_BOUND('',#11735,.F.);
#11737=ADVANCED_FACE('',(#11736),#11730,.T.);
#11738=CARTESIAN_POINT('',(-1.0925E1,-4.129975E0,-9.451309561373E-1));
#11739=DIRECTION('',(0.E0,0.E0,-1.E0));
#11740=DIRECTION('',(-1.E0,0.E0,0.E0));
#11741=AXIS2_PLACEMENT_3D('',#11738,#11739,#11740);
#11742=PLANE('',#11741);
#11743=ORIENTED_EDGE('',*,*,#10609,.T.);
#11744=ORIENTED_EDGE('',*,*,#10665,.T.);
#11745=ORIENTED_EDGE('',*,*,#11649,.T.);
#11746=ORIENTED_EDGE('',*,*,#11691,.T.);
#11747=EDGE_LOOP('',(#11743,#11744,#11745,#11746));
#11748=FACE_OUTER_BOUND('',#11747,.F.);
#11749=ADVANCED_FACE('',(#11748),#11742,.T.);
#11750=CARTESIAN_POINT('',(-3.3175E0,4.82525E-1,-1.007969149847E0));
#11751=DIRECTION('',(0.E0,1.E0,0.E0));
#11752=DIRECTION('',(0.E0,0.E0,1.E0));
#11753=AXIS2_PLACEMENT_3D('',#11750,#11751,#11752);
#11754=PLANE('',#11753);
#11756=ORIENTED_EDGE('',*,*,#11755,.T.);
#11758=ORIENTED_EDGE('',*,*,#11757,.F.);
#11760=ORIENTED_EDGE('',*,*,#11759,.T.);
#11761=ORIENTED_EDGE('',*,*,#11578,.T.);
#11762=EDGE_LOOP('',(#11756,#11758,#11760,#11761));
#11763=FACE_OUTER_BOUND('',#11762,.F.);
#11764=ADVANCED_FACE('',(#11763),#11754,.F.);
#11765=CARTESIAN_POINT('',(-2.6825E0,1.117525E0,-1.031530956137E0));
#11766=DIRECTION('',(-1.E0,0.E0,0.E0));
#11767=DIRECTION('',(0.E0,0.E0,-1.E0));
#11768=AXIS2_PLACEMENT_3D('',#11765,#11766,#11767);
#11769=PLANE('',#11768);
#11771=ORIENTED_EDGE('',*,*,#11770,.F.);
#11773=ORIENTED_EDGE('',*,*,#11772,.F.);
#11774=ORIENTED_EDGE('',*,*,#11755,.F.);
#11775=ORIENTED_EDGE('',*,*,#11584,.T.);
#11776=EDGE_LOOP('',(#11771,#11773,#11774,#11775));
#11777=FACE_OUTER_BOUND('',#11776,.F.);
#11778=ADVANCED_FACE('',(#11777),#11769,.F.);
#11779=CARTESIAN_POINT('',(-2.682500200162E0,1.117525200162E0,
-1.007969149847E0));
#11780=DIRECTION('',(0.E0,-1.E0,0.E0));
#11781=DIRECTION('',(0.E0,0.E0,1.E0));
#11782=AXIS2_PLACEMENT_3D('',#11779,#11780,#11781);
#11783=PLANE('',#11782);
#11785=ORIENTED_EDGE('',*,*,#11784,.F.);
#11787=ORIENTED_EDGE('',*,*,#11786,.F.);
#11788=ORIENTED_EDGE('',*,*,#11770,.T.);
#11789=ORIENTED_EDGE('',*,*,#11582,.T.);
#11790=EDGE_LOOP('',(#11785,#11787,#11788,#11789));
#11791=FACE_OUTER_BOUND('',#11790,.F.);
#11792=ADVANCED_FACE('',(#11791),#11783,.F.);
#11793=CARTESIAN_POINT('',(-3.3175E0,1.117525E0,-7.775307888469E-1));
#11794=DIRECTION('',(1.E0,0.E0,0.E0));
#11795=DIRECTION('',(0.E0,0.E0,1.E0));
#11796=AXIS2_PLACEMENT_3D('',#11793,#11794,#11795);
#11797=PLANE('',#11796);
#11798=ORIENTED_EDGE('',*,*,#11759,.F.);
#11800=ORIENTED_EDGE('',*,*,#11799,.F.);
#11801=ORIENTED_EDGE('',*,*,#11784,.T.);
#11802=ORIENTED_EDGE('',*,*,#11580,.T.);
#11803=EDGE_LOOP('',(#11798,#11800,#11801,#11802));
#11804=FACE_OUTER_BOUND('',#11803,.F.);
#11805=ADVANCED_FACE('',(#11804),#11797,.F.);
#11806=CARTESIAN_POINT('',(-2.6825E0,4.82525E-1,-6.544869043863E0));
#11807=DIRECTION('',(0.E0,0.E0,1.E0));
#11808=DIRECTION('',(0.E0,1.E0,0.E0));
#11809=AXIS2_PLACEMENT_3D('',#11806,#11807,#11808);
#11810=PLANE('',#11809);
#11811=ORIENTED_EDGE('',*,*,#11772,.T.);
#11812=ORIENTED_EDGE('',*,*,#11786,.T.);
#11813=ORIENTED_EDGE('',*,*,#11799,.T.);
#11814=ORIENTED_EDGE('',*,*,#11757,.T.);
#11815=EDGE_LOOP('',(#11811,#11812,#11813,#11814));
#11816=FACE_OUTER_BOUND('',#11815,.F.);
#11817=ADVANCED_FACE('',(#11816),#11810,.F.);
#11818=CARTESIAN_POINT('',(-1.0925E1,-4.129975E0,-3.365130956137E0));
#11819=DIRECTION('',(0.E0,0.E0,1.E0));
#11820=DIRECTION('',(1.E0,0.E0,0.E0));
#11821=AXIS2_PLACEMENT_3D('',#11818,#11819,#11820);
#11822=PLANE('',#11821);
#11823=ORIENTED_EDGE('',*,*,#11539,.T.);
#11825=ORIENTED_EDGE('',*,*,#11824,.T.);
#11826=ORIENTED_EDGE('',*,*,#10364,.T.);
#11827=ORIENTED_EDGE('',*,*,#11552,.F.);
#11828=EDGE_LOOP('',(#11823,#11825,#11826,#11827));
#11829=FACE_OUTER_BOUND('',#11828,.F.);
#11830=ADVANCED_FACE('',(#11829),#11822,.F.);
#11831=CARTESIAN_POINT('',(-3.2E-1,-4.129975E0,-2.695130956137E0));
#11832=DIRECTION('',(1.E0,0.E0,0.E0));
#11833=DIRECTION('',(0.E0,0.E0,-1.E0));
#11834=AXIS2_PLACEMENT_3D('',#11831,#11832,#11833);
#11835=PLANE('',#11834);
#11836=ORIENTED_EDGE('',*,*,#11537,.F.);
#11837=ORIENTED_EDGE('',*,*,#11410,.F.);
#11838=ORIENTED_EDGE('',*,*,#10366,.F.);
#11839=ORIENTED_EDGE('',*,*,#11824,.F.);
#11840=EDGE_LOOP('',(#11836,#11837,#11838,#11839));
#11841=FACE_OUTER_BOUND('',#11840,.F.);
#11842=ADVANCED_FACE('',(#11841),#11835,.T.);
#11843=CARTESIAN_POINT('',(-3.175E-1,4.82525E-1,-1.007969149847E0));
#11844=DIRECTION('',(0.E0,1.E0,0.E0));
#11845=DIRECTION('',(0.E0,0.E0,1.E0));
#11846=AXIS2_PLACEMENT_3D('',#11843,#11844,#11845);
#11847=PLANE('',#11846);
#11849=ORIENTED_EDGE('',*,*,#11848,.T.);
#11851=ORIENTED_EDGE('',*,*,#11850,.F.);
#11853=ORIENTED_EDGE('',*,*,#11852,.T.);
#11854=ORIENTED_EDGE('',*,*,#11420,.T.);
#11855=EDGE_LOOP('',(#11849,#11851,#11853,#11854));
#11856=FACE_OUTER_BOUND('',#11855,.F.);
#11857=ADVANCED_FACE('',(#11856),#11847,.F.);
#11858=CARTESIAN_POINT('',(3.175E-1,1.117525E0,-1.031530956137E0));
#11859=DIRECTION('',(-1.E0,0.E0,0.E0));
#11860=DIRECTION('',(0.E0,0.E0,-1.E0));
#11861=AXIS2_PLACEMENT_3D('',#11858,#11859,#11860);
#11862=PLANE('',#11861);
#11864=ORIENTED_EDGE('',*,*,#11863,.F.);
#11866=ORIENTED_EDGE('',*,*,#11865,.F.);
#11867=ORIENTED_EDGE('',*,*,#11848,.F.);
#11868=ORIENTED_EDGE('',*,*,#11426,.T.);
#11869=EDGE_LOOP('',(#11864,#11866,#11867,#11868));
#11870=FACE_OUTER_BOUND('',#11869,.F.);
#11871=ADVANCED_FACE('',(#11870),#11862,.F.);
#11872=CARTESIAN_POINT('',(3.174997998376E-1,1.117525200162E0,
-1.007969149847E0));
#11873=DIRECTION('',(0.E0,-1.E0,0.E0));
#11874=DIRECTION('',(0.E0,0.E0,1.E0));
#11875=AXIS2_PLACEMENT_3D('',#11872,#11873,#11874);
#11876=PLANE('',#11875);
#11878=ORIENTED_EDGE('',*,*,#11877,.F.);
#11880=ORIENTED_EDGE('',*,*,#11879,.F.);
#11881=ORIENTED_EDGE('',*,*,#11863,.T.);
#11882=ORIENTED_EDGE('',*,*,#11424,.T.);
#11883=EDGE_LOOP('',(#11878,#11880,#11881,#11882));
#11884=FACE_OUTER_BOUND('',#11883,.F.);
#11885=ADVANCED_FACE('',(#11884),#11876,.F.);
#11886=CARTESIAN_POINT('',(-3.175E-1,1.117525E0,-7.775307888469E-1));
#11887=DIRECTION('',(1.E0,0.E0,0.E0));
#11888=DIRECTION('',(0.E0,0.E0,1.E0));
#11889=AXIS2_PLACEMENT_3D('',#11886,#11887,#11888);
#11890=PLANE('',#11889);
#11891=ORIENTED_EDGE('',*,*,#11852,.F.);
#11893=ORIENTED_EDGE('',*,*,#11892,.F.);
#11894=ORIENTED_EDGE('',*,*,#11877,.T.);
#11895=ORIENTED_EDGE('',*,*,#11422,.T.);
#11896=EDGE_LOOP('',(#11891,#11893,#11894,#11895));
#11897=FACE_OUTER_BOUND('',#11896,.F.);
#11898=ADVANCED_FACE('',(#11897),#11890,.F.);
#11899=CARTESIAN_POINT('',(3.175E-1,4.82525E-1,-6.544869043863E0));
#11900=DIRECTION('',(0.E0,0.E0,1.E0));
#11901=DIRECTION('',(0.E0,1.E0,0.E0));
#11902=AXIS2_PLACEMENT_3D('',#11899,#11900,#11901);
#11903=PLANE('',#11902);
#11904=ORIENTED_EDGE('',*,*,#11865,.T.);
#11905=ORIENTED_EDGE('',*,*,#11879,.T.);
#11906=ORIENTED_EDGE('',*,*,#11892,.T.);
#11907=ORIENTED_EDGE('',*,*,#11850,.T.);
#11908=EDGE_LOOP('',(#11904,#11905,#11906,#11907));
#11909=FACE_OUTER_BOUND('',#11908,.F.);
#11910=ADVANCED_FACE('',(#11909),#11903,.F.);
#11911=CARTESIAN_POINT('',(2.68E0,-4.129975E0,-2.695130956137E0));
#11912=DIRECTION('',(1.E0,0.E0,0.E0));
#11913=DIRECTION('',(0.E0,0.E0,-1.E0));
#11914=AXIS2_PLACEMENT_3D('',#11911,#11912,#11913);
#11915=PLANE('',#11914);
#11916=ORIENTED_EDGE('',*,*,#11368,.F.);
#11917=ORIENTED_EDGE('',*,*,#11181,.F.);
#11918=ORIENTED_EDGE('',*,*,#10374,.F.);
#11919=ORIENTED_EDGE('',*,*,#11382,.T.);
#11920=EDGE_LOOP('',(#11916,#11917,#11918,#11919));
#11921=FACE_OUTER_BOUND('',#11920,.F.);
#11922=ADVANCED_FACE('',(#11921),#11915,.T.);
#11923=CARTESIAN_POINT('',(2.6825E0,4.82525E-1,-1.007969149847E0));
#11924=DIRECTION('',(0.E0,1.E0,0.E0));
#11925=DIRECTION('',(0.E0,0.E0,1.E0));
#11926=AXIS2_PLACEMENT_3D('',#11923,#11924,#11925);
#11927=PLANE('',#11926);
#11929=ORIENTED_EDGE('',*,*,#11928,.T.);
#11931=ORIENTED_EDGE('',*,*,#11930,.F.);
#11933=ORIENTED_EDGE('',*,*,#11932,.T.);
#11934=ORIENTED_EDGE('',*,*,#11191,.T.);
#11935=EDGE_LOOP('',(#11929,#11931,#11933,#11934));
#11936=FACE_OUTER_BOUND('',#11935,.F.);
#11937=ADVANCED_FACE('',(#11936),#11927,.F.);
#11938=CARTESIAN_POINT('',(3.3175E0,1.117525E0,-1.031530956137E0));
#11939=DIRECTION('',(-1.E0,0.E0,0.E0));
#11940=DIRECTION('',(0.E0,0.E0,-1.E0));
#11941=AXIS2_PLACEMENT_3D('',#11938,#11939,#11940);
#11942=PLANE('',#11941);
#11944=ORIENTED_EDGE('',*,*,#11943,.F.);
#11946=ORIENTED_EDGE('',*,*,#11945,.F.);
#11947=ORIENTED_EDGE('',*,*,#11928,.F.);
#11948=ORIENTED_EDGE('',*,*,#11197,.T.);
#11949=EDGE_LOOP('',(#11944,#11946,#11947,#11948));
#11950=FACE_OUTER_BOUND('',#11949,.F.);
#11951=ADVANCED_FACE('',(#11950),#11942,.F.);
#11952=CARTESIAN_POINT('',(3.317499799838E0,1.117525200162E0,
-1.007969149847E0));
#11953=DIRECTION('',(0.E0,-1.E0,0.E0));
#11954=DIRECTION('',(0.E0,0.E0,1.E0));
#11955=AXIS2_PLACEMENT_3D('',#11952,#11953,#11954);
#11956=PLANE('',#11955);
#11958=ORIENTED_EDGE('',*,*,#11957,.F.);
#11960=ORIENTED_EDGE('',*,*,#11959,.F.);
#11961=ORIENTED_EDGE('',*,*,#11943,.T.);
#11962=ORIENTED_EDGE('',*,*,#11195,.T.);
#11963=EDGE_LOOP('',(#11958,#11960,#11961,#11962));
#11964=FACE_OUTER_BOUND('',#11963,.F.);
#11965=ADVANCED_FACE('',(#11964),#11956,.F.);
#11966=CARTESIAN_POINT('',(2.6825E0,1.117525E0,-7.775307888469E-1));
#11967=DIRECTION('',(1.E0,0.E0,0.E0));
#11968=DIRECTION('',(0.E0,0.E0,1.E0));
#11969=AXIS2_PLACEMENT_3D('',#11966,#11967,#11968);
#11970=PLANE('',#11969);
#11971=ORIENTED_EDGE('',*,*,#11932,.F.);
#11973=ORIENTED_EDGE('',*,*,#11972,.F.);
#11974=ORIENTED_EDGE('',*,*,#11957,.T.);
#11975=ORIENTED_EDGE('',*,*,#11193,.T.);
#11976=EDGE_LOOP('',(#11971,#11973,#11974,#11975));
#11977=FACE_OUTER_BOUND('',#11976,.F.);
#11978=ADVANCED_FACE('',(#11977),#11970,.F.);
#11979=CARTESIAN_POINT('',(3.3175E0,4.82525E-1,-6.544869043863E0));
#11980=DIRECTION('',(0.E0,0.E0,1.E0));
#11981=DIRECTION('',(0.E0,1.E0,0.E0));
#11982=AXIS2_PLACEMENT_3D('',#11979,#11980,#11981);
#11983=PLANE('',#11982);
#11984=ORIENTED_EDGE('',*,*,#11945,.T.);
#11985=ORIENTED_EDGE('',*,*,#11959,.T.);
#11986=ORIENTED_EDGE('',*,*,#11972,.T.);
#11987=ORIENTED_EDGE('',*,*,#11930,.T.);
#11988=EDGE_LOOP('',(#11984,#11985,#11986,#11987));
#11989=FACE_OUTER_BOUND('',#11988,.F.);
#11990=ADVANCED_FACE('',(#11989),#11983,.F.);
#11991=CARTESIAN_POINT('',(-1.0925E1,-4.129975E0,-3.365130956137E0));
#11992=DIRECTION('',(0.E0,0.E0,1.E0));
#11993=DIRECTION('',(1.E0,0.E0,0.E0));
#11994=AXIS2_PLACEMENT_3D('',#11991,#11992,#11993);
#11995=PLANE('',#11994);
#11996=ORIENTED_EDGE('',*,*,#11152,.T.);
#11997=ORIENTED_EDGE('',*,*,#11130,.T.);
#11998=ORIENTED_EDGE('',*,*,#10380,.T.);
#11999=ORIENTED_EDGE('',*,*,#11165,.F.);
#12000=EDGE_LOOP('',(#11996,#11997,#11998,#11999));
#12001=FACE_OUTER_BOUND('',#12000,.F.);
#12002=ADVANCED_FACE('',(#12001),#11995,.F.);
#12003=CARTESIAN_POINT('',(5.6825E0,4.82525E-1,-1.007969149847E0));
#12004=DIRECTION('',(0.E0,1.E0,0.E0));
#12005=DIRECTION('',(0.E0,0.E0,1.E0));
#12006=AXIS2_PLACEMENT_3D('',#12003,#12004,#12005);
#12007=PLANE('',#12006);
#12009=ORIENTED_EDGE('',*,*,#12008,.T.);
#12011=ORIENTED_EDGE('',*,*,#12010,.F.);
#12013=ORIENTED_EDGE('',*,*,#12012,.T.);
#12014=ORIENTED_EDGE('',*,*,#11110,.T.);
#12015=EDGE_LOOP('',(#12009,#12011,#12013,#12014));
#12016=FACE_OUTER_BOUND('',#12015,.F.);
#12017=ADVANCED_FACE('',(#12016),#12007,.F.);
#12018=CARTESIAN_POINT('',(6.3175E0,1.117525E0,-1.031530956137E0));
#12019=DIRECTION('',(-1.E0,0.E0,0.E0));
#12020=DIRECTION('',(0.E0,0.E0,-1.E0));
#12021=AXIS2_PLACEMENT_3D('',#12018,#12019,#12020);
#12022=PLANE('',#12021);
#12024=ORIENTED_EDGE('',*,*,#12023,.F.);
#12026=ORIENTED_EDGE('',*,*,#12025,.F.);
#12027=ORIENTED_EDGE('',*,*,#12008,.F.);
#12028=ORIENTED_EDGE('',*,*,#11116,.T.);
#12029=EDGE_LOOP('',(#12024,#12026,#12027,#12028));
#12030=FACE_OUTER_BOUND('',#12029,.F.);
#12031=ADVANCED_FACE('',(#12030),#12022,.F.);
#12032=CARTESIAN_POINT('',(6.317499799838E0,1.117525200162E0,
-1.007969149847E0));
#12033=DIRECTION('',(0.E0,-1.E0,0.E0));
#12034=DIRECTION('',(0.E0,0.E0,1.E0));
#12035=AXIS2_PLACEMENT_3D('',#12032,#12033,#12034);
#12036=PLANE('',#12035);
#12038=ORIENTED_EDGE('',*,*,#12037,.F.);
#12040=ORIENTED_EDGE('',*,*,#12039,.F.);
#12041=ORIENTED_EDGE('',*,*,#12023,.T.);
#12042=ORIENTED_EDGE('',*,*,#11114,.T.);
#12043=EDGE_LOOP('',(#12038,#12040,#12041,#12042));
#12044=FACE_OUTER_BOUND('',#12043,.F.);
#12045=ADVANCED_FACE('',(#12044),#12036,.F.);
#12046=CARTESIAN_POINT('',(5.6825E0,1.117525E0,-7.775307888469E-1));
#12047=DIRECTION('',(1.E0,0.E0,0.E0));
#12048=DIRECTION('',(0.E0,0.E0,1.E0));
#12049=AXIS2_PLACEMENT_3D('',#12046,#12047,#12048);
#12050=PLANE('',#12049);
#12051=ORIENTED_EDGE('',*,*,#12012,.F.);
#12053=ORIENTED_EDGE('',*,*,#12052,.F.);
#12054=ORIENTED_EDGE('',*,*,#12037,.T.);
#12055=ORIENTED_EDGE('',*,*,#11112,.T.);
#12056=EDGE_LOOP('',(#12051,#12053,#12054,#12055));
#12057=FACE_OUTER_BOUND('',#12056,.F.);
#12058=ADVANCED_FACE('',(#12057),#12050,.F.);
#12059=CARTESIAN_POINT('',(6.3175E0,4.82525E-1,-6.544869043863E0));
#12060=DIRECTION('',(0.E0,0.E0,1.E0));
#12061=DIRECTION('',(0.E0,1.E0,0.E0));
#12062=AXIS2_PLACEMENT_3D('',#12059,#12060,#12061);
#12063=PLANE('',#12062);
#12064=ORIENTED_EDGE('',*,*,#12025,.T.);
#12065=ORIENTED_EDGE('',*,*,#12039,.T.);
#12066=ORIENTED_EDGE('',*,*,#12052,.T.);
#12067=ORIENTED_EDGE('',*,*,#12010,.T.);
#12068=EDGE_LOOP('',(#12064,#12065,#12066,#12067));
#12069=FACE_OUTER_BOUND('',#12068,.F.);
#12070=ADVANCED_FACE('',(#12069),#12063,.F.);
#12071=CARTESIAN_POINT('',(8.68E0,-4.129975E0,-2.695130956137E0));
#12072=DIRECTION('',(1.E0,0.E0,0.E0));
#12073=DIRECTION('',(0.E0,0.E0,-1.E0));
#12074=AXIS2_PLACEMENT_3D('',#12071,#12072,#12073);
#12075=PLANE('',#12074);
#12076=ORIENTED_EDGE('',*,*,#11059,.F.);
#12077=ORIENTED_EDGE('',*,*,#10315,.F.);
#12078=ORIENTED_EDGE('',*,*,#10390,.F.);
#12079=ORIENTED_EDGE('',*,*,#11073,.T.);
#12080=EDGE_LOOP('',(#12076,#12077,#12078,#12079));
#12081=FACE_OUTER_BOUND('',#12080,.F.);
#12082=ADVANCED_FACE('',(#12081),#12075,.T.);
#12083=CARTESIAN_POINT('',(6.32E0,-4.129975E0,-3.055130956137E0));
#12084=DIRECTION('',(-1.E0,0.E0,0.E0));
#12085=DIRECTION('',(0.E0,0.E0,1.E0));
#12086=AXIS2_PLACEMENT_3D('',#12083,#12084,#12085);
#12087=PLANE('',#12086);
#12088=ORIENTED_EDGE('',*,*,#9914,.F.);
#12089=ORIENTED_EDGE('',*,*,#10935,.T.);
#12090=ORIENTED_EDGE('',*,*,#9578,.T.);
#12091=ORIENTED_EDGE('',*,*,#9889,.F.);
#12092=EDGE_LOOP('',(#12088,#12089,#12090,#12091));
#12093=FACE_OUTER_BOUND('',#12092,.F.);
#12094=ADVANCED_FACE('',(#12093),#12087,.T.);
#12095=CARTESIAN_POINT('',(5.6825E0,-2.517475E0,-1.007969149847E0));
#12096=DIRECTION('',(0.E0,1.E0,0.E0));
#12097=DIRECTION('',(0.E0,0.E0,1.E0));
#12098=AXIS2_PLACEMENT_3D('',#12095,#12096,#12097);
#12099=PLANE('',#12098);
#12101=ORIENTED_EDGE('',*,*,#12100,.T.);
#12103=ORIENTED_EDGE('',*,*,#12102,.F.);
#12105=ORIENTED_EDGE('',*,*,#12104,.T.);
#12106=ORIENTED_EDGE('',*,*,#10939,.T.);
#12107=EDGE_LOOP('',(#12101,#12103,#12105,#12106));
#12108=FACE_OUTER_BOUND('',#12107,.F.);
#12109=ADVANCED_FACE('',(#12108),#12099,.F.);
#12110=CARTESIAN_POINT('',(6.3175E0,-1.882475E0,-1.031530956137E0));
#12111=DIRECTION('',(-1.E0,0.E0,0.E0));
#12112=DIRECTION('',(0.E0,0.E0,-1.E0));
#12113=AXIS2_PLACEMENT_3D('',#12110,#12111,#12112);
#12114=PLANE('',#12113);
#12116=ORIENTED_EDGE('',*,*,#12115,.F.);
#12118=ORIENTED_EDGE('',*,*,#12117,.F.);
#12119=ORIENTED_EDGE('',*,*,#12100,.F.);
#12120=ORIENTED_EDGE('',*,*,#10945,.T.);
#12121=EDGE_LOOP('',(#12116,#12118,#12119,#12120));
#12122=FACE_OUTER_BOUND('',#12121,.F.);
#12123=ADVANCED_FACE('',(#12122),#12114,.F.);
#12124=CARTESIAN_POINT('',(6.317499799838E0,-1.882474799838E0,
-1.007969149847E0));
#12125=DIRECTION('',(0.E0,-1.E0,0.E0));
#12126=DIRECTION('',(0.E0,0.E0,1.E0));
#12127=AXIS2_PLACEMENT_3D('',#12124,#12125,#12126);
#12128=PLANE('',#12127);
#12130=ORIENTED_EDGE('',*,*,#12129,.F.);
#12132=ORIENTED_EDGE('',*,*,#12131,.F.);
#12133=ORIENTED_EDGE('',*,*,#12115,.T.);
#12134=ORIENTED_EDGE('',*,*,#10943,.T.);
#12135=EDGE_LOOP('',(#12130,#12132,#12133,#12134));
#12136=FACE_OUTER_BOUND('',#12135,.F.);
#12137=ADVANCED_FACE('',(#12136),#12128,.F.);
#12138=CARTESIAN_POINT('',(5.6825E0,-1.882475E0,-7.775307888469E-1));
#12139=DIRECTION('',(1.E0,0.E0,0.E0));
#12140=DIRECTION('',(0.E0,0.E0,1.E0));
#12141=AXIS2_PLACEMENT_3D('',#12138,#12139,#12140);
#12142=PLANE('',#12141);
#12143=ORIENTED_EDGE('',*,*,#12104,.F.);
#12145=ORIENTED_EDGE('',*,*,#12144,.F.);
#12146=ORIENTED_EDGE('',*,*,#12129,.T.);
#12147=ORIENTED_EDGE('',*,*,#10941,.T.);
#12148=EDGE_LOOP('',(#12143,#12145,#12146,#12147));
#12149=FACE_OUTER_BOUND('',#12148,.F.);
#12150=ADVANCED_FACE('',(#12149),#12142,.F.);
#12151=CARTESIAN_POINT('',(6.3175E0,-2.517475E0,-6.544869043863E0));
#12152=DIRECTION('',(0.E0,0.E0,1.E0));
#12153=DIRECTION('',(0.E0,1.E0,0.E0));
#12154=AXIS2_PLACEMENT_3D('',#12151,#12152,#12153);
#12155=PLANE('',#12154);
#12156=ORIENTED_EDGE('',*,*,#12117,.T.);
#12157=ORIENTED_EDGE('',*,*,#12131,.T.);
#12158=ORIENTED_EDGE('',*,*,#12144,.T.);
#12159=ORIENTED_EDGE('',*,*,#12102,.T.);
#12160=EDGE_LOOP('',(#12156,#12157,#12158,#12159));
#12161=FACE_OUTER_BOUND('',#12160,.F.);
#12162=ADVANCED_FACE('',(#12161),#12155,.F.);
#12163=CARTESIAN_POINT('',(3.32E0,-4.129975E0,-3.055130956137E0));
#12164=DIRECTION('',(-1.E0,0.E0,0.E0));
#12165=DIRECTION('',(0.E0,0.E0,1.E0));
#12166=AXIS2_PLACEMENT_3D('',#12163,#12164,#12165);
#12167=PLANE('',#12166);
#12168=ORIENTED_EDGE('',*,*,#10888,.F.);
#12169=ORIENTED_EDGE('',*,*,#10855,.T.);
#12170=ORIENTED_EDGE('',*,*,#9586,.T.);
#12171=ORIENTED_EDGE('',*,*,#10902,.T.);
#12172=EDGE_LOOP('',(#12168,#12169,#12170,#12171));
#12173=FACE_OUTER_BOUND('',#12172,.F.);
#12174=ADVANCED_FACE('',(#12173),#12167,.T.);
#12175=CARTESIAN_POINT('',(2.6825E0,-2.517475E0,-1.007969149847E0));
#12176=DIRECTION('',(0.E0,1.E0,0.E0));
#12177=DIRECTION('',(0.E0,0.E0,1.E0));
#12178=AXIS2_PLACEMENT_3D('',#12175,#12176,#12177);
#12179=PLANE('',#12178);
#12181=ORIENTED_EDGE('',*,*,#12180,.T.);
#12183=ORIENTED_EDGE('',*,*,#12182,.F.);
#12185=ORIENTED_EDGE('',*,*,#12184,.T.);
#12186=ORIENTED_EDGE('',*,*,#10859,.T.);
#12187=EDGE_LOOP('',(#12181,#12183,#12185,#12186));
#12188=FACE_OUTER_BOUND('',#12187,.F.);
#12189=ADVANCED_FACE('',(#12188),#12179,.F.);
#12190=CARTESIAN_POINT('',(3.3175E0,-1.882475E0,-1.031530956137E0));
#12191=DIRECTION('',(-1.E0,0.E0,0.E0));
#12192=DIRECTION('',(0.E0,0.E0,-1.E0));
#12193=AXIS2_PLACEMENT_3D('',#12190,#12191,#12192);
#12194=PLANE('',#12193);
#12196=ORIENTED_EDGE('',*,*,#12195,.F.);
#12198=ORIENTED_EDGE('',*,*,#12197,.F.);
#12199=ORIENTED_EDGE('',*,*,#12180,.F.);
#12200=ORIENTED_EDGE('',*,*,#10865,.T.);
#12201=EDGE_LOOP('',(#12196,#12198,#12199,#12200));
#12202=FACE_OUTER_BOUND('',#12201,.F.);
#12203=ADVANCED_FACE('',(#12202),#12194,.F.);
#12204=CARTESIAN_POINT('',(3.317499799838E0,-1.882474799838E0,
-1.007969149847E0));
#12205=DIRECTION('',(0.E0,-1.E0,0.E0));
#12206=DIRECTION('',(0.E0,0.E0,1.E0));
#12207=AXIS2_PLACEMENT_3D('',#12204,#12205,#12206);
#12208=PLANE('',#12207);
#12210=ORIENTED_EDGE('',*,*,#12209,.F.);
#12212=ORIENTED_EDGE('',*,*,#12211,.F.);
#12213=ORIENTED_EDGE('',*,*,#12195,.T.);
#12214=ORIENTED_EDGE('',*,*,#10863,.T.);
#12215=EDGE_LOOP('',(#12210,#12212,#12213,#12214));
#12216=FACE_OUTER_BOUND('',#12215,.F.);
#12217=ADVANCED_FACE('',(#12216),#12208,.F.);
#12218=CARTESIAN_POINT('',(2.6825E0,-1.882475E0,-7.775307888469E-1));
#12219=DIRECTION('',(1.E0,0.E0,0.E0));
#12220=DIRECTION('',(0.E0,0.E0,1.E0));
#12221=AXIS2_PLACEMENT_3D('',#12218,#12219,#12220);
#12222=PLANE('',#12221);
#12223=ORIENTED_EDGE('',*,*,#12184,.F.);
#12225=ORIENTED_EDGE('',*,*,#12224,.F.);
#12226=ORIENTED_EDGE('',*,*,#12209,.T.);
#12227=ORIENTED_EDGE('',*,*,#10861,.T.);
#12228=EDGE_LOOP('',(#12223,#12225,#12226,#12227));
#12229=FACE_OUTER_BOUND('',#12228,.F.);
#12230=ADVANCED_FACE('',(#12229),#12222,.F.);
#12231=CARTESIAN_POINT('',(3.3175E0,-2.517475E0,-6.544869043863E0));
#12232=DIRECTION('',(0.E0,0.E0,1.E0));
#12233=DIRECTION('',(0.E0,1.E0,0.E0));
#12234=AXIS2_PLACEMENT_3D('',#12231,#12232,#12233);
#12235=PLANE('',#12234);
#12236=ORIENTED_EDGE('',*,*,#12197,.T.);
#12237=ORIENTED_EDGE('',*,*,#12211,.T.);
#12238=ORIENTED_EDGE('',*,*,#12224,.T.);
#12239=ORIENTED_EDGE('',*,*,#12182,.T.);
#12240=EDGE_LOOP('',(#12236,#12237,#12238,#12239));
#12241=FACE_OUTER_BOUND('',#12240,.F.);
#12242=ADVANCED_FACE('',(#12241),#12235,.F.);
#12243=CARTESIAN_POINT('',(-1.0925E1,-4.129975E0,-3.365130956137E0));
#12244=DIRECTION('',(0.E0,0.E0,1.E0));
#12245=DIRECTION('',(1.E0,0.E0,0.E0));
#12246=AXIS2_PLACEMENT_3D('',#12243,#12244,#12245);
#12247=PLANE('',#12246);
#12248=ORIENTED_EDGE('',*,*,#10820,.T.);
#12250=ORIENTED_EDGE('',*,*,#12249,.T.);
#12251=ORIENTED_EDGE('',*,*,#9592,.T.);
#12252=ORIENTED_EDGE('',*,*,#10833,.F.);
#12253=EDGE_LOOP('',(#12248,#12250,#12251,#12252));
#12254=FACE_OUTER_BOUND('',#12253,.F.);
#12255=ADVANCED_FACE('',(#12254),#12247,.F.);
#12256=CARTESIAN_POINT('',(3.2E-1,-4.129975E0,-3.055130956137E0));
#12257=DIRECTION('',(-1.E0,0.E0,0.E0));
#12258=DIRECTION('',(0.E0,0.E0,1.E0));
#12259=AXIS2_PLACEMENT_3D('',#12256,#12257,#12258);
#12260=PLANE('',#12259);
#12261=ORIENTED_EDGE('',*,*,#10818,.F.);
#12262=ORIENTED_EDGE('',*,*,#10787,.T.);
#12263=ORIENTED_EDGE('',*,*,#9594,.T.);
#12264=ORIENTED_EDGE('',*,*,#12249,.F.);
#12265=EDGE_LOOP('',(#12261,#12262,#12263,#12264));
#12266=FACE_OUTER_BOUND('',#12265,.F.);
#12267=ADVANCED_FACE('',(#12266),#12260,.T.);
#12268=CARTESIAN_POINT('',(-3.175E-1,-2.517475E0,-1.007969149847E0));
#12269=DIRECTION('',(0.E0,1.E0,0.E0));
#12270=DIRECTION('',(0.E0,0.E0,1.E0));
#12271=AXIS2_PLACEMENT_3D('',#12268,#12269,#12270);
#12272=PLANE('',#12271);
#12274=ORIENTED_EDGE('',*,*,#12273,.T.);
#12276=ORIENTED_EDGE('',*,*,#12275,.F.);
#12278=ORIENTED_EDGE('',*,*,#12277,.T.);
#12279=ORIENTED_EDGE('',*,*,#10791,.T.);
#12280=EDGE_LOOP('',(#12274,#12276,#12278,#12279));
#12281=FACE_OUTER_BOUND('',#12280,.F.);
#12282=ADVANCED_FACE('',(#12281),#12272,.F.);
#12283=CARTESIAN_POINT('',(3.175E-1,-1.882475E0,-1.031530956137E0));
#12284=DIRECTION('',(-1.E0,0.E0,0.E0));
#12285=DIRECTION('',(0.E0,0.E0,-1.E0));
#12286=AXIS2_PLACEMENT_3D('',#12283,#12284,#12285);
#12287=PLANE('',#12286);
#12289=ORIENTED_EDGE('',*,*,#12288,.F.);
#12291=ORIENTED_EDGE('',*,*,#12290,.F.);
#12292=ORIENTED_EDGE('',*,*,#12273,.F.);
#12293=ORIENTED_EDGE('',*,*,#10797,.T.);
#12294=EDGE_LOOP('',(#12289,#12291,#12292,#12293));
#12295=FACE_OUTER_BOUND('',#12294,.F.);
#12296=ADVANCED_FACE('',(#12295),#12287,.F.);
#12297=CARTESIAN_POINT('',(3.174997998376E-1,-1.882474799838E0,
-1.007969149847E0));
#12298=DIRECTION('',(0.E0,-1.E0,0.E0));
#12299=DIRECTION('',(0.E0,0.E0,1.E0));
#12300=AXIS2_PLACEMENT_3D('',#12297,#12298,#12299);
#12301=PLANE('',#12300);
#12303=ORIENTED_EDGE('',*,*,#12302,.F.);
#12305=ORIENTED_EDGE('',*,*,#12304,.F.);
#12306=ORIENTED_EDGE('',*,*,#12288,.T.);
#12307=ORIENTED_EDGE('',*,*,#10795,.T.);
#12308=EDGE_LOOP('',(#12303,#12305,#12306,#12307));
#12309=FACE_OUTER_BOUND('',#12308,.F.);
#12310=ADVANCED_FACE('',(#12309),#12301,.F.);
#12311=CARTESIAN_POINT('',(-3.175E-1,-1.882475E0,-7.775307888469E-1));
#12312=DIRECTION('',(1.E0,0.E0,0.E0));
#12313=DIRECTION('',(0.E0,0.E0,1.E0));
#12314=AXIS2_PLACEMENT_3D('',#12311,#12312,#12313);
#12315=PLANE('',#12314);
#12316=ORIENTED_EDGE('',*,*,#12277,.F.);
#12318=ORIENTED_EDGE('',*,*,#12317,.F.);
#12319=ORIENTED_EDGE('',*,*,#12302,.T.);
#12320=ORIENTED_EDGE('',*,*,#10793,.T.);
#12321=EDGE_LOOP('',(#12316,#12318,#12319,#12320));
#12322=FACE_OUTER_BOUND('',#12321,.F.);
#12323=ADVANCED_FACE('',(#12322),#12315,.F.);
#12324=CARTESIAN_POINT('',(3.175E-1,-2.517475E0,-6.544869043863E0));
#12325=DIRECTION('',(0.E0,0.E0,1.E0));
#12326=DIRECTION('',(0.E0,1.E0,0.E0));
#12327=AXIS2_PLACEMENT_3D('',#12324,#12325,#12326);
#12328=PLANE('',#12327);
#12329=ORIENTED_EDGE('',*,*,#12290,.T.);
#12330=ORIENTED_EDGE('',*,*,#12304,.T.);
#12331=ORIENTED_EDGE('',*,*,#12317,.T.);
#12332=ORIENTED_EDGE('',*,*,#12275,.T.);
#12333=EDGE_LOOP('',(#12329,#12330,#12331,#12332));
#12334=FACE_OUTER_BOUND('',#12333,.F.);
#12335=ADVANCED_FACE('',(#12334),#12328,.F.);
#12336=CARTESIAN_POINT('',(-2.68E0,-4.129975E0,-3.055130956137E0));
#12337=DIRECTION('',(-1.E0,0.E0,0.E0));
#12338=DIRECTION('',(0.E0,0.E0,1.E0));
#12339=AXIS2_PLACEMENT_3D('',#12336,#12337,#12338);
#12340=PLANE('',#12339);
#12341=ORIENTED_EDGE('',*,*,#10739,.F.);
#12342=ORIENTED_EDGE('',*,*,#10706,.T.);
#12343=ORIENTED_EDGE('',*,*,#9602,.T.);
#12344=ORIENTED_EDGE('',*,*,#10753,.T.);
#12345=EDGE_LOOP('',(#12341,#12342,#12343,#12344));
#12346=FACE_OUTER_BOUND('',#12345,.F.);
#12347=ADVANCED_FACE('',(#12346),#12340,.T.);
#12348=CARTESIAN_POINT('',(-3.3175E0,-2.517475E0,-1.007969149847E0));
#12349=DIRECTION('',(0.E0,1.E0,0.E0));
#12350=DIRECTION('',(0.E0,0.E0,1.E0));
#12351=AXIS2_PLACEMENT_3D('',#12348,#12349,#12350);
#12352=PLANE('',#12351);
#12354=ORIENTED_EDGE('',*,*,#12353,.T.);
#12356=ORIENTED_EDGE('',*,*,#12355,.F.);
#12358=ORIENTED_EDGE('',*,*,#12357,.T.);
#12359=ORIENTED_EDGE('',*,*,#10710,.T.);
#12360=EDGE_LOOP('',(#12354,#12356,#12358,#12359));
#12361=FACE_OUTER_BOUND('',#12360,.F.);
#12362=ADVANCED_FACE('',(#12361),#12352,.F.);
#12363=CARTESIAN_POINT('',(-2.6825E0,-1.882475E0,-1.031530956137E0));
#12364=DIRECTION('',(-1.E0,0.E0,0.E0));
#12365=DIRECTION('',(0.E0,0.E0,-1.E0));
#12366=AXIS2_PLACEMENT_3D('',#12363,#12364,#12365);
#12367=PLANE('',#12366);
#12369=ORIENTED_EDGE('',*,*,#12368,.F.);
#12371=ORIENTED_EDGE('',*,*,#12370,.F.);
#12372=ORIENTED_EDGE('',*,*,#12353,.F.);
#12373=ORIENTED_EDGE('',*,*,#10716,.T.);
#12374=EDGE_LOOP('',(#12369,#12371,#12372,#12373));
#12375=FACE_OUTER_BOUND('',#12374,.F.);
#12376=ADVANCED_FACE('',(#12375),#12367,.F.);
#12377=CARTESIAN_POINT('',(-2.682500200162E0,-1.882474799838E0,
-1.007969149847E0));
#12378=DIRECTION('',(0.E0,-1.E0,0.E0));
#12379=DIRECTION('',(0.E0,0.E0,1.E0));
#12380=AXIS2_PLACEMENT_3D('',#12377,#12378,#12379);
#12381=PLANE('',#12380);
#12383=ORIENTED_EDGE('',*,*,#12382,.F.);
#12385=ORIENTED_EDGE('',*,*,#12384,.F.);
#12386=ORIENTED_EDGE('',*,*,#12368,.T.);
#12387=ORIENTED_EDGE('',*,*,#10714,.T.);
#12388=EDGE_LOOP('',(#12383,#12385,#12386,#12387));
#12389=FACE_OUTER_BOUND('',#12388,.F.);
#12390=ADVANCED_FACE('',(#12389),#12381,.F.);
#12391=CARTESIAN_POINT('',(-3.3175E0,-1.882475E0,-7.775307888469E-1));
#12392=DIRECTION('',(1.E0,0.E0,0.E0));
#12393=DIRECTION('',(0.E0,0.E0,1.E0));
#12394=AXIS2_PLACEMENT_3D('',#12391,#12392,#12393);
#12395=PLANE('',#12394);
#12396=ORIENTED_EDGE('',*,*,#12357,.F.);
#12398=ORIENTED_EDGE('',*,*,#12397,.F.);
#12399=ORIENTED_EDGE('',*,*,#12382,.T.);
#12400=ORIENTED_EDGE('',*,*,#10712,.T.);
#12401=EDGE_LOOP('',(#12396,#12398,#12399,#12400));
#12402=FACE_OUTER_BOUND('',#12401,.F.);
#12403=ADVANCED_FACE('',(#12402),#12395,.F.);
#12404=CARTESIAN_POINT('',(-2.6825E0,-2.517475E0,-6.544869043863E0));
#12405=DIRECTION('',(0.E0,0.E0,1.E0));
#12406=DIRECTION('',(0.E0,1.E0,0.E0));
#12407=AXIS2_PLACEMENT_3D('',#12404,#12405,#12406);
#12408=PLANE('',#12407);
#12409=ORIENTED_EDGE('',*,*,#12370,.T.);
#12410=ORIENTED_EDGE('',*,*,#12384,.T.);
#12411=ORIENTED_EDGE('',*,*,#12397,.T.);
#12412=ORIENTED_EDGE('',*,*,#12355,.T.);
#12413=EDGE_LOOP('',(#12409,#12410,#12411,#12412));
#12414=FACE_OUTER_BOUND('',#12413,.F.);
#12415=ADVANCED_FACE('',(#12414),#12408,.F.);
#12416=CARTESIAN_POINT('',(-1.0925E1,-4.129975E0,-3.365130956137E0));
#12417=DIRECTION('',(0.E0,0.E0,1.E0));
#12418=DIRECTION('',(1.E0,0.E0,0.E0));
#12419=AXIS2_PLACEMENT_3D('',#12416,#12417,#12418);
#12420=PLANE('',#12419);
#12421=ORIENTED_EDGE('',*,*,#10671,.T.);
#12423=ORIENTED_EDGE('',*,*,#12422,.F.);
#12424=ORIENTED_EDGE('',*,*,#9608,.T.);
#12425=ORIENTED_EDGE('',*,*,#10684,.T.);
#12426=EDGE_LOOP('',(#12421,#12423,#12424,#12425));
#12427=FACE_OUTER_BOUND('',#12426,.F.);
#12428=ADVANCED_FACE('',(#12427),#12420,.F.);
#12429=CARTESIAN_POINT('',(-5.68E0,-4.129975E0,-3.055130956137E0));
#12430=DIRECTION('',(-1.E0,0.E0,0.E0));
#12431=DIRECTION('',(0.E0,0.E0,1.E0));
#12432=AXIS2_PLACEMENT_3D('',#12429,#12430,#12431);
#12433=PLANE('',#12432);
#12434=ORIENTED_EDGE('',*,*,#10669,.F.);
#12435=ORIENTED_EDGE('',*,*,#10639,.T.);
#12436=ORIENTED_EDGE('',*,*,#9610,.T.);
#12437=ORIENTED_EDGE('',*,*,#12422,.T.);
#12438=EDGE_LOOP('',(#12434,#12435,#12436,#12437));
#12439=FACE_OUTER_BOUND('',#12438,.F.);
#12440=ADVANCED_FACE('',(#12439),#12433,.T.);
#12441=CARTESIAN_POINT('',(1.0925E1,-1.023371915559E0,-2.695130956137E0));
#12442=DIRECTION('',(0.E0,-1.E0,0.E0));
#12443=DIRECTION('',(0.E0,0.E0,-1.E0));
#12444=AXIS2_PLACEMENT_3D('',#12441,#12442,#12443);
#12445=PLANE('',#12444);
#12447=ORIENTED_EDGE('',*,*,#12446,.T.);
#12448=ORIENTED_EDGE('',*,*,#10631,.F.);
#12449=ORIENTED_EDGE('',*,*,#10618,.T.);
#12451=ORIENTED_EDGE('',*,*,#12450,.T.);
#12452=EDGE_LOOP('',(#12447,#12448,#12449,#12451));
#12453=FACE_OUTER_BOUND('',#12452,.F.);
#12454=ADVANCED_FACE('',(#12453),#12445,.F.);
#12455=CARTESIAN_POINT('',(-7.015716172332E0,-3.239975E0,-1.048762743722E0));
#12456=DIRECTION('',(-1.E0,0.E0,0.E0));
#12457=DIRECTION('',(0.E0,0.E0,1.E0));
#12458=AXIS2_PLACEMENT_3D('',#12455,#12456,#12457);
#12459=PLANE('',#12458);
#12460=ORIENTED_EDGE('',*,*,#10633,.F.);
#12461=ORIENTED_EDGE('',*,*,#12446,.F.);
#12463=ORIENTED_EDGE('',*,*,#12462,.F.);
#12465=ORIENTED_EDGE('',*,*,#12464,.F.);
#12466=ORIENTED_EDGE('',*,*,#10583,.F.);
#12467=ORIENTED_EDGE('',*,*,#10519,.F.);
#12469=ORIENTED_EDGE('',*,*,#12468,.F.);
#12470=ORIENTED_EDGE('',*,*,#9545,.T.);
#12471=EDGE_LOOP('',(#12460,#12461,#12463,#12465,#12466,#12467,#12469,#12470));
#12472=FACE_OUTER_BOUND('',#12471,.F.);
#12473=ADVANCED_FACE('',(#12472),#12459,.T.);
#12474=CARTESIAN_POINT('',(1.0925E1,-9.99975E-1,-2.025130956137E0));
#12475=DIRECTION('',(0.E0,0.E0,1.E0));
#12476=DIRECTION('',(1.E0,0.E0,0.E0));
#12477=AXIS2_PLACEMENT_3D('',#12474,#12475,#12476);
#12478=PLANE('',#12477);
#12479=ORIENTED_EDGE('',*,*,#12462,.T.);
#12480=ORIENTED_EDGE('',*,*,#12450,.F.);
#12481=ORIENTED_EDGE('',*,*,#10616,.T.);
#12483=ORIENTED_EDGE('',*,*,#12482,.T.);
#12484=EDGE_LOOP('',(#12479,#12480,#12481,#12483));
#12485=FACE_OUTER_BOUND('',#12484,.F.);
#12486=ADVANCED_FACE('',(#12485),#12478,.F.);
#12487=CARTESIAN_POINT('',(1.0925E1,-3.765780844405E-1,-2.024722561457E0));
#12488=DIRECTION('',(0.E0,1.E0,0.E0));
#12489=DIRECTION('',(0.E0,0.E0,1.E0));
#12490=AXIS2_PLACEMENT_3D('',#12487,#12488,#12489);
#12491=PLANE('',#12490);
#12492=ORIENTED_EDGE('',*,*,#12464,.T.);
#12493=ORIENTED_EDGE('',*,*,#12482,.F.);
#12494=ORIENTED_EDGE('',*,*,#10614,.T.);
#12495=ORIENTED_EDGE('',*,*,#10585,.T.);
#12496=EDGE_LOOP('',(#12492,#12493,#12494,#12495));
#12497=FACE_OUTER_BOUND('',#12496,.F.);
#12498=ADVANCED_FACE('',(#12497),#12491,.F.);
#12499=CARTESIAN_POINT('',(-1.0925E1,-4.129975E0,-9.451309561373E-1));
#12500=DIRECTION('',(0.E0,0.E0,-1.E0));
#12501=DIRECTION('',(-1.E0,0.E0,0.E0));
#12502=AXIS2_PLACEMENT_3D('',#12499,#12500,#12501);
#12503=PLANE('',#12502);
#12504=ORIENTED_EDGE('',*,*,#9521,.T.);
#12505=ORIENTED_EDGE('',*,*,#9547,.T.);
#12506=ORIENTED_EDGE('',*,*,#12468,.T.);
#12507=ORIENTED_EDGE('',*,*,#10517,.T.);
#12508=EDGE_LOOP('',(#12504,#12505,#12506,#12507));
#12509=FACE_OUTER_BOUND('',#12508,.F.);
#12510=ADVANCED_FACE('',(#12509),#12503,.T.);
#12511=CARTESIAN_POINT('',(-6.32E0,-4.129975E0,-2.695130956137E0));
#12512=DIRECTION('',(1.E0,0.E0,0.E0));
#12513=DIRECTION('',(0.E0,0.E0,-1.E0));
#12514=AXIS2_PLACEMENT_3D('',#12511,#12512,#12513);
#12515=PLANE('',#12514);
#12516=ORIENTED_EDGE('',*,*,#10636,.F.);
#12517=ORIENTED_EDGE('',*,*,#9541,.F.);
#12518=ORIENTED_EDGE('',*,*,#9563,.T.);
#12519=ORIENTED_EDGE('',*,*,#9614,.T.);
#12520=EDGE_LOOP('',(#12516,#12517,#12518,#12519));
#12521=FACE_OUTER_BOUND('',#12520,.F.);
#12522=ADVANCED_FACE('',(#12521),#12515,.T.);
#12523=CARTESIAN_POINT('',(-6.3175E0,-2.517475E0,-1.007969149847E0));
#12524=DIRECTION('',(0.E0,1.E0,0.E0));
#12525=DIRECTION('',(0.E0,0.E0,1.E0));
#12526=AXIS2_PLACEMENT_3D('',#12523,#12524,#12525);
#12527=PLANE('',#12526);
#12529=ORIENTED_EDGE('',*,*,#12528,.T.);
#12531=ORIENTED_EDGE('',*,*,#12530,.F.);
#12533=ORIENTED_EDGE('',*,*,#12532,.T.);
#12534=ORIENTED_EDGE('',*,*,#10643,.T.);
#12535=EDGE_LOOP('',(#12529,#12531,#12533,#12534));
#12536=FACE_OUTER_BOUND('',#12535,.F.);
#12537=ADVANCED_FACE('',(#12536),#12527,.F.);
#12538=CARTESIAN_POINT('',(-5.6825E0,-1.882475E0,-1.031530956137E0));
#12539=DIRECTION('',(-1.E0,0.E0,0.E0));
#12540=DIRECTION('',(0.E0,0.E0,-1.E0));
#12541=AXIS2_PLACEMENT_3D('',#12538,#12539,#12540);
#12542=PLANE('',#12541);
#12544=ORIENTED_EDGE('',*,*,#12543,.F.);
#12546=ORIENTED_EDGE('',*,*,#12545,.F.);
#12547=ORIENTED_EDGE('',*,*,#12528,.F.);
#12548=ORIENTED_EDGE('',*,*,#10649,.T.);
#12549=EDGE_LOOP('',(#12544,#12546,#12547,#12548));
#12550=FACE_OUTER_BOUND('',#12549,.F.);
#12551=ADVANCED_FACE('',(#12550),#12542,.F.);
#12552=CARTESIAN_POINT('',(-5.682500200162E0,-1.882474799838E0,
-1.007969149847E0));
#12553=DIRECTION('',(0.E0,-1.E0,0.E0));
#12554=DIRECTION('',(0.E0,0.E0,1.E0));
#12555=AXIS2_PLACEMENT_3D('',#12552,#12553,#12554);
#12556=PLANE('',#12555);
#12558=ORIENTED_EDGE('',*,*,#12557,.F.);
#12560=ORIENTED_EDGE('',*,*,#12559,.F.);
#12561=ORIENTED_EDGE('',*,*,#12543,.T.);
#12562=ORIENTED_EDGE('',*,*,#10647,.T.);
#12563=EDGE_LOOP('',(#12558,#12560,#12561,#12562));
#12564=FACE_OUTER_BOUND('',#12563,.F.);
#12565=ADVANCED_FACE('',(#12564),#12556,.F.);
#12566=CARTESIAN_POINT('',(-6.3175E0,-1.882475E0,-7.775307888469E-1));
#12567=DIRECTION('',(1.E0,0.E0,0.E0));
#12568=DIRECTION('',(0.E0,0.E0,1.E0));
#12569=AXIS2_PLACEMENT_3D('',#12566,#12567,#12568);
#12570=PLANE('',#12569);
#12571=ORIENTED_EDGE('',*,*,#12532,.F.);
#12573=ORIENTED_EDGE('',*,*,#12572,.F.);
#12574=ORIENTED_EDGE('',*,*,#12557,.T.);
#12575=ORIENTED_EDGE('',*,*,#10645,.T.);
#12576=EDGE_LOOP('',(#12571,#12573,#12574,#12575));
#12577=FACE_OUTER_BOUND('',#12576,.F.);
#12578=ADVANCED_FACE('',(#12577),#12570,.F.);
#12579=CARTESIAN_POINT('',(-5.6825E0,-2.517475E0,-6.544869043863E0));
#12580=DIRECTION('',(0.E0,0.E0,1.E0));
#12581=DIRECTION('',(0.E0,1.E0,0.E0));
#12582=AXIS2_PLACEMENT_3D('',#12579,#12580,#12581);
#12583=PLANE('',#12582);
#12584=ORIENTED_EDGE('',*,*,#12545,.T.);
#12585=ORIENTED_EDGE('',*,*,#12559,.T.);
#12586=ORIENTED_EDGE('',*,*,#12572,.T.);
#12587=ORIENTED_EDGE('',*,*,#12530,.T.);
#12588=EDGE_LOOP('',(#12584,#12585,#12586,#12587));
#12589=FACE_OUTER_BOUND('',#12588,.F.);
#12590=ADVANCED_FACE('',(#12589),#12583,.F.);
#12591=CARTESIAN_POINT('',(-6.3175E0,4.82525E-1,-1.007969149847E0));
#12592=DIRECTION('',(0.E0,1.E0,0.E0));
#12593=DIRECTION('',(0.E0,0.E0,1.E0));
#12594=AXIS2_PLACEMENT_3D('',#12591,#12592,#12593);
#12595=PLANE('',#12594);
#12597=ORIENTED_EDGE('',*,*,#12596,.T.);
#12599=ORIENTED_EDGE('',*,*,#12598,.F.);
#12601=ORIENTED_EDGE('',*,*,#12600,.T.);
#12602=ORIENTED_EDGE('',*,*,#10589,.T.);
#12603=EDGE_LOOP('',(#12597,#12599,#12601,#12602));
#12604=FACE_OUTER_BOUND('',#12603,.F.);
#12605=ADVANCED_FACE('',(#12604),#12595,.F.);
#12606=CARTESIAN_POINT('',(-5.6825E0,1.117525E0,-1.031530956137E0));
#12607=DIRECTION('',(-1.E0,0.E0,0.E0));
#12608=DIRECTION('',(0.E0,0.E0,-1.E0));
#12609=AXIS2_PLACEMENT_3D('',#12606,#12607,#12608);
#12610=PLANE('',#12609);
#12612=ORIENTED_EDGE('',*,*,#12611,.F.);
#12614=ORIENTED_EDGE('',*,*,#12613,.F.);
#12615=ORIENTED_EDGE('',*,*,#12596,.F.);
#12616=ORIENTED_EDGE('',*,*,#10595,.T.);
#12617=EDGE_LOOP('',(#12612,#12614,#12615,#12616));
#12618=FACE_OUTER_BOUND('',#12617,.F.);
#12619=ADVANCED_FACE('',(#12618),#12610,.F.);
#12620=CARTESIAN_POINT('',(-5.682500200162E0,1.117525200162E0,
-1.007969149847E0));
#12621=DIRECTION('',(0.E0,-1.E0,0.E0));
#12622=DIRECTION('',(0.E0,0.E0,1.E0));
#12623=AXIS2_PLACEMENT_3D('',#12620,#12621,#12622);
#12624=PLANE('',#12623);
#12626=ORIENTED_EDGE('',*,*,#12625,.F.);
#12628=ORIENTED_EDGE('',*,*,#12627,.F.);
#12629=ORIENTED_EDGE('',*,*,#12611,.T.);
#12630=ORIENTED_EDGE('',*,*,#10593,.T.);
#12631=EDGE_LOOP('',(#12626,#12628,#12629,#12630));
#12632=FACE_OUTER_BOUND('',#12631,.F.);
#12633=ADVANCED_FACE('',(#12632),#12624,.F.);
#12634=CARTESIAN_POINT('',(-6.3175E0,1.117525E0,-7.775307888469E-1));
#12635=DIRECTION('',(1.E0,0.E0,0.E0));
#12636=DIRECTION('',(0.E0,0.E0,1.E0));
#12637=AXIS2_PLACEMENT_3D('',#12634,#12635,#12636);
#12638=PLANE('',#12637);
#12639=ORIENTED_EDGE('',*,*,#12600,.F.);
#12641=ORIENTED_EDGE('',*,*,#12640,.F.);
#12642=ORIENTED_EDGE('',*,*,#12625,.T.);
#12643=ORIENTED_EDGE('',*,*,#10591,.T.);
#12644=EDGE_LOOP('',(#12639,#12641,#12642,#12643));
#12645=FACE_OUTER_BOUND('',#12644,.F.);
#12646=ADVANCED_FACE('',(#12645),#12638,.F.);
#12647=CARTESIAN_POINT('',(-5.6825E0,4.82525E-1,-6.544869043863E0));
#12648=DIRECTION('',(0.E0,0.E0,1.E0));
#12649=DIRECTION('',(0.E0,1.E0,0.E0));
#12650=AXIS2_PLACEMENT_3D('',#12647,#12648,#12649);
#12651=PLANE('',#12650);
#12652=ORIENTED_EDGE('',*,*,#12613,.T.);
#12653=ORIENTED_EDGE('',*,*,#12627,.T.);
#12654=ORIENTED_EDGE('',*,*,#12640,.T.);
#12655=ORIENTED_EDGE('',*,*,#12598,.T.);
#12656=EDGE_LOOP('',(#12652,#12653,#12654,#12655));
#12657=FACE_OUTER_BOUND('',#12656,.F.);
#12658=ADVANCED_FACE('',(#12657),#12651,.F.);
#12659=CARTESIAN_POINT('',(-9.3175E0,4.82525E-1,-1.007969149847E0));
#12660=DIRECTION('',(0.E0,1.E0,0.E0));
#12661=DIRECTION('',(0.E0,0.E0,1.E0));
#12662=AXIS2_PLACEMENT_3D('',#12659,#12660,#12661);
#12663=PLANE('',#12662);
#12665=ORIENTED_EDGE('',*,*,#12664,.T.);
#12667=ORIENTED_EDGE('',*,*,#12666,.F.);
#12669=ORIENTED_EDGE('',*,*,#12668,.T.);
#12670=ORIENTED_EDGE('',*,*,#10485,.T.);
#12671=EDGE_LOOP('',(#12665,#12667,#12669,#12670));
#12672=FACE_OUTER_BOUND('',#12671,.F.);
#12673=ADVANCED_FACE('',(#12672),#12663,.F.);
#12674=CARTESIAN_POINT('',(-8.6825E0,1.117525E0,-1.031530956137E0));
#12675=DIRECTION('',(-1.E0,0.E0,0.E0));
#12676=DIRECTION('',(0.E0,0.E0,-1.E0));
#12677=AXIS2_PLACEMENT_3D('',#12674,#12675,#12676);
#12678=PLANE('',#12677);
#12680=ORIENTED_EDGE('',*,*,#12679,.F.);
#12682=ORIENTED_EDGE('',*,*,#12681,.F.);
#12683=ORIENTED_EDGE('',*,*,#12664,.F.);
#12684=ORIENTED_EDGE('',*,*,#10491,.T.);
#12685=EDGE_LOOP('',(#12680,#12682,#12683,#12684));
#12686=FACE_OUTER_BOUND('',#12685,.F.);
#12687=ADVANCED_FACE('',(#12686),#12678,.F.);
#12688=CARTESIAN_POINT('',(-8.682500200162E0,1.117525200162E0,
-1.007969149847E0));
#12689=DIRECTION('',(0.E0,-1.E0,0.E0));
#12690=DIRECTION('',(0.E0,0.E0,1.E0));
#12691=AXIS2_PLACEMENT_3D('',#12688,#12689,#12690);
#12692=PLANE('',#12691);
#12694=ORIENTED_EDGE('',*,*,#12693,.F.);
#12696=ORIENTED_EDGE('',*,*,#12695,.F.);
#12697=ORIENTED_EDGE('',*,*,#12679,.T.);
#12698=ORIENTED_EDGE('',*,*,#10489,.T.);
#12699=EDGE_LOOP('',(#12694,#12696,#12697,#12698));
#12700=FACE_OUTER_BOUND('',#12699,.F.);
#12701=ADVANCED_FACE('',(#12700),#12692,.F.);
#12702=CARTESIAN_POINT('',(-9.3175E0,1.117525E0,-7.775307888469E-1));
#12703=DIRECTION('',(1.E0,0.E0,0.E0));
#12704=DIRECTION('',(0.E0,0.E0,1.E0));
#12705=AXIS2_PLACEMENT_3D('',#12702,#12703,#12704);
#12706=PLANE('',#12705);
#12707=ORIENTED_EDGE('',*,*,#12668,.F.);
#12709=ORIENTED_EDGE('',*,*,#12708,.F.);
#12710=ORIENTED_EDGE('',*,*,#12693,.T.);
#12711=ORIENTED_EDGE('',*,*,#10487,.T.);
#12712=EDGE_LOOP('',(#12707,#12709,#12710,#12711));
#12713=FACE_OUTER_BOUND('',#12712,.F.);
#12714=ADVANCED_FACE('',(#12713),#12706,.F.);
#12715=CARTESIAN_POINT('',(-8.6825E0,4.82525E-1,-6.544869043863E0));
#12716=DIRECTION('',(0.E0,0.E0,1.E0));
#12717=DIRECTION('',(0.E0,1.E0,0.E0));
#12718=AXIS2_PLACEMENT_3D('',#12715,#12716,#12717);
#12719=PLANE('',#12718);
#12720=ORIENTED_EDGE('',*,*,#12681,.T.);
#12721=ORIENTED_EDGE('',*,*,#12695,.T.);
#12722=ORIENTED_EDGE('',*,*,#12708,.T.);
#12723=ORIENTED_EDGE('',*,*,#12666,.T.);
#12724=EDGE_LOOP('',(#12720,#12721,#12722,#12723));
#12725=FACE_OUTER_BOUND('',#12724,.F.);
#12726=ADVANCED_FACE('',(#12725),#12719,.F.);
#12727=CARTESIAN_POINT('',(-1.0925E1,-4.129975E0,-3.365130956137E0));
#12728=DIRECTION('',(0.E0,0.E0,1.E0));
#12729=DIRECTION('',(1.E0,0.E0,0.E0));
#12730=AXIS2_PLACEMENT_3D('',#12727,#12728,#12729);
#12731=PLANE('',#12730);
#12732=ORIENTED_EDGE('',*,*,#10285,.T.);
#12733=ORIENTED_EDGE('',*,*,#10231,.T.);
#12734=ORIENTED_EDGE('',*,*,#10394,.T.);
#12735=ORIENTED_EDGE('',*,*,#10298,.F.);
#12736=EDGE_LOOP('',(#12732,#12733,#12734,#12735));
#12737=FACE_OUTER_BOUND('',#12736,.F.);
#12738=ADVANCED_FACE('',(#12737),#12731,.F.);
#12739=CARTESIAN_POINT('',(-7.E-1,-4.129975E0,6.544869043863E0));
#12740=DIRECTION('',(1.E0,0.E0,0.E0));
#12741=DIRECTION('',(0.E0,0.E0,-1.E0));
#12742=AXIS2_PLACEMENT_3D('',#12739,#12740,#12741);
#12743=PLANE('',#12742);
#12744=ORIENTED_EDGE('',*,*,#10401,.F.);
#12746=ORIENTED_EDGE('',*,*,#12745,.F.);
#12748=ORIENTED_EDGE('',*,*,#12747,.F.);
#12750=ORIENTED_EDGE('',*,*,#12749,.F.);
#12752=ORIENTED_EDGE('',*,*,#12751,.F.);
#12754=ORIENTED_EDGE('',*,*,#12753,.F.);
#12755=EDGE_LOOP('',(#12744,#12746,#12748,#12750,#12752,#12754));
#12756=FACE_OUTER_BOUND('',#12755,.F.);
#12757=ADVANCED_FACE('',(#12756),#12743,.F.);
#12758=CARTESIAN_POINT('',(7.E-1,3.480025E0,2.919046639355E0));
#12759=DIRECTION('',(-1.E0,0.E0,0.E0));
#12760=DIRECTION('',(0.E0,0.E0,1.E0));
#12761=AXIS2_PLACEMENT_3D('',#12758,#12759,#12760);
#12762=CYLINDRICAL_SURFACE('',#12761,7.5E-1);
#12764=ORIENTED_EDGE('',*,*,#12763,.T.);
#12766=ORIENTED_EDGE('',*,*,#12765,.F.);
#12767=ORIENTED_EDGE('',*,*,#12747,.T.);
#12768=ORIENTED_EDGE('',*,*,#12745,.T.);
#12769=ORIENTED_EDGE('',*,*,#10407,.F.);
#12771=ORIENTED_EDGE('',*,*,#12770,.T.);
#12772=EDGE_LOOP('',(#12764,#12766,#12767,#12768,#12769,#12771));
#12773=FACE_OUTER_BOUND('',#12772,.F.);
#12774=ADVANCED_FACE('',(#12773),#12762,.F.);
#12775=CARTESIAN_POINT('',(7.E-1,-4.129975E0,6.544869043863E0));
#12776=DIRECTION('',(1.E0,0.E0,0.E0));
#12777=DIRECTION('',(0.E0,0.E0,-1.E0));
#12778=AXIS2_PLACEMENT_3D('',#12775,#12776,#12777);
#12779=PLANE('',#12778);
#12780=ORIENTED_EDGE('',*,*,#10405,.T.);
#12782=ORIENTED_EDGE('',*,*,#12781,.F.);
#12784=ORIENTED_EDGE('',*,*,#12783,.T.);
#12786=ORIENTED_EDGE('',*,*,#12785,.F.);
#12787=ORIENTED_EDGE('',*,*,#12763,.F.);
#12788=ORIENTED_EDGE('',*,*,#12770,.F.);
#12789=EDGE_LOOP('',(#12780,#12782,#12784,#12786,#12787,#12788));
#12790=FACE_OUTER_BOUND('',#12789,.F.);
#12791=ADVANCED_FACE('',(#12790),#12779,.T.);
#12792=CARTESIAN_POINT('',(7.E-1,4.130025E0,4.344869043863E0));
#12793=DIRECTION('',(0.E0,-7.644333195971E-1,-6.447027996602E-1));
#12794=DIRECTION('',(0.E0,6.447027996602E-1,-7.644333195971E-1));
#12795=AXIS2_PLACEMENT_3D('',#12792,#12793,#12794);
#12796=PLANE('',#12795);
#12797=ORIENTED_EDGE('',*,*,#12753,.T.);
#12799=ORIENTED_EDGE('',*,*,#12798,.T.);
#12800=ORIENTED_EDGE('',*,*,#12781,.T.);
#12801=ORIENTED_EDGE('',*,*,#10403,.F.);
#12802=EDGE_LOOP('',(#12797,#12799,#12800,#12801));
#12803=FACE_OUTER_BOUND('',#12802,.F.);
#12804=ADVANCED_FACE('',(#12803),#12796,.F.);
#12805=CARTESIAN_POINT('',(7.E-1,4.130025E0,3.594869043863E0));
#12806=DIRECTION('',(0.E0,-1.E0,0.E0));
#12807=DIRECTION('',(0.E0,0.E0,-1.E0));
#12808=AXIS2_PLACEMENT_3D('',#12805,#12806,#12807);
#12809=PLANE('',#12808);
#12810=ORIENTED_EDGE('',*,*,#12751,.T.);
#12812=ORIENTED_EDGE('',*,*,#12811,.T.);
#12813=ORIENTED_EDGE('',*,*,#12783,.F.);
#12814=ORIENTED_EDGE('',*,*,#12798,.F.);
#12815=EDGE_LOOP('',(#12810,#12812,#12813,#12814));
#12816=FACE_OUTER_BOUND('',#12815,.F.);
#12817=ADVANCED_FACE('',(#12816),#12809,.F.);
#12818=CARTESIAN_POINT('',(7.E-1,2.730025E0,3.766767429127E0));
#12819=DIRECTION('',(0.E0,1.218693434051E-1,9.925461516413E-1));
#12820=DIRECTION('',(0.E0,-9.925461516413E-1,1.218693434051E-1));
#12821=AXIS2_PLACEMENT_3D('',#12818,#12819,#12820);
#12822=PLANE('',#12821);
#12823=ORIENTED_EDGE('',*,*,#12785,.T.);
#12824=ORIENTED_EDGE('',*,*,#12811,.F.);
#12825=ORIENTED_EDGE('',*,*,#12749,.T.);
#12826=ORIENTED_EDGE('',*,*,#12765,.T.);
#12827=EDGE_LOOP('',(#12823,#12824,#12825,#12826));
#12828=FACE_OUTER_BOUND('',#12827,.F.);
#12829=ADVANCED_FACE('',(#12828),#12822,.F.);
#12830=CARTESIAN_POINT('',(-8.495E0,2.720025E0,3.594869043863E0));
#12831=DIRECTION('',(-1.E0,0.E0,0.E0));
#12832=DIRECTION('',(0.E0,0.E0,1.E0));
#12833=AXIS2_PLACEMENT_3D('',#12830,#12831,#12832);
#12834=PLANE('',#12833);
#12835=ORIENTED_EDGE('',*,*,#10411,.F.);
#12837=ORIENTED_EDGE('',*,*,#12836,.F.);
#12839=ORIENTED_EDGE('',*,*,#12838,.F.);
#12841=ORIENTED_EDGE('',*,*,#12840,.T.);
#12842=EDGE_LOOP('',(#12835,#12837,#12839,#12841));
#12843=FACE_OUTER_BOUND('',#12842,.F.);
#12844=ADVANCED_FACE('',(#12843),#12834,.T.);
#12845=CARTESIAN_POINT('',(-8.495E0,2.720025E0,5.844869043863E0));
#12846=DIRECTION('',(0.E0,0.E0,-1.E0));
#12847=DIRECTION('',(-1.E0,0.E0,0.E0));
#12848=AXIS2_PLACEMENT_3D('',#12845,#12846,#12847);
#12849=PLANE('',#12848);
#12850=ORIENTED_EDGE('',*,*,#10417,.F.);
#12852=ORIENTED_EDGE('',*,*,#12851,.F.);
#12854=ORIENTED_EDGE('',*,*,#12853,.F.);
#12855=ORIENTED_EDGE('',*,*,#12836,.T.);
#12856=EDGE_LOOP('',(#12850,#12852,#12854,#12855));
#12857=FACE_OUTER_BOUND('',#12856,.F.);
#12858=ADVANCED_FACE('',(#12857),#12849,.T.);
#12859=CARTESIAN_POINT('',(-1.0315E1,2.720025E0,5.844869043863E0));
#12860=DIRECTION('',(1.E0,0.E0,0.E0));
#12861=DIRECTION('',(0.E0,0.E0,-1.E0));
#12862=AXIS2_PLACEMENT_3D('',#12859,#12860,#12861);
#12863=PLANE('',#12862);
#12864=ORIENTED_EDGE('',*,*,#10415,.F.);
#12866=ORIENTED_EDGE('',*,*,#12865,.F.);
#12868=ORIENTED_EDGE('',*,*,#12867,.F.);
#12869=ORIENTED_EDGE('',*,*,#12851,.T.);
#12870=EDGE_LOOP('',(#12864,#12866,#12868,#12869));
#12871=FACE_OUTER_BOUND('',#12870,.F.);
#12872=ADVANCED_FACE('',(#12871),#12863,.T.);
#12873=CARTESIAN_POINT('',(-1.0315E1,2.720025E0,3.594869043863E0));
#12874=DIRECTION('',(0.E0,0.E0,1.E0));
#12875=DIRECTION('',(1.E0,0.E0,0.E0));
#12876=AXIS2_PLACEMENT_3D('',#12873,#12874,#12875);
#12877=PLANE('',#12876);
#12878=ORIENTED_EDGE('',*,*,#10413,.F.);
#12879=ORIENTED_EDGE('',*,*,#12840,.F.);
#12881=ORIENTED_EDGE('',*,*,#12880,.F.);
#12882=ORIENTED_EDGE('',*,*,#12865,.T.);
#12883=EDGE_LOOP('',(#12878,#12879,#12881,#12882));
#12884=FACE_OUTER_BOUND('',#12883,.F.);
#12885=ADVANCED_FACE('',(#12884),#12877,.T.);
#12886=CARTESIAN_POINT('',(-8.857697686460E0,2.720025E0,5.423746149881E0));
#12887=DIRECTION('',(0.E0,-1.E0,0.E0));
#12888=DIRECTION('',(0.E0,0.E0,-1.E0));
#12889=AXIS2_PLACEMENT_3D('',#12886,#12887,#12888);
#12890=PLANE('',#12889);
#12891=ORIENTED_EDGE('',*,*,#12853,.T.);
#12892=ORIENTED_EDGE('',*,*,#12867,.T.);
#12893=ORIENTED_EDGE('',*,*,#12880,.T.);
#12894=ORIENTED_EDGE('',*,*,#12838,.T.);
#12895=EDGE_LOOP('',(#12891,#12892,#12893,#12894));
#12896=FACE_OUTER_BOUND('',#12895,.F.);
#12898=ORIENTED_EDGE('',*,*,#12897,.F.);
#12900=ORIENTED_EDGE('',*,*,#12899,.F.);
#12902=ORIENTED_EDGE('',*,*,#12901,.F.);
#12904=ORIENTED_EDGE('',*,*,#12903,.F.);
#12906=ORIENTED_EDGE('',*,*,#12905,.F.);
#12908=ORIENTED_EDGE('',*,*,#12907,.F.);
#12910=ORIENTED_EDGE('',*,*,#12909,.F.);
#12912=ORIENTED_EDGE('',*,*,#12911,.F.);
#12914=ORIENTED_EDGE('',*,*,#12913,.F.);
#12916=ORIENTED_EDGE('',*,*,#12915,.F.);
#12918=ORIENTED_EDGE('',*,*,#12917,.F.);
#12919=EDGE_LOOP('',(#12898,#12900,#12902,#12904,#12906,#12908,#12910,#12912,
#12914,#12916,#12918));
#12920=FACE_BOUND('',#12919,.F.);
#12922=ORIENTED_EDGE('',*,*,#12921,.F.);
#12924=ORIENTED_EDGE('',*,*,#12923,.F.);
#12926=ORIENTED_EDGE('',*,*,#12925,.F.);
#12928=ORIENTED_EDGE('',*,*,#12927,.T.);
#12930=ORIENTED_EDGE('',*,*,#12929,.T.);
#12932=ORIENTED_EDGE('',*,*,#12931,.F.);
#12934=ORIENTED_EDGE('',*,*,#12933,.T.);
#12936=ORIENTED_EDGE('',*,*,#12935,.F.);
#12937=EDGE_LOOP('',(#12922,#12924,#12926,#12928,#12930,#12932,#12934,#12936));
#12938=FACE_BOUND('',#12937,.F.);
#12939=ADVANCED_FACE('',(#12896,#12920,#12938),#12890,.F.);
#12940=CARTESIAN_POINT('',(-1.000313039310E1,2.720025E0,3.769869043863E0));
#12941=DIRECTION('',(0.E0,0.E0,1.E0));
#12942=DIRECTION('',(1.E0,0.E0,0.E0));
#12943=AXIS2_PLACEMENT_3D('',#12940,#12941,#12942);
#12944=PLANE('',#12943);
#12946=ORIENTED_EDGE('',*,*,#12945,.T.);
#12948=ORIENTED_EDGE('',*,*,#12947,.F.);
#12949=ORIENTED_EDGE('',*,*,#12897,.T.);
#12951=ORIENTED_EDGE('',*,*,#12950,.T.);
#12952=EDGE_LOOP('',(#12946,#12948,#12949,#12951));
#12953=FACE_OUTER_BOUND('',#12952,.F.);
#12954=ADVANCED_FACE('',(#12953),#12944,.F.);
#12955=CARTESIAN_POINT('',(1.0925E1,2.730025E0,-3.365130956137E0));
#12956=DIRECTION('',(0.E0,1.E0,0.E0));
#12957=DIRECTION('',(0.E0,0.E0,1.E0));
#12958=AXIS2_PLACEMENT_3D('',#12955,#12956,#12957);
#12959=PLANE('',#12958);
#12960=ORIENTED_EDGE('',*,*,#12945,.F.);
#12962=ORIENTED_EDGE('',*,*,#12961,.F.);
#12964=ORIENTED_EDGE('',*,*,#12963,.F.);
#12966=ORIENTED_EDGE('',*,*,#12965,.F.);
#12968=ORIENTED_EDGE('',*,*,#12967,.F.);
#12970=ORIENTED_EDGE('',*,*,#12969,.F.);
#12972=ORIENTED_EDGE('',*,*,#12971,.F.);
#12974=ORIENTED_EDGE('',*,*,#12973,.F.);
#12976=ORIENTED_EDGE('',*,*,#12975,.F.);
#12978=ORIENTED_EDGE('',*,*,#12977,.F.);
#12980=ORIENTED_EDGE('',*,*,#12979,.F.);
#12981=EDGE_LOOP('',(#12960,#12962,#12964,#12966,#12968,#12970,#12972,#12974,
#12976,#12978,#12980));
#12982=FACE_OUTER_BOUND('',#12981,.F.);
#12984=ORIENTED_EDGE('',*,*,#12983,.F.);
#12986=ORIENTED_EDGE('',*,*,#12985,.F.);
#12988=ORIENTED_EDGE('',*,*,#12987,.F.);
#12989=EDGE_LOOP('',(#12984,#12986,#12988));
#12990=FACE_BOUND('',#12989,.F.);
#12991=ADVANCED_FACE('',(#12982,#12990),#12959,.T.);
#12992=CARTESIAN_POINT('',(-9.513005752637E0,2.720025E0,4.438684597713E0));
#12993=DIRECTION('',(0.E0,0.E0,-1.E0));
#12994=DIRECTION('',(-1.E0,0.E0,0.E0));
#12995=AXIS2_PLACEMENT_3D('',#12992,#12993,#12994);
#12996=PLANE('',#12995);
#12997=ORIENTED_EDGE('',*,*,#12983,.T.);
#12999=ORIENTED_EDGE('',*,*,#12998,.F.);
#13001=ORIENTED_EDGE('',*,*,#13000,.T.);
#13003=ORIENTED_EDGE('',*,*,#13002,.F.);
#13004=EDGE_LOOP('',(#12997,#12999,#13001,#13003));
#13005=FACE_OUTER_BOUND('',#13004,.F.);
#13006=ADVANCED_FACE('',(#13005),#12996,.F.);
#13007=CARTESIAN_POINT('',(-9.865067114094E0,2.720025E0,5.295118468268E0));
#13008=DIRECTION('',(9.249014610483E-1,0.E0,3.802069007143E-1));
#13009=DIRECTION('',(3.802069007143E-1,0.E0,-9.249014610483E-1));
#13010=AXIS2_PLACEMENT_3D('',#13007,#13008,#13009);
#13011=PLANE('',#13010);
#13012=ORIENTED_EDGE('',*,*,#12987,.T.);
#13014=ORIENTED_EDGE('',*,*,#13013,.F.);
#13016=ORIENTED_EDGE('',*,*,#13015,.T.);
#13017=ORIENTED_EDGE('',*,*,#12998,.T.);
#13018=EDGE_LOOP('',(#13012,#13014,#13016,#13017));
#13019=FACE_OUTER_BOUND('',#13018,.F.);
#13020=ADVANCED_FACE('',(#13019),#13011,.F.);
#13021=CARTESIAN_POINT('',(-9.865067114094E0,2.720025E0,4.438684597713E0));
#13022=DIRECTION('',(-1.E0,0.E0,0.E0));
#13023=DIRECTION('',(0.E0,0.E0,1.E0));
#13024=AXIS2_PLACEMENT_3D('',#13021,#13022,#13023);
#13025=PLANE('',#13024);
#13026=ORIENTED_EDGE('',*,*,#12985,.T.);
#13027=ORIENTED_EDGE('',*,*,#13002,.T.);
#13029=ORIENTED_EDGE('',*,*,#13028,.T.);
#13030=ORIENTED_EDGE('',*,*,#13013,.T.);
#13031=EDGE_LOOP('',(#13026,#13027,#13029,#13030));
#13032=FACE_OUTER_BOUND('',#13031,.F.);
#13033=ADVANCED_FACE('',(#13032),#13025,.F.);
#13034=CARTESIAN_POINT('',(-9.689036433365E0,2.720025E0,4.438684597713E0));
#13035=DIRECTION('',(0.E0,-1.E0,0.E0));
#13036=DIRECTION('',(0.E0,0.E0,-1.E0));
#13037=AXIS2_PLACEMENT_3D('',#13034,#13035,#13036);
#13038=PLANE('',#13037);
#13039=ORIENTED_EDGE('',*,*,#13000,.F.);
#13040=ORIENTED_EDGE('',*,*,#13015,.F.);
#13041=ORIENTED_EDGE('',*,*,#13028,.F.);
#13042=EDGE_LOOP('',(#13039,#13040,#13041));
#13043=FACE_OUTER_BOUND('',#13042,.F.);
#13044=ADVANCED_FACE('',(#13043),#13038,.F.);
#13045=CARTESIAN_POINT('',(-9.865067114094E0,2.720025E0,3.769869043863E0));
#13046=DIRECTION('',(-1.E0,0.E0,0.E0));
#13047=DIRECTION('',(0.E0,0.E0,1.E0));
#13048=AXIS2_PLACEMENT_3D('',#13045,#13046,#13047);
#13049=PLANE('',#13048);
#13050=ORIENTED_EDGE('',*,*,#12961,.T.);
#13051=ORIENTED_EDGE('',*,*,#12950,.F.);
#13052=ORIENTED_EDGE('',*,*,#12917,.T.);
#13054=ORIENTED_EDGE('',*,*,#13053,.T.);
#13055=EDGE_LOOP('',(#13050,#13051,#13052,#13054));
#13056=FACE_OUTER_BOUND('',#13055,.F.);
#13057=ADVANCED_FACE('',(#13056),#13049,.F.);
#13058=CARTESIAN_POINT('',(-9.865067114094E0,2.720025E0,4.224819158982E0));
#13059=DIRECTION('',(0.E0,0.E0,1.E0));
#13060=DIRECTION('',(1.E0,0.E0,0.E0));
#13061=AXIS2_PLACEMENT_3D('',#13058,#13059,#13060);
#13062=PLANE('',#13061);
#13063=ORIENTED_EDGE('',*,*,#12963,.T.);
#13064=ORIENTED_EDGE('',*,*,#13053,.F.);
#13065=ORIENTED_EDGE('',*,*,#12915,.T.);
#13067=ORIENTED_EDGE('',*,*,#13066,.T.);
#13068=EDGE_LOOP('',(#13063,#13064,#13065,#13067));
#13069=FACE_OUTER_BOUND('',#13068,.F.);
#13070=ADVANCED_FACE('',(#13069),#13062,.F.);
#13071=CARTESIAN_POINT('',(-9.377243528284E0,2.720025E0,4.224819158982E0));
#13072=DIRECTION('',(-1.E0,0.E0,0.E0));
#13073=DIRECTION('',(0.E0,0.E0,1.E0));
#13074=AXIS2_PLACEMENT_3D('',#13071,#13072,#13073);
#13075=PLANE('',#13074);
#13076=ORIENTED_EDGE('',*,*,#12965,.T.);
#13077=ORIENTED_EDGE('',*,*,#13066,.F.);
#13078=ORIENTED_EDGE('',*,*,#12913,.T.);
#13080=ORIENTED_EDGE('',*,*,#13079,.T.);
#13081=EDGE_LOOP('',(#13076,#13077,#13078,#13080));
#13082=FACE_OUTER_BOUND('',#13081,.F.);
#13083=ADVANCED_FACE('',(#13082),#13075,.F.);
#13084=CARTESIAN_POINT('',(-9.377243528284E0,2.720025E0,4.438684597713E0));
#13085=DIRECTION('',(-9.230392107260E-1,0.E0,-3.847058817621E-1));
#13086=DIRECTION('',(-3.847058817621E-1,0.E0,9.230392107260E-1));
#13087=AXIS2_PLACEMENT_3D('',#13084,#13085,#13086);
#13088=PLANE('',#13087);
#13089=ORIENTED_EDGE('',*,*,#12967,.T.);
#13090=ORIENTED_EDGE('',*,*,#13079,.F.);
#13091=ORIENTED_EDGE('',*,*,#12911,.T.);
#13093=ORIENTED_EDGE('',*,*,#13092,.T.);
#13094=EDGE_LOOP('',(#13089,#13090,#13091,#13093));
#13095=FACE_OUTER_BOUND('',#13094,.F.);
#13096=ADVANCED_FACE('',(#13095),#13088,.F.);
#13097=CARTESIAN_POINT('',(-9.890378715244E0,2.720025E0,5.669869043863E0));
#13098=DIRECTION('',(0.E0,0.E0,-1.E0));
#13099=DIRECTION('',(-1.E0,0.E0,0.E0));
#13100=AXIS2_PLACEMENT_3D('',#13097,#13098,#13099);
#13101=PLANE('',#13100);
#13102=ORIENTED_EDGE('',*,*,#12969,.T.);
#13103=ORIENTED_EDGE('',*,*,#13092,.F.);
#13104=ORIENTED_EDGE('',*,*,#12909,.T.);
#13106=ORIENTED_EDGE('',*,*,#13105,.T.);
#13107=EDGE_LOOP('',(#13102,#13103,#13104,#13106));
#13108=FACE_OUTER_BOUND('',#13107,.F.);
#13109=ADVANCED_FACE('',(#13108),#13101,.F.);
#13110=CARTESIAN_POINT('',(-1.000313039310E1,2.720025E0,5.669869043863E0));
#13111=DIRECTION('',(1.E0,0.E0,0.E0));
#13112=DIRECTION('',(0.E0,0.E0,-1.E0));
#13113=AXIS2_PLACEMENT_3D('',#13110,#13111,#13112);
#13114=PLANE('',#13113);
#13115=ORIENTED_EDGE('',*,*,#12971,.T.);
#13116=ORIENTED_EDGE('',*,*,#13105,.F.);
#13117=ORIENTED_EDGE('',*,*,#12907,.T.);
#13119=ORIENTED_EDGE('',*,*,#13118,.T.);
#13120=EDGE_LOOP('',(#13115,#13116,#13117,#13119));
#13121=FACE_OUTER_BOUND('',#13120,.F.);
#13122=ADVANCED_FACE('',(#13121),#13114,.F.);
#13123=CARTESIAN_POINT('',(-1.000313039310E1,2.720025E0,4.438684597713E0));
#13124=DIRECTION('',(0.E0,0.E0,-1.E0));
#13125=DIRECTION('',(-1.E0,0.E0,0.E0));
#13126=AXIS2_PLACEMENT_3D('',#13123,#13124,#13125);
#13127=PLANE('',#13126);
#13128=ORIENTED_EDGE('',*,*,#12973,.T.);
#13129=ORIENTED_EDGE('',*,*,#13118,.F.);
#13130=ORIENTED_EDGE('',*,*,#12905,.T.);
#13132=ORIENTED_EDGE('',*,*,#13131,.T.);
#13133=EDGE_LOOP('',(#13128,#13129,#13130,#13132));
#13134=FACE_OUTER_BOUND('',#13133,.F.);
#13135=ADVANCED_FACE('',(#13134),#13127,.F.);
#13136=CARTESIAN_POINT('',(-1.0155E1,2.720025E0,4.438684597713E0));
#13137=DIRECTION('',(1.E0,0.E0,0.E0));
#13138=DIRECTION('',(0.E0,0.E0,-1.E0));
#13139=AXIS2_PLACEMENT_3D('',#13136,#13137,#13138);
#13140=PLANE('',#13139);
#13141=ORIENTED_EDGE('',*,*,#12975,.T.);
#13142=ORIENTED_EDGE('',*,*,#13131,.F.);
#13143=ORIENTED_EDGE('',*,*,#12903,.T.);
#13145=ORIENTED_EDGE('',*,*,#13144,.T.);
#13146=EDGE_LOOP('',(#13141,#13142,#13143,#13145));
#13147=FACE_OUTER_BOUND('',#13146,.F.);
#13148=ADVANCED_FACE('',(#13147),#13140,.F.);
#13149=CARTESIAN_POINT('',(-1.0155E1,2.720025E0,4.224819158982E0));
#13150=DIRECTION('',(0.E0,0.E0,1.E0));
#13151=DIRECTION('',(1.E0,0.E0,0.E0));
#13152=AXIS2_PLACEMENT_3D('',#13149,#13150,#13151);
#13153=PLANE('',#13152);
#13154=ORIENTED_EDGE('',*,*,#12977,.T.);
#13155=ORIENTED_EDGE('',*,*,#13144,.F.);
#13156=ORIENTED_EDGE('',*,*,#12901,.T.);
#13158=ORIENTED_EDGE('',*,*,#13157,.T.);
#13159=EDGE_LOOP('',(#13154,#13155,#13156,#13158));
#13160=FACE_OUTER_BOUND('',#13159,.F.);
#13161=ADVANCED_FACE('',(#13160),#13153,.F.);
#13162=CARTESIAN_POINT('',(-1.000313039310E1,2.720025E0,4.224819158982E0));
#13163=DIRECTION('',(1.E0,0.E0,0.E0));
#13164=DIRECTION('',(0.E0,0.E0,-1.E0));
#13165=AXIS2_PLACEMENT_3D('',#13162,#13163,#13164);
#13166=PLANE('',#13165);
#13167=ORIENTED_EDGE('',*,*,#12979,.T.);
#13168=ORIENTED_EDGE('',*,*,#13157,.F.);
#13169=ORIENTED_EDGE('',*,*,#12899,.T.);
#13170=ORIENTED_EDGE('',*,*,#12947,.T.);
#13171=EDGE_LOOP('',(#13167,#13168,#13169,#13170));
#13172=FACE_OUTER_BOUND('',#13171,.F.);
#13173=ADVANCED_FACE('',(#13172),#13166,.F.);
#13174=CARTESIAN_POINT('',(-8.940268742492E0,2.720025E0,5.271310597698E0));
#13175=CARTESIAN_POINT('',(-8.937305515401E0,2.720025E0,5.266277440996E0));
#13176=CARTESIAN_POINT('',(-8.901841502315E0,2.720025E0,5.207791771698E0));
#13177=CARTESIAN_POINT('',(-8.850943398108E0,2.720025E0,5.145135424401E0));
#13178=CARTESIAN_POINT('',(-8.791772469824E0,2.720025E0,5.087512233806E0));
#13179=CARTESIAN_POINT('',(-8.787424738707E0,2.720025E0,5.083341555808E0));
#13181=DIRECTION('',(0.E0,1.E0,0.E0));
#13182=VECTOR('',#13181,1.E0);
#13183=SURFACE_OF_LINEAR_EXTRUSION('',#13180,#13182);
#13185=ORIENTED_EDGE('',*,*,#13184,.T.);
#13187=ORIENTED_EDGE('',*,*,#13186,.T.);
#13189=ORIENTED_EDGE('',*,*,#13188,.F.);
#13190=ORIENTED_EDGE('',*,*,#12921,.T.);
#13191=EDGE_LOOP('',(#13185,#13187,#13189,#13190));
#13192=FACE_OUTER_BOUND('',#13191,.F.);
#13193=ADVANCED_FACE('',(#13192),#13183,.F.);
#13194=CARTESIAN_POINT('',(-8.814431308703E0,2.720025E0,5.110017526468E0));
#13195=CARTESIAN_POINT('',(-8.809652352390E0,2.720025E0,5.105182326420E0));
#13196=CARTESIAN_POINT('',(-8.750081444975E0,2.720025E0,5.045587012964E0));
#13197=CARTESIAN_POINT('',(-8.691680019655E0,2.720025E0,4.996874312570E0));
#13198=CARTESIAN_POINT('',(-8.644074970446E0,2.720025E0,4.968644314666E0));
#13199=CARTESIAN_POINT('',(-8.638728713686E0,2.720025E0,4.965644967203E0));
#13201=DIRECTION('',(0.E0,1.E0,0.E0));
#13202=VECTOR('',#13201,1.E0);
#13203=SURFACE_OF_LINEAR_EXTRUSION('',#13200,#13202);
#13204=ORIENTED_EDGE('',*,*,#13184,.F.);
#13205=ORIENTED_EDGE('',*,*,#12935,.T.);
#13207=ORIENTED_EDGE('',*,*,#13206,.F.);
#13209=ORIENTED_EDGE('',*,*,#13208,.T.);
#13210=EDGE_LOOP('',(#13204,#13205,#13207,#13209));
#13211=FACE_OUTER_BOUND('',#13210,.F.);
#13212=ADVANCED_FACE('',(#13211),#13203,.F.);
#13213=CARTESIAN_POINT('',(-8.655E0,2.720025E0,4.975292425802E0));
#13214=DIRECTION('',(-1.E0,0.E0,0.E0));
#13215=DIRECTION('',(0.E0,0.E0,1.E0));
#13216=AXIS2_PLACEMENT_3D('',#13213,#13214,#13215);
#13217=PLANE('',#13216);
#13219=ORIENTED_EDGE('',*,*,#13218,.T.);
#13220=ORIENTED_EDGE('',*,*,#13206,.T.);
#13221=ORIENTED_EDGE('',*,*,#12933,.F.);
#13223=ORIENTED_EDGE('',*,*,#13222,.T.);
#13224=EDGE_LOOP('',(#13219,#13220,#13221,#13223));
#13225=FACE_OUTER_BOUND('',#13224,.F.);
#13226=ADVANCED_FACE('',(#13225),#13217,.F.);
#13227=CARTESIAN_POINT('',(1.0925E1,2.730025E0,-3.365130956137E0));
#13228=DIRECTION('',(0.E0,1.E0,0.E0));
#13229=DIRECTION('',(0.E0,0.E0,1.E0));
#13230=AXIS2_PLACEMENT_3D('',#13227,#13228,#13229);
#13231=PLANE('',#13230);
#13232=ORIENTED_EDGE('',*,*,#13208,.F.);
#13233=ORIENTED_EDGE('',*,*,#13218,.F.);
#13235=ORIENTED_EDGE('',*,*,#13234,.F.);
#13237=ORIENTED_EDGE('',*,*,#13236,.F.);
#13239=ORIENTED_EDGE('',*,*,#13238,.T.);
#13241=ORIENTED_EDGE('',*,*,#13240,.F.);
#13243=ORIENTED_EDGE('',*,*,#13242,.F.);
#13244=ORIENTED_EDGE('',*,*,#13186,.F.);
#13245=EDGE_LOOP('',(#13232,#13233,#13235,#13237,#13239,#13241,#13243,#13244));
#13246=FACE_OUTER_BOUND('',#13245,.F.);
#13247=ADVANCED_FACE('',(#13246),#13231,.T.);
#13248=CARTESIAN_POINT('',(-8.640517304582E0,2.720025E0,5.189558075805E0));
#13249=CARTESIAN_POINT('',(-8.645381025390E0,2.720025E0,5.193261403034E0));
#13250=CARTESIAN_POINT('',(-8.689043292272E0,2.720025E0,5.227224248125E0));
#13251=CARTESIAN_POINT('',(-8.747833691068E0,2.720025E0,5.282372704379E0));
#13252=CARTESIAN_POINT('',(-8.812849089511E0,2.720025E0,5.359640806054E0));
#13253=CARTESIAN_POINT('',(-8.858370845610E0,2.720025E0,5.423166628302E0));
#13254=CARTESIAN_POINT('',(-8.898861268897E0,2.720025E0,5.488674416869E0));
#13255=CARTESIAN_POINT('',(-8.943832992144E0,2.720025E0,5.573875546489E0));
#13256=CARTESIAN_POINT('',(-8.970384968625E0,2.720025E0,5.642513812213E0));
#13257=CARTESIAN_POINT('',(-8.983330962678E0,2.720025E0,5.689304087155E0));
#13258=CARTESIAN_POINT('',(-8.984856187673E0,2.720025E0,5.695110568416E0));
#13260=DIRECTION('',(0.E0,1.E0,0.E0));
#13261=VECTOR('',#13260,1.E0);
#13262=SURFACE_OF_LINEAR_EXTRUSION('',#13259,#13261);
#13263=ORIENTED_EDGE('',*,*,#13234,.T.);
#13264=ORIENTED_EDGE('',*,*,#13222,.F.);
#13265=ORIENTED_EDGE('',*,*,#12931,.T.);
#13267=ORIENTED_EDGE('',*,*,#13266,.F.);
#13268=EDGE_LOOP('',(#13263,#13264,#13265,#13267));
#13269=FACE_OUTER_BOUND('',#13268,.F.);
#13270=ADVANCED_FACE('',(#13269),#13262,.F.);
#13271=CARTESIAN_POINT('',(-8.980023969319E0,2.720025E0,5.677645968907E0));
#13272=DIRECTION('',(0.E0,0.E0,-1.E0));
#13273=DIRECTION('',(-1.E0,0.E0,0.E0));
#13274=AXIS2_PLACEMENT_3D('',#13271,#13272,#13273);
#13275=PLANE('',#13274);
#13276=ORIENTED_EDGE('',*,*,#13236,.T.);
#13277=ORIENTED_EDGE('',*,*,#13266,.T.);
#13278=ORIENTED_EDGE('',*,*,#12929,.F.);
#13280=ORIENTED_EDGE('',*,*,#13279,.T.);
#13281=EDGE_LOOP('',(#13276,#13277,#13278,#13280));
#13282=FACE_OUTER_BOUND('',#13281,.F.);
#13283=ADVANCED_FACE('',(#13282),#13275,.F.);
#13284=CARTESIAN_POINT('',(-9.069189837009E0,2.720025E0,5.677645968907E0));
#13285=DIRECTION('',(1.E0,0.E0,0.E0));
#13286=DIRECTION('',(0.E0,0.E0,-1.E0));
#13287=AXIS2_PLACEMENT_3D('',#13284,#13285,#13286);
#13288=PLANE('',#13287);
#13289=ORIENTED_EDGE('',*,*,#13238,.F.);
#13290=ORIENTED_EDGE('',*,*,#13279,.F.);
#13291=ORIENTED_EDGE('',*,*,#12927,.F.);
#13293=ORIENTED_EDGE('',*,*,#13292,.T.);
#13294=EDGE_LOOP('',(#13289,#13290,#13291,#13293));
#13295=FACE_OUTER_BOUND('',#13294,.F.);
#13296=ADVANCED_FACE('',(#13295),#13288,.F.);
#13297=CARTESIAN_POINT('',(-9.069189837009E0,2.720025E0,3.769869043863E0));
#13298=DIRECTION('',(0.E0,0.E0,1.E0));
#13299=DIRECTION('',(1.E0,0.E0,0.E0));
#13300=AXIS2_PLACEMENT_3D('',#13297,#13298,#13299);
#13301=PLANE('',#13300);
#13302=ORIENTED_EDGE('',*,*,#13240,.T.);
#13303=ORIENTED_EDGE('',*,*,#13292,.F.);
#13304=ORIENTED_EDGE('',*,*,#12925,.T.);
#13306=ORIENTED_EDGE('',*,*,#13305,.F.);
#13307=EDGE_LOOP('',(#13302,#13303,#13304,#13306));
#13308=FACE_OUTER_BOUND('',#13307,.F.);
#13309=ADVANCED_FACE('',(#13308),#13301,.F.);
#13310=CARTESIAN_POINT('',(-8.931126558006E0,2.720025E0,3.769869043863E0));
#13311=DIRECTION('',(-1.E0,0.E0,0.E0));
#13312=DIRECTION('',(0.E0,0.E0,1.E0));
#13313=AXIS2_PLACEMENT_3D('',#13310,#13311,#13312);
#13314=PLANE('',#13313);
#13315=ORIENTED_EDGE('',*,*,#13242,.T.);
#13316=ORIENTED_EDGE('',*,*,#13305,.T.);
#13317=ORIENTED_EDGE('',*,*,#12923,.T.);
#13318=ORIENTED_EDGE('',*,*,#13188,.T.);
#13319=EDGE_LOOP('',(#13315,#13316,#13317,#13318));
#13320=FACE_OUTER_BOUND('',#13319,.F.);
#13321=ADVANCED_FACE('',(#13320),#13314,.F.);
#13322=CARTESIAN_POINT('',(8.6825E0,4.82525E-1,-1.007969149847E0));
#13323=DIRECTION('',(0.E0,1.E0,0.E0));
#13324=DIRECTION('',(0.E0,0.E0,1.E0));
#13325=AXIS2_PLACEMENT_3D('',#13322,#13323,#13324);
#13326=PLANE('',#13325);
#13328=ORIENTED_EDGE('',*,*,#13327,.T.);
#13330=ORIENTED_EDGE('',*,*,#13329,.F.);
#13332=ORIENTED_EDGE('',*,*,#13331,.T.);
#13333=ORIENTED_EDGE('',*,*,#10325,.T.);
#13334=EDGE_LOOP('',(#13328,#13330,#13332,#13333));
#13335=FACE_OUTER_BOUND('',#13334,.F.);
#13336=ADVANCED_FACE('',(#13335),#13326,.F.);
#13337=CARTESIAN_POINT('',(9.3175E0,1.117525E0,-1.031530956137E0));
#13338=DIRECTION('',(-1.E0,0.E0,0.E0));
#13339=DIRECTION('',(0.E0,0.E0,-1.E0));
#13340=AXIS2_PLACEMENT_3D('',#13337,#13338,#13339);
#13341=PLANE('',#13340);
#13343=ORIENTED_EDGE('',*,*,#13342,.F.);
#13345=ORIENTED_EDGE('',*,*,#13344,.F.);
#13346=ORIENTED_EDGE('',*,*,#13327,.F.);
#13347=ORIENTED_EDGE('',*,*,#10331,.T.);
#13348=EDGE_LOOP('',(#13343,#13345,#13346,#13347));
#13349=FACE_OUTER_BOUND('',#13348,.F.);
#13350=ADVANCED_FACE('',(#13349),#13341,.F.);
#13351=CARTESIAN_POINT('',(9.317499799838E0,1.117525200162E0,
-1.007969149847E0));
#13352=DIRECTION('',(0.E0,-1.E0,0.E0));
#13353=DIRECTION('',(0.E0,0.E0,1.E0));
#13354=AXIS2_PLACEMENT_3D('',#13351,#13352,#13353);
#13355=PLANE('',#13354);
#13357=ORIENTED_EDGE('',*,*,#13356,.F.);
#13359=ORIENTED_EDGE('',*,*,#13358,.F.);
#13360=ORIENTED_EDGE('',*,*,#13342,.T.);
#13361=ORIENTED_EDGE('',*,*,#10329,.T.);
#13362=EDGE_LOOP('',(#13357,#13359,#13360,#13361));
#13363=FACE_OUTER_BOUND('',#13362,.F.);
#13364=ADVANCED_FACE('',(#13363),#13355,.F.);
#13365=CARTESIAN_POINT('',(8.6825E0,1.117525E0,-7.775307888469E-1));
#13366=DIRECTION('',(1.E0,0.E0,0.E0));
#13367=DIRECTION('',(0.E0,0.E0,1.E0));
#13368=AXIS2_PLACEMENT_3D('',#13365,#13366,#13367);
#13369=PLANE('',#13368);
#13370=ORIENTED_EDGE('',*,*,#13331,.F.);
#13372=ORIENTED_EDGE('',*,*,#13371,.F.);
#13373=ORIENTED_EDGE('',*,*,#13356,.T.);
#13374=ORIENTED_EDGE('',*,*,#10327,.T.);
#13375=EDGE_LOOP('',(#13370,#13372,#13373,#13374));
#13376=FACE_OUTER_BOUND('',#13375,.F.);
#13377=ADVANCED_FACE('',(#13376),#13369,.F.);
#13378=CARTESIAN_POINT('',(9.3175E0,4.82525E-1,-6.544869043863E0));
#13379=DIRECTION('',(0.E0,0.E0,1.E0));
#13380=DIRECTION('',(0.E0,1.E0,0.E0));
#13381=AXIS2_PLACEMENT_3D('',#13378,#13379,#13380);
#13382=PLANE('',#13381);
#13383=ORIENTED_EDGE('',*,*,#13344,.T.);
#13384=ORIENTED_EDGE('',*,*,#13358,.T.);
#13385=ORIENTED_EDGE('',*,*,#13371,.T.);
#13386=ORIENTED_EDGE('',*,*,#13329,.T.);
#13387=EDGE_LOOP('',(#13383,#13384,#13385,#13386));
#13388=FACE_OUTER_BOUND('',#13387,.F.);
#13389=ADVANCED_FACE('',(#13388),#13382,.F.);
#13390=CARTESIAN_POINT('',(9.32E0,-4.129975E0,-3.055130956137E0));
#13391=DIRECTION('',(-1.E0,0.E0,0.E0));
#13392=DIRECTION('',(0.E0,0.E0,1.E0));
#13393=AXIS2_PLACEMENT_3D('',#13390,#13391,#13392);
#13394=PLANE('',#13393);
#13395=ORIENTED_EDGE('',*,*,#9978,.F.);
#13396=ORIENTED_EDGE('',*,*,#9949,.T.);
#13397=ORIENTED_EDGE('',*,*,#9629,.T.);
#13398=ORIENTED_EDGE('',*,*,#9992,.T.);
#13399=EDGE_LOOP('',(#13395,#13396,#13397,#13398));
#13400=FACE_OUTER_BOUND('',#13399,.F.);
#13401=ADVANCED_FACE('',(#13400),#13394,.T.);
#13402=CARTESIAN_POINT('',(8.6825E0,-2.517475E0,-1.007969149847E0));
#13403=DIRECTION('',(0.E0,1.E0,0.E0));
#13404=DIRECTION('',(0.E0,0.E0,1.E0));
#13405=AXIS2_PLACEMENT_3D('',#13402,#13403,#13404);
#13406=PLANE('',#13405);
#13408=ORIENTED_EDGE('',*,*,#13407,.T.);
#13410=ORIENTED_EDGE('',*,*,#13409,.F.);
#13412=ORIENTED_EDGE('',*,*,#13411,.T.);
#13413=ORIENTED_EDGE('',*,*,#9953,.T.);
#13414=EDGE_LOOP('',(#13408,#13410,#13412,#13413));
#13415=FACE_OUTER_BOUND('',#13414,.F.);
#13416=ADVANCED_FACE('',(#13415),#13406,.F.);
#13417=CARTESIAN_POINT('',(9.3175E0,-1.882475E0,-1.031530956137E0));
#13418=DIRECTION('',(-1.E0,0.E0,0.E0));
#13419=DIRECTION('',(0.E0,0.E0,-1.E0));
#13420=AXIS2_PLACEMENT_3D('',#13417,#13418,#13419);
#13421=PLANE('',#13420);
#13423=ORIENTED_EDGE('',*,*,#13422,.F.);
#13425=ORIENTED_EDGE('',*,*,#13424,.F.);
#13426=ORIENTED_EDGE('',*,*,#13407,.F.);
#13427=ORIENTED_EDGE('',*,*,#9959,.T.);
#13428=EDGE_LOOP('',(#13423,#13425,#13426,#13427));
#13429=FACE_OUTER_BOUND('',#13428,.F.);
#13430=ADVANCED_FACE('',(#13429),#13421,.F.);
#13431=CARTESIAN_POINT('',(9.317499799838E0,-1.882474799838E0,
-1.007969149847E0));
#13432=DIRECTION('',(0.E0,-1.E0,0.E0));
#13433=DIRECTION('',(0.E0,0.E0,1.E0));
#13434=AXIS2_PLACEMENT_3D('',#13431,#13432,#13433);
#13435=PLANE('',#13434);
#13437=ORIENTED_EDGE('',*,*,#13436,.F.);
#13439=ORIENTED_EDGE('',*,*,#13438,.F.);
#13440=ORIENTED_EDGE('',*,*,#13422,.T.);
#13441=ORIENTED_EDGE('',*,*,#9957,.T.);
#13442=EDGE_LOOP('',(#13437,#13439,#13440,#13441));
#13443=FACE_OUTER_BOUND('',#13442,.F.);
#13444=ADVANCED_FACE('',(#13443),#13435,.F.);
#13445=CARTESIAN_POINT('',(8.6825E0,-1.882475E0,-7.775307888469E-1));
#13446=DIRECTION('',(1.E0,0.E0,0.E0));
#13447=DIRECTION('',(0.E0,0.E0,1.E0));
#13448=AXIS2_PLACEMENT_3D('',#13445,#13446,#13447);
#13449=PLANE('',#13448);
#13450=ORIENTED_EDGE('',*,*,#13411,.F.);
#13452=ORIENTED_EDGE('',*,*,#13451,.F.);
#13453=ORIENTED_EDGE('',*,*,#13436,.T.);
#13454=ORIENTED_EDGE('',*,*,#9955,.T.);
#13455=EDGE_LOOP('',(#13450,#13452,#13453,#13454));
#13456=FACE_OUTER_BOUND('',#13455,.F.);
#13457=ADVANCED_FACE('',(#13456),#13449,.F.);
#13458=CARTESIAN_POINT('',(9.3175E0,-2.517475E0,-6.544869043863E0));
#13459=DIRECTION('',(0.E0,0.E0,1.E0));
#13460=DIRECTION('',(0.E0,1.E0,0.E0));
#13461=AXIS2_PLACEMENT_3D('',#13458,#13459,#13460);
#13462=PLANE('',#13461);
#13463=ORIENTED_EDGE('',*,*,#13424,.T.);
#13464=ORIENTED_EDGE('',*,*,#13438,.T.);
#13465=ORIENTED_EDGE('',*,*,#13451,.T.);
#13466=ORIENTED_EDGE('',*,*,#13409,.T.);
#13467=EDGE_LOOP('',(#13463,#13464,#13465,#13466));
#13468=FACE_OUTER_BOUND('',#13467,.F.);
#13469=ADVANCED_FACE('',(#13468),#13462,.F.);
#13470=CARTESIAN_POINT('',(-8.68E0,-4.129975E0,-3.055130956137E0));
#13471=DIRECTION('',(-1.E0,0.E0,0.E0));
#13472=DIRECTION('',(0.E0,0.E0,1.E0));
#13473=AXIS2_PLACEMENT_3D('',#13470,#13471,#13472);
#13474=PLANE('',#13473);
#13475=ORIENTED_EDGE('',*,*,#9551,.F.);
#13476=ORIENTED_EDGE('',*,*,#9446,.T.);
#13477=ORIENTED_EDGE('',*,*,#9617,.F.);
#13478=ORIENTED_EDGE('',*,*,#9566,.F.);
#13479=EDGE_LOOP('',(#13475,#13476,#13477,#13478));
#13480=FACE_OUTER_BOUND('',#13479,.F.);
#13481=ADVANCED_FACE('',(#13480),#13474,.T.);
#13482=CARTESIAN_POINT('',(-1.0925E1,-4.129975E0,-3.365130956137E0));
#13483=DIRECTION('',(0.E0,0.E0,1.E0));
#13484=DIRECTION('',(1.E0,0.E0,0.E0));
#13485=AXIS2_PLACEMENT_3D('',#13482,#13483,#13484);
#13486=PLANE('',#13485);
#13487=ORIENTED_EDGE('',*,*,#9413,.T.);
#13488=ORIENTED_EDGE('',*,*,#9300,.T.);
#13489=ORIENTED_EDGE('',*,*,#9621,.T.);
#13490=ORIENTED_EDGE('',*,*,#9426,.T.);
#13491=EDGE_LOOP('',(#13487,#13488,#13489,#13490));
#13492=FACE_OUTER_BOUND('',#13491,.F.);
#13493=ADVANCED_FACE('',(#13492),#13486,.F.);
#13494=CARTESIAN_POINT('',(-9.3175E0,-2.517475E0,-1.007969149847E0));
#13495=DIRECTION('',(0.E0,1.E0,0.E0));
#13496=DIRECTION('',(0.E0,0.E0,1.E0));
#13497=AXIS2_PLACEMENT_3D('',#13494,#13495,#13496);
#13498=PLANE('',#13497);
#13500=ORIENTED_EDGE('',*,*,#13499,.T.);
#13502=ORIENTED_EDGE('',*,*,#13501,.F.);
#13504=ORIENTED_EDGE('',*,*,#13503,.T.);
#13505=ORIENTED_EDGE('',*,*,#9454,.T.);
#13506=EDGE_LOOP('',(#13500,#13502,#13504,#13505));
#13507=FACE_OUTER_BOUND('',#13506,.F.);
#13508=ADVANCED_FACE('',(#13507),#13498,.F.);
#13509=CARTESIAN_POINT('',(-8.6825E0,-1.882475E0,-1.031530956137E0));
#13510=DIRECTION('',(-1.E0,0.E0,0.E0));
#13511=DIRECTION('',(0.E0,0.E0,-1.E0));
#13512=AXIS2_PLACEMENT_3D('',#13509,#13510,#13511);
#13513=PLANE('',#13512);
#13515=ORIENTED_EDGE('',*,*,#13514,.F.);
#13517=ORIENTED_EDGE('',*,*,#13516,.F.);
#13518=ORIENTED_EDGE('',*,*,#13499,.F.);
#13519=ORIENTED_EDGE('',*,*,#9460,.T.);
#13520=EDGE_LOOP('',(#13515,#13517,#13518,#13519));
#13521=FACE_OUTER_BOUND('',#13520,.F.);
#13522=ADVANCED_FACE('',(#13521),#13513,.F.);
#13523=CARTESIAN_POINT('',(-8.682500200162E0,-1.882474799838E0,
-1.007969149847E0));
#13524=DIRECTION('',(0.E0,-1.E0,0.E0));
#13525=DIRECTION('',(0.E0,0.E0,1.E0));
#13526=AXIS2_PLACEMENT_3D('',#13523,#13524,#13525);
#13527=PLANE('',#13526);
#13529=ORIENTED_EDGE('',*,*,#13528,.F.);
#13531=ORIENTED_EDGE('',*,*,#13530,.F.);
#13532=ORIENTED_EDGE('',*,*,#13514,.T.);
#13533=ORIENTED_EDGE('',*,*,#9458,.T.);
#13534=EDGE_LOOP('',(#13529,#13531,#13532,#13533));
#13535=FACE_OUTER_BOUND('',#13534,.F.);
#13536=ADVANCED_FACE('',(#13535),#13527,.F.);
#13537=CARTESIAN_POINT('',(-9.3175E0,-1.882475E0,-7.775307888469E-1));
#13538=DIRECTION('',(1.E0,0.E0,0.E0));
#13539=DIRECTION('',(0.E0,0.E0,1.E0));
#13540=AXIS2_PLACEMENT_3D('',#13537,#13538,#13539);
#13541=PLANE('',#13540);
#13542=ORIENTED_EDGE('',*,*,#13503,.F.);
#13544=ORIENTED_EDGE('',*,*,#13543,.F.);
#13545=ORIENTED_EDGE('',*,*,#13528,.T.);
#13546=ORIENTED_EDGE('',*,*,#9456,.T.);
#13547=EDGE_LOOP('',(#13542,#13544,#13545,#13546));
#13548=FACE_OUTER_BOUND('',#13547,.F.);
#13549=ADVANCED_FACE('',(#13548),#13541,.F.);
#13550=CARTESIAN_POINT('',(-8.6825E0,-2.517475E0,-6.544869043863E0));
#13551=DIRECTION('',(0.E0,0.E0,1.E0));
#13552=DIRECTION('',(0.E0,1.E0,0.E0));
#13553=AXIS2_PLACEMENT_3D('',#13550,#13551,#13552);
#13554=PLANE('',#13553);
#13555=ORIENTED_EDGE('',*,*,#13516,.T.);
#13556=ORIENTED_EDGE('',*,*,#13530,.T.);
#13557=ORIENTED_EDGE('',*,*,#13543,.T.);
#13558=ORIENTED_EDGE('',*,*,#13501,.T.);
#13559=EDGE_LOOP('',(#13555,#13556,#13557,#13558));
#13560=FACE_OUTER_BOUND('',#13559,.F.);
#13561=ADVANCED_FACE('',(#13560),#13554,.F.);
#13562=CARTESIAN_POINT('',(-1.02775E1,1.780025E0,-4.195130956137E0));
#13563=DIRECTION('',(0.E0,0.E0,1.E0));
#13564=DIRECTION('',(1.E0,0.E0,0.E0));
#13565=AXIS2_PLACEMENT_3D('',#13562,#13563,#13564);
#13566=CYLINDRICAL_SURFACE('',#13565,4.15E-1);
#13568=ORIENTED_EDGE('',*,*,#13567,.T.);
#13570=ORIENTED_EDGE('',*,*,#13569,.T.);
#13571=ORIENTED_EDGE('',*,*,#9333,.T.);
#13573=ORIENTED_EDGE('',*,*,#13572,.F.);
#13574=EDGE_LOOP('',(#13568,#13570,#13571,#13573));
#13575=FACE_OUTER_BOUND('',#13574,.F.);
#13576=ADVANCED_FACE('',(#13575),#13566,.T.);
#13577=CARTESIAN_POINT('',(-1.02775E1,1.780025E0,-4.070130956137E0));
#13578=DIRECTION('',(0.E0,0.E0,1.E0));
#13579=DIRECTION('',(1.E0,0.E0,0.E0));
#13580=AXIS2_PLACEMENT_3D('',#13577,#13578,#13579);
#13581=CONICAL_SURFACE('',#13580,2.9E-1,4.5E1);
#13582=ORIENTED_EDGE('',*,*,#13567,.F.);
#13584=ORIENTED_EDGE('',*,*,#13583,.F.);
#13586=ORIENTED_EDGE('',*,*,#13585,.T.);
#13588=ORIENTED_EDGE('',*,*,#13587,.T.);
#13589=EDGE_LOOP('',(#13582,#13584,#13586,#13588));
#13590=FACE_OUTER_BOUND('',#13589,.F.);
#13591=ADVANCED_FACE('',(#13590),#13581,.T.);
#13592=CARTESIAN_POINT('',(-1.02775E1,1.780025E0,-4.070130956137E0));
#13593=DIRECTION('',(0.E0,0.E0,1.E0));
#13594=DIRECTION('',(1.E0,0.E0,0.E0));
#13595=AXIS2_PLACEMENT_3D('',#13592,#13593,#13594);
#13596=CONICAL_SURFACE('',#13595,2.9E-1,4.5E1);
#13598=ORIENTED_EDGE('',*,*,#13597,.F.);
#13599=ORIENTED_EDGE('',*,*,#13587,.F.);
#13601=ORIENTED_EDGE('',*,*,#13600,.T.);
#13602=ORIENTED_EDGE('',*,*,#13583,.T.);
#13603=EDGE_LOOP('',(#13598,#13599,#13601,#13602));
#13604=FACE_OUTER_BOUND('',#13603,.F.);
#13605=ADVANCED_FACE('',(#13604),#13596,.T.);
#13606=CARTESIAN_POINT('',(-1.02775E1,1.780025E0,-4.195130956137E0));
#13607=DIRECTION('',(0.E0,0.E0,1.E0));
#13608=DIRECTION('',(1.E0,0.E0,0.E0));
#13609=AXIS2_PLACEMENT_3D('',#13606,#13607,#13608);
#13610=CYLINDRICAL_SURFACE('',#13609,4.15E-1);
#13611=ORIENTED_EDGE('',*,*,#13597,.T.);
#13612=ORIENTED_EDGE('',*,*,#13572,.T.);
#13613=ORIENTED_EDGE('',*,*,#9335,.T.);
#13614=ORIENTED_EDGE('',*,*,#13569,.F.);
#13615=EDGE_LOOP('',(#13611,#13612,#13613,#13614));
#13616=FACE_OUTER_BOUND('',#13615,.F.);
#13617=ADVANCED_FACE('',(#13616),#13610,.T.);
#13618=CARTESIAN_POINT('',(-1.02775E1,1.780025E0,-4.195130956137E0));
#13619=DIRECTION('',(0.E0,0.E0,-1.E0));
#13620=DIRECTION('',(-1.E0,0.E0,0.E0));
#13621=AXIS2_PLACEMENT_3D('',#13618,#13619,#13620);
#13622=PLANE('',#13621);
#13623=ORIENTED_EDGE('',*,*,#13585,.F.);
#13624=ORIENTED_EDGE('',*,*,#13600,.F.);
#13625=EDGE_LOOP('',(#13623,#13624));
#13626=FACE_OUTER_BOUND('',#13625,.F.);
#13627=ADVANCED_FACE('',(#13626),#13622,.T.);
#13628=CARTESIAN_POINT('',(8.6825E0,-1.882475E0,-8.975307888469E-1));
#13629=DIRECTION('',(1.E0,0.E0,0.E0));
#13630=DIRECTION('',(0.E0,0.E0,1.E0));
#13631=AXIS2_PLACEMENT_3D('',#13628,#13629,#13630);
#13632=PLANE('',#13631);
#13633=ORIENTED_EDGE('',*,*,#6445,.F.);
#13635=ORIENTED_EDGE('',*,*,#13634,.T.);
#13637=ORIENTED_EDGE('',*,*,#13636,.F.);
#13639=ORIENTED_EDGE('',*,*,#13638,.F.);
#13640=EDGE_LOOP('',(#13633,#13635,#13637,#13639));
#13641=FACE_OUTER_BOUND('',#13640,.F.);
#13642=ADVANCED_FACE('',(#13641),#13632,.F.);
#13643=CARTESIAN_POINT('',(8.6825E0,-1.882475E0,-1.372230956137E0));
#13644=DIRECTION('',(0.E0,-1.E0,0.E0));
#13645=DIRECTION('',(0.E0,0.E0,-1.E0));
#13646=AXIS2_PLACEMENT_3D('',#13643,#13644,#13645);
#13647=PLANE('',#13646);
#13648=ORIENTED_EDGE('',*,*,#6451,.F.);
#13650=ORIENTED_EDGE('',*,*,#13649,.F.);
#13652=ORIENTED_EDGE('',*,*,#13651,.F.);
#13653=ORIENTED_EDGE('',*,*,#13634,.F.);
#13654=EDGE_LOOP('',(#13648,#13650,#13652,#13653));
#13655=FACE_OUTER_BOUND('',#13654,.F.);
#13656=ADVANCED_FACE('',(#13655),#13647,.F.);
#13657=CARTESIAN_POINT('',(9.3175E0,-1.882475E0,-1.151530956137E0));
#13658=DIRECTION('',(-1.E0,0.E0,0.E0));
#13659=DIRECTION('',(0.E0,0.E0,-1.E0));
#13660=AXIS2_PLACEMENT_3D('',#13657,#13658,#13659);
#13661=PLANE('',#13660);
#13662=ORIENTED_EDGE('',*,*,#6449,.F.);
#13664=ORIENTED_EDGE('',*,*,#13663,.F.);
#13666=ORIENTED_EDGE('',*,*,#13665,.F.);
#13667=ORIENTED_EDGE('',*,*,#13649,.T.);
#13668=EDGE_LOOP('',(#13662,#13664,#13666,#13667));
#13669=FACE_OUTER_BOUND('',#13668,.F.);
#13670=ADVANCED_FACE('',(#13669),#13661,.F.);
#13671=CARTESIAN_POINT('',(8.6825E0,-2.517475E0,-1.118230788847E0));
#13672=DIRECTION('',(0.E0,1.E0,0.E0));
#13673=DIRECTION('',(0.E0,0.E0,1.E0));
#13674=AXIS2_PLACEMENT_3D('',#13671,#13672,#13673);
#13675=PLANE('',#13674);
#13676=ORIENTED_EDGE('',*,*,#6447,.F.);
#13677=ORIENTED_EDGE('',*,*,#13638,.T.);
#13679=ORIENTED_EDGE('',*,*,#13678,.F.);
#13680=ORIENTED_EDGE('',*,*,#13663,.T.);
#13681=EDGE_LOOP('',(#13676,#13677,#13679,#13680));
#13682=FACE_OUTER_BOUND('',#13681,.F.);
#13683=ADVANCED_FACE('',(#13682),#13675,.F.);
#13684=CARTESIAN_POINT('',(8.6825E0,-2.517475E0,4.144869043863E0));
#13685=DIRECTION('',(0.E0,0.E0,-1.E0));
#13686=DIRECTION('',(0.E0,1.E0,0.E0));
#13687=AXIS2_PLACEMENT_3D('',#13684,#13685,#13686);
#13688=PLANE('',#13687);
#13689=ORIENTED_EDGE('',*,*,#13665,.T.);
#13690=ORIENTED_EDGE('',*,*,#13678,.T.);
#13691=ORIENTED_EDGE('',*,*,#13636,.T.);
#13692=ORIENTED_EDGE('',*,*,#13651,.T.);
#13693=EDGE_LOOP('',(#13689,#13690,#13691,#13692));
#13694=FACE_OUTER_BOUND('',#13693,.F.);
#13695=ADVANCED_FACE('',(#13694),#13688,.F.);
#13696=CARTESIAN_POINT('',(8.6825E0,1.117525E0,-8.975307888469E-1));
#13697=DIRECTION('',(1.E0,0.E0,0.E0));
#13698=DIRECTION('',(0.E0,0.E0,1.E0));
#13699=AXIS2_PLACEMENT_3D('',#13696,#13697,#13698);
#13700=PLANE('',#13699);
#13701=ORIENTED_EDGE('',*,*,#6455,.F.);
#13703=ORIENTED_EDGE('',*,*,#13702,.T.);
#13705=ORIENTED_EDGE('',*,*,#13704,.F.);
#13707=ORIENTED_EDGE('',*,*,#13706,.F.);
#13708=EDGE_LOOP('',(#13701,#13703,#13705,#13707));
#13709=FACE_OUTER_BOUND('',#13708,.F.);
#13710=ADVANCED_FACE('',(#13709),#13700,.F.);
#13711=CARTESIAN_POINT('',(8.6825E0,1.117525E0,-1.372230956137E0));
#13712=DIRECTION('',(0.E0,-1.E0,0.E0));
#13713=DIRECTION('',(0.E0,0.E0,-1.E0));
#13714=AXIS2_PLACEMENT_3D('',#13711,#13712,#13713);
#13715=PLANE('',#13714);
#13716=ORIENTED_EDGE('',*,*,#6461,.F.);
#13718=ORIENTED_EDGE('',*,*,#13717,.F.);
#13720=ORIENTED_EDGE('',*,*,#13719,.F.);
#13721=ORIENTED_EDGE('',*,*,#13702,.F.);
#13722=EDGE_LOOP('',(#13716,#13718,#13720,#13721));
#13723=FACE_OUTER_BOUND('',#13722,.F.);
#13724=ADVANCED_FACE('',(#13723),#13715,.F.);
#13725=CARTESIAN_POINT('',(9.3175E0,1.117525E0,-1.151530956137E0));
#13726=DIRECTION('',(-1.E0,0.E0,0.E0));
#13727=DIRECTION('',(0.E0,0.E0,-1.E0));
#13728=AXIS2_PLACEMENT_3D('',#13725,#13726,#13727);
#13729=PLANE('',#13728);
#13730=ORIENTED_EDGE('',*,*,#6459,.F.);
#13732=ORIENTED_EDGE('',*,*,#13731,.F.);
#13734=ORIENTED_EDGE('',*,*,#13733,.F.);
#13735=ORIENTED_EDGE('',*,*,#13717,.T.);
#13736=EDGE_LOOP('',(#13730,#13732,#13734,#13735));
#13737=FACE_OUTER_BOUND('',#13736,.F.);
#13738=ADVANCED_FACE('',(#13737),#13729,.F.);
#13739=CARTESIAN_POINT('',(8.6825E0,4.82525E-1,-1.118230788847E0));
#13740=DIRECTION('',(0.E0,1.E0,0.E0));
#13741=DIRECTION('',(0.E0,0.E0,1.E0));
#13742=AXIS2_PLACEMENT_3D('',#13739,#13740,#13741);
#13743=PLANE('',#13742);
#13744=ORIENTED_EDGE('',*,*,#6457,.F.);
#13745=ORIENTED_EDGE('',*,*,#13706,.T.);
#13747=ORIENTED_EDGE('',*,*,#13746,.F.);
#13748=ORIENTED_EDGE('',*,*,#13731,.T.);
#13749=EDGE_LOOP('',(#13744,#13745,#13747,#13748));
#13750=FACE_OUTER_BOUND('',#13749,.F.);
#13751=ADVANCED_FACE('',(#13750),#13743,.F.);
#13752=CARTESIAN_POINT('',(8.6825E0,4.82525E-1,4.144869043863E0));
#13753=DIRECTION('',(0.E0,0.E0,-1.E0));
#13754=DIRECTION('',(0.E0,1.E0,0.E0));
#13755=AXIS2_PLACEMENT_3D('',#13752,#13753,#13754);
#13756=PLANE('',#13755);
#13757=ORIENTED_EDGE('',*,*,#13733,.T.);
#13758=ORIENTED_EDGE('',*,*,#13746,.T.);
#13759=ORIENTED_EDGE('',*,*,#13704,.T.);
#13760=ORIENTED_EDGE('',*,*,#13719,.T.);
#13761=EDGE_LOOP('',(#13757,#13758,#13759,#13760));
#13762=FACE_OUTER_BOUND('',#13761,.F.);
#13763=ADVANCED_FACE('',(#13762),#13756,.F.);
#13764=CLOSED_SHELL('',(#6465,#6480,#6661,#6676,#6690,#6708,#6723,#6749,#6762,
#6778,#6791,#6805,#6820,#6834,#6848,#6861,#6873,#6888,#6902,#6920,#6935,#6959,
#6975,#6988,#7000,#7015,#7029,#7043,#7056,#7068,#7083,#7101,#7116,#7142,#7155,
#7168,#7183,#7195,#7210,#7224,#7238,#7251,#7263,#7278,#7293,#7308,#7335,#7349,
#7362,#7376,#7390,#7405,#7419,#7433,#7446,#7458,#7473,#7500,#7515,#7530,#7544,
#7559,#7571,#7585,#7600,#7614,#7628,#7641,#7653,#7666,#7679,#7692,#7705,#7722,
#7736,#7754,#7767,#7788,#7807,#7821,#7840,#7853,#7866,#7878,#7893,#7905,#7920,
#7938,#7953,#7966,#7982,#8007,#8020,#8032,#8047,#8061,#8075,#8088,#8100,#8119,
#8146,#8160,#8177,#8190,#8203,#8215,#8227,#8242,#8256,#8270,#8283,#8295,#8310,
#8337,#8355,#8369,#8385,#8398,#8410,#8422,#8437,#8451,#8465,#8478,#8490,#8505,
#8519,#8537,#8552,#8566,#8582,#8605,#8620,#8634,#8648,#8661,#8673,#8685,#8700,
#8718,#8733,#8746,#8762,#8787,#8800,#8812,#8827,#8841,#8855,#8868,#8880,#8899,
#8914,#8932,#8945,#8958,#8975,#8988,#9012,#9024,#9039,#9053,#9067,#9080,#9092,
#9111,#9126,#9152,#9166,#9178,#9194,#9207,#9219,#9234,#9248,#9262,#9275,#9287,
#9310,#9339,#9354,#9368,#9385,#9399,#9417,#9432,#9464,#9479,#9498,#9512,#9533,
#9555,#9570,#9647,#9662,#9676,#9690,#9703,#9733,#9753,#9772,#9794,#9807,#9830,
#9843,#9856,#9869,#9881,#9896,#9919,#9932,#9963,#9982,#10006,#10021,#10035,
#10049,#10062,#10090,#10105,#10126,#10139,#10152,#10165,#10186,#10199,#10217,
#10237,#10251,#10272,#10289,#10304,#10335,#10421,#10435,#10449,#10462,#10495,
#10507,#10529,#10542,#10555,#10568,#10599,#10622,#10653,#10675,#10689,#10720,
#10743,#10757,#10770,#10801,#10824,#10838,#10869,#10892,#10906,#10919,#10949,
#10971,#10985,#11005,#11018,#11031,#11043,#11063,#11077,#11090,#11120,#11134,
#11156,#11170,#11201,#11221,#11234,#11253,#11266,#11279,#11291,#11305,#11325,
#11338,#11350,#11372,#11386,#11399,#11430,#11450,#11462,#11476,#11496,#11509,
#11521,#11543,#11557,#11588,#11608,#11620,#11634,#11654,#11667,#11679,#11699,
#11713,#11725,#11737,#11749,#11764,#11778,#11792,#11805,#11817,#11830,#11842,
#11857,#11871,#11885,#11898,#11910,#11922,#11937,#11951,#11965,#11978,#11990,
#12002,#12017,#12031,#12045,#12058,#12070,#12082,#12094,#12109,#12123,#12137,
#12150,#12162,#12174,#12189,#12203,#12217,#12230,#12242,#12255,#12267,#12282,
#12296,#12310,#12323,#12335,#12347,#12362,#12376,#12390,#12403,#12415,#12428,
#12440,#12454,#12473,#12486,#12498,#12510,#12522,#12537,#12551,#12565,#12578,
#12590,#12605,#12619,#12633,#12646,#12658,#12673,#12687,#12701,#12714,#12726,
#12738,#12757,#12774,#12791,#12804,#12817,#12829,#12844,#12858,#12872,#12885,
#12939,#12954,#12991,#13006,#13020,#13033,#13044,#13057,#13070,#13083,#13096,
#13109,#13122,#13135,#13148,#13161,#13173,#13193,#13212,#13226,#13247,#13270,
#13283,#13296,#13309,#13321,#13336,#13350,#13364,#13377,#13389,#13401,#13416,
#13430,#13444,#13457,#13469,#13481,#13493,#13508,#13522,#13536,#13549,#13561,
#13576,#13591,#13605,#13617,#13627,#13642,#13656,#13670,#13683,#13695,#13710,
#13724,#13738,#13751,#13763));
#13765=MANIFOLD_SOLID_BREP('',#13764);
#13766=CARTESIAN_POINT('',(0.E0,0.E0,0.E0));
#13767=DIRECTION('',(0.E0,0.E0,1.E0));
#13768=DIRECTION('',(1.E0,0.E0,0.E0));
#13769=AXIS2_PLACEMENT_3D('2068321401-CMCM000_02',#13766,#13767,#13768);
#13770=CARTESIAN_POINT('',(-8.9975E0,8.00025E-1,-3.365130956137E0));
#13771=DIRECTION('',(0.E0,0.E0,-1.E0));
#13772=DIRECTION('',(-1.E0,0.E0,0.E0));
#13773=AXIS2_PLACEMENT_3D('',#13770,#13771,#13772);
#13777=CARTESIAN_POINT('',(-8.9975E0,8.00025E-1,-3.365130956137E0));
#13778=DIRECTION('',(0.E0,0.E0,-1.E0));
#13779=DIRECTION('',(1.E0,0.E0,0.E0));
#13780=AXIS2_PLACEMENT_3D('',#13777,#13778,#13779);
#13786=CARTESIAN_POINT('',(-8.9975E0,-2.199975E0,-3.365130956137E0));
#13787=DIRECTION('',(0.E0,0.E0,-1.E0));
#13788=DIRECTION('',(-1.E0,0.E0,0.E0));
#13789=AXIS2_PLACEMENT_3D('',#13786,#13787,#13788);
#13793=CARTESIAN_POINT('',(-8.9975E0,-2.199975E0,-3.365130956137E0));
#13794=DIRECTION('',(0.E0,0.E0,-1.E0));
#13795=DIRECTION('',(1.E0,0.E0,0.E0));
#13796=AXIS2_PLACEMENT_3D('',#13793,#13794,#13795);
#13801=CARTESIAN_POINT('',(-1.02775E1,1.780025E0,-3.365130956137E0));
#13802=DIRECTION('',(0.E0,0.E0,-1.E0));
#13803=DIRECTION('',(-1.E0,0.E0,0.E0));
#13804=AXIS2_PLACEMENT_3D('',#13801,#13802,#13803);
#13808=CARTESIAN_POINT('',(-1.02775E1,1.780025E0,-3.365130956137E0));
#13809=DIRECTION('',(0.E0,0.E0,-1.E0));
#13810=DIRECTION('',(1.E0,0.E0,0.E0));
#13811=AXIS2_PLACEMENT_3D('',#13808,#13809,#13810);
#13816=CARTESIAN_POINT('',(-5.9975E0,8.00025E-1,-3.365130956137E0));
#13817=DIRECTION('',(0.E0,0.E0,-1.E0));
#13818=DIRECTION('',(-1.E0,0.E0,0.E0));
#13819=AXIS2_PLACEMENT_3D('',#13816,#13817,#13818);
#13823=CARTESIAN_POINT('',(-5.9975E0,8.00025E-1,-3.365130956137E0));
#13824=DIRECTION('',(0.E0,0.E0,-1.E0));
#13825=DIRECTION('',(1.E0,0.E0,0.E0));
#13826=AXIS2_PLACEMENT_3D('',#13823,#13824,#13825);
#13831=CARTESIAN_POINT('',(-5.9975E0,-2.199975E0,-3.365130956137E0));
#13832=DIRECTION('',(0.E0,0.E0,-1.E0));
#13833=DIRECTION('',(-1.E0,0.E0,0.E0));
#13834=AXIS2_PLACEMENT_3D('',#13831,#13832,#13833);
#13838=CARTESIAN_POINT('',(-5.9975E0,-2.199975E0,-3.365130956137E0));
#13839=DIRECTION('',(0.E0,0.E0,-1.E0));
#13840=DIRECTION('',(1.E0,0.E0,0.E0));
#13841=AXIS2_PLACEMENT_3D('',#13838,#13839,#13840);
#13846=CARTESIAN_POINT('',(-2.9975E0,8.00025E-1,-3.365130956137E0));
#13847=DIRECTION('',(0.E0,0.E0,-1.E0));
#13848=DIRECTION('',(-1.E0,0.E0,0.E0));
#13849=AXIS2_PLACEMENT_3D('',#13846,#13847,#13848);
#13853=CARTESIAN_POINT('',(-2.9975E0,8.00025E-1,-3.365130956137E0));
#13854=DIRECTION('',(0.E0,0.E0,-1.E0));
#13855=DIRECTION('',(1.E0,0.E0,0.E0));
#13856=AXIS2_PLACEMENT_3D('',#13853,#13854,#13855);
#13861=CARTESIAN_POINT('',(-2.9975E0,-2.199975E0,-3.365130956137E0));
#13862=DIRECTION('',(0.E0,0.E0,-1.E0));
#13863=DIRECTION('',(-1.E0,0.E0,0.E0));
#13864=AXIS2_PLACEMENT_3D('',#13861,#13862,#13863);
#13868=CARTESIAN_POINT('',(-2.9975E0,-2.199975E0,-3.365130956137E0));
#13869=DIRECTION('',(0.E0,0.E0,-1.E0));
#13870=DIRECTION('',(1.E0,0.E0,0.E0));
#13871=AXIS2_PLACEMENT_3D('',#13868,#13869,#13870);
#13876=CARTESIAN_POINT('',(2.500000000001E-3,8.00025E-1,-3.365130956137E0));
#13877=DIRECTION('',(0.E0,0.E0,-1.E0));
#13878=DIRECTION('',(-1.E0,0.E0,0.E0));
#13879=AXIS2_PLACEMENT_3D('',#13876,#13877,#13878);
#13883=CARTESIAN_POINT('',(2.500000000001E-3,8.00025E-1,-3.365130956137E0));
#13884=DIRECTION('',(0.E0,0.E0,-1.E0));
#13885=DIRECTION('',(1.E0,0.E0,0.E0));
#13886=AXIS2_PLACEMENT_3D('',#13883,#13884,#13885);
#13891=CARTESIAN_POINT('',(2.500000000001E-3,-2.199975E0,-3.365130956137E0));
#13892=DIRECTION('',(0.E0,0.E0,-1.E0));
#13893=DIRECTION('',(-1.E0,0.E0,0.E0));
#13894=AXIS2_PLACEMENT_3D('',#13891,#13892,#13893);
#13898=CARTESIAN_POINT('',(2.500000000001E-3,-2.199975E0,-3.365130956137E0));
#13899=DIRECTION('',(0.E0,0.E0,-1.E0));
#13900=DIRECTION('',(1.E0,0.E0,0.E0));
#13901=AXIS2_PLACEMENT_3D('',#13898,#13899,#13900);
#13906=CARTESIAN_POINT('',(3.0025E0,8.00025E-1,-3.365130956137E0));
#13907=DIRECTION('',(0.E0,0.E0,-1.E0));
#13908=DIRECTION('',(-1.E0,0.E0,0.E0));
#13909=AXIS2_PLACEMENT_3D('',#13906,#13907,#13908);
#13913=CARTESIAN_POINT('',(3.0025E0,8.00025E-1,-3.365130956137E0));
#13914=DIRECTION('',(0.E0,0.E0,-1.E0));
#13915=DIRECTION('',(1.E0,0.E0,0.E0));
#13916=AXIS2_PLACEMENT_3D('',#13913,#13914,#13915);
#13921=CARTESIAN_POINT('',(3.0025E0,-2.199975E0,-3.365130956137E0));
#13922=DIRECTION('',(0.E0,0.E0,-1.E0));
#13923=DIRECTION('',(-1.E0,0.E0,0.E0));
#13924=AXIS2_PLACEMENT_3D('',#13921,#13922,#13923);
#13928=CARTESIAN_POINT('',(3.0025E0,-2.199975E0,-3.365130956137E0));
#13929=DIRECTION('',(0.E0,0.E0,-1.E0));
#13930=DIRECTION('',(1.E0,0.E0,0.E0));
#13931=AXIS2_PLACEMENT_3D('',#13928,#13929,#13930);
#13936=CARTESIAN_POINT('',(6.0025E0,8.00025E-1,-3.365130956137E0));
#13937=DIRECTION('',(0.E0,0.E0,-1.E0));
#13938=DIRECTION('',(-1.E0,0.E0,0.E0));
#13939=AXIS2_PLACEMENT_3D('',#13936,#13937,#13938);
#13943=CARTESIAN_POINT('',(6.0025E0,8.00025E-1,-3.365130956137E0));
#13944=DIRECTION('',(0.E0,0.E0,-1.E0));
#13945=DIRECTION('',(1.E0,0.E0,0.E0));
#13946=AXIS2_PLACEMENT_3D('',#13943,#13944,#13945);
#13951=CARTESIAN_POINT('',(6.0025E0,-2.199975E0,-3.365130956137E0));
#13952=DIRECTION('',(0.E0,0.E0,-1.E0));
#13953=DIRECTION('',(-1.E0,0.E0,0.E0));
#13954=AXIS2_PLACEMENT_3D('',#13951,#13952,#13953);
#13958=CARTESIAN_POINT('',(6.0025E0,-2.199975E0,-3.365130956137E0));
#13959=DIRECTION('',(0.E0,0.E0,-1.E0));
#13960=DIRECTION('',(1.E0,0.E0,0.E0));
#13961=AXIS2_PLACEMENT_3D('',#13958,#13959,#13960);
#13966=CARTESIAN_POINT('',(9.0025E0,8.00025E-1,-3.365130956137E0));
#13967=DIRECTION('',(0.E0,0.E0,-1.E0));
#13968=DIRECTION('',(-1.E0,0.E0,0.E0));
#13969=AXIS2_PLACEMENT_3D('',#13966,#13967,#13968);
#13973=CARTESIAN_POINT('',(9.0025E0,8.00025E-1,-3.365130956137E0));
#13974=DIRECTION('',(0.E0,0.E0,-1.E0));
#13975=DIRECTION('',(1.E0,0.E0,0.E0));
#13976=AXIS2_PLACEMENT_3D('',#13973,#13974,#13975);
#13981=CARTESIAN_POINT('',(9.0025E0,-2.199975E0,-3.365130956137E0));
#13982=DIRECTION('',(0.E0,0.E0,-1.E0));
#13983=DIRECTION('',(-1.E0,0.E0,0.E0));
#13984=AXIS2_PLACEMENT_3D('',#13981,#13982,#13983);
#13988=CARTESIAN_POINT('',(9.0025E0,-2.199975E0,-3.365130956137E0));
#13989=DIRECTION('',(0.E0,0.E0,-1.E0));
#13990=DIRECTION('',(1.E0,0.E0,0.E0));
#13991=AXIS2_PLACEMENT_3D('',#13988,#13989,#13990);
#13997=DIMENSIONAL_EXPONENTS(0.E0,0.E0,0.E0,0.E0,0.E0,0.E0,0.E0);
#13999=PLANE_ANGLE_MEASURE_WITH_UNIT(PLANE_ANGLE_MEASURE(1.745329251994E-2),
#13998);
#14000=(CONVERSION_BASED_UNIT('DEGREE',#13999)NAMED_UNIT(*)PLANE_ANGLE_UNIT());
#14002=UNCERTAINTY_MEASURE_WITH_UNIT(LENGTH_MEASURE(2.677562296278E-3),#13996,
'closure',
'Maximum model space distance between geometric entities at asserted connectivities');
#14003=(GEOMETRIC_REPRESENTATION_CONTEXT(3)GLOBAL_UNCERTAINTY_ASSIGNED_CONTEXT((
#14002))GLOBAL_UNIT_ASSIGNED_CONTEXT((#13996,#14000,#14001))REPRESENTATION_CONTEXT('ID1','3'));
#13785=GEOMETRIC_SET('',(#13784,#13800,#13815,#13830,#13845,#13860,#13875,
#13890,#13905,#13920,#13935,#13950,#13965,#13980,#13995));
#14007=SHAPE_REPRESENTATION_RELATIONSHIP('','',#14006,#14004);
#14008=SHAPE_REPRESENTATION_RELATIONSHIP('','',#14006,#14005);
#14009=APPLICATION_CONTEXT(
'CONFIGURATION CONTROLLED 3D DESIGNS OF MECHANICAL PARTS AND ASSEMBLIES');
#14010=APPLICATION_PROTOCOL_DEFINITION('international standard',
'config_control_design',1994,#14009);
#14011=DESIGN_CONTEXT('',#14009,'design');
#14012=MECHANICAL_CONTEXT('',#14009,'mechanical');
#14013=PRODUCT('2068321401','2068321401','NOT SPECIFIED',(#14012));
#14014=PRODUCT_DEFINITION_FORMATION_WITH_SPECIFIED_SOURCE('3','LAST_VERSION',
#14013,.MADE.);
#14018=PRODUCT_CATEGORY('part','');
#14019=PRODUCT_RELATED_PRODUCT_CATEGORY('detail','',(#14013));
#14020=PRODUCT_CATEGORY_RELATIONSHIP('','',#14018,#14019);
#14021=SECURITY_CLASSIFICATION_LEVEL('unclassified');
#14022=SECURITY_CLASSIFICATION('','',#14021);
#14023=CC_DESIGN_SECURITY_CLASSIFICATION(#14022,(#14014));
#14024=APPROVAL_STATUS('approved');
#14025=APPROVAL(#14024,'');
#14026=CC_DESIGN_APPROVAL(#14025,(#14022,#14014,#14015));
#14027=CALENDAR_DATE(120,15,12);
#14028=COORDINATED_UNIVERSAL_TIME_OFFSET(5,30,.AHEAD.);
#14029=LOCAL_TIME(15,0,4.9E1,#14028);
#14030=DATE_AND_TIME(#14027,#14029);
#14031=APPROVAL_DATE_TIME(#14030,#14025);
#14032=DATE_TIME_ROLE('creation_date');
#14033=CC_DESIGN_DATE_AND_TIME_ASSIGNMENT(#14030,#14032,(#14015));
#14034=DATE_TIME_ROLE('classification_date');
#14035=CC_DESIGN_DATE_AND_TIME_ASSIGNMENT(#14030,#14034,(#14022));
#14036=PERSON('UNSPECIFIED','UNSPECIFIED',$,$,$,$);
#14037=ORGANIZATION('UNSPECIFIED','UNSPECIFIED','UNSPECIFIED');
#14038=PERSON_AND_ORGANIZATION(#14036,#14037);
#14039=APPROVAL_ROLE('approver');
#14040=APPROVAL_PERSON_ORGANIZATION(#14038,#14025,#14039);
#14041=PERSON_AND_ORGANIZATION_ROLE('creator');
#14042=CC_DESIGN_PERSON_AND_ORGANIZATION_ASSIGNMENT(#14038,#14041,(#14014,
#14015));
#14043=PERSON_AND_ORGANIZATION_ROLE('design_supplier');
#14044=CC_DESIGN_PERSON_AND_ORGANIZATION_ASSIGNMENT(#14038,#14043,(#14014));
#14045=PERSON_AND_ORGANIZATION_ROLE('classification_officer');
#14046=CC_DESIGN_PERSON_AND_ORGANIZATION_ASSIGNMENT(#14038,#14045,(#14022));
#14047=PERSON_AND_ORGANIZATION_ROLE('design_owner');
#14048=CC_DESIGN_PERSON_AND_ORGANIZATION_ASSIGNMENT(#14038,#14047,(#14013));
#1861=CIRCLE('',#1860,6.5E-1);
#1874=CIRCLE('',#1873,4.15E-1);
#1879=CIRCLE('',#1878,4.15E-1);
#2216=B_SPLINE_CURVE_WITH_KNOTS('',3,(#2212,#2213,#2214,#2215),.UNSPECIFIED.,
.F.,.F.,(4,4),(0.E0,1.E0),.UNSPECIFIED.);
#2221=B_SPLINE_CURVE_WITH_KNOTS('',3,(#2217,#2218,#2219,#2220),.UNSPECIFIED.,
.F.,.F.,(4,4),(0.E0,1.E0),.UNSPECIFIED.);
#2247=B_SPLINE_CURVE_WITH_KNOTS('',3,(#2238,#2239,#2240,#2241,#2242,#2243,#2244,
#2245,#2246),.UNSPECIFIED.,.F.,.F.,(4,1,1,1,1,1,4),(0.E0,2.500362463934E-1,
3.750543695901E-1,5.000724927868E-1,6.250543695901E-1,7.500362463934E-1,1.E0),
.UNSPECIFIED.);
#2268=B_SPLINE_CURVE_WITH_KNOTS('',3,(#2264,#2265,#2266,#2267),.UNSPECIFIED.,
.F.,.F.,(4,4),(0.E0,1.E0),.UNSPECIFIED.);
#2282=B_SPLINE_CURVE_WITH_KNOTS('',3,(#2273,#2274,#2275,#2276,#2277,#2278,#2279,
#2280,#2281),.UNSPECIFIED.,.F.,.F.,(4,1,1,1,1,1,4),(0.E0,2.499637536066E-1,
3.749456304099E-1,4.999275072132E-1,6.249456304099E-1,7.499637536066E-1,1.E0),
.UNSPECIFIED.);
#2303=B_SPLINE_CURVE_WITH_KNOTS('',3,(#2299,#2300,#2301,#2302),.UNSPECIFIED.,
.F.,.F.,(4,4),(0.E0,1.E0),.UNSPECIFIED.);
#2449=B_SPLINE_CURVE_WITH_KNOTS('',3,(#2444,#2445,#2446,#2447,#2448),
.UNSPECIFIED.,.F.,.F.,(4,1,4),(0.E0,5.004466275544E-1,1.E0),.UNSPECIFIED.);
#2457=B_SPLINE_CURVE_WITH_KNOTS('',3,(#2450,#2451,#2452,#2453,#2454,#2455,
#2456),.UNSPECIFIED.,.F.,.F.,(4,1,1,1,4),(0.E0,2.498213653269E-1,
4.996427306539E-1,7.498213653269E-1,1.E0),.UNSPECIFIED.);
#2473=B_SPLINE_CURVE_WITH_KNOTS('',3,(#2466,#2467,#2468,#2469,#2470,#2471,
#2472),.UNSPECIFIED.,.F.,.F.,(4,1,1,1,4),(0.E0,2.501786346731E-1,
5.003572693461E-1,7.501786346731E-1,1.E0),.UNSPECIFIED.);
#2479=B_SPLINE_CURVE_WITH_KNOTS('',3,(#2474,#2475,#2476,#2477,#2478),
.UNSPECIFIED.,.F.,.F.,(4,1,4),(0.E0,4.995533724456E-1,1.E0),.UNSPECIFIED.);
#2716=CIRCLE('',#2715,6.5E-1);
#4201=CIRCLE('',#4200,7.5E-1);
#4206=CIRCLE('',#4205,7.5E-1);
#4239=CIRCLE('',#4238,7.5E-1);
#4244=CIRCLE('',#4243,7.5E-1);
#4357=B_SPLINE_CURVE_WITH_KNOTS('',3,(#4353,#4354,#4355,#4356),.UNSPECIFIED.,
.F.,.F.,(4,4),(0.E0,1.E0),.UNSPECIFIED.);
#4375=B_SPLINE_CURVE_WITH_KNOTS('',3,(#4366,#4367,#4368,#4369,#4370,#4371,#4372,
#4373,#4374),.UNSPECIFIED.,.F.,.F.,(4,1,1,1,1,1,4),(0.E0,2.497049341281E-1,
3.745574011921E-1,4.994098682561E-1,6.245574011921E-1,7.497049341281E-1,1.E0),
.UNSPECIFIED.);
#4380=B_SPLINE_CURVE_WITH_KNOTS('',3,(#4376,#4377,#4378,#4379),.UNSPECIFIED.,
.F.,.F.,(4,4),(0.E0,1.E0),.UNSPECIFIED.);
#4525=B_SPLINE_CURVE_WITH_KNOTS('',3,(#4521,#4522,#4523,#4524),.UNSPECIFIED.,
.F.,.F.,(4,4),(0.E0,1.E0),.UNSPECIFIED.);
#4539=B_SPLINE_CURVE_WITH_KNOTS('',3,(#4530,#4531,#4532,#4533,#4534,#4535,#4536,
#4537,#4538),.UNSPECIFIED.,.F.,.F.,(4,1,1,1,1,1,4),(0.E0,2.502950658719E-1,
3.754425988079E-1,5.005901317439E-1,6.254425988079E-1,7.502950658719E-1,1.E0),
.UNSPECIFIED.);
#4556=B_SPLINE_CURVE_WITH_KNOTS('',3,(#4552,#4553,#4554,#4555),.UNSPECIFIED.,
.F.,.F.,(4,4),(0.E0,1.E0),.UNSPECIFIED.);
#4705=CIRCLE('',#4704,4.15E-1);
#4710=CIRCLE('',#4709,4.15E-1);
#4731=CIRCLE('',#4730,1.65E-1);
#4736=CIRCLE('',#4735,1.65E-1);
#6423=EDGE_CURVE('',#4868,#5955,#4,.T.);
#6425=EDGE_CURVE('',#4866,#4868,#8,.T.);
#6427=EDGE_CURVE('',#4866,#4864,#772,.T.);
#6429=EDGE_CURVE('',#4863,#4864,#12,.T.);
#6431=EDGE_CURVE('',#5961,#4863,#16,.T.);
#6433=EDGE_CURVE('',#4859,#5961,#20,.T.);
#6435=EDGE_CURVE('',#4859,#4860,#804,.T.);
#6437=EDGE_CURVE('',#4860,#5959,#880,.T.);
#6439=EDGE_CURVE('',#5959,#5957,#872,.T.);
#6441=EDGE_CURVE('',#5955,#5957,#24,.T.);
#6445=EDGE_CURVE('',#5964,#5965,#4740,.T.);
#6447=EDGE_CURVE('',#5965,#4871,#4780,.T.);
#6449=EDGE_CURVE('',#4871,#4872,#4768,.T.);
#6451=EDGE_CURVE('',#4872,#5964,#4752,.T.);
#6455=EDGE_CURVE('',#5968,#5969,#4788,.T.);
#6457=EDGE_CURVE('',#5969,#4875,#4828,.T.);
#6459=EDGE_CURVE('',#4875,#4876,#4816,.T.);
#6461=EDGE_CURVE('',#4876,#5968,#4800,.T.);
#6471=EDGE_CURVE('',#5568,#6265,#28,.T.);
#6473=EDGE_CURVE('',#5568,#4868,#764,.T.);
#6476=EDGE_CURVE('',#6265,#5955,#32,.T.);
#6486=EDGE_CURVE('',#5326,#5380,#96,.T.);
#6488=EDGE_CURVE('',#5328,#5326,#100,.T.);
#6490=EDGE_CURVE('',#5378,#5328,#104,.T.);
#6492=EDGE_CURVE('',#5380,#5378,#108,.T.);
#6496=EDGE_CURVE('',#6275,#5547,#256,.T.);
#6498=EDGE_CURVE('',#5547,#5548,#264,.T.);
#6500=EDGE_CURVE('',#5548,#5543,#276,.T.);
#6502=EDGE_CURVE('',#5543,#5544,#320,.T.);
#6504=EDGE_CURVE('',#6275,#5544,#40,.T.);
#6508=EDGE_CURVE('',#5551,#5552,#384,.T.);
#6510=EDGE_CURVE('',#6271,#5552,#44,.T.);
#6512=EDGE_CURVE('',#6271,#5555,#436,.T.);
#6514=EDGE_CURVE('',#5555,#5556,#428,.T.);
#6516=EDGE_CURVE('',#5556,#5551,#396,.T.);
#6520=EDGE_CURVE('',#6278,#6279,#512,.T.);
#6522=EDGE_CURVE('',#6279,#5559,#572,.T.);
#6524=EDGE_CURVE('',#5559,#5560,#564,.T.);
#6526=EDGE_CURVE('',#5560,#6247,#552,.T.);
#6528=EDGE_CURVE('',#6278,#6247,#48,.T.);
#6532=EDGE_CURVE('',#6253,#5563,#640,.T.);
#6534=EDGE_CURVE('',#5563,#5564,#708,.T.);
#6536=EDGE_CURVE('',#5564,#6283,#700,.T.);
#6538=EDGE_CURVE('',#6283,#6281,#684,.T.);
#6540=EDGE_CURVE('',#6253,#6281,#52,.T.);
#6544=EDGE_CURVE('',#5567,#5568,#768,.T.);
#6547=EDGE_CURVE('',#6287,#6265,#56,.T.);
#6549=EDGE_CURVE('',#6287,#6285,#928,.T.);
#6551=EDGE_CURVE('',#6285,#5575,#852,.T.);
#6553=EDGE_CURVE('',#5575,#5576,#828,.T.);
#6555=EDGE_CURVE('',#5576,#6267,#796,.T.);
#6557=EDGE_CURVE('',#5572,#6267,#60,.T.);
#6559=EDGE_CURVE('',#5572,#5570,#784,.T.);
#6561=EDGE_CURVE('',#5567,#5570,#64,.T.);
#6565=EDGE_CURVE('',#5579,#5580,#944,.T.);
#6567=EDGE_CURVE('',#5580,#6263,#976,.T.);
#6569=EDGE_CURVE('',#5583,#6263,#68,.T.);
#6571=EDGE_CURVE('',#5583,#5584,#1004,.T.);
#6573=EDGE_CURVE('',#5584,#5579,#956,.T.);
#6577=EDGE_CURVE('',#6257,#5587,#1072,.T.);
#6579=EDGE_CURVE('',#5587,#5588,#1140,.T.);
#6581=EDGE_CURVE('',#5588,#6255,#1108,.T.);
#6583=EDGE_CURVE('',#6255,#6289,#1096,.T.);
#6585=EDGE_CURVE('',#6257,#6289,#72,.T.);
#6589=EDGE_CURVE('',#6291,#6251,#1192,.T.);
#6591=EDGE_CURVE('',#6251,#5591,#1248,.T.);
#6593=EDGE_CURVE('',#5591,#5592,#1236,.T.);
#6595=EDGE_CURVE('',#5592,#6249,#1216,.T.);
#6597=EDGE_CURVE('',#6291,#6249,#76,.T.);
#6601=EDGE_CURVE('',#5595,#5596,#1320,.T.);
#6603=EDGE_CURVE('',#6245,#5596,#80,.T.);
#6605=EDGE_CURVE('',#6245,#5599,#1340,.T.);
#6607=EDGE_CURVE('',#5599,#5600,#1444,.T.);
#6609=EDGE_CURVE('',#5600,#5595,#1364,.T.);
#6613=EDGE_CURVE('',#5603,#5604,#1456,.T.);
#6615=EDGE_CURVE('',#5604,#6243,#1488,.T.);
#6617=EDGE_CURVE('',#5607,#6243,#84,.T.);
#6619=EDGE_CURVE('',#5607,#5608,#1516,.T.);
#6621=EDGE_CURVE('',#5608,#5603,#1468,.T.);
#6625=EDGE_CURVE('',#5615,#6269,#88,.T.);
#6627=EDGE_CURVE('',#5615,#5616,#1664,.T.);
#6629=EDGE_CURVE('',#5616,#5611,#1632,.T.);
#6631=EDGE_CURVE('',#5611,#5612,#1620,.T.);
#6633=EDGE_CURVE('',#5612,#6269,#1608,.T.);
#6637=EDGE_CURVE('',#6261,#5619,#1720,.T.);
#6639=EDGE_CURVE('',#5619,#5620,#1764,.T.);
#6641=EDGE_CURVE('',#5620,#6259,#1752,.T.);
#6643=EDGE_CURVE('',#6293,#6259,#92,.T.);
#6645=EDGE_CURVE('',#6293,#6261,#1788,.T.);
#6649=EDGE_CURVE('',#5539,#5540,#116,.T.);
#6651=EDGE_CURVE('',#6273,#5540,#36,.T.);
#6653=EDGE_CURVE('',#6273,#5303,#172,.T.);
#6655=EDGE_CURVE('',#5303,#5304,#140,.T.);
#6657=EDGE_CURVE('',#5304,#5539,#128,.T.);
#6667=EDGE_CURVE('',#5539,#5298,#124,.T.);
#6669=EDGE_CURVE('',#5297,#5298,#112,.T.);
#6671=EDGE_CURVE('',#5297,#5540,#184,.T.);
#6682=EDGE_CURVE('',#5304,#5294,#136,.T.);
#6684=EDGE_CURVE('',#5298,#5294,#120,.T.);
#6696=EDGE_CURVE('',#5090,#5292,#152,.T.);
#6698=EDGE_CURVE('',#5294,#5292,#132,.T.);
#6702=EDGE_CURVE('',#5303,#5089,#168,.T.);
#6704=EDGE_CURVE('',#5089,#5090,#156,.T.);
#6714=EDGE_CURVE('',#5092,#5090,#144,.T.);
#6716=EDGE_CURVE('',#5291,#5092,#148,.T.);
#6718=EDGE_CURVE('',#5291,#5292,#192,.T.);
#6730=EDGE_CURVE('',#6069,#5089,#160,.T.);
#6732=EDGE_CURVE('',#5094,#6069,#164,.T.);
#6734=EDGE_CURVE('',#5094,#5092,#188,.T.);
#6739=EDGE_CURVE('',#6072,#6073,#204,.T.);
#6741=EDGE_CURVE('',#6073,#5097,#244,.T.);
#6743=EDGE_CURVE('',#5097,#5098,#232,.T.);
#6745=EDGE_CURVE('',#5098,#6072,#216,.T.);
#6757=EDGE_CURVE('',#6273,#6069,#180,.T.);
#6768=EDGE_CURVE('',#5094,#5300,#176,.T.);
#6774=EDGE_CURVE('',#5297,#5300,#200,.T.);
#6784=EDGE_CURVE('',#5300,#5291,#196,.T.);
#6812=EDGE_CURVE('',#6072,#6343,#228,.T.);
#6814=EDGE_CURVE('',#6345,#6343,#208,.T.);
#6816=EDGE_CURVE('',#6073,#6345,#212,.T.);
#6827=EDGE_CURVE('',#5884,#5098,#220,.T.);
#6829=EDGE_CURVE('',#6343,#5884,#224,.T.);
#6841=EDGE_CURVE('',#5885,#5097,#236,.T.);
#6843=EDGE_CURVE('',#5884,#5885,#240,.T.);
#6856=EDGE_CURVE('',#5885,#6345,#248,.T.);
#6879=EDGE_CURVE('',#5547,#6083,#252,.T.);
#6882=EDGE_CURVE('',#6275,#6081,#308,.T.);
#6884=EDGE_CURVE('',#6081,#6083,#296,.T.);
#6894=EDGE_CURVE('',#5548,#6079,#260,.T.);
#6898=EDGE_CURVE('',#6083,#6079,#292,.T.);
#6908=EDGE_CURVE('',#5122,#5284,#284,.T.);
#6910=EDGE_CURVE('',#5288,#5284,#268,.T.);
#6912=EDGE_CURVE('',#5543,#5288,#272,.T.);
#6916=EDGE_CURVE('',#6079,#5122,#288,.T.);
#6926=EDGE_CURVE('',#5121,#5122,#280,.T.);
#6928=EDGE_CURVE('',#5121,#5283,#304,.T.);
#6930=EDGE_CURVE('',#5283,#5284,#324,.T.);
#6944=EDGE_CURVE('',#5121,#6081,#300,.T.);
#6949=EDGE_CURVE('',#6086,#6087,#332,.T.);
#6951=EDGE_CURVE('',#6087,#5125,#372,.T.);
#6953=EDGE_CURVE('',#5125,#5126,#360,.T.);
#6955=EDGE_CURVE('',#5126,#6086,#344,.T.);
#6969=EDGE_CURVE('',#5287,#5544,#312,.T.);
#6971=EDGE_CURVE('',#5287,#5283,#328,.T.);
#6982=EDGE_CURVE('',#5287,#5288,#316,.T.);
#7007=EDGE_CURVE('',#6086,#6335,#356,.T.);
#7009=EDGE_CURVE('',#6337,#6335,#336,.T.);
#7011=EDGE_CURVE('',#6087,#6337,#340,.T.);
#7022=EDGE_CURVE('',#5876,#5126,#348,.T.);
#7024=EDGE_CURVE('',#6335,#5876,#352,.T.);
#7036=EDGE_CURVE('',#5877,#5125,#364,.T.);
#7038=EDGE_CURVE('',#5876,#5877,#368,.T.);
#7051=EDGE_CURVE('',#5877,#6337,#376,.T.);
#7074=EDGE_CURVE('',#5551,#5274,#392,.T.);
#7076=EDGE_CURVE('',#5273,#5274,#380,.T.);
#7078=EDGE_CURVE('',#5273,#5552,#448,.T.);
#7089=EDGE_CURVE('',#5150,#5270,#404,.T.);
#7091=EDGE_CURVE('',#5274,#5270,#388,.T.);
#7095=EDGE_CURVE('',#5556,#6093,#424,.T.);
#7097=EDGE_CURVE('',#6093,#5150,#408,.T.);
#7107=EDGE_CURVE('',#5149,#5150,#400,.T.);
#7109=EDGE_CURVE('',#5149,#5269,#440,.T.);
#7111=EDGE_CURVE('',#5269,#5270,#452,.T.);
#7123=EDGE_CURVE('',#6097,#6093,#412,.T.);
#7125=EDGE_CURVE('',#6095,#6097,#416,.T.);
#7127=EDGE_CURVE('',#5149,#6095,#420,.T.);
#7132=EDGE_CURVE('',#6100,#6101,#460,.T.);
#7134=EDGE_CURVE('',#6101,#5153,#500,.T.);
#7136=EDGE_CURVE('',#5153,#5154,#488,.T.);
#7138=EDGE_CURVE('',#5154,#6100,#472,.T.);
#7150=EDGE_CURVE('',#5555,#6097,#432,.T.);
#7163=EDGE_CURVE('',#6271,#6095,#444,.T.);
#7179=EDGE_CURVE('',#5273,#5269,#456,.T.);
#7202=EDGE_CURVE('',#6100,#6327,#484,.T.);
#7204=EDGE_CURVE('',#6329,#6327,#464,.T.);
#7206=EDGE_CURVE('',#6101,#6329,#468,.T.);
#7217=EDGE_CURVE('',#5868,#5154,#476,.T.);
#7219=EDGE_CURVE('',#6327,#5868,#480,.T.);
#7231=EDGE_CURVE('',#5869,#5153,#492,.T.);
#7233=EDGE_CURVE('',#5868,#5869,#496,.T.);
#7246=EDGE_CURVE('',#5869,#6329,#504,.T.);
#7269=EDGE_CURVE('',#6235,#6233,#508,.T.);
#7271=EDGE_CURVE('',#6235,#6279,#576,.T.);
#7274=EDGE_CURVE('',#6233,#6278,#516,.T.);
#7284=EDGE_CURVE('',#6230,#6231,#520,.T.);
#7286=EDGE_CURVE('',#6230,#6235,#580,.T.);
#7289=EDGE_CURVE('',#6231,#6233,#524,.T.);
#7299=EDGE_CURVE('',#6113,#6111,#528,.T.);
#7301=EDGE_CURVE('',#6230,#6113,#532,.T.);
#7304=EDGE_CURVE('',#6231,#6111,#584,.T.);
#7314=EDGE_CURVE('',#6108,#6109,#536,.T.);
#7316=EDGE_CURVE('',#6115,#6108,#540,.T.);
#7318=EDGE_CURVE('',#6113,#6115,#544,.T.);
#7321=EDGE_CURVE('',#6109,#6111,#548,.T.);
#7325=EDGE_CURVE('',#6118,#6119,#588,.T.);
#7327=EDGE_CURVE('',#6119,#5177,#628,.T.);
#7329=EDGE_CURVE('',#5177,#5178,#616,.T.);
#7331=EDGE_CURVE('',#5178,#6118,#600,.T.);
#7342=EDGE_CURVE('',#5560,#6108,#560,.T.);
#7345=EDGE_CURVE('',#6247,#6109,#556,.T.);
#7357=EDGE_CURVE('',#5559,#6115,#568,.T.);
#7397=EDGE_CURVE('',#6118,#6319,#612,.T.);
#7399=EDGE_CURVE('',#6321,#6319,#592,.T.);
#7401=EDGE_CURVE('',#6119,#6321,#596,.T.);
#7412=EDGE_CURVE('',#5860,#5178,#604,.T.);
#7414=EDGE_CURVE('',#6319,#5860,#608,.T.);
#7426=EDGE_CURVE('',#5861,#5177,#620,.T.);
#7428=EDGE_CURVE('',#5860,#5861,#624,.T.);
#7441=EDGE_CURVE('',#5861,#6321,#632,.T.);
#7464=EDGE_CURVE('',#6129,#6131,#656,.T.);
#7466=EDGE_CURVE('',#5563,#6131,#636,.T.);
#7469=EDGE_CURVE('',#6129,#6253,#644,.T.);
#7479=EDGE_CURVE('',#6126,#6127,#668,.T.);
#7481=EDGE_CURVE('',#6133,#6127,#648,.T.);
#7483=EDGE_CURVE('',#6131,#6133,#652,.T.);
#7486=EDGE_CURVE('',#6126,#6129,#660,.T.);
#7490=EDGE_CURVE('',#6136,#6137,#716,.T.);
#7492=EDGE_CURVE('',#6137,#5201,#756,.T.);
#7494=EDGE_CURVE('',#5201,#5202,#744,.T.);
#7496=EDGE_CURVE('',#5202,#6136,#728,.T.);
#7506=EDGE_CURVE('',#6225,#6227,#676,.T.);
#7508=EDGE_CURVE('',#6127,#6227,#664,.T.);
#7511=EDGE_CURVE('',#6126,#6225,#712,.T.);
#7521=EDGE_CURVE('',#6222,#6223,#692,.T.);
#7523=EDGE_CURVE('',#6227,#6223,#672,.T.);
#7526=EDGE_CURVE('',#6222,#6225,#680,.T.);
#7537=EDGE_CURVE('',#6223,#6283,#688,.T.);
#7540=EDGE_CURVE('',#6281,#6222,#696,.T.);
#7551=EDGE_CURVE('',#5564,#6133,#704,.T.);
#7592=EDGE_CURVE('',#6136,#6311,#740,.T.);
#7594=EDGE_CURVE('',#6313,#6311,#720,.T.);
#7596=EDGE_CURVE('',#6137,#6313,#724,.T.);
#7607=EDGE_CURVE('',#5852,#5202,#732,.T.);
#7609=EDGE_CURVE('',#6311,#5852,#736,.T.);
#7621=EDGE_CURVE('',#5853,#5201,#748,.T.);
#7623=EDGE_CURVE('',#5852,#5853,#752,.T.);
#7636=EDGE_CURVE('',#5853,#6313,#760,.T.);
#7661=EDGE_CURVE('',#5567,#4866,#776,.T.);
#7675=EDGE_CURVE('',#4864,#5570,#780,.T.);
#7687=EDGE_CURVE('',#5572,#4863,#788,.T.);
#7700=EDGE_CURVE('',#5961,#6267,#792,.T.);
#7711=EDGE_CURVE('',#5249,#4859,#808,.T.);
#7716=EDGE_CURVE('',#5576,#6163,#824,.T.);
#7718=EDGE_CURVE('',#5249,#6163,#800,.T.);
#7728=EDGE_CURVE('',#5249,#5250,#812,.T.);
#7730=EDGE_CURVE('',#5250,#4860,#884,.T.);
#7744=EDGE_CURVE('',#6163,#6161,#820,.T.);
#7746=EDGE_CURVE('',#6161,#5254,#844,.T.);
#7748=EDGE_CURVE('',#5254,#5252,#900,.T.);
#7750=EDGE_CURVE('',#5250,#5252,#816,.T.);
#7760=EDGE_CURVE('',#5575,#6161,#848,.T.);
#7773=EDGE_CURVE('',#5260,#6219,#832,.T.);
#7775=EDGE_CURVE('',#5262,#5260,#836,.T.);
#7777=EDGE_CURVE('',#5266,#5262,#840,.T.);
#7779=EDGE_CURVE('',#5266,#5254,#904,.T.);
#7784=EDGE_CURVE('',#6219,#6285,#856,.T.);
#7794=EDGE_CURVE('',#6214,#6215,#860,.T.);
#7796=EDGE_CURVE('',#5257,#6214,#864,.T.);
#7798=EDGE_CURVE('',#5257,#5260,#916,.T.);
#7801=EDGE_CURVE('',#6219,#6217,#924,.T.);
#7803=EDGE_CURVE('',#6215,#6217,#868,.T.);
#7814=EDGE_CURVE('',#6214,#5959,#876,.T.);
#7817=EDGE_CURVE('',#6215,#5957,#920,.T.);
#7832=EDGE_CURVE('',#5264,#5252,#888,.T.);
#7834=EDGE_CURVE('',#5258,#5264,#892,.T.);
#7836=EDGE_CURVE('',#5257,#5258,#896,.T.);
#7849=EDGE_CURVE('',#5264,#5266,#908,.T.);
#7861=EDGE_CURVE('',#5262,#5258,#912,.T.);
#7887=EDGE_CURVE('',#6217,#6287,#932,.T.);
#7911=EDGE_CURVE('',#5579,#6169,#952,.T.);
#7913=EDGE_CURVE('',#6171,#6169,#936,.T.);
#7915=EDGE_CURVE('',#5580,#6171,#940,.T.);
#7926=EDGE_CURVE('',#5983,#6167,#960,.T.);
#7928=EDGE_CURVE('',#6169,#6167,#948,.T.);
#7932=EDGE_CURVE('',#5584,#4920,#1000,.T.);
#7934=EDGE_CURVE('',#4920,#5983,#988,.T.);
#7944=EDGE_CURVE('',#6166,#6167,#972,.T.);
#7947=EDGE_CURVE('',#5980,#5983,#964,.T.);
#7949=EDGE_CURVE('',#6166,#5980,#968,.T.);
#7960=EDGE_CURVE('',#6166,#6171,#980,.T.);
#7973=EDGE_CURVE('',#5980,#5981,#984,.T.);
#7975=EDGE_CURVE('',#5981,#6263,#1012,.T.);
#7991=EDGE_CURVE('',#4919,#4920,#992,.T.);
#7993=EDGE_CURVE('',#5981,#4919,#996,.T.);
#7997=EDGE_CURVE('',#5986,#5987,#1016,.T.);
#7999=EDGE_CURVE('',#5987,#4923,#1056,.T.);
#8001=EDGE_CURVE('',#4923,#4924,#1044,.T.);
#8003=EDGE_CURVE('',#4924,#5986,#1028,.T.);
#8015=EDGE_CURVE('',#5583,#4919,#1008,.T.);
#8039=EDGE_CURVE('',#5986,#6391,#1040,.T.);
#8041=EDGE_CURVE('',#6393,#6391,#1020,.T.);
#8043=EDGE_CURVE('',#5987,#6393,#1024,.T.);
#8054=EDGE_CURVE('',#5932,#4924,#1032,.T.);
#8056=EDGE_CURVE('',#6391,#5932,#1036,.T.);
#8068=EDGE_CURVE('',#5933,#4923,#1048,.T.);
#8070=EDGE_CURVE('',#5932,#5933,#1052,.T.);
#8083=EDGE_CURVE('',#5933,#6393,#1060,.T.);
#8106=EDGE_CURVE('',#5997,#5999,#1088,.T.);
#8108=EDGE_CURVE('',#5999,#6183,#1116,.T.);
#8110=EDGE_CURVE('',#6185,#6183,#1064,.T.);
#8112=EDGE_CURVE('',#5587,#6185,#1068,.T.);
#8115=EDGE_CURVE('',#5997,#6257,#1076,.T.);
#8125=EDGE_CURVE('',#5994,#5995,#1080,.T.);
#8127=EDGE_CURVE('',#6001,#5994,#1084,.T.);
#8129=EDGE_CURVE('',#6001,#5999,#1120,.T.);
#8132=EDGE_CURVE('',#5995,#5997,#1092,.T.);
#8136=EDGE_CURVE('',#6004,#6005,#1144,.T.);
#8138=EDGE_CURVE('',#6005,#4947,#1184,.T.);
#8140=EDGE_CURVE('',#4947,#4948,#1172,.T.);
#8142=EDGE_CURVE('',#4948,#6004,#1156,.T.);
#8153=EDGE_CURVE('',#5994,#6255,#1100,.T.);
#8156=EDGE_CURVE('',#6289,#5995,#1104,.T.);
#8166=EDGE_CURVE('',#6182,#6001,#1124,.T.);
#8171=EDGE_CURVE('',#5588,#6187,#1136,.T.);
#8173=EDGE_CURVE('',#6182,#6187,#1112,.T.);
#8183=EDGE_CURVE('',#6182,#6183,#1128,.T.);
#8198=EDGE_CURVE('',#6187,#6185,#1132,.T.);
#8234=EDGE_CURVE('',#6004,#6383,#1168,.T.);
#8236=EDGE_CURVE('',#6385,#6383,#1148,.T.);
#8238=EDGE_CURVE('',#6005,#6385,#1152,.T.);
#8249=EDGE_CURVE('',#5924,#4948,#1160,.T.);
#8251=EDGE_CURVE('',#6383,#5924,#1164,.T.);
#8263=EDGE_CURVE('',#5925,#4947,#1176,.T.);
#8265=EDGE_CURVE('',#5924,#5925,#1180,.T.);
#8278=EDGE_CURVE('',#5925,#6385,#1188,.T.);
#8301=EDGE_CURVE('',#6015,#6017,#1208,.T.);
#8303=EDGE_CURVE('',#6017,#6251,#1252,.T.);
#8306=EDGE_CURVE('',#6015,#6291,#1196,.T.);
#8316=EDGE_CURVE('',#6012,#6013,#1200,.T.);
#8318=EDGE_CURVE('',#6012,#6019,#1260,.T.);
#8320=EDGE_CURVE('',#6017,#6019,#1204,.T.);
#8323=EDGE_CURVE('',#6013,#6015,#1212,.T.);
#8327=EDGE_CURVE('',#6022,#6023,#1272,.T.);
#8329=EDGE_CURVE('',#6023,#4971,#1312,.T.);
#8331=EDGE_CURVE('',#4971,#4972,#1300,.T.);
#8333=EDGE_CURVE('',#4972,#6022,#1284,.T.);
#8344=EDGE_CURVE('',#5592,#6195,#1232,.T.);
#8346=EDGE_CURVE('',#6190,#6195,#1220,.T.);
#8348=EDGE_CURVE('',#6190,#6012,#1264,.T.);
#8351=EDGE_CURVE('',#6249,#6013,#1224,.T.);
#8361=EDGE_CURVE('',#5591,#6193,#1244,.T.);
#8363=EDGE_CURVE('',#6195,#6193,#1228,.T.);
#8375=EDGE_CURVE('',#6019,#6191,#1256,.T.);
#8377=EDGE_CURVE('',#6193,#6191,#1240,.T.);
#8391=EDGE_CURVE('',#6190,#6191,#1268,.T.);
#8429=EDGE_CURVE('',#6022,#6375,#1296,.T.);
#8431=EDGE_CURVE('',#6377,#6375,#1276,.T.);
#8433=EDGE_CURVE('',#6023,#6377,#1280,.T.);
#8444=EDGE_CURVE('',#5916,#4972,#1288,.T.);
#8446=EDGE_CURVE('',#6375,#5916,#1292,.T.);
#8458=EDGE_CURVE('',#5917,#4971,#1304,.T.);
#8460=EDGE_CURVE('',#5916,#5917,#1308,.T.);
#8473=EDGE_CURVE('',#5917,#6377,#1316,.T.);
#8496=EDGE_CURVE('',#6033,#5596,#1328,.T.);
#8499=EDGE_CURVE('',#5595,#6031,#1360,.T.);
#8501=EDGE_CURVE('',#6031,#6033,#1384,.T.);
#8511=EDGE_CURVE('',#6245,#6035,#1324,.T.);
#8515=EDGE_CURVE('',#6033,#6035,#1380,.T.);
#8525=EDGE_CURVE('',#6037,#6199,#1344,.T.);
#8527=EDGE_CURVE('',#6201,#6199,#1332,.T.);
#8529=EDGE_CURVE('',#5599,#6201,#1336,.T.);
#8533=EDGE_CURVE('',#6035,#6037,#1376,.T.);
#8543=EDGE_CURVE('',#6198,#6199,#1356,.T.);
#8546=EDGE_CURVE('',#6030,#6037,#1348,.T.);
#8548=EDGE_CURVE('',#6198,#6030,#1352,.T.);
#8559=EDGE_CURVE('',#6198,#6203,#1368,.T.);
#8561=EDGE_CURVE('',#6203,#6201,#1436,.T.);
#8573=EDGE_CURVE('',#6030,#6031,#1372,.T.);
#8577=EDGE_CURVE('',#5600,#6203,#1440,.T.);
#8595=EDGE_CURVE('',#6040,#6041,#1388,.T.);
#8597=EDGE_CURVE('',#6041,#4995,#1428,.T.);
#8599=EDGE_CURVE('',#4995,#4996,#1416,.T.);
#8601=EDGE_CURVE('',#4996,#6040,#1400,.T.);
#8612=EDGE_CURVE('',#6040,#6367,#1412,.T.);
#8614=EDGE_CURVE('',#6369,#6367,#1392,.T.);
#8616=EDGE_CURVE('',#6041,#6369,#1396,.T.);
#8627=EDGE_CURVE('',#5908,#4996,#1404,.T.);
#8629=EDGE_CURVE('',#6367,#5908,#1408,.T.);
#8641=EDGE_CURVE('',#5909,#4995,#1420,.T.);
#8643=EDGE_CURVE('',#5908,#5909,#1424,.T.);
#8656=EDGE_CURVE('',#5909,#6369,#1432,.T.);
#8691=EDGE_CURVE('',#5603,#6209,#1464,.T.);
#8693=EDGE_CURVE('',#6211,#6209,#1448,.T.);
#8695=EDGE_CURVE('',#5604,#6211,#1452,.T.);
#8706=EDGE_CURVE('',#6051,#6207,#1472,.T.);
#8708=EDGE_CURVE('',#6209,#6207,#1460,.T.);
#8712=EDGE_CURVE('',#5608,#5020,#1512,.T.);
#8714=EDGE_CURVE('',#5020,#6051,#1500,.T.);
#8724=EDGE_CURVE('',#6206,#6207,#1484,.T.);
#8727=EDGE_CURVE('',#6048,#6051,#1476,.T.);
#8729=EDGE_CURVE('',#6206,#6048,#1480,.T.);
#8740=EDGE_CURVE('',#6206,#6211,#1492,.T.);
#8753=EDGE_CURVE('',#6048,#6049,#1496,.T.);
#8755=EDGE_CURVE('',#6049,#6243,#1524,.T.);
#8771=EDGE_CURVE('',#5019,#5020,#1504,.T.);
#8773=EDGE_CURVE('',#6049,#5019,#1508,.T.);
#8777=EDGE_CURVE('',#6054,#6055,#1528,.T.);
#8779=EDGE_CURVE('',#6055,#5023,#1568,.T.);
#8781=EDGE_CURVE('',#5023,#5024,#1556,.T.);
#8783=EDGE_CURVE('',#5024,#6054,#1540,.T.);
#8795=EDGE_CURVE('',#5607,#5019,#1520,.T.);
#8819=EDGE_CURVE('',#6054,#6359,#1552,.T.);
#8821=EDGE_CURVE('',#6361,#6359,#1532,.T.);
#8823=EDGE_CURVE('',#6055,#6361,#1536,.T.);
#8834=EDGE_CURVE('',#5900,#5024,#1544,.T.);
#8836=EDGE_CURVE('',#6359,#5900,#1548,.T.);
#8848=EDGE_CURVE('',#5901,#5023,#1560,.T.);
#8850=EDGE_CURVE('',#5900,#5901,#1564,.T.);
#8863=EDGE_CURVE('',#5901,#6361,#1572,.T.);
#8886=EDGE_CURVE('',#5058,#5277,#1576,.T.);
#8888=EDGE_CURVE('',#5058,#5061,#1656,.T.);
#8890=EDGE_CURVE('',#5615,#5061,#1580,.T.);
#8893=EDGE_CURVE('',#6241,#6269,#1584,.T.);
#8895=EDGE_CURVE('',#6241,#5277,#1596,.T.);
#8905=EDGE_CURVE('',#5277,#5278,#1592,.T.);
#8907=EDGE_CURVE('',#5278,#5055,#1640,.T.);
#8909=EDGE_CURVE('',#5058,#5055,#1588,.T.);
#8922=EDGE_CURVE('',#6241,#6239,#1604,.T.);
#8924=EDGE_CURVE('',#6239,#6237,#1612,.T.);
#8926=EDGE_CURVE('',#6237,#5280,#1624,.T.);
#8928=EDGE_CURVE('',#5278,#5280,#1600,.T.);
#8938=EDGE_CURVE('',#5612,#6239,#1616,.T.);
#8951=EDGE_CURVE('',#5611,#6237,#1628,.T.);
#8964=EDGE_CURVE('',#5056,#5280,#1644,.T.);
#8969=EDGE_CURVE('',#5616,#5062,#1660,.T.);
#8971=EDGE_CURVE('',#5062,#5056,#1648,.T.);
#8981=EDGE_CURVE('',#5055,#5056,#1636,.T.);
#8995=EDGE_CURVE('',#5061,#5062,#1652,.T.);
#9002=EDGE_CURVE('',#6062,#6063,#1668,.T.);
#9004=EDGE_CURVE('',#6063,#5065,#1708,.T.);
#9006=EDGE_CURVE('',#5065,#5066,#1696,.T.);
#9008=EDGE_CURVE('',#5066,#6062,#1680,.T.);
#9031=EDGE_CURVE('',#6062,#6351,#1692,.T.);
#9033=EDGE_CURVE('',#6353,#6351,#1672,.T.);
#9035=EDGE_CURVE('',#6063,#6353,#1676,.T.);
#9046=EDGE_CURVE('',#5892,#5066,#1684,.T.);
#9048=EDGE_CURVE('',#6351,#5892,#1688,.T.);
#9060=EDGE_CURVE('',#5893,#5065,#1700,.T.);
#9062=EDGE_CURVE('',#5892,#5893,#1704,.T.);
#9075=EDGE_CURVE('',#5893,#6353,#1712,.T.);
#9098=EDGE_CURVE('',#6174,#6149,#1732,.T.);
#9100=EDGE_CURVE('',#6149,#6151,#1744,.T.);
#9102=EDGE_CURVE('',#5619,#6151,#1716,.T.);
#9105=EDGE_CURVE('',#6261,#6179,#1784,.T.);
#9107=EDGE_CURVE('',#6174,#6179,#1724,.T.);
#9117=EDGE_CURVE('',#6149,#6147,#1728,.T.);
#9120=EDGE_CURVE('',#6174,#6175,#1772,.T.);
#9122=EDGE_CURVE('',#6175,#6147,#1768,.T.);
#9132=EDGE_CURVE('',#6144,#6145,#1736,.T.);
#9134=EDGE_CURVE('',#6151,#6144,#1740,.T.);
#9138=EDGE_CURVE('',#6145,#6147,#1748,.T.);
#9142=EDGE_CURVE('',#6154,#6155,#1796,.T.);
#9144=EDGE_CURVE('',#6155,#5225,#1836,.T.);
#9146=EDGE_CURVE('',#5225,#5226,#1824,.T.);
#9148=EDGE_CURVE('',#5226,#6154,#1808,.T.);
#9159=EDGE_CURVE('',#5620,#6144,#1760,.T.);
#9162=EDGE_CURVE('',#6259,#6145,#1756,.T.);
#9186=EDGE_CURVE('',#6175,#6177,#1776,.T.);
#9188=EDGE_CURVE('',#6177,#6293,#1792,.T.);
#9202=EDGE_CURVE('',#6179,#6177,#1780,.T.);
#9226=EDGE_CURVE('',#6154,#6303,#1820,.T.);
#9228=EDGE_CURVE('',#6305,#6303,#1800,.T.);
#9230=EDGE_CURVE('',#6155,#6305,#1804,.T.);
#9241=EDGE_CURVE('',#5844,#5226,#1812,.T.);
#9243=EDGE_CURVE('',#6303,#5844,#1816,.T.);
#9255=EDGE_CURVE('',#5845,#5225,#1828,.T.);
#9257=EDGE_CURVE('',#5844,#5845,#1832,.T.);
#9270=EDGE_CURVE('',#5845,#6305,#1840,.T.);
#9293=EDGE_CURVE('',#5324,#5412,#1844,.T.);
#9295=EDGE_CURVE('',#5324,#5326,#2675,.T.);
#9298=EDGE_CURVE('',#5382,#5380,#1848,.T.);
#9300=EDGE_CURVE('',#5536,#5382,#1852,.T.);
#9302=EDGE_CURVE('',#5422,#5536,#1856,.T.);
#9304=EDGE_CURVE('',#5422,#5420,#1911,.T.);
#9306=EDGE_CURVE('',#5420,#5412,#1899,.T.);
#9316=EDGE_CURVE('',#5407,#5408,#1861,.T.);
#9318=EDGE_CURVE('',#5416,#5407,#1865,.T.);
#9320=EDGE_CURVE('',#5416,#5414,#2707,.T.);
#9322=EDGE_CURVE('',#5414,#5323,#2683,.T.);
#9324=EDGE_CURVE('',#5323,#5324,#2643,.T.);
#9327=EDGE_CURVE('',#5410,#5412,#1869,.T.);
#9329=EDGE_CURVE('',#5410,#5408,#1891,.T.);
#9333=EDGE_CURVE('',#6409,#6413,#1874,.T.);
#9335=EDGE_CURVE('',#6413,#6409,#1879,.T.);
#9346=EDGE_CURVE('',#5027,#5408,#1883,.T.);
#9348=EDGE_CURVE('',#5027,#5028,#2716,.T.);
#9350=EDGE_CURVE('',#5407,#5028,#1887,.T.);
#9361=EDGE_CURVE('',#5410,#5048,#1895,.T.);
#9363=EDGE_CURVE('',#5048,#5027,#2720,.T.);
#9377=EDGE_CURVE('',#5418,#5420,#1903,.T.);
#9379=EDGE_CURVE('',#5418,#5046,#1971,.T.);
#9381=EDGE_CURVE('',#5048,#5046,#1907,.T.);
#9392=EDGE_CURVE('',#5422,#5424,#1923,.T.);
#9394=EDGE_CURVE('',#5424,#5418,#1975,.T.);
#9405=EDGE_CURVE('',#5534,#5080,#1935,.T.);
#9407=EDGE_CURVE('',#5082,#5080,#1915,.T.);
#9409=EDGE_CURVE('',#5424,#5082,#1919,.T.);
#9413=EDGE_CURVE('',#5534,#5536,#1927,.T.);
#9423=EDGE_CURVE('',#5080,#5078,#1931,.T.);
#9426=EDGE_CURVE('',#5384,#5534,#1939,.T.);
#9428=EDGE_CURVE('',#5078,#5384,#1943,.T.);
#9438=EDGE_CURVE('',#5069,#5070,#1967,.T.);
#9440=EDGE_CURVE('',#5070,#5082,#1979,.T.);
#9444=EDGE_CURVE('',#5078,#5076,#2155,.T.);
#9446=EDGE_CURVE('',#5074,#5076,#1947,.T.);
#9448=EDGE_CURVE('',#5074,#5072,#2047,.T.);
#9450=EDGE_CURVE('',#5072,#5069,#2003,.T.);
#9454=EDGE_CURVE('',#6065,#5085,#1951,.T.);
#9456=EDGE_CURVE('',#6067,#6065,#1955,.T.);
#9458=EDGE_CURVE('',#5086,#6067,#1959,.T.);
#9460=EDGE_CURVE('',#5085,#5086,#1963,.T.);
#9470=EDGE_CURVE('',#5624,#5070,#1983,.T.);
#9473=EDGE_CURVE('',#5069,#5626,#2027,.T.);
#9475=EDGE_CURVE('',#5626,#5624,#1999,.T.);
#9490=EDGE_CURVE('',#5622,#5624,#1987,.T.);
#9492=EDGE_CURVE('',#5044,#5622,#1991,.T.);
#9494=EDGE_CURVE('',#5046,#5044,#1995,.T.);
#9506=EDGE_CURVE('',#5626,#5628,#2023,.T.);
#9508=EDGE_CURVE('',#5628,#5622,#2752,.T.);
#9519=EDGE_CURVE('',#5530,#5072,#2007,.T.);
#9521=EDGE_CURVE('',#5528,#5530,#2011,.T.);
#9523=EDGE_CURVE('',#5528,#5040,#2760,.T.);
#9525=EDGE_CURVE('',#5042,#5040,#2015,.T.);
#9527=EDGE_CURVE('',#5628,#5042,#2019,.T.);
#9539=EDGE_CURVE('',#5520,#5518,#2031,.T.);
#9541=EDGE_CURVE('',#5520,#5108,#4092,.T.);
#9543=EDGE_CURVE('',#5110,#5108,#2035,.T.);
#9545=EDGE_CURVE('',#5532,#5110,#2039,.T.);
#9547=EDGE_CURVE('',#5530,#5532,#2043,.T.);
#9551=EDGE_CURVE('',#5074,#5518,#4660,.T.);
#9561=EDGE_CURVE('',#5386,#5388,#2151,.T.);
#9563=EDGE_CURVE('',#5520,#5388,#2051,.T.);
#9566=EDGE_CURVE('',#5518,#5386,#4668,.T.);
#9576=EDGE_CURVE('',#5375,#5376,#2071,.T.);
#9578=EDGE_CURVE('',#5208,#5375,#2075,.T.);
#9580=EDGE_CURVE('',#5210,#5208,#2079,.T.);
#9582=EDGE_CURVE('',#5404,#5210,#2083,.T.);
#9584=EDGE_CURVE('',#5402,#5404,#2087,.T.);
#9586=EDGE_CURVE('',#5184,#5402,#2091,.T.);
#9588=EDGE_CURVE('',#5186,#5184,#2095,.T.);
#9590=EDGE_CURVE('',#5400,#5186,#2099,.T.);
#9592=EDGE_CURVE('',#5398,#5400,#2103,.T.);
#9594=EDGE_CURVE('',#5160,#5398,#2107,.T.);
#9596=EDGE_CURVE('',#5162,#5160,#2111,.T.);
#9598=EDGE_CURVE('',#5396,#5162,#2115,.T.);
#9600=EDGE_CURVE('',#5394,#5396,#2119,.T.);
#9602=EDGE_CURVE('',#5132,#5394,#2123,.T.);
#9604=EDGE_CURVE('',#5134,#5132,#2127,.T.);
#9606=EDGE_CURVE('',#5392,#5134,#2131,.T.);
#9608=EDGE_CURVE('',#5390,#5392,#2135,.T.);
#9610=EDGE_CURVE('',#5104,#5390,#2139,.T.);
#9612=EDGE_CURVE('',#5106,#5104,#2143,.T.);
#9614=EDGE_CURVE('',#5388,#5106,#2147,.T.);
#9617=EDGE_CURVE('',#5386,#5076,#4664,.T.);
#9621=EDGE_CURVE('',#5382,#5384,#2159,.T.);
#9625=EDGE_CURVE('',#5316,#5378,#2163,.T.);
#9627=EDGE_CURVE('',#5315,#5316,#2167,.T.);
#9629=EDGE_CURVE('',#5232,#5315,#2171,.T.);
#9631=EDGE_CURVE('',#5234,#5232,#2175,.T.);
#9633=EDGE_CURVE('',#5376,#5234,#2179,.T.);
#9637=EDGE_CURVE('',#5367,#5368,#2055,.T.);
#9639=EDGE_CURVE('',#5372,#5367,#2059,.T.);
#9641=EDGE_CURVE('',#5370,#5372,#2063,.T.);
#9643=EDGE_CURVE('',#5368,#5370,#2067,.T.);
#9654=EDGE_CURVE('',#5707,#5368,#2183,.T.);
#9656=EDGE_CURVE('',#5707,#5705,#2199,.T.);
#9658=EDGE_CURVE('',#5705,#5367,#2195,.T.);
#9669=EDGE_CURVE('',#5711,#5370,#2187,.T.);
#9671=EDGE_CURVE('',#5711,#5707,#2203,.T.);
#9683=EDGE_CURVE('',#5709,#5372,#2191,.T.);
#9685=EDGE_CURVE('',#5709,#5711,#2207,.T.);
#9698=EDGE_CURVE('',#5705,#5709,#2211,.T.);
#9715=EDGE_CURVE('',#5948,#5696,#2216,.T.);
#9717=EDGE_CURVE('',#5692,#5948,#2221,.T.);
#9719=EDGE_CURVE('',#5688,#5692,#2225,.T.);
#9721=EDGE_CURVE('',#5682,#5688,#2229,.T.);
#9723=EDGE_CURVE('',#5684,#5682,#2233,.T.);
#9725=EDGE_CURVE('',#5703,#5684,#2237,.T.);
#9727=EDGE_CURVE('',#5700,#5703,#2247,.T.);
#9729=EDGE_CURVE('',#5696,#5700,#2251,.T.);
#9740=B_SPLINE_CURVE_WITH_KNOTS('',3,(#9734,#9735,#9736,#9737,#9738,#9739),
.UNSPECIFIED.,.F.,.F.,(4,1,1,4),(0.E0,5.196012313829E-2,9.289401864362E-1,1.E0),
.UNSPECIFIED.);
#9744=EDGE_CURVE('',#5948,#5949,#2255,.T.);
#9747=EDGE_CURVE('',#5695,#5696,#2259,.T.);
#9749=EDGE_CURVE('',#5695,#5949,#2268,.T.);
#9760=B_SPLINE_CURVE_WITH_KNOTS('',3,(#9754,#9755,#9756,#9757,#9758,#9759),
.UNSPECIFIED.,.F.,.F.,(4,1,1,4),(0.E0,7.191958532281E-2,9.474382025348E-1,1.E0),
.UNSPECIFIED.);
#9765=EDGE_CURVE('',#5949,#5690,#2303,.T.);
#9767=EDGE_CURVE('',#5692,#5690,#2263,.T.);
#9779=EDGE_CURVE('',#5698,#5695,#2272,.T.);
#9781=EDGE_CURVE('',#5701,#5698,#2282,.T.);
#9783=EDGE_CURVE('',#5680,#5701,#2286,.T.);
#9785=EDGE_CURVE('',#5679,#5680,#2290,.T.);
#9787=EDGE_CURVE('',#5686,#5679,#2294,.T.);
#9789=EDGE_CURVE('',#5690,#5686,#2298,.T.);
#9803=EDGE_CURVE('',#5700,#5698,#2307,.T.);
#9819=B_SPLINE_CURVE_WITH_KNOTS('',3,(#9808,#9809,#9810,#9811,#9812,#9813,#9814,
#9815,#9816,#9817,#9818),.UNSPECIFIED.,.F.,.F.,(4,1,1,1,1,1,1,1,4),(0.E0,
2.347822424538E-2,2.585061399129E-1,3.760200977467E-1,4.935340555804E-1,
6.110139426968E-1,7.284938298131E-1,9.634536040459E-1,1.E0),.UNSPECIFIED.);
#9826=EDGE_CURVE('',#5701,#5703,#2311,.T.);
#9839=EDGE_CURVE('',#5684,#5680,#2315,.T.);
#9852=EDGE_CURVE('',#5682,#5679,#2319,.T.);
#9865=EDGE_CURVE('',#5688,#5686,#2323,.T.);
#9887=EDGE_CURVE('',#5446,#5448,#2347,.T.);
#9889=EDGE_CURVE('',#5448,#5375,#3888,.T.);
#9892=EDGE_CURVE('',#5446,#5376,#2327,.T.);
#9902=EDGE_CURVE('',#5446,#5236,#2355,.T.);
#9904=EDGE_CURVE('',#5238,#5236,#2331,.T.);
#9906=EDGE_CURVE('',#5452,#5238,#2335,.T.);
#9908=EDGE_CURVE('',#5450,#5452,#2339,.T.);
#9910=EDGE_CURVE('',#5450,#5206,#3096,.T.);
#9912=EDGE_CURVE('',#5205,#5206,#2343,.T.);
#9914=EDGE_CURVE('',#5205,#5448,#3884,.T.);
#9925=EDGE_CURVE('',#5236,#5234,#2351,.T.);
#9938=EDGE_CURVE('',#5229,#5230,#2391,.T.);
#9940=EDGE_CURVE('',#5230,#5242,#2559,.T.);
#9942=EDGE_CURVE('',#5242,#5240,#3148,.T.);
#9944=EDGE_CURVE('',#5240,#5238,#3120,.T.);
#9949=EDGE_CURVE('',#5229,#5232,#2359,.T.);
#9953=EDGE_CURVE('',#6157,#5245,#2363,.T.);
#9955=EDGE_CURVE('',#6159,#6157,#2367,.T.);
#9957=EDGE_CURVE('',#5246,#6159,#2371,.T.);
#9959=EDGE_CURVE('',#5245,#5246,#2375,.T.);
#9969=EDGE_CURVE('',#5320,#5318,#2379,.T.);
#9971=EDGE_CURVE('',#5444,#5320,#2383,.T.);
#9973=EDGE_CURVE('',#5442,#5444,#2387,.T.);
#9975=EDGE_CURVE('',#5442,#5230,#2563,.T.);
#9978=EDGE_CURVE('',#5229,#5318,#4624,.T.);
#9989=EDGE_CURVE('',#5316,#5320,#2547,.T.);
#9992=EDGE_CURVE('',#5315,#5318,#2395,.T.);
#9996=EDGE_CURVE('',#5307,#5308,#2399,.T.);
#9998=EDGE_CURVE('',#5308,#5312,#2435,.T.);
#10000=EDGE_CURVE('',#5312,#5310,#2423,.T.);
#10002=EDGE_CURVE('',#5310,#5307,#2411,.T.);
#10013=EDGE_CURVE('',#5827,#5307,#2403,.T.);
#10015=EDGE_CURVE('',#5833,#5827,#2407,.T.);
#10017=EDGE_CURVE('',#5833,#5308,#2439,.T.);
#10028=EDGE_CURVE('',#5829,#5310,#2415,.T.);
#10030=EDGE_CURVE('',#5827,#5829,#2419,.T.);
#10042=EDGE_CURVE('',#5831,#5312,#2427,.T.);
#10044=EDGE_CURVE('',#5829,#5831,#2431,.T.);
#10057=EDGE_CURVE('',#5831,#5833,#2443,.T.);
#10074=EDGE_CURVE('',#5807,#5809,#2465,.T.);
#10076=EDGE_CURVE('',#5811,#5809,#2449,.T.);
#10078=EDGE_CURVE('',#5811,#5815,#2531,.T.);
#10080=EDGE_CURVE('',#5817,#5815,#2457,.T.);
#10082=EDGE_CURVE('',#5817,#5821,#2515,.T.);
#10084=EDGE_CURVE('',#5821,#5825,#2503,.T.);
#10086=EDGE_CURVE('',#5825,#5807,#2491,.T.);
#10096=EDGE_CURVE('',#5804,#5805,#2461,.T.);
#10098=EDGE_CURVE('',#5804,#5809,#2539,.T.);
#10101=EDGE_CURVE('',#5807,#5805,#2487,.T.);
#10111=EDGE_CURVE('',#5805,#5823,#2483,.T.);
#10113=EDGE_CURVE('',#5823,#5819,#2495,.T.);
#10115=EDGE_CURVE('',#5819,#5816,#2507,.T.);
#10117=EDGE_CURVE('',#5813,#5816,#2473,.T.);
#10119=EDGE_CURVE('',#5813,#5810,#2527,.T.);
#10121=EDGE_CURVE('',#5804,#5810,#2479,.T.);
#10135=EDGE_CURVE('',#5825,#5823,#2499,.T.);
#10148=EDGE_CURVE('',#5821,#5819,#2511,.T.);
#10161=EDGE_CURVE('',#5817,#5816,#2519,.T.);
#10175=B_SPLINE_CURVE_WITH_KNOTS('',3,(#10166,#10167,#10168,#10169,#10170,
#10171,#10172,#10173,#10174),.UNSPECIFIED.,.F.,.F.,(4,1,1,1,1,1,4),(0.E0,
1.018589220901E-1,3.008205440177E-1,4.997821659453E-1,6.984596593395E-1,
8.971371527336E-1,1.E0),.UNSPECIFIED.);
#10182=EDGE_CURVE('',#5813,#5815,#2523,.T.);
#10195=EDGE_CURVE('',#5811,#5810,#2535,.T.);
#10207=B_SPLINE_CURVE_WITH_KNOTS('',3,(#10200,#10201,#10202,#10203,#10204,
#10205,#10206),.UNSPECIFIED.,.F.,.F.,(4,1,1,1,4),(0.E0,1.384046632128E-1,
5.357415534185E-1,9.337889246791E-1,1.E0),.UNSPECIFIED.);
#10223=EDGE_CURVE('',#5444,#5430,#2543,.T.);
#10229=EDGE_CURVE('',#5330,#5328,#2551,.T.);
#10231=EDGE_CURVE('',#5428,#5330,#2555,.T.);
#10233=EDGE_CURVE('',#5428,#5430,#2599,.T.);
#10243=EDGE_CURVE('',#5432,#5442,#2567,.T.);
#10247=EDGE_CURVE('',#5430,#5432,#2595,.T.);
#10260=EDGE_CURVE('',#5432,#4880,#2591,.T.);
#10262=EDGE_CURVE('',#4879,#4880,#2571,.T.);
#10264=EDGE_CURVE('',#5676,#4879,#2575,.T.);
#10266=EDGE_CURVE('',#5674,#5676,#2579,.T.);
#10268=EDGE_CURVE('',#5242,#5674,#2583,.T.);
#10278=EDGE_CURVE('',#5426,#4892,#2607,.T.);
#10280=EDGE_CURVE('',#4880,#4892,#2587,.T.);
#10285=EDGE_CURVE('',#5426,#5428,#2603,.T.);
#10295=EDGE_CURVE('',#4890,#4892,#2615,.T.);
#10298=EDGE_CURVE('',#5426,#5332,#4192,.T.);
#10300=EDGE_CURVE('',#4890,#5332,#2611,.T.);
#10313=EDGE_CURVE('',#4888,#4890,#2619,.T.);
#10315=EDGE_CURVE('',#4888,#4886,#3876,.T.);
#10317=EDGE_CURVE('',#4886,#4884,#3176,.T.);
#10319=EDGE_CURVE('',#4884,#4882,#3136,.T.);
#10321=EDGE_CURVE('',#4879,#4882,#2623,.T.);
#10325=EDGE_CURVE('',#5971,#4895,#2627,.T.);
#10327=EDGE_CURVE('',#5973,#5971,#2631,.T.);
#10329=EDGE_CURVE('',#4896,#5973,#2635,.T.);
#10331=EDGE_CURVE('',#4895,#4896,#2639,.T.);
#10342=EDGE_CURVE('',#5323,#5034,#2695,.T.);
#10344=EDGE_CURVE('',#5034,#5036,#2732,.T.);
#10346=EDGE_CURVE('',#5036,#5356,#2784,.T.);
#10348=EDGE_CURVE('',#5354,#5356,#2647,.T.);
#10350=EDGE_CURVE('',#5354,#5008,#2800,.T.);
#10352=EDGE_CURVE('',#5008,#5010,#2808,.T.);
#10354=EDGE_CURVE('',#5010,#5352,#3688,.T.);
#10356=EDGE_CURVE('',#5350,#5352,#2651,.T.);
#10358=EDGE_CURVE('',#5350,#4984,#3700,.T.);
#10360=EDGE_CURVE('',#4984,#4986,#3568,.T.);
#10362=EDGE_CURVE('',#4986,#5348,#3560,.T.);
#10364=EDGE_CURVE('',#5346,#5348,#2655,.T.);
#10366=EDGE_CURVE('',#5346,#4960,#3752,.T.);
#10368=EDGE_CURVE('',#4960,#4962,#3444,.T.);
#10370=EDGE_CURVE('',#4962,#5344,#3436,.T.);
#10372=EDGE_CURVE('',#5342,#5344,#2659,.T.);
#10374=EDGE_CURVE('',#5342,#4936,#3800,.T.);
#10376=EDGE_CURVE('',#4936,#4938,#3272,.T.);
#10378=EDGE_CURVE('',#4938,#5340,#3264,.T.);
#10380=EDGE_CURVE('',#5338,#5340,#2663,.T.);
#10382=EDGE_CURVE('',#5338,#4908,#3232,.T.);
#10384=EDGE_CURVE('',#4908,#4910,#3200,.T.);
#10386=EDGE_CURVE('',#4910,#5336,#3192,.T.);
#10388=EDGE_CURVE('',#5334,#5336,#2667,.T.);
#10390=EDGE_CURVE('',#5334,#4888,#3880,.T.);
#10394=EDGE_CURVE('',#5330,#5332,#2671,.T.);
#10401=EDGE_CURVE('',#4835,#4836,#4196,.T.);
#10403=EDGE_CURVE('',#4836,#4840,#4248,.T.);
#10405=EDGE_CURVE('',#4838,#4840,#2679,.T.);
#10407=EDGE_CURVE('',#4838,#4835,#4226,.T.);
#10411=EDGE_CURVE('',#5359,#5360,#4264,.T.);
#10413=EDGE_CURVE('',#5360,#5364,#4300,.T.);
#10415=EDGE_CURVE('',#5364,#5362,#4288,.T.);
#10417=EDGE_CURVE('',#5362,#5359,#4276,.T.);
#10428=EDGE_CURVE('',#5032,#5414,#2687,.T.);
#10430=EDGE_CURVE('',#5034,#5032,#2691,.T.);
#10441=EDGE_CURVE('',#5030,#5416,#2699,.T.);
#10443=EDGE_CURVE('',#5032,#5030,#2703,.T.);
#10455=EDGE_CURVE('',#5030,#5028,#2711,.T.);
#10472=EDGE_CURVE('',#5042,#5044,#2724,.T.);
#10475=EDGE_CURVE('',#5040,#5038,#2756,.T.);
#10477=EDGE_CURVE('',#5036,#5038,#2728,.T.);
#10485=EDGE_CURVE('',#6057,#5051,#2736,.T.);
#10487=EDGE_CURVE('',#6059,#6057,#2740,.T.);
#10489=EDGE_CURVE('',#5052,#6059,#2744,.T.);
#10491=EDGE_CURVE('',#5051,#5052,#2748,.T.);
#10513=EDGE_CURVE('',#5523,#5038,#2776,.T.);
#10517=EDGE_CURVE('',#5526,#5528,#2764,.T.);
#10519=EDGE_CURVE('',#5526,#5004,#4072,.T.);
#10521=EDGE_CURVE('',#5006,#5004,#2768,.T.);
#10523=EDGE_CURVE('',#5006,#5524,#2792,.T.);
#10525=EDGE_CURVE('',#5523,#5524,#2772,.T.);
#10537=EDGE_CURVE('',#5356,#5523,#2780,.T.);
#10549=EDGE_CURVE('',#5354,#5524,#2788,.T.);
#10562=EDGE_CURVE('',#5008,#5006,#2796,.T.);
#10574=EDGE_CURVE('',#4999,#5000,#2844,.T.);
#10576=EDGE_CURVE('',#5000,#5012,#3664,.T.);
#10578=EDGE_CURVE('',#5010,#5012,#2804,.T.);
#10583=EDGE_CURVE('',#5004,#5002,#4068,.T.);
#10585=EDGE_CURVE('',#4999,#5002,#2812,.T.);
#10589=EDGE_CURVE('',#6043,#5015,#2816,.T.);
#10591=EDGE_CURVE('',#6045,#6043,#2820,.T.);
#10593=EDGE_CURVE('',#5016,#6045,#2824,.T.);
#10595=EDGE_CURVE('',#5015,#5016,#2828,.T.);
#10605=EDGE_CURVE('',#5102,#5114,#2832,.T.);
#10607=EDGE_CURVE('',#5514,#5102,#2836,.T.);
#10609=EDGE_CURVE('',#5500,#5514,#2840,.T.);
#10611=EDGE_CURVE('',#5500,#5000,#3668,.T.);
#10614=EDGE_CURVE('',#5636,#4999,#2848,.T.);
#10616=EDGE_CURVE('',#5634,#5636,#2852,.T.);
#10618=EDGE_CURVE('',#5114,#5634,#2856,.T.);
#10628=EDGE_CURVE('',#5101,#5102,#2892,.T.);
#10631=EDGE_CURVE('',#5114,#5112,#4048,.T.);
#10633=EDGE_CURVE('',#5112,#5110,#4052,.T.);
#10636=EDGE_CURVE('',#5108,#5106,#4088,.T.);
#10639=EDGE_CURVE('',#5101,#5104,#2860,.T.);
#10643=EDGE_CURVE('',#6075,#5117,#2864,.T.);
#10645=EDGE_CURVE('',#6077,#6075,#2868,.T.);
#10647=EDGE_CURVE('',#5118,#6077,#2872,.T.);
#10649=EDGE_CURVE('',#5117,#5118,#2876,.T.);
#10659=EDGE_CURVE('',#5510,#5136,#2904,.T.);
#10661=EDGE_CURVE('',#5138,#5136,#2880,.T.);
#10663=EDGE_CURVE('',#5516,#5138,#2884,.T.);
#10665=EDGE_CURVE('',#5514,#5516,#2888,.T.);
#10669=EDGE_CURVE('',#5101,#5512,#4044,.T.);
#10671=EDGE_CURVE('',#5510,#5512,#2896,.T.);
#10681=EDGE_CURVE('',#5136,#5134,#2900,.T.);
#10684=EDGE_CURVE('',#5392,#5510,#2908,.T.);
#10695=EDGE_CURVE('',#5129,#5130,#2948,.T.);
#10697=EDGE_CURVE('',#5130,#5142,#3592,.T.);
#10699=EDGE_CURVE('',#5142,#5140,#3652,.T.);
#10701=EDGE_CURVE('',#5140,#5138,#3624,.T.);
#10706=EDGE_CURVE('',#5129,#5132,#2912,.T.);
#10710=EDGE_CURVE('',#6089,#5145,#2916,.T.);
#10712=EDGE_CURVE('',#6091,#6089,#2920,.T.);
#10714=EDGE_CURVE('',#5146,#6091,#2924,.T.);
#10716=EDGE_CURVE('',#5145,#5146,#2928,.T.);
#10726=EDGE_CURVE('',#5503,#5504,#2932,.T.);
#10728=EDGE_CURVE('',#5503,#5164,#2960,.T.);
#10730=EDGE_CURVE('',#5166,#5164,#2936,.T.);
#10732=EDGE_CURVE('',#5508,#5166,#2940,.T.);
#10734=EDGE_CURVE('',#5506,#5508,#2944,.T.);
#10736=EDGE_CURVE('',#5506,#5130,#3596,.T.);
#10739=EDGE_CURVE('',#5129,#5504,#4004,.T.);
#10750=EDGE_CURVE('',#5396,#5503,#2964,.T.);
#10753=EDGE_CURVE('',#5394,#5504,#2952,.T.);
#10763=EDGE_CURVE('',#5164,#5162,#2956,.T.);
#10776=EDGE_CURVE('',#5157,#5158,#3000,.T.);
#10778=EDGE_CURVE('',#5158,#5170,#3468,.T.);
#10780=EDGE_CURVE('',#5170,#5168,#3528,.T.);
#10782=EDGE_CURVE('',#5168,#5166,#3500,.T.);
#10787=EDGE_CURVE('',#5157,#5160,#2968,.T.);
#10791=EDGE_CURVE('',#6103,#5173,#2972,.T.);
#10793=EDGE_CURVE('',#6105,#6103,#2976,.T.);
#10795=EDGE_CURVE('',#5174,#6105,#2980,.T.);
#10797=EDGE_CURVE('',#5173,#5174,#2984,.T.);
#10807=EDGE_CURVE('',#5478,#5188,#3012,.T.);
#10809=EDGE_CURVE('',#5190,#5188,#2988,.T.);
#10811=EDGE_CURVE('',#5484,#5190,#2992,.T.);
#10813=EDGE_CURVE('',#5482,#5484,#2996,.T.);
#10815=EDGE_CURVE('',#5482,#5158,#3472,.T.);
#10818=EDGE_CURVE('',#5157,#5480,#3964,.T.);
#10820=EDGE_CURVE('',#5478,#5480,#3004,.T.);
#10830=EDGE_CURVE('',#5188,#5186,#3008,.T.);
#10833=EDGE_CURVE('',#5478,#5400,#3960,.T.);
#10844=EDGE_CURVE('',#5181,#5182,#3052,.T.);
#10846=EDGE_CURVE('',#5182,#5194,#3296,.T.);
#10848=EDGE_CURVE('',#5194,#5192,#3396,.T.);
#10850=EDGE_CURVE('',#5192,#5190,#3368,.T.);
#10855=EDGE_CURVE('',#5181,#5184,#3016,.T.);
#10859=EDGE_CURVE('',#6121,#5197,#3020,.T.);
#10861=EDGE_CURVE('',#6123,#6121,#3024,.T.);
#10863=EDGE_CURVE('',#5198,#6123,#3028,.T.);
#10865=EDGE_CURVE('',#5197,#5198,#3032,.T.);
#10875=EDGE_CURVE('',#5471,#5472,#3036,.T.);
#10877=EDGE_CURVE('',#5471,#5212,#3064,.T.);
#10879=EDGE_CURVE('',#5214,#5212,#3040,.T.);
#10881=EDGE_CURVE('',#5476,#5214,#3044,.T.);
#10883=EDGE_CURVE('',#5474,#5476,#3048,.T.);
#10885=EDGE_CURVE('',#5474,#5182,#3300,.T.);
#10888=EDGE_CURVE('',#5181,#5472,#3924,.T.);
#10899=EDGE_CURVE('',#5404,#5471,#3068,.T.);
#10902=EDGE_CURVE('',#5402,#5472,#3056,.T.);
#10912=EDGE_CURVE('',#5212,#5210,#3060,.T.);
#10926=EDGE_CURVE('',#5206,#5218,#3092,.T.);
#10928=EDGE_CURVE('',#5218,#5216,#3352,.T.);
#10930=EDGE_CURVE('',#5216,#5214,#3324,.T.);
#10935=EDGE_CURVE('',#5205,#5208,#3072,.T.);
#10939=EDGE_CURVE('',#6139,#5221,#3076,.T.);
#10941=EDGE_CURVE('',#6141,#6139,#3080,.T.);
#10943=EDGE_CURVE('',#5222,#6141,#3084,.T.);
#10945=EDGE_CURVE('',#5221,#5222,#3088,.T.);
#10957=EDGE_CURVE('',#5440,#5450,#3100,.T.);
#10959=EDGE_CURVE('',#5440,#4900,#3168,.T.);
#10961=EDGE_CURVE('',#4899,#4900,#3104,.T.);
#10963=EDGE_CURVE('',#5668,#4899,#3108,.T.);
#10965=EDGE_CURVE('',#5666,#5668,#3112,.T.);
#10967=EDGE_CURVE('',#5218,#5666,#3116,.T.);
#10979=EDGE_CURVE('',#5452,#5438,#3144,.T.);
#10981=EDGE_CURVE('',#5438,#5440,#3172,.T.);
#10992=EDGE_CURVE('',#5672,#5240,#3124,.T.);
#10994=EDGE_CURVE('',#5670,#5672,#3128,.T.);
#10996=EDGE_CURVE('',#4882,#5670,#3132,.T.);
#10999=EDGE_CURVE('',#5438,#4884,#3140,.T.);
#11014=EDGE_CURVE('',#5674,#5672,#3152,.T.);
#11027=EDGE_CURVE('',#5676,#5670,#3156,.T.);
#11049=EDGE_CURVE('',#5435,#5436,#3160,.T.);
#11051=EDGE_CURVE('',#5435,#4912,#3184,.T.);
#11053=EDGE_CURVE('',#4900,#4912,#3164,.T.);
#11059=EDGE_CURVE('',#4886,#5436,#3872,.T.);
#11070=EDGE_CURVE('',#5336,#5435,#3188,.T.);
#11073=EDGE_CURVE('',#5334,#5436,#3180,.T.);
#11083=EDGE_CURVE('',#4910,#4912,#3196,.T.);
#11100=EDGE_CURVE('',#4908,#4906,#3228,.T.);
#11102=EDGE_CURVE('',#4906,#4904,#3252,.T.);
#11104=EDGE_CURVE('',#4904,#4902,#3340,.T.);
#11106=EDGE_CURVE('',#4899,#4902,#3204,.T.);
#11110=EDGE_CURVE('',#5975,#4915,#3208,.T.);
#11112=EDGE_CURVE('',#5977,#5975,#3212,.T.);
#11114=EDGE_CURVE('',#4916,#5977,#3216,.T.);
#11116=EDGE_CURVE('',#4915,#4916,#3220,.T.);
#11126=EDGE_CURVE('',#4906,#5456,#3224,.T.);
#11130=EDGE_CURVE('',#5456,#5338,#3236,.T.);
#11140=EDGE_CURVE('',#5454,#4940,#3260,.T.);
#11142=EDGE_CURVE('',#4928,#4940,#3240,.T.);
#11144=EDGE_CURVE('',#5460,#4928,#3244,.T.);
#11146=EDGE_CURVE('',#5458,#5460,#3248,.T.);
#11148=EDGE_CURVE('',#5458,#4904,#3344,.T.);
#11152=EDGE_CURVE('',#5454,#5456,#3256,.T.);
#11162=EDGE_CURVE('',#4938,#4940,#3268,.T.);
#11165=EDGE_CURVE('',#5454,#5340,#3836,.T.);
#11176=EDGE_CURVE('',#4927,#4928,#3308,.T.);
#11181=EDGE_CURVE('',#4936,#4934,#3796,.T.);
#11183=EDGE_CURVE('',#4934,#4932,#3420,.T.);
#11185=EDGE_CURVE('',#4932,#4930,#3384,.T.);
#11187=EDGE_CURVE('',#4927,#4930,#3276,.T.);
#11191=EDGE_CURVE('',#5989,#4943,#3280,.T.);
#11193=EDGE_CURVE('',#5991,#5989,#3284,.T.);
#11195=EDGE_CURVE('',#4944,#5991,#3288,.T.);
#11197=EDGE_CURVE('',#4943,#4944,#3292,.T.);
#11209=EDGE_CURVE('',#5460,#5474,#3304,.T.);
#11213=EDGE_CURVE('',#5660,#4927,#3312,.T.);
#11215=EDGE_CURVE('',#5658,#5660,#3316,.T.);
#11217=EDGE_CURVE('',#5194,#5658,#3320,.T.);
#11229=EDGE_CURVE('',#5476,#5458,#3348,.T.);
#11241=EDGE_CURVE('',#5664,#5216,#3328,.T.);
#11243=EDGE_CURVE('',#5662,#5664,#3332,.T.);
#11245=EDGE_CURVE('',#4902,#5662,#3336,.T.);
#11262=EDGE_CURVE('',#5666,#5664,#3356,.T.);
#11275=EDGE_CURVE('',#5668,#5662,#3360,.T.);
#11297=EDGE_CURVE('',#4930,#5654,#3380,.T.);
#11299=EDGE_CURVE('',#5660,#5654,#3364,.T.);
#11312=EDGE_CURVE('',#5656,#5192,#3372,.T.);
#11314=EDGE_CURVE('',#5654,#5656,#3376,.T.);
#11318=EDGE_CURVE('',#5466,#4932,#3388,.T.);
#11320=EDGE_CURVE('',#5484,#5466,#3392,.T.);
#11334=EDGE_CURVE('',#5658,#5656,#3400,.T.);
#11356=EDGE_CURVE('',#5463,#5464,#3404,.T.);
#11358=EDGE_CURVE('',#5463,#4964,#3428,.T.);
#11360=EDGE_CURVE('',#4952,#4964,#3408,.T.);
#11362=EDGE_CURVE('',#5468,#4952,#3412,.T.);
#11364=EDGE_CURVE('',#5466,#5468,#3416,.T.);
#11368=EDGE_CURVE('',#4934,#5464,#3792,.T.);
#11379=EDGE_CURVE('',#5344,#5463,#3432,.T.);
#11382=EDGE_CURVE('',#5342,#5464,#3424,.T.);
#11392=EDGE_CURVE('',#4962,#4964,#3440,.T.);
#11405=EDGE_CURVE('',#4951,#4952,#3480,.T.);
#11410=EDGE_CURVE('',#4960,#4958,#3748,.T.);
#11412=EDGE_CURVE('',#4958,#4956,#3548,.T.);
#11414=EDGE_CURVE('',#4956,#4954,#3516,.T.);
#11416=EDGE_CURVE('',#4951,#4954,#3448,.T.);
#11420=EDGE_CURVE('',#6007,#4967,#3452,.T.);
#11422=EDGE_CURVE('',#6009,#6007,#3456,.T.);
#11424=EDGE_CURVE('',#4968,#6009,#3460,.T.);
#11426=EDGE_CURVE('',#4967,#4968,#3464,.T.);
#11438=EDGE_CURVE('',#5468,#5482,#3476,.T.);
#11442=EDGE_CURVE('',#5652,#4951,#3484,.T.);
#11444=EDGE_CURVE('',#5650,#5652,#3488,.T.);
#11446=EDGE_CURVE('',#5170,#5650,#3492,.T.);
#11468=EDGE_CURVE('',#4954,#5646,#3512,.T.);
#11470=EDGE_CURVE('',#5652,#5646,#3496,.T.);
#11483=EDGE_CURVE('',#5648,#5168,#3504,.T.);
#11485=EDGE_CURVE('',#5646,#5648,#3508,.T.);
#11489=EDGE_CURVE('',#5490,#4956,#3520,.T.);
#11491=EDGE_CURVE('',#5508,#5490,#3524,.T.);
#11505=EDGE_CURVE('',#5650,#5648,#3532,.T.);
#11527=EDGE_CURVE('',#5486,#4988,#3556,.T.);
#11529=EDGE_CURVE('',#4976,#4988,#3536,.T.);
#11531=EDGE_CURVE('',#5492,#4976,#3540,.T.);
#11533=EDGE_CURVE('',#5490,#5492,#3544,.T.);
#11537=EDGE_CURVE('',#4958,#5488,#3744,.T.);
#11539=EDGE_CURVE('',#5486,#5488,#3552,.T.);
#11549=EDGE_CURVE('',#4986,#4988,#3564,.T.);
#11552=EDGE_CURVE('',#5486,#5348,#3740,.T.);
#11563=EDGE_CURVE('',#4975,#4976,#3604,.T.);
#11568=EDGE_CURVE('',#4984,#4982,#3696,.T.);
#11570=EDGE_CURVE('',#4982,#4980,#3676,.T.);
#11572=EDGE_CURVE('',#4980,#4978,#3640,.T.);
#11574=EDGE_CURVE('',#4975,#4978,#3572,.T.);
#11578=EDGE_CURVE('',#6025,#4991,#3576,.T.);
#11580=EDGE_CURVE('',#6027,#6025,#3580,.T.);
#11582=EDGE_CURVE('',#4992,#6027,#3584,.T.);
#11584=EDGE_CURVE('',#4991,#4992,#3588,.T.);
#11596=EDGE_CURVE('',#5492,#5506,#3600,.T.);
#11600=EDGE_CURVE('',#5644,#4975,#3608,.T.);
#11602=EDGE_CURVE('',#5642,#5644,#3612,.T.);
#11604=EDGE_CURVE('',#5142,#5642,#3616,.T.);
#11626=EDGE_CURVE('',#4978,#5638,#3636,.T.);
#11628=EDGE_CURVE('',#5644,#5638,#3620,.T.);
#11641=EDGE_CURVE('',#5640,#5140,#3628,.T.);
#11643=EDGE_CURVE('',#5638,#5640,#3632,.T.);
#11647=EDGE_CURVE('',#5498,#4980,#3644,.T.);
#11649=EDGE_CURVE('',#5516,#5498,#3648,.T.);
#11663=EDGE_CURVE('',#5642,#5640,#3656,.T.);
#11685=EDGE_CURVE('',#5495,#5496,#3660,.T.);
#11687=EDGE_CURVE('',#5495,#5012,#3684,.T.);
#11691=EDGE_CURVE('',#5498,#5500,#3672,.T.);
#11695=EDGE_CURVE('',#4982,#5496,#3692,.T.);
#11706=EDGE_CURVE('',#5495,#5352,#3680,.T.);
#11709=EDGE_CURVE('',#5496,#5350,#3704,.T.);
#11755=EDGE_CURVE('',#4991,#5912,#3720,.T.);
#11757=EDGE_CURVE('',#6371,#5912,#3708,.T.);
#11759=EDGE_CURVE('',#6371,#6025,#3732,.T.);
#11770=EDGE_CURVE('',#5913,#4992,#3712,.T.);
#11772=EDGE_CURVE('',#5912,#5913,#3716,.T.);
#11784=EDGE_CURVE('',#6373,#6027,#3724,.T.);
#11786=EDGE_CURVE('',#5913,#6373,#3728,.T.);
#11799=EDGE_CURVE('',#6373,#6371,#3736,.T.);
#11824=EDGE_CURVE('',#5488,#5346,#3756,.T.);
#11848=EDGE_CURVE('',#4967,#5920,#3772,.T.);
#11850=EDGE_CURVE('',#6379,#5920,#3760,.T.);
#11852=EDGE_CURVE('',#6379,#6007,#3784,.T.);
#11863=EDGE_CURVE('',#5921,#4968,#3764,.T.);
#11865=EDGE_CURVE('',#5920,#5921,#3768,.T.);
#11877=EDGE_CURVE('',#6381,#6009,#3776,.T.);
#11879=EDGE_CURVE('',#5921,#6381,#3780,.T.);
#11892=EDGE_CURVE('',#6381,#6379,#3788,.T.);
#11928=EDGE_CURVE('',#4943,#5928,#3816,.T.);
#11930=EDGE_CURVE('',#6387,#5928,#3804,.T.);
#11932=EDGE_CURVE('',#6387,#5989,#3828,.T.);
#11943=EDGE_CURVE('',#5929,#4944,#3808,.T.);
#11945=EDGE_CURVE('',#5928,#5929,#3812,.T.);
#11957=EDGE_CURVE('',#6389,#5991,#3820,.T.);
#11959=EDGE_CURVE('',#5929,#6389,#3824,.T.);
#11972=EDGE_CURVE('',#6389,#6387,#3832,.T.);
#12008=EDGE_CURVE('',#4915,#5936,#3852,.T.);
#12010=EDGE_CURVE('',#6395,#5936,#3840,.T.);
#12012=EDGE_CURVE('',#6395,#5975,#3864,.T.);
#12023=EDGE_CURVE('',#5937,#4916,#3844,.T.);
#12025=EDGE_CURVE('',#5936,#5937,#3848,.T.);
#12037=EDGE_CURVE('',#6397,#5977,#3856,.T.);
#12039=EDGE_CURVE('',#5937,#6397,#3860,.T.);
#12052=EDGE_CURVE('',#6397,#6395,#3868,.T.);
#12100=EDGE_CURVE('',#5221,#5848,#3904,.T.);
#12102=EDGE_CURVE('',#6307,#5848,#3892,.T.);
#12104=EDGE_CURVE('',#6307,#6139,#3916,.T.);
#12115=EDGE_CURVE('',#5849,#5222,#3896,.T.);
#12117=EDGE_CURVE('',#5848,#5849,#3900,.T.);
#12129=EDGE_CURVE('',#6309,#6141,#3908,.T.);
#12131=EDGE_CURVE('',#5849,#6309,#3912,.T.);
#12144=EDGE_CURVE('',#6309,#6307,#3920,.T.);
#12180=EDGE_CURVE('',#5197,#5856,#3940,.T.);
#12182=EDGE_CURVE('',#6315,#5856,#3928,.T.);
#12184=EDGE_CURVE('',#6315,#6121,#3952,.T.);
#12195=EDGE_CURVE('',#5857,#5198,#3932,.T.);
#12197=EDGE_CURVE('',#5856,#5857,#3936,.T.);
#12209=EDGE_CURVE('',#6317,#6123,#3944,.T.);
#12211=EDGE_CURVE('',#5857,#6317,#3948,.T.);
#12224=EDGE_CURVE('',#6317,#6315,#3956,.T.);
#12249=EDGE_CURVE('',#5480,#5398,#3968,.T.);
#12273=EDGE_CURVE('',#5173,#5864,#3984,.T.);
#12275=EDGE_CURVE('',#6323,#5864,#3972,.T.);
#12277=EDGE_CURVE('',#6323,#6103,#3996,.T.);
#12288=EDGE_CURVE('',#5865,#5174,#3976,.T.);
#12290=EDGE_CURVE('',#5864,#5865,#3980,.T.);
#12302=EDGE_CURVE('',#6325,#6105,#3988,.T.);
#12304=EDGE_CURVE('',#5865,#6325,#3992,.T.);
#12317=EDGE_CURVE('',#6325,#6323,#4000,.T.);
#12353=EDGE_CURVE('',#5145,#5872,#4020,.T.);
#12355=EDGE_CURVE('',#6331,#5872,#4008,.T.);
#12357=EDGE_CURVE('',#6331,#6089,#4032,.T.);
#12368=EDGE_CURVE('',#5873,#5146,#4012,.T.);
#12370=EDGE_CURVE('',#5872,#5873,#4016,.T.);
#12382=EDGE_CURVE('',#6333,#6091,#4024,.T.);
#12384=EDGE_CURVE('',#5873,#6333,#4028,.T.);
#12397=EDGE_CURVE('',#6333,#6331,#4036,.T.);
#12422=EDGE_CURVE('',#5390,#5512,#4040,.T.);
#12446=EDGE_CURVE('',#5632,#5112,#4056,.T.);
#12450=EDGE_CURVE('',#5634,#5632,#4080,.T.);
#12462=EDGE_CURVE('',#5630,#5632,#4060,.T.);
#12464=EDGE_CURVE('',#5002,#5630,#4064,.T.);
#12468=EDGE_CURVE('',#5532,#5526,#4076,.T.);
#12482=EDGE_CURVE('',#5636,#5630,#4084,.T.);
#12528=EDGE_CURVE('',#5117,#5880,#4108,.T.);
#12530=EDGE_CURVE('',#6339,#5880,#4096,.T.);
#12532=EDGE_CURVE('',#6339,#6075,#4120,.T.);
#12543=EDGE_CURVE('',#5881,#5118,#4100,.T.);
#12545=EDGE_CURVE('',#5880,#5881,#4104,.T.);
#12557=EDGE_CURVE('',#6341,#6077,#4112,.T.);
#12559=EDGE_CURVE('',#5881,#6341,#4116,.T.);
#12572=EDGE_CURVE('',#6341,#6339,#4124,.T.);
#12596=EDGE_CURVE('',#5015,#5904,#4140,.T.);
#12598=EDGE_CURVE('',#6363,#5904,#4128,.T.);
#12600=EDGE_CURVE('',#6363,#6043,#4152,.T.);
#12611=EDGE_CURVE('',#5905,#5016,#4132,.T.);
#12613=EDGE_CURVE('',#5904,#5905,#4136,.T.);
#12625=EDGE_CURVE('',#6365,#6045,#4144,.T.);
#12627=EDGE_CURVE('',#5905,#6365,#4148,.T.);
#12640=EDGE_CURVE('',#6365,#6363,#4156,.T.);
#12664=EDGE_CURVE('',#5051,#5896,#4172,.T.);
#12666=EDGE_CURVE('',#6355,#5896,#4160,.T.);
#12668=EDGE_CURVE('',#6355,#6057,#4184,.T.);
#12679=EDGE_CURVE('',#5897,#5052,#4164,.T.);
#12681=EDGE_CURVE('',#5896,#5897,#4168,.T.);
#12693=EDGE_CURVE('',#6357,#6059,#4176,.T.);
#12695=EDGE_CURVE('',#5897,#6357,#4180,.T.);
#12708=EDGE_CURVE('',#6357,#6355,#4188,.T.);
#12745=EDGE_CURVE('',#4856,#4835,#4201,.T.);
#12747=EDGE_CURVE('',#4846,#4856,#4206,.T.);
#12749=EDGE_CURVE('',#4848,#4846,#4210,.T.);
#12751=EDGE_CURVE('',#4850,#4848,#4214,.T.);
#12753=EDGE_CURVE('',#4836,#4850,#4218,.T.);
#12763=EDGE_CURVE('',#4854,#4843,#4239,.T.);
#12765=EDGE_CURVE('',#4846,#4843,#4222,.T.);
#12770=EDGE_CURVE('',#4838,#4854,#4244,.T.);
#12781=EDGE_CURVE('',#4852,#4840,#4230,.T.);
#12783=EDGE_CURVE('',#4852,#4844,#4252,.T.);
#12785=EDGE_CURVE('',#4843,#4844,#4234,.T.);
#12798=EDGE_CURVE('',#4850,#4852,#4256,.T.);
#12811=EDGE_CURVE('',#4848,#4844,#4260,.T.);
#12836=EDGE_CURVE('',#5783,#5359,#4268,.T.);
#12838=EDGE_CURVE('',#5789,#5783,#4272,.T.);
#12840=EDGE_CURVE('',#5789,#5360,#4304,.T.);
#12851=EDGE_CURVE('',#5785,#5362,#4280,.T.);
#12853=EDGE_CURVE('',#5783,#5785,#4284,.T.);
#12865=EDGE_CURVE('',#5787,#5364,#4292,.T.);
#12867=EDGE_CURVE('',#5785,#5787,#4296,.T.);
#12880=EDGE_CURVE('',#5787,#5789,#4308,.T.);
#12897=EDGE_CURVE('',#5745,#5743,#4312,.T.);
#12899=EDGE_CURVE('',#5749,#5745,#4316,.T.);
#12901=EDGE_CURVE('',#5753,#5749,#4320,.T.);
#12903=EDGE_CURVE('',#5757,#5753,#4324,.T.);
#12905=EDGE_CURVE('',#5761,#5757,#4328,.T.);
#12907=EDGE_CURVE('',#5765,#5761,#4332,.T.);
#12909=EDGE_CURVE('',#5769,#5765,#4336,.T.);
#12911=EDGE_CURVE('',#5773,#5769,#4340,.T.);
#12913=EDGE_CURVE('',#5777,#5773,#4344,.T.);
#12915=EDGE_CURVE('',#5781,#5777,#4348,.T.);
#12917=EDGE_CURVE('',#5743,#5781,#4352,.T.);
#12921=EDGE_CURVE('',#5732,#5952,#4357,.T.);
#12923=EDGE_CURVE('',#5737,#5732,#4361,.T.);
#12925=EDGE_CURVE('',#5717,#5737,#4365,.T.);
#12927=EDGE_CURVE('',#5717,#5719,#4580,.T.);
#12929=EDGE_CURVE('',#5719,#5723,#4568,.T.);
#12931=EDGE_CURVE('',#5725,#5723,#4375,.T.);
#12933=EDGE_CURVE('',#5725,#5729,#4520,.T.);
#12935=EDGE_CURVE('',#5952,#5729,#4380,.T.);
#12945=EDGE_CURVE('',#5740,#5741,#4400,.T.);
#12947=EDGE_CURVE('',#5745,#5741,#4384,.T.);
#12950=EDGE_CURVE('',#5743,#5740,#4468,.T.);
#12961=EDGE_CURVE('',#5779,#5740,#4404,.T.);
#12963=EDGE_CURVE('',#5775,#5779,#4408,.T.);
#12965=EDGE_CURVE('',#5771,#5775,#4412,.T.);
#12967=EDGE_CURVE('',#5767,#5771,#4416,.T.);
#12969=EDGE_CURVE('',#5763,#5767,#4420,.T.);
#12971=EDGE_CURVE('',#5759,#5763,#4424,.T.);
#12973=EDGE_CURVE('',#5755,#5759,#4428,.T.);
#12975=EDGE_CURVE('',#5751,#5755,#4432,.T.);
#12977=EDGE_CURVE('',#5747,#5751,#4436,.T.);
#12979=EDGE_CURVE('',#5741,#5747,#4440,.T.);
#12983=EDGE_CURVE('',#5792,#5793,#4388,.T.);
#12985=EDGE_CURVE('',#5795,#5792,#4392,.T.);
#12987=EDGE_CURVE('',#5793,#5795,#4396,.T.);
#12998=EDGE_CURVE('',#5799,#5793,#4444,.T.);
#13000=EDGE_CURVE('',#5799,#5797,#4456,.T.);
#13002=EDGE_CURVE('',#5792,#5797,#4448,.T.);
#13013=EDGE_CURVE('',#5801,#5795,#4452,.T.);
#13015=EDGE_CURVE('',#5801,#5799,#4460,.T.);
#13028=EDGE_CURVE('',#5797,#5801,#4464,.T.);
#13053=EDGE_CURVE('',#5781,#5779,#4472,.T.);
#13066=EDGE_CURVE('',#5777,#5775,#4476,.T.);
#13079=EDGE_CURVE('',#5773,#5771,#4480,.T.);
#13092=EDGE_CURVE('',#5769,#5767,#4484,.T.);
#13105=EDGE_CURVE('',#5765,#5763,#4488,.T.);
#13118=EDGE_CURVE('',#5761,#5759,#4492,.T.);
#13131=EDGE_CURVE('',#5757,#5755,#4496,.T.);
#13144=EDGE_CURVE('',#5753,#5751,#4500,.T.);
#13157=EDGE_CURVE('',#5749,#5747,#4504,.T.);
#13180=B_SPLINE_CURVE_WITH_KNOTS('',3,(#13174,#13175,#13176,#13177,#13178,
#13179),.UNSPECIFIED.,.F.,.F.,(4,1,1,4),(0.E0,8.032955827378E-2,
9.334356664864E-1,1.E0),.UNSPECIFIED.);
#13184=EDGE_CURVE('',#5952,#5953,#4512,.T.);
#13186=EDGE_CURVE('',#5953,#5733,#4556,.T.);
#13188=EDGE_CURVE('',#5732,#5733,#4508,.T.);
#13200=B_SPLINE_CURVE_WITH_KNOTS('',3,(#13194,#13195,#13196,#13197,#13198,
#13199),.UNSPECIFIED.,.F.,.F.,(4,1,1,4),(0.E0,7.101472880754E-2,
8.940247381569E-1,1.E0),.UNSPECIFIED.);
#13206=EDGE_CURVE('',#5727,#5729,#4516,.T.);
#13208=EDGE_CURVE('',#5727,#5953,#4525,.T.);
#13218=EDGE_CURVE('',#5724,#5727,#4529,.T.);
#13222=EDGE_CURVE('',#5725,#5724,#4560,.T.);
#13234=EDGE_CURVE('',#5721,#5724,#4539,.T.);
#13236=EDGE_CURVE('',#5714,#5721,#4543,.T.);
#13238=EDGE_CURVE('',#5714,#5715,#4572,.T.);
#13240=EDGE_CURVE('',#5735,#5715,#4547,.T.);
#13242=EDGE_CURVE('',#5733,#5735,#4551,.T.);
#13259=B_SPLINE_CURVE_WITH_KNOTS('',3,(#13248,#13249,#13250,#13251,#13252,
#13253,#13254,#13255,#13256,#13257,#13258),.UNSPECIFIED.,.F.,.F.,(4,1,1,1,1,1,1,
1,4),(0.E0,2.910295794217E-2,2.632140064942E-1,3.802695307702E-1,
4.973250550463E-1,6.146572185521E-1,7.319893820580E-1,9.666537090698E-1,1.E0),
.UNSPECIFIED.);
#13266=EDGE_CURVE('',#5721,#5723,#4564,.T.);
#13279=EDGE_CURVE('',#5719,#5714,#4576,.T.);
#13292=EDGE_CURVE('',#5717,#5715,#4584,.T.);
#13305=EDGE_CURVE('',#5735,#5737,#4588,.T.);
#13327=EDGE_CURVE('',#4895,#5940,#4604,.T.);
#13329=EDGE_CURVE('',#6399,#5940,#4592,.T.);
#13331=EDGE_CURVE('',#6399,#5971,#4616,.T.);
#13342=EDGE_CURVE('',#5941,#4896,#4596,.T.);
#13344=EDGE_CURVE('',#5940,#5941,#4600,.T.);
#13356=EDGE_CURVE('',#6401,#5973,#4608,.T.);
#13358=EDGE_CURVE('',#5941,#6401,#4612,.T.);
#13371=EDGE_CURVE('',#6401,#6399,#4620,.T.);
#13407=EDGE_CURVE('',#5245,#5840,#4640,.T.);
#13409=EDGE_CURVE('',#6299,#5840,#4628,.T.);
#13411=EDGE_CURVE('',#6299,#6157,#4652,.T.);
#13422=EDGE_CURVE('',#5841,#5246,#4632,.T.);
#13424=EDGE_CURVE('',#5840,#5841,#4636,.T.);
#13436=EDGE_CURVE('',#6301,#6159,#4644,.T.);
#13438=EDGE_CURVE('',#5841,#6301,#4648,.T.);
#13451=EDGE_CURVE('',#6301,#6299,#4656,.T.);
#13499=EDGE_CURVE('',#5085,#5888,#4684,.T.);
#13501=EDGE_CURVE('',#6347,#5888,#4672,.T.);
#13503=EDGE_CURVE('',#6347,#6065,#4696,.T.);
#13514=EDGE_CURVE('',#5889,#5086,#4676,.T.);
#13516=EDGE_CURVE('',#5888,#5889,#4680,.T.);
#13528=EDGE_CURVE('',#6349,#6067,#4688,.T.);
#13530=EDGE_CURVE('',#5889,#6349,#4692,.T.);
#13543=EDGE_CURVE('',#6349,#6347,#4700,.T.);
#13567=EDGE_CURVE('',#6412,#6408,#4705,.T.);
#13569=EDGE_CURVE('',#6408,#6409,#4726,.T.);
#13572=EDGE_CURVE('',#6412,#6413,#4722,.T.);
#13583=EDGE_CURVE('',#6415,#6412,#4718,.T.);
#13585=EDGE_CURVE('',#6415,#6417,#4731,.T.);
#13587=EDGE_CURVE('',#6417,#6408,#4714,.T.);
#13597=EDGE_CURVE('',#6408,#6412,#4710,.T.);
#13600=EDGE_CURVE('',#6417,#6415,#4736,.T.);
#13634=EDGE_CURVE('',#5964,#6295,#4764,.T.);
#13636=EDGE_CURVE('',#6297,#6295,#4744,.T.);
#13638=EDGE_CURVE('',#5965,#6297,#4748,.T.);
#13649=EDGE_CURVE('',#5836,#4872,#4756,.T.);
#13651=EDGE_CURVE('',#6295,#5836,#4760,.T.);
#13663=EDGE_CURVE('',#5837,#4871,#4772,.T.);
#13665=EDGE_CURVE('',#5836,#5837,#4776,.T.);
#13678=EDGE_CURVE('',#5837,#6297,#4784,.T.);
#13702=EDGE_CURVE('',#5968,#6403,#4812,.T.);
#13704=EDGE_CURVE('',#6405,#6403,#4792,.T.);
#13706=EDGE_CURVE('',#5969,#6405,#4796,.T.);
#13717=EDGE_CURVE('',#5944,#4876,#4804,.T.);
#13719=EDGE_CURVE('',#6403,#5944,#4808,.T.);
#13731=EDGE_CURVE('',#5945,#4875,#4820,.T.);
#13733=EDGE_CURVE('',#5944,#5945,#4824,.T.);
#13746=EDGE_CURVE('',#5945,#6405,#4832,.T.);
#13774=CIRCLE('',#13773,5.1E-1);
#13775=TRIMMED_CURVE('',#13774,(PARAMETER_VALUE(0.E0)),(PARAMETER_VALUE(1.8E2)),
.T.,.UNSPECIFIED.);
#13776=COMPOSITE_CURVE_SEGMENT(.CONTINUOUS.,.T.,#13775);
#13781=CIRCLE('',#13780,5.1E-1);
#13782=TRIMMED_CURVE('',#13781,(PARAMETER_VALUE(0.E0)),(PARAMETER_VALUE(1.8E2)),
.T.,.UNSPECIFIED.);
#13783=COMPOSITE_CURVE_SEGMENT(.CONTINUOUS.,.T.,#13782);
#13784=COMPOSITE_CURVE('',(#13776,#13783),.F.);
#13790=CIRCLE('',#13789,5.1E-1);
#13791=TRIMMED_CURVE('',#13790,(PARAMETER_VALUE(0.E0)),(PARAMETER_VALUE(1.8E2)),
.T.,.UNSPECIFIED.);
#13792=COMPOSITE_CURVE_SEGMENT(.CONTINUOUS.,.T.,#13791);
#13797=CIRCLE('',#13796,5.1E-1);
#13798=TRIMMED_CURVE('',#13797,(PARAMETER_VALUE(0.E0)),(PARAMETER_VALUE(1.8E2)),
.T.,.UNSPECIFIED.);
#13799=COMPOSITE_CURVE_SEGMENT(.CONTINUOUS.,.T.,#13798);
#13800=COMPOSITE_CURVE('',(#13792,#13799),.F.);
#13805=CIRCLE('',#13804,5.1E-1);
#13806=TRIMMED_CURVE('',#13805,(PARAMETER_VALUE(0.E0)),(PARAMETER_VALUE(1.8E2)),
.T.,.UNSPECIFIED.);
#13807=COMPOSITE_CURVE_SEGMENT(.CONTINUOUS.,.T.,#13806);
#13812=CIRCLE('',#13811,5.1E-1);
#13813=TRIMMED_CURVE('',#13812,(PARAMETER_VALUE(0.E0)),(PARAMETER_VALUE(1.8E2)),
.T.,.UNSPECIFIED.);
#13814=COMPOSITE_CURVE_SEGMENT(.CONTINUOUS.,.T.,#13813);
#13815=COMPOSITE_CURVE('',(#13807,#13814),.F.);
#13820=CIRCLE('',#13819,5.1E-1);
#13821=TRIMMED_CURVE('',#13820,(PARAMETER_VALUE(0.E0)),(PARAMETER_VALUE(1.8E2)),
.T.,.UNSPECIFIED.);
#13822=COMPOSITE_CURVE_SEGMENT(.CONTINUOUS.,.T.,#13821);
#13827=CIRCLE('',#13826,5.1E-1);
#13828=TRIMMED_CURVE('',#13827,(PARAMETER_VALUE(0.E0)),(PARAMETER_VALUE(1.8E2)),
.T.,.UNSPECIFIED.);
#13829=COMPOSITE_CURVE_SEGMENT(.CONTINUOUS.,.T.,#13828);
#13830=COMPOSITE_CURVE('',(#13822,#13829),.F.);
#13835=CIRCLE('',#13834,5.1E-1);
#13836=TRIMMED_CURVE('',#13835,(PARAMETER_VALUE(0.E0)),(PARAMETER_VALUE(1.8E2)),
.T.,.UNSPECIFIED.);
#13837=COMPOSITE_CURVE_SEGMENT(.CONTINUOUS.,.T.,#13836);
#13842=CIRCLE('',#13841,5.1E-1);
#13843=TRIMMED_CURVE('',#13842,(PARAMETER_VALUE(0.E0)),(PARAMETER_VALUE(1.8E2)),
.T.,.UNSPECIFIED.);
#13844=COMPOSITE_CURVE_SEGMENT(.CONTINUOUS.,.T.,#13843);
#13845=COMPOSITE_CURVE('',(#13837,#13844),.F.);
#13850=CIRCLE('',#13849,5.1E-1);
#13851=TRIMMED_CURVE('',#13850,(PARAMETER_VALUE(0.E0)),(PARAMETER_VALUE(1.8E2)),
.T.,.UNSPECIFIED.);
#13852=COMPOSITE_CURVE_SEGMENT(.CONTINUOUS.,.T.,#13851);
#13857=CIRCLE('',#13856,5.1E-1);
#13858=TRIMMED_CURVE('',#13857,(PARAMETER_VALUE(0.E0)),(PARAMETER_VALUE(1.8E2)),
.T.,.UNSPECIFIED.);
#13859=COMPOSITE_CURVE_SEGMENT(.CONTINUOUS.,.T.,#13858);
#13860=COMPOSITE_CURVE('',(#13852,#13859),.F.);
#13865=CIRCLE('',#13864,5.1E-1);
#13866=TRIMMED_CURVE('',#13865,(PARAMETER_VALUE(0.E0)),(PARAMETER_VALUE(1.8E2)),
.T.,.UNSPECIFIED.);
#13867=COMPOSITE_CURVE_SEGMENT(.CONTINUOUS.,.T.,#13866);
#13872=CIRCLE('',#13871,5.1E-1);
#13873=TRIMMED_CURVE('',#13872,(PARAMETER_VALUE(0.E0)),(PARAMETER_VALUE(1.8E2)),
.T.,.UNSPECIFIED.);
#13874=COMPOSITE_CURVE_SEGMENT(.CONTINUOUS.,.T.,#13873);
#13875=COMPOSITE_CURVE('',(#13867,#13874),.F.);
#13880=CIRCLE('',#13879,5.1E-1);
#13881=TRIMMED_CURVE('',#13880,(PARAMETER_VALUE(0.E0)),(PARAMETER_VALUE(1.8E2)),
.T.,.UNSPECIFIED.);
#13882=COMPOSITE_CURVE_SEGMENT(.CONTINUOUS.,.T.,#13881);
#13887=CIRCLE('',#13886,5.1E-1);
#13888=TRIMMED_CURVE('',#13887,(PARAMETER_VALUE(0.E0)),(PARAMETER_VALUE(1.8E2)),
.T.,.UNSPECIFIED.);
#13889=COMPOSITE_CURVE_SEGMENT(.CONTINUOUS.,.T.,#13888);
#13890=COMPOSITE_CURVE('',(#13882,#13889),.F.);
#13895=CIRCLE('',#13894,5.1E-1);
#13896=TRIMMED_CURVE('',#13895,(PARAMETER_VALUE(0.E0)),(PARAMETER_VALUE(1.8E2)),
.T.,.UNSPECIFIED.);
#13897=COMPOSITE_CURVE_SEGMENT(.CONTINUOUS.,.T.,#13896);
#13902=CIRCLE('',#13901,5.1E-1);
#13903=TRIMMED_CURVE('',#13902,(PARAMETER_VALUE(0.E0)),(PARAMETER_VALUE(1.8E2)),
.T.,.UNSPECIFIED.);
#13904=COMPOSITE_CURVE_SEGMENT(.CONTINUOUS.,.T.,#13903);
#13905=COMPOSITE_CURVE('',(#13897,#13904),.F.);
#13910=CIRCLE('',#13909,5.1E-1);
#13911=TRIMMED_CURVE('',#13910,(PARAMETER_VALUE(0.E0)),(PARAMETER_VALUE(1.8E2)),
.T.,.UNSPECIFIED.);
#13912=COMPOSITE_CURVE_SEGMENT(.CONTINUOUS.,.T.,#13911);
#13917=CIRCLE('',#13916,5.1E-1);
#13918=TRIMMED_CURVE('',#13917,(PARAMETER_VALUE(0.E0)),(PARAMETER_VALUE(1.8E2)),
.T.,.UNSPECIFIED.);
#13919=COMPOSITE_CURVE_SEGMENT(.CONTINUOUS.,.T.,#13918);
#13920=COMPOSITE_CURVE('',(#13912,#13919),.F.);
#13925=CIRCLE('',#13924,5.1E-1);
#13926=TRIMMED_CURVE('',#13925,(PARAMETER_VALUE(0.E0)),(PARAMETER_VALUE(1.8E2)),
.T.,.UNSPECIFIED.);
#13927=COMPOSITE_CURVE_SEGMENT(.CONTINUOUS.,.T.,#13926);
#13932=CIRCLE('',#13931,5.1E-1);
#13933=TRIMMED_CURVE('',#13932,(PARAMETER_VALUE(0.E0)),(PARAMETER_VALUE(1.8E2)),
.T.,.UNSPECIFIED.);
#13934=COMPOSITE_CURVE_SEGMENT(.CONTINUOUS.,.T.,#13933);
#13935=COMPOSITE_CURVE('',(#13927,#13934),.F.);
#13940=CIRCLE('',#13939,5.1E-1);
#13941=TRIMMED_CURVE('',#13940,(PARAMETER_VALUE(0.E0)),(PARAMETER_VALUE(1.8E2)),
.T.,.UNSPECIFIED.);
#13942=COMPOSITE_CURVE_SEGMENT(.CONTINUOUS.,.T.,#13941);
#13947=CIRCLE('',#13946,5.1E-1);
#13948=TRIMMED_CURVE('',#13947,(PARAMETER_VALUE(0.E0)),(PARAMETER_VALUE(1.8E2)),
.T.,.UNSPECIFIED.);
#13949=COMPOSITE_CURVE_SEGMENT(.CONTINUOUS.,.T.,#13948);
#13950=COMPOSITE_CURVE('',(#13942,#13949),.F.);
#13955=CIRCLE('',#13954,5.1E-1);
#13956=TRIMMED_CURVE('',#13955,(PARAMETER_VALUE(0.E0)),(PARAMETER_VALUE(1.8E2)),
.T.,.UNSPECIFIED.);
#13957=COMPOSITE_CURVE_SEGMENT(.CONTINUOUS.,.T.,#13956);
#13962=CIRCLE('',#13961,5.1E-1);
#13963=TRIMMED_CURVE('',#13962,(PARAMETER_VALUE(0.E0)),(PARAMETER_VALUE(1.8E2)),
.T.,.UNSPECIFIED.);
#13964=COMPOSITE_CURVE_SEGMENT(.CONTINUOUS.,.T.,#13963);
#13965=COMPOSITE_CURVE('',(#13957,#13964),.F.);
#13970=CIRCLE('',#13969,5.1E-1);
#13971=TRIMMED_CURVE('',#13970,(PARAMETER_VALUE(0.E0)),(PARAMETER_VALUE(1.8E2)),
.T.,.UNSPECIFIED.);
#13972=COMPOSITE_CURVE_SEGMENT(.CONTINUOUS.,.T.,#13971);
#13977=CIRCLE('',#13976,5.1E-1);
#13978=TRIMMED_CURVE('',#13977,(PARAMETER_VALUE(0.E0)),(PARAMETER_VALUE(1.8E2)),
.T.,.UNSPECIFIED.);
#13979=COMPOSITE_CURVE_SEGMENT(.CONTINUOUS.,.T.,#13978);
#13980=COMPOSITE_CURVE('',(#13972,#13979),.F.);
#13985=CIRCLE('',#13984,5.1E-1);
#13986=TRIMMED_CURVE('',#13985,(PARAMETER_VALUE(0.E0)),(PARAMETER_VALUE(1.8E2)),
.T.,.UNSPECIFIED.);
#13987=COMPOSITE_CURVE_SEGMENT(.CONTINUOUS.,.T.,#13986);
#13992=CIRCLE('',#13991,5.1E-1);
#13993=TRIMMED_CURVE('',#13992,(PARAMETER_VALUE(0.E0)),(PARAMETER_VALUE(1.8E2)),
.T.,.UNSPECIFIED.);
#13994=COMPOSITE_CURVE_SEGMENT(.CONTINUOUS.,.T.,#13993);
#13995=COMPOSITE_CURVE('',(#13987,#13994),.F.);
#13996=(LENGTH_UNIT()NAMED_UNIT(*)SI_UNIT(.MILLI.,.METRE.));
#13998=(NAMED_UNIT(*)PLANE_ANGLE_UNIT()SI_UNIT($,.RADIAN.));
#14001=(NAMED_UNIT(*)SI_UNIT($,.STERADIAN.)SOLID_ANGLE_UNIT());
#14004=ADVANCED_BREP_SHAPE_REPRESENTATION('',(#13765),#14003);
#14005=GEOMETRICALLY_BOUNDED_SURFACE_SHAPE_REPRESENTATION('',(#13785),#14003);
#14006=SHAPE_REPRESENTATION('',(#13769),#14003);
#14015=PRODUCT_DEFINITION('design','',#14014,#14011);
#14016=PRODUCT_DEFINITION_SHAPE('','SHAPE FOR 2068321401.',#14015);
#14017=SHAPE_DEFINITION_REPRESENTATION(#14016,#14006);
ENDSEC;
END-ISO-10303-21;
