ISO-10303-21;
HEADER;
FILE_DESCRIPTION (( 'STEP AP214' ),
    '1' );
FILE_NAME ('2157602005.STEP',
    '2023-02-07T11:26:54',
    ( '' ),
    ( '' ),
    'SwSTEP 2.0',
    'SolidWorks 2022',
    '' );
FILE_SCHEMA (( 'AUTOMOTIVE_DESIGN' ));
ENDSEC;

DATA;
#1 = CARTESIAN_POINT ( 'NONE',  ( -0.1840551181102362266, -0.1950787401574803348, 0.1519685039370078927 ) ) ;
#2 = ORIENTED_EDGE ( 'NONE', *, *, #2178, .F. ) ;
#3 = AXIS2_PLACEMENT_3D ( 'NONE', #1325, #1946, #340 ) ;
#4 = VERTEX_POINT ( 'NONE', #1731 ) ;
#5 = ORIENTED_EDGE ( 'NONE', *, *, #3416, .T. ) ;
#6 = DIRECTION ( 'NONE',  ( -0.000000000000000000, -1.000000000000000000, -0.000000000000000000 ) ) ;
#7 = PLANE ( 'NONE',  #2224 ) ;
#8 = EDGE_CURVE ( 'NONE', #1708, #3642, #2369, .T. ) ;
#9 = CARTESIAN_POINT ( 'NONE',  ( 0.2106299212598425619, -0.01397637795275590705, -0.1350393700787401730 ) ) ;
#10 = EDGE_LOOP ( 'NONE', ( #1359, #415, #3865, #3840 ) ) ;
#11 = VECTOR ( 'NONE', #2866, 39.37007874015748143 ) ;
#12 = FACE_OUTER_BOUND ( 'NONE', #723, .T. ) ;
#13 = EDGE_CURVE ( 'NONE', #2253, #3142, #47, .T. ) ;
#14 = DIRECTION ( 'NONE',  ( -0.000000000000000000, 1.000000000000000000, 0.000000000000000000 ) ) ;
#15 = CARTESIAN_POINT ( 'NONE',  ( -0.02755905511811023584, 0.000000000000000000, 0.2098425196850393915 ) ) ;
#16 = AXIS2_PLACEMENT_3D ( 'NONE', #3315, #2993, #41 ) ;
#17 = VECTOR ( 'NONE', #3762, 39.37007874015748143 ) ;
#18 = FACE_OUTER_BOUND ( 'NONE', #280, .T. ) ;
#19 = DIRECTION ( 'NONE',  ( 1.000000000000000000, 1.094462760868649956E-16, -0.000000000000000000 ) ) ;
#20 = CARTESIAN_POINT ( 'NONE',  ( 0.1307086614173228467, -0.1005905511811023834, 0.06338582677165355284 ) ) ;
#21 = EDGE_CURVE ( 'NONE', #1726, #763, #3059, .T. ) ;
#22 = VECTOR ( 'NONE', #27, 39.37007874015748143 ) ;
#23 = AXIS2_PLACEMENT_3D ( 'NONE', #3176, #3830, #1229 ) ;
#24 = EDGE_LOOP ( 'NONE', ( #2899, #2186, #671, #4211 ) ) ;
#25 = ADVANCED_FACE ( 'NONE', ( #3666 ), #2735, .T. ) ;
#26 = VECTOR ( 'NONE', #3596, 39.37007874015748143 ) ;
#27 = DIRECTION ( 'NONE',  ( -1.000000000000000000, -0.000000000000000000, -0.000000000000000000 ) ) ;
#28 = EDGE_LOOP ( 'NONE', ( #322, #3042, #2440, #141 ) ) ;
#29 = ORIENTED_EDGE ( 'NONE', *, *, #2116, .T. ) ;
#30 = EDGE_CURVE ( 'NONE', #4197, #1066, #761, .T. ) ;
#31 = AXIS2_PLACEMENT_3D ( 'NONE', #1497, #206, #1214 ) ;
#32 = DIRECTION ( 'NONE',  ( 0.000000000000000000, 0.000000000000000000, 1.000000000000000000 ) ) ;
#33 = ORIENTED_EDGE ( 'NONE', *, *, #1327, .F. ) ;
#34 = CARTESIAN_POINT ( 'NONE',  ( -0.06594488188976378729, 0.06476377952755904555, 0.1281496062992125984 ) ) ;
#35 = DIRECTION ( 'NONE',  ( 0.000000000000000000, 0.000000000000000000, -1.000000000000000000 ) ) ;
#36 = VECTOR ( 'NONE', #3566, 39.37007874015748143 ) ;
#37 = LINE ( 'NONE', #3026, #3936 ) ;
#38 = EDGE_LOOP ( 'NONE', ( #3888, #1964, #2659, #2029 ) ) ;
#39 = LINE ( 'NONE', #2666, #2295 ) ;
#40 = CARTESIAN_POINT ( 'NONE',  ( -0.1712598425196850405, 0.02539370078740158312, -0.02125984251968500091 ) ) ;
#41 = DIRECTION ( 'NONE',  ( 1.000000000000000000, 0.000000000000000000, 5.421010862427520198E-16 ) ) ;
#42 = ADVANCED_FACE ( 'NONE', ( #1394 ), #3382, .T. ) ;
#43 = DIRECTION ( 'NONE',  ( 1.000000000000000000, 0.000000000000000000, -0.000000000000000000 ) ) ;
#44 = DIRECTION ( 'NONE',  ( 0.000000000000000000, -0.000000000000000000, -1.000000000000000000 ) ) ;
#45 = SHAPE_DEFINITION_REPRESENTATION ( #3144, #405 ) ;
#46 = LINE ( 'NONE', #2405, #625 ) ;
#47 = LINE ( 'NONE', #112, #1729 ) ;
#48 = EDGE_CURVE ( 'NONE', #1174, #2955, #2498, .T. ) ;
#49 = DIRECTION ( 'NONE',  ( 1.000000000000000000, -0.000000000000000000, 0.000000000000000000 ) ) ;
#50 = EDGE_CURVE ( 'NONE', #1092, #1615, #2870, .T. ) ;
#51 = VERTEX_POINT ( 'NONE', #3450 ) ;
#52 = FILL_AREA_STYLE_COLOUR ( '', #1202 ) ;
#53 = ORIENTED_EDGE ( 'NONE', *, *, #618, .F. ) ;
#54 = LINE ( 'NONE', #2985, #3957 ) ;
#55 = FILL_AREA_STYLE_COLOUR ( '', #575 ) ;
#56 = DIRECTION ( 'NONE',  ( -0.000000000000000000, -0.000000000000000000, 1.000000000000000000 ) ) ;
#57 = ORIENTED_EDGE ( 'NONE', *, *, #1195, .T. ) ;
#58 = PRESENTATION_STYLE_ASSIGNMENT (( #4035 ) ) ;
#59 = SURFACE_STYLE_USAGE ( .BOTH. , #3011 ) ;
#60 = LINE ( 'NONE', #123, #3444 ) ;
#61 = DIRECTION ( 'NONE',  ( 1.000000000000000000, -0.000000000000000000, 0.000000000000000000 ) ) ;
#62 = SURFACE_STYLE_FILL_AREA ( #3032 ) ;
#63 = SURFACE_SIDE_STYLE ('',( #3033 ) ) ;
#64 = CARTESIAN_POINT ( 'NONE',  ( 0.000000000000000000, 0.000000000000000000, 0.000000000000000000 ) ) ;
#65 = PRESENTATION_STYLE_ASSIGNMENT (( #2323 ) ) ;
#66 = ORIENTED_EDGE ( 'NONE', *, *, #4200, .T. ) ;
#67 = CARTESIAN_POINT ( 'NONE',  ( 0.1307086614173228467, 0.06476377952755905942, 0.06338582677165355284 ) ) ;
#68 = ORIENTED_EDGE ( 'NONE', *, *, #1448, .T. ) ;
#69 = EDGE_CURVE ( 'NONE', #3385, #118, #4111, .T. ) ;
#70 = B_SPLINE_CURVE_WITH_KNOTS ( 'NONE', 3,
 ( #1783, #4144, #3463, #793, #3439, #812 ),
 .UNSPECIFIED., .F., .F.,
 ( 4, 2, 4 ),
 ( 1.262962651024527413E-15, 0.0002047898823592107960, 0.0004095797647171586591 ),
 .UNSPECIFIED. ) ;
#71 = VECTOR ( 'NONE', #256, 39.37007874015748143 ) ;
#72 = EDGE_LOOP ( 'NONE', ( #648, #1464, #2722, #3615, #850, #2524 ) ) ;
#73 = DIRECTION ( 'NONE',  ( 0.000000000000000000, -1.000000000000000000, -0.000000000000000000 ) ) ;
#74 = EDGE_CURVE ( 'NONE', #932, #4081, #2851, .T. ) ;
#75 =( GEOMETRIC_REPRESENTATION_CONTEXT ( 3 ) GLOBAL_UNCERTAINTY_ASSIGNED_CONTEXT ( ( #1377 ) ) GLOBAL_UNIT_ASSIGNED_CONTEXT ( ( #2176, #3076, #561 ) ) REPRESENTATION_CONTEXT ( 'NONE', 'WORKASPACE' ) );
#76 = CARTESIAN_POINT ( 'NONE',  ( 0.1712598425196850405, -0.009477993954222762099, -0.1465994232164455902 ) ) ;
#77 = ORIENTED_EDGE ( 'NONE', *, *, #1351, .T. ) ;
#78 = LENGTH_MEASURE_WITH_UNIT ( LENGTH_MEASURE( 0.02539999999999999897 ), #705 );
#79 = CARTESIAN_POINT ( 'NONE',  ( 0.09153543307086615954, -0.1950787401574803070, 0.02381889763779526312 ) ) ;
#80 = DIRECTION ( 'NONE',  ( -1.000000000000000000, 0.000000000000000000, 0.000000000000000000 ) ) ;
#81 = CARTESIAN_POINT ( 'NONE',  ( -0.3120078740157480324, -0.1950787401574803348, 0.000000000000000000 ) ) ;
#82 = AXIS2_PLACEMENT_3D ( 'NONE', #1474, #464, #1498 ) ;
#83 = DIRECTION ( 'NONE',  ( 1.000000000000000000, 0.000000000000000000, 0.000000000000000000 ) ) ;
#84 =( NAMED_UNIT ( * ) SI_UNIT ( $, .STERADIAN. ) SOLID_ANGLE_UNIT ( ) );
#85 = DIRECTION ( 'NONE',  ( -1.000000000000000000, 6.776263578034509998E-15, 0.000000000000000000 ) ) ;
#86 = AXIS2_PLACEMENT_3D ( 'NONE', #2582, #2843, #293 ) ;
#87 = VECTOR ( 'NONE', #2255, 39.37007874015748143 ) ;
#88 = EDGE_LOOP ( 'NONE', ( #2041, #1534, #3436, #1160 ) ) ;
#89 = CARTESIAN_POINT ( 'NONE',  ( -0.01259842519685019924, 0.1679133858267716495, -0.1460629921259842534 ) ) ;
#90 = AXIS2_PLACEMENT_3D ( 'NONE', #2736, #49, #1438 ) ;
#91 = VECTOR ( 'NONE', #1886, 39.37007874015748143 ) ;
#92 = ORIENTED_EDGE ( 'NONE', *, *, #1516, .T. ) ;
#93 = EDGE_CURVE ( 'NONE', #1853, #932, #1219, .T. ) ;
#94 = VECTOR ( 'NONE', #1419, 39.37007874015748143 ) ;
#95 = CARTESIAN_POINT ( 'NONE',  ( 0.1055118110236222817, 0.1427165354330712788, -0.1460629921259842534 ) ) ;
#96 = VERTEX_POINT ( 'NONE', #2194 ) ;
#97 = STYLED_ITEM ( 'NONE', ( #1604 ), #3289 ) ;
#98 = DIRECTION ( 'NONE',  ( 0.000000000000000000, 0.000000000000000000, -1.000000000000000000 ) ) ;
#99 = AXIS2_PLACEMENT_3D ( 'NONE', #1837, #169, #1116 ) ;
#100 = EDGE_CURVE ( 'NONE', #262, #1892, #4101, .T. ) ;
#101 = LINE ( 'NONE', #701, #1120 ) ;
#102 = ORIENTED_EDGE ( 'NONE', *, *, #284, .T. ) ;
#103 = EDGE_CURVE ( 'NONE', #4258, #1804, #868, .T. ) ;
#104 = PRESENTATION_LAYER_ASSIGNMENT (  '', '', ( #1763 ) ) ;
#105 = CARTESIAN_POINT ( 'NONE',  ( 0.1307086614173228467, -0.1005905511811023834, 0.06338582677165355284 ) ) ;
#106 = FACE_OUTER_BOUND ( 'NONE', #2644, .T. ) ;
#107 = DIRECTION ( 'NONE',  ( 0.000000000000000000, -1.000000000000000000, -0.000000000000000000 ) ) ;
#108 = EDGE_CURVE ( 'NONE', #200, #1047, #1795, .T. ) ;
#109 = DIRECTION ( 'NONE',  ( 0.000000000000000000, 0.000000000000000000, -1.000000000000000000 ) ) ;
#110 = DIRECTION ( 'NONE',  ( -1.000000000000000000, 6.776263578034509998E-15, 0.000000000000000000 ) ) ;
#111 = LINE ( 'NONE', #1436, #1253 ) ;
#112 = CARTESIAN_POINT ( 'NONE',  ( -0.2488188976377952999, -0.1005905511811023834, 0.000000000000000000 ) ) ;
#113 = DIMENSIONAL_EXPONENTS ( 1.000000000000000000, 0.000000000000000000, 0.000000000000000000, 0.000000000000000000, 0.000000000000000000, 0.000000000000000000, 0.000000000000000000 ) ;
#114 = PLANE ( 'NONE',  #851 ) ;
#115 = ORIENTED_EDGE ( 'NONE', *, *, #602, .T. ) ;
#116 =( NAMED_UNIT ( * ) SI_UNIT ( $, .STERADIAN. ) SOLID_ANGLE_UNIT ( ) );
#117 = ORIENTED_EDGE ( 'NONE', *, *, #1611, .F. ) ;
#118 = VERTEX_POINT ( 'NONE', #3431 ) ;
#119 = CARTESIAN_POINT ( 'NONE',  ( 0.2096456692913385711, -0.1950787401574803348, 0.02381889763779527353 ) ) ;
#120 = CARTESIAN_POINT ( 'NONE',  ( -0.1307086614173228467, -0.1005905511811023834, 0.08858267716535433989 ) ) ;
#121 = VERTEX_POINT ( 'NONE', #193 ) ;
#122 = PLANE ( 'NONE',  #2787 ) ;
#123 = CARTESIAN_POINT ( 'NONE',  ( 0.01259842519685007954, 0.1427165354330708902, 0.000000000000000000 ) ) ;
#124 = EDGE_CURVE ( 'NONE', #1249, #1492, #3493, .T. ) ;
#125 =( LENGTH_UNIT ( ) NAMED_UNIT ( * ) SI_UNIT ( $, .METRE. ) );
#126 = DIRECTION ( 'NONE',  ( 0.000000000000000000, 0.000000000000000000, 1.000000000000000000 ) ) ;
#127 = PLANE ( 'NONE',  #3038 ) ;
#128 = ORIENTED_EDGE ( 'NONE', *, *, #1833, .T. ) ;
#129 = CARTESIAN_POINT ( 'NONE',  ( 0.01259842519685007954, 0.1427165354330708902, -0.1460629921259842534 ) ) ;
#130 = DIRECTION ( 'NONE',  ( 0.000000000000000000, 0.000000000000000000, 1.000000000000000000 ) ) ;
#131 = ORIENTED_EDGE ( 'NONE', *, *, #2813, .T. ) ;
#132 = DIRECTION ( 'NONE',  ( 0.000000000000000000, 0.000000000000000000, 1.000000000000000000 ) ) ;
#133 = CARTESIAN_POINT ( 'NONE',  ( 0.1854776627047119153, -0.03091508139452988149, -0.1443838085971960172 ) ) ;
#134 = VERTEX_POINT ( 'NONE', #3767 ) ;
#135 = DIMENSIONAL_EXPONENTS ( 1.000000000000000000, 0.000000000000000000, 0.000000000000000000, 0.000000000000000000, 0.000000000000000000, 0.000000000000000000, 0.000000000000000000 ) ;
#136 = PRESENTATION_LAYER_ASSIGNMENT (  '', '', ( #1533 ) ) ;
#137 = EDGE_LOOP ( 'NONE', ( #117, #999, #4244, #1090 ) ) ;
#138 = UNCERTAINTY_MEASURE_WITH_UNIT (LENGTH_MEASURE( 1.000000000000000082E-05 ), #1874, 'distance_accuracy_value', 'NONE');
#139 = VECTOR ( 'NONE', #1409, 39.37007874015748143 ) ;
#140 = CARTESIAN_POINT ( 'NONE',  ( -0.1853644712399835914, 0.02539370078740157272, -0.02125984251968504601 ) ) ;
#141 = ORIENTED_EDGE ( 'NONE', *, *, #928, .F. ) ;
#142 = DIRECTION ( 'NONE',  ( 0.000000000000000000, -0.000000000000000000, 1.000000000000000000 ) ) ;
#143 = COLOUR_RGB ( '',0.6470588235294117974, 0.5176470588235293491, 0.000000000000000000 ) ;
#144 = EDGE_CURVE ( 'NONE', #1405, #1417, #3473, .T. ) ;
#145 = CARTESIAN_POINT ( 'NONE',  ( 0.1702755905511811052, -0.1950787401574803348, 0.1017716535433070973 ) ) ;
#146 = CARTESIAN_POINT ( 'NONE',  ( -0.3543307086614173596, 0.1427165354330712788, -0.1460629921259842534 ) ) ;
#147 = DIRECTION ( 'NONE',  ( 0.000000000000000000, 0.5446390350150269732, -0.8386705679454241613 ) ) ;
#148 = ORIENTED_EDGE ( 'NONE', *, *, #409, .T. ) ;
#149 = ADVANCED_FACE ( 'NONE', ( #1478 ), #3120, .T. ) ;
#150 = SURFACE_SIDE_STYLE ('',( #2823 ) ) ;
#151 =( GEOMETRIC_REPRESENTATION_CONTEXT ( 3 ) GLOBAL_UNCERTAINTY_ASSIGNED_CONTEXT ( ( #654 ) ) GLOBAL_UNIT_ASSIGNED_CONTEXT ( ( #3506, #1935, #4168 ) ) REPRESENTATION_CONTEXT ( 'NONE', 'WORKASPACE' ) );
#152 = DIRECTION ( 'NONE',  ( -1.000000000000000000, -0.000000000000000000, -0.000000000000000000 ) ) ;
#153 = EDGE_CURVE ( 'NONE', #1066, #1791, #3644, .T. ) ;
#154 = ORIENTED_EDGE ( 'NONE', *, *, #2842, .F. ) ;
#155 = VECTOR ( 'NONE', #107, 39.37007874015748143 ) ;
#156 = EDGE_CURVE ( 'NONE', #328, #1442, #1283, .T. ) ;
#157 = LINE ( 'NONE', #914, #2288 ) ;
#158 = PRODUCT ( '2157602005', '2157602005', '', ( #3057 ) ) ;
#159 = VECTOR ( 'NONE', #1176, 39.37007874015748143 ) ;
#160 = VECTOR ( 'NONE', #1661, 39.37007874015748143 ) ;
#161 = DIRECTION ( 'NONE',  ( 1.000000000000000000, 0.000000000000000000, -0.000000000000000000 ) ) ;
#162 = ORIENTED_EDGE ( 'NONE', *, *, #1234, .T. ) ;
#163 = EDGE_CURVE ( 'NONE', #3391, #1249, #451, .T. ) ;
#164 = ORIENTED_EDGE ( 'NONE', *, *, #3286, .F. ) ;
#165 =( CONVERSION_BASED_UNIT ( 'INCH', #3841 ) LENGTH_UNIT ( ) NAMED_UNIT ( #768 ) );
#166 = COLOUR_RGB ( '',0.6470588235294117974, 0.5176470588235293491, 0.000000000000000000 ) ;
#167 = CARTESIAN_POINT ( 'NONE',  ( 0.1307086614173228467, 0.06476377952755905942, 0.08858267716535433989 ) ) ;
#168 = ORIENTED_EDGE ( 'NONE', *, *, #549, .T. ) ;
#169 = DIRECTION ( 'NONE',  ( 0.000000000000000000, 0.000000000000000000, 1.000000000000000000 ) ) ;
#170 = DIRECTION ( 'NONE',  ( 0.000000000000000000, -1.000000000000000000, 0.000000000000000000 ) ) ;
#171 = STYLED_ITEM ( 'NONE', ( #4088 ), #3547 ) ;
#172 = PLANE ( 'NONE',  #4205 ) ;
#173 = CARTESIAN_POINT ( 'NONE',  ( 0.1307086614173224581, 0.1427165354330708902, -0.1460629921259842534 ) ) ;
#174 = FACE_OUTER_BOUND ( 'NONE', #2089, .T. ) ;
#175 = ORIENTED_EDGE ( 'NONE', *, *, #1482, .F. ) ;
#176 = LINE ( 'NONE', #1153, #1046 ) ;
#177 = MECHANICAL_DESIGN_GEOMETRIC_PRESENTATION_REPRESENTATION (  '', ( #1702 ), #378 ) ;
#178 = PLANE ( 'NONE',  #2290 ) ;
#179 = ORIENTED_EDGE ( 'NONE', *, *, #1102, .F. ) ;
#180 = CARTESIAN_POINT ( 'NONE',  ( 0.2224409448484318264, -0.01397637795275590705, -0.1098425196628376732 ) ) ;
#181 = CARTESIAN_POINT ( 'NONE',  ( -0.1712598425196849572, -0.005036225060295154363, -0.1486618810395116674 ) ) ;
#182 = ADVANCED_FACE ( 'NONE', ( #1629 ), #2240, .T. ) ;
#183 = VERTEX_POINT ( 'NONE', #319 ) ;
#184 = ORIENTED_EDGE ( 'NONE', *, *, #700, .T. ) ;
#185 = CARTESIAN_POINT ( 'NONE',  ( -0.1307086614173228745, 0.1427165354330712788, -0.1460629921259842534 ) ) ;
#186 = ORIENTED_EDGE ( 'NONE', *, *, #108, .T. ) ;
#187 = CARTESIAN_POINT ( 'NONE',  ( -0.01259842519685027556, 0.1427165354330712788, -0.1460629921259842534 ) ) ;
#188 = LINE ( 'NONE', #3402, #290 ) ;
#189 =( CONVERSION_BASED_UNIT ( 'INCH', #4150 ) LENGTH_UNIT ( ) NAMED_UNIT ( #113 ) );
#190 = DIRECTION ( 'NONE',  ( 0.000000000000000000, -1.000000000000000000, -0.000000000000000000 ) ) ;
#191 = EDGE_LOOP ( 'NONE', ( #2262, #2612, #260, #2878, #3622 ) ) ;
#192 = DIRECTION ( 'NONE',  ( 6.776263578034509998E-15, 1.000000000000000000, -0.000000000000000000 ) ) ;
#193 = CARTESIAN_POINT ( 'NONE',  ( 0.2106299212598425064, -0.1271653543307086631, 0.000000000000000000 ) ) ;
#194 = DIMENSIONAL_EXPONENTS ( 1.000000000000000000, 0.000000000000000000, 0.000000000000000000, 0.000000000000000000, 0.000000000000000000, 0.000000000000000000, 0.000000000000000000 ) ;
#195 =( NAMED_UNIT ( * ) SI_UNIT ( $, .STERADIAN. ) SOLID_ANGLE_UNIT ( ) );
#196 =( CONVERSION_BASED_UNIT ( 'INCH', #2180 ) LENGTH_UNIT ( ) NAMED_UNIT ( #3052 ) );
#197 = ORIENTED_EDGE ( 'NONE', *, *, #3776, .F. ) ;
#198 = FACE_OUTER_BOUND ( 'NONE', #3280, .T. ) ;
#199 = VERTEX_POINT ( 'NONE', #2946 ) ;
#200 = VERTEX_POINT ( 'NONE', #3939 ) ;
#201 = EDGE_CURVE ( 'NONE', #2595, #4138, #4238, .T. ) ;
#202 = ORIENTED_EDGE ( 'NONE', *, *, #1048, .T. ) ;
#203 = DIRECTION ( 'NONE',  ( 1.000000000000000000, 0.000000000000000000, -2.710505431213759902E-15 ) ) ;
#204 = FACE_OUTER_BOUND ( 'NONE', #2833, .T. ) ;
#205 =( CONVERSION_BASED_UNIT ( 'INCH', #1230 ) LENGTH_UNIT ( ) NAMED_UNIT ( #2390 ) );
#206 = DIRECTION ( 'NONE',  ( 0.000000000000000000, 0.000000000000000000, 1.000000000000000000 ) ) ;
#207 = DIRECTION ( 'NONE',  ( 0.000000000000000000, -0.8386705679454241613, -0.5446390350150269732 ) ) ;
#208 = ORIENTED_EDGE ( 'NONE', *, *, #3678, .F. ) ;
#209 = DIRECTION ( 'NONE',  ( -6.776263578034520253E-15, -1.000000000000000000, -0.000000000000000000 ) ) ;
#210 = DIRECTION ( 'NONE',  ( -1.000000000000000000, -0.000000000000000000, 2.710505431213759902E-15 ) ) ;
#211 = VECTOR ( 'NONE', #192, 39.37007874015748143 ) ;
#212 = CARTESIAN_POINT ( 'NONE',  ( -0.2236220472440949014, 0.1427165354330708902, -0.1460629921259842534 ) ) ;
#213 = FACE_OUTER_BOUND ( 'NONE', #952, .T. ) ;
#214 = ORIENTED_EDGE ( 'NONE', *, *, #2525, .T. ) ;
#215 = LINE ( 'NONE', #1484, #1826 ) ;
#216 = DIRECTION ( 'NONE',  ( -0.000000000000000000, -0.000000000000000000, 1.000000000000000000 ) ) ;
#217 = VECTOR ( 'NONE', #2293, 39.37007874015748143 ) ;
#218 = EDGE_LOOP ( 'NONE', ( #1592, #3415, #1701, #2247, #1177 ) ) ;
#219 = ORIENTED_EDGE ( 'NONE', *, *, #413, .F. ) ;
#220 = AXIS2_PLACEMENT_3D ( 'NONE', #512, #2750, #2105 ) ;
#221 = PRESENTATION_LAYER_ASSIGNMENT (  '', '', ( #3729 ) ) ;
#222 = ADVANCED_FACE ( 'NONE', ( #3557, #4255 ), #3918, .T. ) ;
#223 = EDGE_CURVE ( 'NONE', #3061, #3158, #1318, .T. ) ;
#224 = CARTESIAN_POINT ( 'NONE',  ( -0.06594488188976378729, -0.1950787401574803348, 0.1281496062992125984 ) ) ;
#225 = ORIENTED_EDGE ( 'NONE', *, *, #3346, .T. ) ;
#226 = VECTOR ( 'NONE', #3772, 39.37007874015748143 ) ;
#227 = SURFACE_STYLE_USAGE ( .BOTH. , #3241 ) ;
#228 = VECTOR ( 'NONE', #3771, 39.37007874015748143 ) ;
#229 = DIRECTION ( 'NONE',  ( 1.000000000000000000, 0.000000000000000000, 0.000000000000000000 ) ) ;
#230 = EDGE_CURVE ( 'NONE', #428, #1108, #3592, .T. ) ;
#231 = MECHANICAL_DESIGN_GEOMETRIC_PRESENTATION_REPRESENTATION (  '', ( #429 ), #3735 ) ;
#232 =( NAMED_UNIT ( * ) PLANE_ANGLE_UNIT ( ) SI_UNIT ( $, .RADIAN. ) );
#233 = DIRECTION ( 'NONE',  ( 1.000000000000000000, -2.032879073410350002E-15, 0.000000000000000000 ) ) ;
#234 = ADVANCED_FACE ( 'NONE', ( #3854 ), #2558, .F. ) ;
#235 = EDGE_LOOP ( 'NONE', ( #3543, #2535, #1332, #3607 ) ) ;
#236 = MECHANICAL_DESIGN_GEOMETRIC_PRESENTATION_REPRESENTATION (  '', ( #1556 ), #859 ) ;
#237 = DIRECTION ( 'NONE',  ( -0.000000000000000000, -0.000000000000000000, -1.000000000000000000 ) ) ;
#238 = CARTESIAN_POINT ( 'NONE',  ( 0.1712598425196850682, -0.01848667562183214583, -0.1466060583524748939 ) ) ;
#239 = COLOUR_RGB ( '',0.6470588235294117974, 0.5176470588235293491, 0.000000000000000000 ) ;
#240 = CARTESIAN_POINT ( 'NONE',  ( -0.1818740027626515043, 0.0007192249791901963443, -0.1478378804825946080 ) ) ;
#241 = CARTESIAN_POINT ( 'NONE',  ( 0.1055118110236221013, 0.1427165354330710567, 0.000000000000000000 ) ) ;
#242 = VERTEX_POINT ( 'NONE', #642 ) ;
#243 = LINE ( 'NONE', #3064, #3613 ) ;
#244 = AXIS2_PLACEMENT_3D ( 'NONE', #3006, #1012, #1333 ) ;
#245 = DIRECTION ( 'NONE',  ( 0.000000000000000000, 1.000000000000000000, 0.000000000000000000 ) ) ;
#246 = PLANE ( 'NONE',  #3326 ) ;
#247 = ORIENTED_EDGE ( 'NONE', *, *, #2183, .F. ) ;
#248 = VERTEX_POINT ( 'NONE', #2886 ) ;
#249 = ORIENTED_EDGE ( 'NONE', *, *, #3387, .T. ) ;
#250 = CARTESIAN_POINT ( 'NONE',  ( -0.1307086614173228467, 0.1679133858267716495, 0.000000000000000000 ) ) ;
#251 = LINE ( 'NONE', #3222, #2150 ) ;
#252 = EDGE_LOOP ( 'NONE', ( #3093, #1955, #1209, #3733 ) ) ;
#253 = CARTESIAN_POINT ( 'NONE',  ( 0.1700765155369161064, -0.01075428338596994167, -0.1447401325263843463 ) ) ;
#254 = EDGE_CURVE ( 'NONE', #410, #2528, #1940, .T. ) ;
#255 = CARTESIAN_POINT ( 'NONE',  ( -0.2488188976377952999, 0.06476377952755905942, 0.08858267716535433989 ) ) ;
#256 = DIRECTION ( 'NONE',  ( 6.776263578034509998E-15, 1.000000000000000000, -0.000000000000000000 ) ) ;
#257 = EDGE_CURVE ( 'NONE', #2934, #4197, #972, .T. ) ;
#258 = CARTESIAN_POINT ( 'NONE',  ( 0.3120078740157480324, 0.1950787401574803348, 0.000000000000000000 ) ) ;
#259 = CARTESIAN_POINT ( 'NONE',  ( 0.1854776627032995728, 0.002962325489353517805, -0.1443838085966794860 ) ) ;
#260 = ORIENTED_EDGE ( 'NONE', *, *, #4046, .F. ) ;
#261 = EDGE_CURVE ( 'NONE', #2142, #552, #2966, .T. ) ;
#262 = VERTEX_POINT ( 'NONE', #4190 ) ;
#263 = DIRECTION ( 'NONE',  ( 0.000000000000000000, 1.000000000000000000, 0.000000000000000000 ) ) ;
#264 = ORIENTED_EDGE ( 'NONE', *, *, #1686, .F. ) ;
#265 = ORIENTED_EDGE ( 'NONE', *, *, #3660, .F. ) ;
#266 = VERTEX_POINT ( 'NONE', #907 ) ;
#267 = DIRECTION ( 'NONE',  ( 1.000000000000000000, -6.776263578034520253E-15, 0.000000000000000000 ) ) ;
#268 = CARTESIAN_POINT ( 'NONE',  ( 0.1814960629921260615, -0.01397637795275590705, -0.1350393700787401730 ) ) ;
#269 = CARTESIAN_POINT ( 'NONE',  ( -0.1055118110236221568, 0.1679133858267713719, 0.000000000000000000 ) ) ;
#270 = DIRECTION ( 'NONE',  ( 1.636531581110189986E-16, -0.000000000000000000, -1.000000000000000000 ) ) ;
#271 = CARTESIAN_POINT ( 'NONE',  ( 0.1862477594319058016, -0.005134042767937441187, -0.1511177842647714042 ) ) ;
#272 = EDGE_CURVE ( 'NONE', #3905, #96, #603, .T. ) ;
#273 = DIRECTION ( 'NONE',  ( 0.000000000000000000, 1.000000000000000000, 0.000000000000000000 ) ) ;
#274 = DIRECTION ( 'NONE',  ( 1.000000000000000000, 0.000000000000000000, 0.000000000000000000 ) ) ;
#275 = EDGE_CURVE ( 'NONE', #1227, #2507, #3880, .T. ) ;
#276 = CARTESIAN_POINT ( 'NONE',  ( -0.1702755905511811330, 0.06476377952755904555, 0.04940944881889763884 ) ) ;
#277 = LINE ( 'NONE', #1904, #3672 ) ;
#278 = ORIENTED_EDGE ( 'NONE', *, *, #2005, .T. ) ;
#279 = CARTESIAN_POINT ( 'NONE',  ( -0.2488188976377952999, 0.06476377952755905942, 0.06338582677165355284 ) ) ;
#280 = EDGE_LOOP ( 'NONE', ( #3562, #1651, #343, #2314 ) ) ;
#281 = EDGE_CURVE ( 'NONE', #2073, #2549, #1603, .T. ) ;
#282 = LINE ( 'NONE', #1670, #924 ) ;
#283 = EDGE_LOOP ( 'NONE', ( #3974, #3996, #1975, #57 ) ) ;
#284 = EDGE_CURVE ( 'NONE', #1527, #552, #4038, .T. ) ;
#285 = ORIENTED_EDGE ( 'NONE', *, *, #1694, .F. ) ;
#286 = AXIS2_PLACEMENT_3D ( 'NONE', #2152, #487, #1215 ) ;
#287 = EDGE_CURVE ( 'NONE', #4017, #1174, #2992, .T. ) ;
#288 = ORIENTED_EDGE ( 'NONE', *, *, #3723, .T. ) ;
#289 = CARTESIAN_POINT ( 'NONE',  ( 0.02755905511811023584, -0.1730314960629921184, 0.1519685039370078927 ) ) ;
#290 = VECTOR ( 'NONE', #4039, 39.37007874015748143 ) ;
#291 = VECTOR ( 'NONE', #14, 39.37007874015748143 ) ;
#292 = CARTESIAN_POINT ( 'NONE',  ( 0.1712598425196850405, -0.0001727780079289419318, -0.1492114446300771835 ) ) ;
#293 = DIRECTION ( 'NONE',  ( 1.000000000000000000, 0.000000000000000000, -0.000000000000000000 ) ) ;
#294 = AXIS2_PLACEMENT_3D ( 'NONE', #4049, #721, #2095 ) ;
#295 = VECTOR ( 'NONE', #733, 39.37007874015748143 ) ;
#296 = DIRECTION ( 'NONE',  ( 0.000000000000000000, 0.000000000000000000, -1.000000000000000000 ) ) ;
#297 = CARTESIAN_POINT ( 'NONE',  ( 0.1711628345665477391, -0.01397637795275590705, -0.1447401325263843463 ) ) ;
#298 = DIRECTION ( 'NONE',  ( -6.776263578034520253E-15, -1.000000000000000000, -0.000000000000000000 ) ) ;
#299 = CARTESIAN_POINT ( 'NONE',  ( -0.1673228346456692994, -0.01397637795275590705, -0.1443838085991254461 ) ) ;
#300 = SURFACE_SIDE_STYLE ('',( #2241 ) ) ;
#301 = FACE_OUTER_BOUND ( 'NONE', #72, .T. ) ;
#302 = AXIS2_PLACEMENT_3D ( 'NONE', #2051, #3637, #83 ) ;
#303 = ORIENTED_EDGE ( 'NONE', *, *, #2066, .T. ) ;
#304 = CARTESIAN_POINT ( 'NONE',  ( 0.1673228346456692994, -0.01397637795275590705, -0.1098425196850393720 ) ) ;
#305 = SURFACE_STYLE_USAGE ( .BOTH. , #1926 ) ;
#306 = ADVANCED_FACE ( 'NONE', ( #2317 ), #2082, .F. ) ;
#307 = VERTEX_POINT ( 'NONE', #1366 ) ;
#308 = CARTESIAN_POINT ( 'NONE',  ( 0.1055118110236220597, -0.1005905511811023834, 0.000000000000000000 ) ) ;
#309 = VERTEX_POINT ( 'NONE', #3684 ) ;
#310 = ORIENTED_EDGE ( 'NONE', *, *, #3917, .T. ) ;
#311 = VECTOR ( 'NONE', #1051, 39.37007874015748143 ) ;
#312 = EDGE_CURVE ( 'NONE', #4258, #118, #3054, .T. ) ;
#313 = ORIENTED_EDGE ( 'NONE', *, *, #1817, .F. ) ;
#314 = CARTESIAN_POINT ( 'NONE',  ( 0.1702755905511811052, 0.06476377952755904555, 0.02381889763779517291 ) ) ;
#315 = CARTESIAN_POINT ( 'NONE',  ( -0.2106299212598425064, -0.1271653543307086631, 0.000000000000000000 ) ) ;
#316 = ORIENTED_EDGE ( 'NONE', *, *, #3478, .T. ) ;
#317 = LINE ( 'NONE', #3529, #1490 ) ;
#318 = FACE_OUTER_BOUND ( 'NONE', #4181, .T. ) ;
#319 = CARTESIAN_POINT ( 'NONE',  ( -0.1712598425196850405, 0.1271653543307086631, -0.02125984251968502867 ) ) ;
#320 = CARTESIAN_POINT ( 'NONE',  ( 0.2106299212598425619, -0.01397637795275590879, -0.02125984251968504601 ) ) ;
#321 = CARTESIAN_POINT ( 'NONE',  ( 0.2236220472440945128, -0.1005905511811023834, 0.08858267716535433989 ) ) ;
#322 = ORIENTED_EDGE ( 'NONE', *, *, #3139, .T. ) ;
#323 = CARTESIAN_POINT ( 'NONE',  ( -0.3120078740157480324, -0.1950787401574803348, 0.02381889763779528046 ) ) ;
#324 = FILL_AREA_STYLE ('',( #647 ) ) ;
#325 = ORIENTED_EDGE ( 'NONE', *, *, #3177, .T. ) ;
#326 = CYLINDRICAL_SURFACE ( 'NONE', #2569, 0.04330708661417324162 ) ;
#327 = VERTEX_POINT ( 'NONE', #684 ) ;
#328 = VERTEX_POINT ( 'NONE', #4021 ) ;
#329 = ORIENTED_EDGE ( 'NONE', *, *, #809, .T. ) ;
#330 = LINE ( 'NONE', #3611, #1009 ) ;
#331 = CARTESIAN_POINT ( 'NONE',  ( 0.1307086614173228467, 0.1679133858267712609, -0.1460629921259842534 ) ) ;
#332 = ADVANCED_FACE ( 'NONE', ( #1081 ), #3029, .F. ) ;
#333 = FACE_OUTER_BOUND ( 'NONE', #3825, .T. ) ;
#334 = LINE ( 'NONE', #905, #4087 ) ;
#335 = PLANE ( 'NONE',  #1270 ) ;
#336 = DIRECTION ( 'NONE',  ( -1.000000000000000000, 2.710505431213800134E-15, 0.000000000000000000 ) ) ;
#337 = CARTESIAN_POINT ( 'NONE',  ( 0.1712598425196850405, -0.05334645669291339376, -0.1098425196850393720 ) ) ;
#338 = LINE ( 'NONE', #3962, #2361 ) ;
#339 = DIRECTION ( 'NONE',  ( 0.000000000000000000, 0.000000000000000000, 1.000000000000000000 ) ) ;
#340 = DIRECTION ( 'NONE',  ( 1.000000000000000000, 0.000000000000000000, -2.710505431213759902E-15 ) ) ;
#341 = ORIENTED_EDGE ( 'NONE', *, *, #727, .T. ) ;
#342 = CARTESIAN_POINT ( 'NONE',  ( 0.000000000000000000, 0.1271653543307086631, -0.02125984251968503908 ) ) ;
#343 = ORIENTED_EDGE ( 'NONE', *, *, #2813, .F. ) ;
#344 = AXIS2_PLACEMENT_3D ( 'NONE', #3359, #3071, #1059 ) ;
#345 = ORIENTED_EDGE ( 'NONE', *, *, #8, .T. ) ;
#346 = EDGE_LOOP ( 'NONE', ( #1766, #3264, #2937, #4176 ) ) ;
#347 = CARTESIAN_POINT ( 'NONE',  ( -0.02755905511811023584, -0.1730314960629921184, 0.1519685039370078927 ) ) ;
#348 = LENGTH_MEASURE_WITH_UNIT ( LENGTH_MEASURE( 0.02539999999999999897 ), #3652 );
#349 = EDGE_CURVE ( 'NONE', #2358, #2554, #1430, .T. ) ;
#350 = AXIS2_PLACEMENT_3D ( 'NONE', #2366, #2689, #44 ) ;
#351 = EDGE_CURVE ( 'NONE', #1417, #2832, #2007, .T. ) ;
#352 = CARTESIAN_POINT ( 'NONE',  ( 0.1307086614173224581, 0.1427165354330711400, -0.1460629921259842534 ) ) ;
#353 = VECTOR ( 'NONE', #2028, 39.37007874015748143 ) ;
#354 = DIRECTION ( 'NONE',  ( -2.032879073410350002E-15, -1.000000000000000000, 0.000000000000000000 ) ) ;
#355 = LINE ( 'NONE', #1985, #160 ) ;
#356 = EDGE_CURVE ( 'NONE', #1923, #3037, #2399, .T. ) ;
#357 = DIRECTION ( 'NONE',  ( -0.000000000000000000, -1.000000000000000000, -0.000000000000000000 ) ) ;
#358 = AXIS2_PLACEMENT_3D ( 'NONE', #1812, #3115, #3467 ) ;
#359 = AXIS2_PLACEMENT_3D ( 'NONE', #1256, #1299, #620 ) ;
#360 = EDGE_CURVE ( 'NONE', #3037, #3987, #2382, .T. ) ;
#361 = CARTESIAN_POINT ( 'NONE',  ( -0.2488188976377952999, -0.1005905511811023834, 0.08858267716535433989 ) ) ;
#362 = DIRECTION ( 'NONE',  ( 0.000000000000000000, 0.000000000000000000, 1.000000000000000000 ) ) ;
#363 = DIRECTION ( 'NONE',  ( -1.000000000000000000, 0.000000000000000000, 0.000000000000000000 ) ) ;
#364 = VECTOR ( 'NONE', #1654, 39.37007874015748143 ) ;
#365 = AXIS2_PLACEMENT_3D ( 'NONE', #3306, #3355, #3288 ) ;
#366 = SURFACE_STYLE_FILL_AREA ( #324 ) ;
#367 = VERTEX_POINT ( 'NONE', #2063 ) ;
#368 = LINE ( 'NONE', #89, #94 ) ;
#369 = ORIENTED_EDGE ( 'NONE', *, *, #608, .T. ) ;
#370 = ORIENTED_EDGE ( 'NONE', *, *, #2198, .F. ) ;
#371 = PRESENTATION_LAYER_ASSIGNMENT (  '', '', ( #3197 ) ) ;
#372 = ORIENTED_EDGE ( 'NONE', *, *, #3139, .F. ) ;
#373 = FACE_OUTER_BOUND ( 'NONE', #878, .T. ) ;
#374 = DIRECTION ( 'NONE',  ( 0.000000000000000000, -0.000000000000000000, -1.000000000000000000 ) ) ;
#375 = VECTOR ( 'NONE', #6, 39.37007874015748143 ) ;
#376 = DIRECTION ( 'NONE',  ( -1.000000000000000000, -1.750477775960450088E-16, 0.000000000000000000 ) ) ;
#377 = VERTEX_POINT ( 'NONE', #2033 ) ;
#378 =( GEOMETRIC_REPRESENTATION_CONTEXT ( 3 ) GLOBAL_UNCERTAINTY_ASSIGNED_CONTEXT ( ( #1753 ) ) GLOBAL_UNIT_ASSIGNED_CONTEXT ( ( #2998, #3702, #2404 ) ) REPRESENTATION_CONTEXT ( 'NONE', 'WORKASPACE' ) );
#379 = FACE_OUTER_BOUND ( 'NONE', #2780, .T. ) ;
#380 = CARTESIAN_POINT ( 'NONE',  ( 0.1840551181102362266, 0.06476377952755904555, 0.04940944881889763884 ) ) ;
#381 = DIRECTION ( 'NONE',  ( -0.000000000000000000, -1.000000000000000000, -0.000000000000000000 ) ) ;
#382 = APPLICATION_CONTEXT ( 'automotive_design' ) ;
#383 = DIRECTION ( 'NONE',  ( -1.636531581110200093E-16, 0.000000000000000000, -1.000000000000000000 ) ) ;
#384 = CARTESIAN_POINT ( 'NONE',  ( 0.1854776627032995728, 0.002962325489353517805, -0.1443838085966794860 ) ) ;
#385 = FACE_OUTER_BOUND ( 'NONE', #2379, .T. ) ;
#386 = EDGE_CURVE ( 'NONE', #2897, #1910, #2710, .T. ) ;
#387 = ORIENTED_EDGE ( 'NONE', *, *, #402, .T. ) ;
#388 = CARTESIAN_POINT ( 'NONE',  ( 0.000000000000000000, 0.1679133858267716495, 0.000000000000000000 ) ) ;
#389 = VERTEX_POINT ( 'NONE', #1038 ) ;
#390 = CARTESIAN_POINT ( 'NONE',  ( -0.05216535433070866590, -0.1950787401574803348, 0.02381889763779496474 ) ) ;
#391 = ORIENTED_EDGE ( 'NONE', *, *, #3333, .T. ) ;
#392 = DIRECTION ( 'NONE',  ( -1.000000000000000000, -0.000000000000000000, -0.000000000000000000 ) ) ;
#393 = LINE ( 'NONE', #1679, #988 ) ;
#394 = LINE ( 'NONE', #3978, #2280 ) ;
#395 = ORIENTED_EDGE ( 'NONE', *, *, #1268, .T. ) ;
#396 = CARTESIAN_POINT ( 'NONE',  ( 0.02755905511811023584, -0.08011811023622049388, 0.2098425196850393915 ) ) ;
#397 = DIRECTION ( 'NONE',  ( 0.7071067811865469066, 0.000000000000000000, -0.7071067811865479058 ) ) ;
#398 = PRESENTATION_STYLE_ASSIGNMENT (( #3362 ) ) ;
#399 = ADVANCED_FACE ( 'NONE', ( #106 ), #3698, .F. ) ;
#400 = FILL_AREA_STYLE ('',( #421 ) ) ;
#401 = CARTESIAN_POINT ( 'NONE',  ( -0.1702755905511811052, -0.1950787401574803348, 0.04940944881889763191 ) ) ;
#402 = EDGE_CURVE ( 'NONE', #2595, #2956, #60, .T. ) ;
#403 = DIRECTION ( 'NONE',  ( 0.7071067811865469066, 0.000000000000000000, 0.7071067811865479058 ) ) ;
#404 = EDGE_LOOP ( 'NONE', ( #1400, #2219, #3428, #628 ) ) ;
#405 = ADVANCED_BREP_SHAPE_REPRESENTATION ( '2157602005', ( #4247, #1010 ), #3129 ) ;
#406 = EDGE_CURVE ( 'NONE', #3240, #3633, #750, .T. ) ;
#407 = VECTOR ( 'NONE', #2805, 39.37007874015748143 ) ;
#408 = CARTESIAN_POINT ( 'NONE',  ( 0.2058974762337339448, -0.05334645670088503100, -0.1098425196727641079 ) ) ;
#409 = EDGE_CURVE ( 'NONE', #121, #1841, #1748, .T. ) ;
#410 = VERTEX_POINT ( 'NONE', #3635 ) ;
#411 = DIRECTION ( 'NONE',  ( 4.336808689942010340E-16, -0.000000000000000000, 1.000000000000000000 ) ) ;
#412 = AXIS2_PLACEMENT_3D ( 'NONE', #1793, #3789, #2494 ) ;
#413 = EDGE_CURVE ( 'NONE', #917, #424, #1689, .T. ) ;
#414 = CARTESIAN_POINT ( 'NONE',  ( -0.1987796294631771488, -0.04551650967057915137, -0.1218995807732561609 ) ) ;
#415 = ORIENTED_EDGE ( 'NONE', *, *, #3530, .T. ) ;
#416 = CARTESIAN_POINT ( 'NONE',  ( -0.2106299212598425064, 0.1271653543307086631, 0.000000000000000000 ) ) ;
#417 = CARTESIAN_POINT ( 'NONE',  ( 0.2488188976377952999, 0.1679133858267712609, -0.1460629921259842534 ) ) ;
#418 = DIRECTION ( 'NONE',  ( 0.000000000000000000, 0.000000000000000000, 1.000000000000000000 ) ) ;
#419 = STYLED_ITEM ( 'NONE', ( #3204 ), #1896 ) ;
#420 = DIRECTION ( 'NONE',  ( -1.000000000000000000, -1.094462760868649956E-16, 0.000000000000000000 ) ) ;
#421 = FILL_AREA_STYLE_COLOUR ( '', #2994 ) ;
#422 = CARTESIAN_POINT ( 'NONE',  ( 0.000000000000000000, 0.000000000000000000, 0.1519685039370078927 ) ) ;
#423 = AXIS2_PLACEMENT_3D ( 'NONE', #2296, #601, #2929 ) ;
#424 = VERTEX_POINT ( 'NONE', #1389 ) ;
#425 = CARTESIAN_POINT ( 'NONE',  ( -0.1055118110236224482, 0.1427165354330708902, -0.1460629921259842534 ) ) ;
#426 = VECTOR ( 'NONE', #3797, 39.37007874015748143 ) ;
#427 = VECTOR ( 'NONE', #374, 39.37007874015748143 ) ;
#428 = VERTEX_POINT ( 'NONE', #2685 ) ;
#429 = STYLED_ITEM ( 'NONE', ( #4133 ), #3203 ) ;
#430 = PLANE ( 'NONE',  #294 ) ;
#431 = DIMENSIONAL_EXPONENTS ( 1.000000000000000000, 0.000000000000000000, 0.000000000000000000, 0.000000000000000000, 0.000000000000000000, 0.000000000000000000, 0.000000000000000000 ) ;
#432 = ORIENTED_EDGE ( 'NONE', *, *, #3967, .F. ) ;
#433 = CIRCLE ( 'NONE', #1962, 0.02482976955343117742 ) ;
#434 = EDGE_CURVE ( 'NONE', #2202, #3369, #3999, .T. ) ;
#435 = AXIS2_PLACEMENT_3D ( 'NONE', #3109, #458, #1468 ) ;
#436 = LENGTH_MEASURE_WITH_UNIT ( LENGTH_MEASURE( 0.02539999999999999897 ), #3710 );
#437 = ORIENTED_EDGE ( 'NONE', *, *, #1261, .T. ) ;
#438 = LINE ( 'NONE', #3778, #3820 ) ;
#439 = VECTOR ( 'NONE', #2311, 39.37007874015748143 ) ;
#440 = CARTESIAN_POINT ( 'NONE',  ( -0.1712598425196850405, -0.05334645669291339376, -0.02125984251968500091 ) ) ;
#441 = B_SPLINE_CURVE_WITH_KNOTS ( 'NONE', 3,
 ( #2543, #3540, #4115, #2526 ),
 .UNSPECIFIED., .F., .F.,
 ( 4, 4 ),
 ( 8.325846312220387131E-15, 0.001167636652792198009 ),
 .UNSPECIFIED. ) ;
#442 = PRESENTATION_STYLE_ASSIGNMENT (( #2085 ) ) ;
#443 = LINE ( 'NONE', #146, #3472 ) ;
#444 = CARTESIAN_POINT ( 'NONE',  ( -0.2883858267716535306, 0.06476377952755904555, 0.1281496062992129870 ) ) ;
#445 = VERTEX_POINT ( 'NONE', #1786 ) ;
#446 =( NAMED_UNIT ( * ) PLANE_ANGLE_UNIT ( ) SI_UNIT ( $, .RADIAN. ) );
#447 = PRESENTATION_STYLE_ASSIGNMENT (( #3748 ) ) ;
#448 = CARTESIAN_POINT ( 'NONE',  ( 0.2488188976377952999, -0.1005905511811023834, 0.06338582677165355284 ) ) ;
#449 = PLANE ( 'NONE',  #1757 ) ;
#450 = ORIENTED_EDGE ( 'NONE', *, *, #3775, .F. ) ;
#451 = B_SPLINE_CURVE_WITH_KNOTS ( 'NONE', 3,
 ( #1257, #2621, #955, #2604, #3534, #1648, #1919 ),
 .UNSPECIFIED., .F., .F.,
 ( 4, 3, 4 ),
 ( 5.882286561168040564E-17, 0.0007601709216843245730, 0.001167636660359801237 ),
 .UNSPECIFIED. ) ;
#452 = VERTEX_POINT ( 'NONE', #3089 ) ;
#453 = ORIENTED_EDGE ( 'NONE', *, *, #3660, .T. ) ;
#454 = CARTESIAN_POINT ( 'NONE',  ( 0.1840551181102362266, -0.1950787401574803348, 0.04940944881889763191 ) ) ;
#455 = EDGE_CURVE ( 'NONE', #2330, #2737, #2104, .T. ) ;
#456 = CARTESIAN_POINT ( 'NONE',  ( 0.2224409448818897850, -0.01397637795275590705, -0.09015748031496062520 ) ) ;
#457 = EDGE_LOOP ( 'NONE', ( #29, #4050, #1521, #2690 ) ) ;
#458 = DIRECTION ( 'NONE',  ( 0.000000000000000000, 0.8386705679454241613, -0.5446390350150269732 ) ) ;
#459 =( NAMED_UNIT ( * ) SI_UNIT ( $, .STERADIAN. ) SOLID_ANGLE_UNIT ( ) );
#460 = CARTESIAN_POINT ( 'NONE',  ( -0.05216535433070866590, -0.1950787401574803348, 0.1281496062992129870 ) ) ;
#461 = EDGE_CURVE ( 'NONE', #452, #3826, #3741, .T. ) ;
#462 = CARTESIAN_POINT ( 'NONE',  ( 0.02755905511811023584, -0.08011811023622049388, 0.2098425196850393915 ) ) ;
#463 = DIRECTION ( 'NONE',  ( 1.000000000000000000, -6.776263578034520253E-15, 0.000000000000000000 ) ) ;
#464 = DIRECTION ( 'NONE',  ( 0.000000000000000000, -1.000000000000000000, 0.000000000000000000 ) ) ;
#465 = EDGE_CURVE ( 'NONE', #1122, #1105, #3425, .T. ) ;
#466 = EDGE_LOOP ( 'NONE', ( #3010, #1424, #4221, #3629 ) ) ;
#467 = CARTESIAN_POINT ( 'NONE',  ( 0.1307086614173224581, 0.1427165354330708902, -0.1460629921259842534 ) ) ;
#468 = LINE ( 'NONE', #539, #3239 ) ;
#469 = EDGE_CURVE ( 'NONE', #3751, #3640, #3947, .T. ) ;
#470 = PLANE ( 'NONE',  #1135 ) ;
#471 = VERTEX_POINT ( 'NONE', #588 ) ;
#472 = DIRECTION ( 'NONE',  ( 1.000000000000000000, -2.032879073410350002E-15, 0.000000000000000000 ) ) ;
#473 = CARTESIAN_POINT ( 'NONE',  ( -0.1712598425196850405, -0.01397637795275757239, -0.1448424406283371768 ) ) ;
#474 = VERTEX_POINT ( 'NONE', #667 ) ;
#475 = ORIENTED_EDGE ( 'NONE', *, *, #272, .T. ) ;
#476 =( LENGTH_UNIT ( ) NAMED_UNIT ( * ) SI_UNIT ( $, .METRE. ) );
#477 = ADVANCED_FACE ( 'NONE', ( #1991 ), #2136, .T. ) ;
#478 = UNCERTAINTY_MEASURE_WITH_UNIT (LENGTH_MEASURE( 1.000000000000000082E-05 ), #1583, 'distance_accuracy_value', 'NONE');
#479 = VECTOR ( 'NONE', #1770, 39.37007874015748143 ) ;
#480 = LINE ( 'NONE', #1208, #3940 ) ;
#481 = VERTEX_POINT ( 'NONE', #3214 ) ;
#482 = CARTESIAN_POINT ( 'NONE',  ( 0.09153543307086615954, -0.1950787401574803348, 0.02381889763779527353 ) ) ;
#483 = AXIS2_PLACEMENT_3D ( 'NONE', #4027, #85, #3720 ) ;
#484 = EDGE_CURVE ( 'NONE', #2832, #2541, #2304, .T. ) ;
#485 = CARTESIAN_POINT ( 'NONE',  ( 0.000000000000000000, -0.1271653543307086631, 0.000000000000000000 ) ) ;
#486 = CARTESIAN_POINT ( 'NONE',  ( 0.000000000000000000, 0.1271653543307086631, 0.000000000000000000 ) ) ;
#487 = DIRECTION ( 'NONE',  ( 0.000000000000000000, 0.6788553084056129228, -0.7342720682754588779 ) ) ;
#488 = ORIENTED_EDGE ( 'NONE', *, *, #3760, .T. ) ;
#489 = FILL_AREA_STYLE ('',( #1501 ) ) ;
#490 = CARTESIAN_POINT ( 'NONE',  ( 0.2488188976377948836, 0.1427165354330708902, 0.000000000000000000 ) ) ;
#491 = EDGE_CURVE ( 'NONE', #1417, #4158, #3577, .T. ) ;
#492 = AXIS2_PLACEMENT_3D ( 'NONE', #3318, #1666, #2970 ) ;
#493 =( LENGTH_UNIT ( ) NAMED_UNIT ( * ) SI_UNIT ( $, .METRE. ) );
#494 = CARTESIAN_POINT ( 'NONE',  ( -0.2106299212598425619, -0.01397637795275590879, -0.02125984251968504601 ) ) ;
#495 = ORIENTED_EDGE ( 'NONE', *, *, #4251, .F. ) ;
#496 = VECTOR ( 'NONE', #598, 39.37007874015748143 ) ;
#497 = DIRECTION ( 'NONE',  ( 1.000000000000000000, -0.000000000000000000, 3.273063162220370111E-16 ) ) ;
#498 = AXIS2_PLACEMENT_3D ( 'NONE', #3950, #2975, #629 ) ;
#499 = VECTOR ( 'NONE', #583, 39.37007874015748143 ) ;
#500 = DIRECTION ( 'NONE',  ( 1.000000000000000000, 0.000000000000000000, -4.336808689942010340E-16 ) ) ;
#501 = ORIENTED_EDGE ( 'NONE', *, *, #4122, .T. ) ;
#502 = ORIENTED_EDGE ( 'NONE', *, *, #2518, .T. ) ;
#503 = VECTOR ( 'NONE', #3942, 39.37007874015748143 ) ;
#504 = VECTOR ( 'NONE', #245, 39.37007874015748143 ) ;
#505 = VECTOR ( 'NONE', #2969, 39.37007874015748143 ) ;
#506 = SURFACE_STYLE_FILL_AREA ( #3396 ) ;
#507 = ORIENTED_EDGE ( 'NONE', *, *, #1457, .F. ) ;
#508 = DIRECTION ( 'NONE',  ( 1.000000000000000000, 0.000000000000000000, -0.000000000000000000 ) ) ;
#509 = LENGTH_MEASURE_WITH_UNIT ( LENGTH_MEASURE( 0.02539999999999999897 ), #3714 );
#510 = AXIS2_PLACEMENT_3D ( 'NONE', #3201, #267, #2924 ) ;
#511 = EDGE_CURVE ( 'NONE', #3163, #842, #1001, .T. ) ;
#512 = CARTESIAN_POINT ( 'NONE',  ( -0.2106299212598425064, -0.1271653543307086631, 0.000000000000000000 ) ) ;
#513 = FACE_OUTER_BOUND ( 'NONE', #3169, .T. ) ;
#514 = DIRECTION ( 'NONE',  ( 0.000000000000000000, 0.000000000000000000, 1.000000000000000000 ) ) ;
#515 = VERTEX_POINT ( 'NONE', #3624 ) ;
#516 = STYLED_ITEM ( 'NONE', ( #2563 ), #4247 ) ;
#517 = DIRECTION ( 'NONE',  ( 1.000000000000000000, 0.000000000000000000, -0.000000000000000000 ) ) ;
#518 = CARTESIAN_POINT ( 'NONE',  ( 0.01259842519685035536, 0.06476377952755905942, 0.06338582677165355284 ) ) ;
#519 = DIRECTION ( 'NONE',  ( -2.032879073410350002E-15, -1.000000000000000000, 0.000000000000000000 ) ) ;
#520 = COLOUR_RGB ( '',0.2509803921568627416, 0.2509803921568627416, 0.2509803921568627416 ) ;
#521 = ADVANCED_FACE ( 'NONE', ( #1972 ), #3860, .T. ) ;
#522 = FILL_AREA_STYLE_COLOUR ( '', #3810 ) ;
#523 = ORIENTED_EDGE ( 'NONE', *, *, #3210, .T. ) ;
#524 = CARTESIAN_POINT ( 'NONE',  ( 0.06594488188976374565, -0.1950787401574803348, 0.04940944881889763884 ) ) ;
#525 = ADVANCED_FACE ( 'NONE', ( #912 ), #1634, .F. ) ;
#526 = LINE ( 'NONE', #1909, #1956 ) ;
#527 = VERTEX_POINT ( 'NONE', #279 ) ;
#528 = DIMENSIONAL_EXPONENTS ( 1.000000000000000000, 0.000000000000000000, 0.000000000000000000, 0.000000000000000000, 0.000000000000000000, 0.000000000000000000, 0.000000000000000000 ) ;
#529 = EDGE_LOOP ( 'NONE', ( #4226, #3005, #453, #1323 ) ) ;
#530 = DIRECTION ( 'NONE',  ( 0.7071067811865469066, 0.000000000000000000, -0.7071067811865479058 ) ) ;
#531 = ORIENTED_EDGE ( 'NONE', *, *, #4222, .F. ) ;
#532 = DIRECTION ( 'NONE',  ( -1.000000000000000000, 2.032879073410350002E-15, -0.000000000000000000 ) ) ;
#533 = DIRECTION ( 'NONE',  ( -8.673617379884008848E-16, 0.000000000000000000, 1.000000000000000000 ) ) ;
#534 = SURFACE_STYLE_FILL_AREA ( #3488 ) ;
#535 = DIRECTION ( 'NONE',  ( -0.000000000000000000, -1.000000000000000000, 0.000000000000000000 ) ) ;
#536 = LINE ( 'NONE', #3469, #1331 ) ;
#537 = ORIENTED_EDGE ( 'NONE', *, *, #3344, .T. ) ;
#538 = PRESENTATION_STYLE_ASSIGNMENT (( #3447 ) ) ;
#539 = CARTESIAN_POINT ( 'NONE',  ( -0.2236220472440949014, 0.1427165354330708902, 0.000000000000000000 ) ) ;
#540 = CARTESIAN_POINT ( 'NONE',  ( 0.1712598425196850682, -0.01955918877536462139, -0.1471967085711347323 ) ) ;
#541 = ADVANCED_FACE ( 'NONE', ( #3232 ), #2915, .T. ) ;
#542 = LINE ( 'NONE', #3432, #3189 ) ;
#543 = EDGE_LOOP ( 'NONE', ( #743, #2859, #2457, #3118 ) ) ;
#544 = CARTESIAN_POINT ( 'NONE',  ( -0.2883858267716535306, -0.1950787401574803348, 0.1519685039370078927 ) ) ;
#545 = ADVANCED_FACE ( 'NONE', ( #3600 ), #3906, .T. ) ;
#546 = CARTESIAN_POINT ( 'NONE',  ( -0.3120078740157480324, 0.1950787401574803348, 0.1519685039370078927 ) ) ;
#547 = EDGE_LOOP ( 'NONE', ( #68, #2811, #2226, #3220 ) ) ;
#548 = VERTEX_POINT ( 'NONE', #4044 ) ;
#549 = EDGE_CURVE ( 'NONE', #1973, #3801, #46, .T. ) ;
#550 = EDGE_CURVE ( 'NONE', #3049, #1994, #1087, .T. ) ;
#551 = DIRECTION ( 'NONE',  ( -0.000000000000000000, -1.000000000000000000, -0.000000000000000000 ) ) ;
#552 = VERTEX_POINT ( 'NONE', #2053 ) ;
#553 = DIRECTION ( 'NONE',  ( 1.000000000000000000, -0.000000000000000000, -1.636531581110200093E-16 ) ) ;
#554 = EDGE_CURVE ( 'NONE', #1206, #2097, #2039, .T. ) ;
#555 = CARTESIAN_POINT ( 'NONE',  ( -0.1840551181102362266, -0.1950787401574803348, 0.04940944881889763191 ) ) ;
#556 = DIRECTION ( 'NONE',  ( 1.000000000000000000, -8.870745047608670849E-16, 0.000000000000000000 ) ) ;
#557 = STYLED_ITEM ( 'NONE', ( #2279 ), #525 ) ;
#558 = CARTESIAN_POINT ( 'NONE',  ( -0.05216535433070866590, 0.06476377952755904555, 0.1281496062992129870 ) ) ;
#559 = ORIENTED_EDGE ( 'NONE', *, *, #287, .T. ) ;
#560 = FILL_AREA_STYLE_COLOUR ( '', #3740 ) ;
#561 =( NAMED_UNIT ( * ) SI_UNIT ( $, .STERADIAN. ) SOLID_ANGLE_UNIT ( ) );
#562 = CARTESIAN_POINT ( 'NONE',  ( 0.3120078740157480324, 0.02539370078740156925, -0.1098425196850393720 ) ) ;
#563 = ORIENTED_EDGE ( 'NONE', *, *, #3819, .F. ) ;
#564 = DIRECTION ( 'NONE',  ( 0.000000000000000000, 1.000000000000000000, 0.000000000000000000 ) ) ;
#565 = DIRECTION ( 'NONE',  ( 0.000000000000000000, 0.000000000000000000, -1.000000000000000000 ) ) ;
#566 = FACE_OUTER_BOUND ( 'NONE', #811, .T. ) ;
#567 = AXIS2_PLACEMENT_3D ( 'NONE', #2779, #4085, #1150 ) ;
#568 = ORIENTED_EDGE ( 'NONE', *, *, #4119, .F. ) ;
#569 = ORIENTED_EDGE ( 'NONE', *, *, #4232, .F. ) ;
#570 = VECTOR ( 'NONE', #1471, 39.37007874015748143 ) ;
#571 = AXIS2_PLACEMENT_3D ( 'NONE', #2551, #2941, #1576 ) ;
#572 = ORIENTED_EDGE ( 'NONE', *, *, #2333, .T. ) ;
#573 = VECTOR ( 'NONE', #3604, 39.37007874015748143 ) ;
#574 =( LENGTH_UNIT ( ) NAMED_UNIT ( * ) SI_UNIT ( $, .METRE. ) );
#575 = COLOUR_RGB ( '',0.6470588235294117974, 0.5176470588235293491, 0.000000000000000000 ) ;
#576 = EDGE_CURVE ( 'NONE', #2949, #1293, #4003, .T. ) ;
#577 = PLANE ( 'NONE',  #3599 ) ;
#578 = VECTOR ( 'NONE', #1566, 39.37007874015748143 ) ;
#579 = DIRECTION ( 'NONE',  ( 0.000000000000000000, -1.000000000000000000, -9.637352644315589080E-17 ) ) ;
#580 = PLANE ( 'NONE',  #1469 ) ;
#581 = ORIENTED_EDGE ( 'NONE', *, *, #923, .T. ) ;
#582 = VECTOR ( 'NONE', #43, 39.37007874015748143 ) ;
#583 = DIRECTION ( 'NONE',  ( -0.000000000000000000, -0.000000000000000000, 1.000000000000000000 ) ) ;
#584 = DIRECTION ( 'NONE',  ( 0.000000000000000000, 0.000000000000000000, 1.000000000000000000 ) ) ;
#585 = CARTESIAN_POINT ( 'NONE',  ( 0.01259842519685007954, 0.1427165354330708902, -0.1460629921259842534 ) ) ;
#586 = FACE_BOUND ( 'NONE', #3068, .T. ) ;
#587 = ORIENTED_EDGE ( 'NONE', *, *, #2765, .F. ) ;
#588 = CARTESIAN_POINT ( 'NONE',  ( -0.1307086614173228467, -0.1005905511811023834, 0.06338582677165355284 ) ) ;
#589 = DIRECTION ( 'NONE',  ( 0.000000000000000000, -1.000000000000000000, 0.000000000000000000 ) ) ;
#590 = FACE_OUTER_BOUND ( 'NONE', #803, .T. ) ;
#591 = ORIENTED_EDGE ( 'NONE', *, *, #576, .T. ) ;
#592 = ORIENTED_EDGE ( 'NONE', *, *, #1134, .T. ) ;
#593 = B_SPLINE_CURVE_WITH_KNOTS ( 'NONE', 3,
 ( #1244, #2545, #181, #3146, #3863, #2113, #3434, #473 ),
 .UNSPECIFIED., .F., .F.,
 ( 4, 2, 2, 4 ),
 ( 2.235439344485181066E-18, 0.0001848820378487536276, 0.0002773230567731293302, 0.0003697640756975050327 ),
 .UNSPECIFIED. ) ;
#594 = ADVANCED_FACE ( 'NONE', ( #776, #2387 ), #1065, .T. ) ;
#595 = ORIENTED_EDGE ( 'NONE', *, *, #4100, .F. ) ;
#596 = CARTESIAN_POINT ( 'NONE',  ( 0.2236220472440949014, 0.1679133858267713719, -0.1460629921259842534 ) ) ;
#597 = EDGE_CURVE ( 'NONE', #3987, #1226, #2345, .T. ) ;
#598 = DIRECTION ( 'NONE',  ( 0.000000000000000000, -1.000000000000000000, -0.000000000000000000 ) ) ;
#599 = FILL_AREA_STYLE ('',( #2236 ) ) ;
#600 = CARTESIAN_POINT ( 'NONE',  ( -0.01259842519685035883, -0.1005905511811023834, 0.000000000000000000 ) ) ;
#601 = DIRECTION ( 'NONE',  ( 0.000000000000000000, 0.000000000000000000, 1.000000000000000000 ) ) ;
#602 = EDGE_CURVE ( 'NONE', #3438, #2572, #111, .T. ) ;
#603 = LINE ( 'NONE', #2215, #1800 ) ;
#604 = ADVANCED_FACE ( 'NONE', ( #1416 ), #2716, .T. ) ;
#605 = CARTESIAN_POINT ( 'NONE',  ( 0.1818740027635021017, 0.0007192249794518635513, -0.1478378804821916803 ) ) ;
#606 = ORIENTED_EDGE ( 'NONE', *, *, #1833, .F. ) ;
#607 = ORIENTED_EDGE ( 'NONE', *, *, #3896, .F. ) ;
#608 = EDGE_CURVE ( 'NONE', #2549, #548, #176, .T. ) ;
#609 = FACE_BOUND ( 'NONE', #235, .T. ) ;
#610 = VERTEX_POINT ( 'NONE', #838 ) ;
#611 = ORIENTED_EDGE ( 'NONE', *, *, #3967, .T. ) ;
#612 = ORIENTED_EDGE ( 'NONE', *, *, #1268, .F. ) ;
#613 = SURFACE_STYLE_FILL_AREA ( #3269 ) ;
#614 = FACE_OUTER_BOUND ( 'NONE', #1357, .T. ) ;
#615 = FACE_OUTER_BOUND ( 'NONE', #4030, .T. ) ;
#616 = LINE ( 'NONE', #3527, #1403 ) ;
#617 = ORIENTED_EDGE ( 'NONE', *, *, #1694, .T. ) ;
#618 = EDGE_CURVE ( 'NONE', #1183, #3642, #2804, .T. ) ;
#619 = DIRECTION ( 'NONE',  ( -0.000000000000000000, 1.000000000000000000, 0.000000000000000000 ) ) ;
#620 = DIRECTION ( 'NONE',  ( 1.000000000000000000, 0.000000000000000000, -0.000000000000000000 ) ) ;
#621 = DIRECTION ( 'NONE',  ( 0.000000000000000000, -0.000000000000000000, -1.000000000000000000 ) ) ;
#622 = VECTOR ( 'NONE', #2538, 39.37007874015748143 ) ;
#623 = CARTESIAN_POINT ( 'NONE',  ( 0.1673228346456692994, -0.06909448818897637179, -0.09015748031496062520 ) ) ;
#624 = ORIENTED_EDGE ( 'NONE', *, *, #4147, .F. ) ;
#625 = VECTOR ( 'NONE', #3319, 39.37007874015748143 ) ;
#626 =( NAMED_UNIT ( * ) SI_UNIT ( $, .STERADIAN. ) SOLID_ANGLE_UNIT ( ) );
#627 = EDGE_CURVE ( 'NONE', #2754, #1997, #820, .T. ) ;
#628 = ORIENTED_EDGE ( 'NONE', *, *, #2072, .F. ) ;
#629 = DIRECTION ( 'NONE',  ( 1.000000000000000000, 0.000000000000000000, 4.336808689942020694E-16 ) ) ;
#630 = ORIENTED_EDGE ( 'NONE', *, *, #2916, .F. ) ;
#631 = EDGE_LOOP ( 'NONE', ( #2462, #2625, #186, #1303 ) ) ;
#632 = EDGE_LOOP ( 'NONE', ( #1499, #666, #680, #1878 ) ) ;
#633 = AXIS2_PLACEMENT_3D ( 'NONE', #1411, #2383, #3699 ) ;
#634 = CIRCLE ( 'NONE', #3040, 0.04330708661417324162 ) ;
#635 = LINE ( 'NONE', #1275, #1678 ) ;
#636 = AXIS2_PLACEMENT_3D ( 'NONE', #2055, #3384, #1459 ) ;
#637 = VECTOR ( 'NONE', #3943, 39.37007874015748143 ) ;
#638 = ORIENTED_EDGE ( 'NONE', *, *, #4037, .F. ) ;
#639 = CARTESIAN_POINT ( 'NONE',  ( 0.1851283719807486072, -0.03481071837630978633, -0.1443838085974293028 ) ) ;
#640 = CARTESIAN_POINT ( 'NONE',  ( -0.2058974762350888055, -0.05334645670099962683, -0.1098425196725876379 ) ) ;
#641 = VECTOR ( 'NONE', #3494, 39.37007874015748854 ) ;
#642 = CARTESIAN_POINT ( 'NONE',  ( -0.2488188976377952999, 0.06476377952755905942, 0.08858267716535433989 ) ) ;
#643 = LINE ( 'NONE', #2539, #2430 ) ;
#644 = DIRECTION ( 'NONE',  ( 0.000000000000000000, 1.000000000000000000, -9.637352644315589080E-17 ) ) ;
#645 = VECTOR ( 'NONE', #1771, 39.37007874015748143 ) ;
#646 = EDGE_LOOP ( 'NONE', ( #395, #2743, #1827, #2808 ) ) ;
#647 = FILL_AREA_STYLE_COLOUR ( '', #3791 ) ;
#648 = ORIENTED_EDGE ( 'NONE', *, *, #3023, .T. ) ;
#649 = COLOUR_RGB ( '',0.6470588235294117974, 0.5176470588235293491, 0.000000000000000000 ) ;
#650 = CARTESIAN_POINT ( 'NONE',  ( -0.2488188976377948836, 0.1679133858267713442, -0.1460629921259842534 ) ) ;
#651 = VERTEX_POINT ( 'NONE', #3159 ) ;
#652 = ORIENTED_EDGE ( 'NONE', *, *, #153, .T. ) ;
#653 = AXIS2_PLACEMENT_3D ( 'NONE', #1443, #2741, #1780 ) ;
#654 = UNCERTAINTY_MEASURE_WITH_UNIT (LENGTH_MEASURE( 1.000000000000000082E-05 ), #3506, 'distance_accuracy_value', 'NONE');
#655 = EDGE_CURVE ( 'NONE', #2610, #3299, #2130, .T. ) ;
#656 = VERTEX_POINT ( 'NONE', #867 ) ;
#657 = DIRECTION ( 'NONE',  ( 0.000000000000000000, 1.000000000000000000, 0.000000000000000000 ) ) ;
#658 = LINE ( 'NONE', #1462, #1410 ) ;
#659 = LINE ( 'NONE', #2962, #217 ) ;
#660 = VERTEX_POINT ( 'NONE', #3448 ) ;
#661 = CARTESIAN_POINT ( 'NONE',  ( -0.01259842519685035883, 0.1427165354330710567, 0.000000000000000000 ) ) ;
#662 = LINE ( 'NONE', #1429, #4140 ) ;
#663 = DIRECTION ( 'NONE',  ( 0.7071067811865490160, -0.000000000000000000, 0.7071067811865460184 ) ) ;
#664 = FACE_OUTER_BOUND ( 'NONE', #3737, .T. ) ;
#665 = DIRECTION ( 'NONE',  ( 0.7071067811865469066, 0.000000000000000000, 0.7071067811865479058 ) ) ;
#666 = ORIENTED_EDGE ( 'NONE', *, *, #3199, .T. ) ;
#667 = CARTESIAN_POINT ( 'NONE',  ( 0.1853644712399835914, -0.05334645669291339376, -0.09015748031496062520 ) ) ;
#668 = EDGE_LOOP ( 'NONE', ( #2115, #3598, #1542, #3969 ) ) ;
#669 = LINE ( 'NONE', #308, #1269 ) ;
#670 = ORIENTED_EDGE ( 'NONE', *, *, #1102, .T. ) ;
#671 = ORIENTED_EDGE ( 'NONE', *, *, #2568, .T. ) ;
#672 = EDGE_CURVE ( 'NONE', #1002, #328, #1218, .T. ) ;
#673 = VERTEX_POINT ( 'NONE', #3836 ) ;
#674 = EDGE_CURVE ( 'NONE', #1006, #1832, #468, .T. ) ;
#675 = DIRECTION ( 'NONE',  ( -1.000000000000000000, 0.000000000000000000, -0.000000000000000000 ) ) ;
#676 = SURFACE_SIDE_STYLE ('',( #731 ) ) ;
#677 = CARTESIAN_POINT ( 'NONE',  ( -0.3120078740157480324, -0.1950787401574803348, 0.1519685039370078927 ) ) ;
#678 = ADVANCED_FACE ( 'NONE', ( #2193 ), #1861, .T. ) ;
#679 = LINE ( 'NONE', #1404, #2075 ) ;
#680 = ORIENTED_EDGE ( 'NONE', *, *, #2707, .T. ) ;
#681 = PLANE ( 'NONE',  #3609 ) ;
#682 = FILL_AREA_STYLE ('',( #3311 ) ) ;
#683 = FACE_OUTER_BOUND ( 'NONE', #1356, .T. ) ;
#684 = CARTESIAN_POINT ( 'NONE',  ( -0.01259842519685035536, -0.1005905511811023834, 0.06338582677165355284 ) ) ;
#685 = CARTESIAN_POINT ( 'NONE',  ( 0.1702755905511811052, -0.1950787401574803348, 0.1281496062992125984 ) ) ;
#686 = DIRECTION ( 'NONE',  ( -1.094462760868649956E-16, 1.000000000000000000, 0.000000000000000000 ) ) ;
#687 = CARTESIAN_POINT ( 'NONE',  ( 0.000000000000000000, 0.06476377952755905942, 0.000000000000000000 ) ) ;
#688 = SURFACE_STYLE_USAGE ( .BOTH. , #3623 ) ;
#689 = PRESENTATION_STYLE_ASSIGNMENT (( #1755 ) ) ;
#690 = ORIENTED_EDGE ( 'NONE', *, *, #2961, .F. ) ;
#691 = VECTOR ( 'NONE', #1986, 39.37007874015748143 ) ;
#692 = DIRECTION ( 'NONE',  ( 0.000000000000000000, 0.000000000000000000, -1.000000000000000000 ) ) ;
#693 = ORIENTED_EDGE ( 'NONE', *, *, #3866, .F. ) ;
#694 = VERTEX_POINT ( 'NONE', #640 ) ;
#695 = LINE ( 'NONE', #3524, #4077 ) ;
#696 = ORIENTED_EDGE ( 'NONE', *, *, #2001, .F. ) ;
#697 = LINE ( 'NONE', #3331, #2166 ) ;
#698 = CARTESIAN_POINT ( 'NONE',  ( 0.1712598425196850405, -0.05334645669291337294, -0.1098425196850393859 ) ) ;
#699 = VECTOR ( 'NONE', #2271, 39.37007874015748143 ) ;
#700 = EDGE_CURVE ( 'NONE', #2493, #3037, #1880, .T. ) ;
#701 = CARTESIAN_POINT ( 'NONE',  ( -0.01259842519685035536, 0.06476377952755905942, 0.08858267716535433989 ) ) ;
#702 = EDGE_CURVE ( 'NONE', #1726, #842, #3938, .T. ) ;
#703 = ORIENTED_EDGE ( 'NONE', *, *, #103, .T. ) ;
#704 = VECTOR ( 'NONE', #2552, 39.37007874015748143 ) ;
#705 =( LENGTH_UNIT ( ) NAMED_UNIT ( * ) SI_UNIT ( $, .METRE. ) );
#706 = DIRECTION ( 'NONE',  ( 1.000000000000000000, 0.000000000000000000, 0.000000000000000000 ) ) ;
#707 = CARTESIAN_POINT ( 'NONE',  ( -0.2236220472440945128, -0.1005905511811023834, 0.08858267716535433989 ) ) ;
#708 = VECTOR ( 'NONE', #1776, 39.37007874015748143 ) ;
#709 = DIRECTION ( 'NONE',  ( 0.000000000000000000, 0.000000000000000000, -1.000000000000000000 ) ) ;
#710 = UNCERTAINTY_MEASURE_WITH_UNIT (LENGTH_MEASURE( 1.000000000000000082E-05 ), #1104, 'distance_accuracy_value', 'NONE');
#711 = FACE_BOUND ( 'NONE', #2014, .T. ) ;
#712 = FILL_AREA_STYLE_COLOUR ( '', #847 ) ;
#713 =( GEOMETRIC_REPRESENTATION_CONTEXT ( 3 ) GLOBAL_UNCERTAINTY_ASSIGNED_CONTEXT ( ( #2769 ) ) GLOBAL_UNIT_ASSIGNED_CONTEXT ( ( #1797, #3161, #195 ) ) REPRESENTATION_CONTEXT ( 'NONE', 'WORKASPACE' ) );
#714 = VECTOR ( 'NONE', #3211, 39.37007874015748143 ) ;
#715 =( LENGTH_UNIT ( ) NAMED_UNIT ( * ) SI_UNIT ( $, .METRE. ) );
#716 = VECTOR ( 'NONE', #3001, 39.37007874015748143 ) ;
#717 = DIRECTION ( 'NONE',  ( 0.000000000000000000, -1.000000000000000000, 0.000000000000000000 ) ) ;
#718 = VERTEX_POINT ( 'NONE', #3226 ) ;
#719 = PRESENTATION_LAYER_ASSIGNMENT (  '', '', ( #97 ) ) ;
#720 = UNCERTAINTY_MEASURE_WITH_UNIT (LENGTH_MEASURE( 1.000000000000000082E-05 ), #1687, 'distance_accuracy_value', 'NONE');
#721 = DIRECTION ( 'NONE',  ( -1.000000000000000000, 6.776263578034509998E-15, 0.000000000000000000 ) ) ;
#722 = VECTOR ( 'NONE', #3585, 39.37007874015748143 ) ;
#723 = EDGE_LOOP ( 'NONE', ( #2573, #4045, #372, #2267 ) ) ;
#724 = CARTESIAN_POINT ( 'NONE',  ( -0.1712598425196850405, 0.1271653543307086631, 0.000000000000000000 ) ) ;
#725 = DIRECTION ( 'NONE',  ( 1.000000000000000000, -0.000000000000000000, 0.000000000000000000 ) ) ;
#726 = VECTOR ( 'NONE', #1425, 39.37007874015748143 ) ;
#727 = EDGE_CURVE ( 'NONE', #2717, #2265, #634, .T. ) ;
#728 = DIRECTION ( 'NONE',  ( 0.000000000000000000, -0.000000000000000000, -1.000000000000000000 ) ) ;
#729 = ORIENTED_EDGE ( 'NONE', *, *, #2898, .T. ) ;
#730 = LENGTH_MEASURE_WITH_UNIT ( LENGTH_MEASURE( 0.02539999999999999897 ), #2359 );
#731 = SURFACE_STYLE_FILL_AREA ( #682 ) ;
#732 = EDGE_CURVE ( 'NONE', #527, #242, #3207, .T. ) ;
#733 = DIRECTION ( 'NONE',  ( -0.000000000000000000, 1.000000000000000000, 0.000000000000000000 ) ) ;
#734 = DIRECTION ( 'NONE',  ( 0.000000000000000000, 0.000000000000000000, 1.000000000000000000 ) ) ;
#735 = CARTESIAN_POINT ( 'NONE',  ( 0.1712598425196850405, -0.1271653543307086631, 4.370956789862834831E-18 ) ) ;
#736 = FACE_OUTER_BOUND ( 'NONE', #668, .T. ) ;
#737 = FILL_AREA_STYLE ('',( #712 ) ) ;
#738 = EDGE_CURVE ( 'NONE', #248, #1635, #2869, .T. ) ;
#739 = LENGTH_MEASURE_WITH_UNIT ( LENGTH_MEASURE( 0.02539999999999999897 ), #3364 );
#740 = CARTESIAN_POINT ( 'NONE',  ( -0.1814960629921260060, -0.01397637795275590358, -0.1350393700787399509 ) ) ;
#741 = EDGE_CURVE ( 'NONE', #377, #981, #2273, .T. ) ;
#742 = LINE ( 'NONE', #3641, #846 ) ;
#743 = ORIENTED_EDGE ( 'NONE', *, *, #1190, .T. ) ;
#744 = EDGE_CURVE ( 'NONE', #3375, #2630, #2156, .T. ) ;
#745 = VERTEX_POINT ( 'NONE', #1602 ) ;
#746 = LINE ( 'NONE', #2699, #439 ) ;
#747 = CARTESIAN_POINT ( 'NONE',  ( -0.2011530691325340847, -0.04812626974970239668, -0.1178809026634522888 ) ) ;
#748 = ORIENTED_EDGE ( 'NONE', *, *, #2999, .F. ) ;
#749 = CARTESIAN_POINT ( 'NONE',  ( 0.06594488188976375953, -0.1950787401574803070, 0.1519685039370078927 ) ) ;
#750 = LINE ( 'NONE', #3961, #762 ) ;
#751 =( BOUNDED_SURFACE ( )  B_SPLINE_SURFACE ( 3, 3, ( 
 ( #4170, #639, #1255, #3555 ),
 ( #1579, #3616, #2602, #2254 ),
 ( #2944, #1965, #3937, #2556 ),
 ( #953, #3852, #4253, #2213 ) ),
 .UNSPECIFIED., .F., .F., .T. ) 
 B_SPLINE_SURFACE_WITH_KNOTS ( ( 4, 4 ),
 ( 4, 4 ),
 ( 0.000000000000000000, 1.000000000000000000 ),
 ( 0.000000000000000000, 1.000000000000000000 ),
 .UNSPECIFIED. ) 
 GEOMETRIC_REPRESENTATION_ITEM ( )  RATIONAL_B_SPLINE_SURFACE ( (
 ( 1.000000000000000000, 0.8639115692444162553, 0.8639115692444162553, 1.000000000000000000),
 ( 0.7813127819635360405, 0.6749851515368389121, 0.6749851515368389121, 0.7813127819635360405),
 ( 0.7813127819635360405, 0.6749851515368389121, 0.6749851515368389121, 0.7813127819635360405),
 ( 1.000000000000000000, 0.8639115692444162553, 0.8639115692444162553, 1.000000000000000000) ) ) 
 REPRESENTATION_ITEM ( '' )  SURFACE ( )  );
#752 = EDGE_CURVE ( 'NONE', #3254, #2977, #2907, .T. ) ;
#753 = LINE ( 'NONE', #3031, #3525 ) ;
#754 = LINE ( 'NONE', #3296, #1276 ) ;
#755 =( CONVERSION_BASED_UNIT ( 'INCH', #2652 ) LENGTH_UNIT ( ) NAMED_UNIT ( #1078 ) );
#756 = DIRECTION ( 'NONE',  ( 1.000000000000000000, 0.000000000000000000, -0.000000000000000000 ) ) ;
#757 = DIRECTION ( 'NONE',  ( -0.000000000000000000, -1.000000000000000000, -0.000000000000000000 ) ) ;
#758 = EDGE_CURVE ( 'NONE', #3285, #2917, #1647, .T. ) ;
#759 = PLANE ( 'NONE',  #90 ) ;
#760 = ORIENTED_EDGE ( 'NONE', *, *, #2234, .T. ) ;
#761 = CIRCLE ( 'NONE', #2000, 0.01417322834645688354 ) ;
#762 = VECTOR ( 'NONE', #357, 39.37007874015748143 ) ;
#763 = VERTEX_POINT ( 'NONE', #3274 ) ;
#764 = SURFACE_STYLE_FILL_AREA ( #3858 ) ;
#765 = VECTOR ( 'NONE', #3986, 39.37007874015748143 ) ;
#766 = EDGE_LOOP ( 'NONE', ( #4246, #3102, #313, #2419, #2346 ) ) ;
#767 =( NAMED_UNIT ( * ) PLANE_ANGLE_UNIT ( ) SI_UNIT ( $, .RADIAN. ) );
#768 = DIMENSIONAL_EXPONENTS ( 1.000000000000000000, 0.000000000000000000, 0.000000000000000000, 0.000000000000000000, 0.000000000000000000, 0.000000000000000000, 0.000000000000000000 ) ;
#769 = CARTESIAN_POINT ( 'NONE',  ( -0.2488188976377948836, 0.1679133858267716495, -0.1460629921259842534 ) ) ;
#770 = DIRECTION ( 'NONE',  ( 0.000000000000000000, 0.000000000000000000, 1.000000000000000000 ) ) ;
#771 = SURFACE_SIDE_STYLE ('',( #534 ) ) ;
#772 = CIRCLE ( 'NONE', #982, 0.04330708661417324162 ) ;
#773 = FILL_AREA_STYLE_COLOUR ( '', #4154 ) ;
#774 = DIRECTION ( 'NONE',  ( -6.776263578034509998E-15, -1.000000000000000000, 0.000000000000000000 ) ) ;
#775 = ORIENTED_EDGE ( 'NONE', *, *, #3973, .T. ) ;
#776 = FACE_BOUND ( 'NONE', #547, .T. ) ;
#777 = VECTOR ( 'NONE', #797, 39.37007874015748143 ) ;
#778 = AXIS2_PLACEMENT_3D ( 'NONE', #2170, #2448, #533 ) ;
#779 = SURFACE_STYLE_FILL_AREA ( #3721 ) ;
#780 = DIRECTION ( 'NONE',  ( 0.000000000000000000, 0.000000000000000000, 1.000000000000000000 ) ) ;
#781 = VECTOR ( 'NONE', #2593, 39.37007874015748143 ) ;
#782 = ORIENTED_EDGE ( 'NONE', *, *, #1920, .F. ) ;
#783 = ADVANCED_FACE ( 'NONE', ( #318 ), #1918, .F. ) ;
#784 = ORIENTED_EDGE ( 'NONE', *, *, #1924, .T. ) ;
#785 = ORIENTED_EDGE ( 'NONE', *, *, #484, .T. ) ;
#786 = AXIS2_PLACEMENT_3D ( 'NONE', #3343, #109, #3056 ) ;
#787 = CARTESIAN_POINT ( 'NONE',  ( -0.1673228346456692994, 0.02539370078740157272, -0.09015748031496062520 ) ) ;
#788 = UNCERTAINTY_MEASURE_WITH_UNIT (LENGTH_MEASURE( 1.000000000000000082E-05 ), #837, 'distance_accuracy_value', 'NONE');
#789 = EDGE_CURVE ( 'NONE', #3773, #2153, #2945, .T. ) ;
#790 = VECTOR ( 'NONE', #1295, 39.37007874015748143 ) ;
#791 = DIRECTION ( 'NONE',  ( -0.000000000000000000, -1.000000000000000000, -0.000000000000000000 ) ) ;
#792 = ORIENTED_EDGE ( 'NONE', *, *, #50, .F. ) ;
#793 = CARTESIAN_POINT ( 'NONE',  ( 0.1767196476450114129, -0.02781922527257455618, -0.1491510089724058519 ) ) ;
#794 = VECTOR ( 'NONE', #2117, 39.37007874015748143 ) ;
#795 = ADVANCED_FACE ( 'NONE', ( #4254 ), #991, .F. ) ;
#796 = DIRECTION ( 'NONE',  ( -1.000000000000000000, -1.094462760868649956E-16, 0.000000000000000000 ) ) ;
#797 = DIRECTION ( 'NONE',  ( 0.000000000000000000, -1.000000000000000000, -0.000000000000000000 ) ) ;
#798 = DIRECTION ( 'NONE',  ( 1.000000000000000000, 0.000000000000000000, -0.000000000000000000 ) ) ;
#799 = CARTESIAN_POINT ( 'NONE',  ( -0.1702755905511811052, -0.1950787401574803348, 0.04940944881889763191 ) ) ;
#800 = ORIENTED_EDGE ( 'NONE', *, *, #3843, .F. ) ;
#801 = CARTESIAN_POINT ( 'NONE',  ( 0.000000000000000000, 0.1271653543307086631, 0.000000000000000000 ) ) ;
#802 = DIRECTION ( 'NONE',  ( -6.776263578034509998E-15, -1.000000000000000000, 0.000000000000000000 ) ) ;
#803 = EDGE_LOOP ( 'NONE', ( #2174, #303, #1851, #1644 ) ) ;
#804 = SURFACE_STYLE_FILL_AREA ( #1981 ) ;
#805 = ORIENTED_EDGE ( 'NONE', *, *, #809, .F. ) ;
#806 = EDGE_CURVE ( 'NONE', #2812, #4117, #3916, .T. ) ;
#807 = VERTEX_POINT ( 'NONE', #4171 ) ;
#808 = CARTESIAN_POINT ( 'NONE',  ( 0.2106299212598425064, -0.1271653543307086631, -0.02125984251968498009 ) ) ;
#809 = EDGE_CURVE ( 'NONE', #2848, #3291, #1282, .T. ) ;
#810 = CARTESIAN_POINT ( 'NONE',  ( -0.2236220472440945128, 0.1679133858267712609, -0.1460629921259842534 ) ) ;
#811 = EDGE_LOOP ( 'NONE', ( #572, #3765, #1865, #3949 ) ) ;
#812 = CARTESIAN_POINT ( 'NONE',  ( 0.1712598425196842911, -0.02777997789748671426, -0.1492114446302252873 ) ) ;
#813 = EDGE_CURVE ( 'NONE', #3584, #3285, #1902, .T. ) ;
#814 = FACE_OUTER_BOUND ( 'NONE', #918, .T. ) ;
#815 = DIRECTION ( 'NONE',  ( 0.000000000000000000, -1.000000000000000000, 0.000000000000000000 ) ) ;
#816 =( NAMED_UNIT ( * ) PLANE_ANGLE_UNIT ( ) SI_UNIT ( $, .RADIAN. ) );
#817 = PLANE ( 'NONE',  #286 ) ;
#818 = EDGE_LOOP ( 'NONE', ( #3581, #1267, #2046, #4093 ) ) ;
#819 = PLANE ( 'NONE',  #1895 ) ;
#820 = LINE ( 'NONE', #887, #211 ) ;
#821 = DIRECTION ( 'NONE',  ( 0.000000000000000000, 0.000000000000000000, 1.000000000000000000 ) ) ;
#822 = DIRECTION ( 'NONE',  ( 0.000000000000000000, 0.000000000000000000, -1.000000000000000000 ) ) ;
#823 = DIRECTION ( 'NONE',  ( -4.336808689942010340E-16, 0.000000000000000000, -1.000000000000000000 ) ) ;
#824 = VERTEX_POINT ( 'NONE', #1235 ) ;
#825 = LINE ( 'NONE', #1866, #2981 ) ;
#826 = LINE ( 'NONE', #2480, #426 ) ;
#827 = VERTEX_POINT ( 'NONE', #2620 ) ;
#828 = EDGE_LOOP ( 'NONE', ( #3433, #4142, #278, #975 ) ) ;
#829 = VECTOR ( 'NONE', #3096, 39.37007874015748143 ) ;
#830 = VERTEX_POINT ( 'NONE', #3617 ) ;
#831 = DIRECTION ( 'NONE',  ( -1.000000000000000000, -0.000000000000000000, -0.000000000000000000 ) ) ;
#832 = PRESENTATION_LAYER_ASSIGNMENT (  '', '', ( #3379 ) ) ;
#833 = PLANE ( 'NONE',  #3250 ) ;
#834 =( NAMED_UNIT ( * ) SI_UNIT ( $, .STERADIAN. ) SOLID_ANGLE_UNIT ( ) );
#835 = DIRECTION ( 'NONE',  ( -5.421010862427520198E-16, 0.000000000000000000, 1.000000000000000000 ) ) ;
#836 = VERTEX_POINT ( 'NONE', #2557 ) ;
#837 =( CONVERSION_BASED_UNIT ( 'INCH', #2803 ) LENGTH_UNIT ( ) NAMED_UNIT ( #1738 ) );
#838 = CARTESIAN_POINT ( 'NONE',  ( 0.2058974762643020207, 0.02539370078740157965, -0.09015748031496062520 ) ) ;
#839 = EDGE_CURVE ( 'NONE', #610, #2092, #3464, .T. ) ;
#840 = CARTESIAN_POINT ( 'NONE',  ( 0.1712598425196842911, -0.02777997789748671426, -0.1492114446302252873 ) ) ;
#841 = VECTOR ( 'NONE', #190, 39.37007874015748143 ) ;
#842 = VERTEX_POINT ( 'NONE', #3877 ) ;
#843 = VECTOR ( 'NONE', #4102, 39.37007874015748143 ) ;
#844 = STYLED_ITEM ( 'NONE', ( #2775 ), #1007 ) ;
#845 = CARTESIAN_POINT ( 'NONE',  ( -0.1307086614173228467, -0.1005905511811023834, 0.08858267716535433989 ) ) ;
#846 = VECTOR ( 'NONE', #3410, 39.37007874015748143 ) ;
#847 = COLOUR_RGB ( '',0.6470588235294117974, 0.5176470588235293491, 0.000000000000000000 ) ;
#848 = DIRECTION ( 'NONE',  ( 1.000000000000000000, 0.000000000000000000, -0.000000000000000000 ) ) ;
#849 = ORIENTED_EDGE ( 'NONE', *, *, #2234, .F. ) ;
#850 = ORIENTED_EDGE ( 'NONE', *, *, #2727, .T. ) ;
#851 = AXIS2_PLACEMENT_3D ( 'NONE', #3968, #717, #1024 ) ;
#852 = VECTOR ( 'NONE', #2151, 39.37007874015748143 ) ;
#853 = DIRECTION ( 'NONE',  ( 2.710505431213800134E-15, 1.000000000000000000, -0.000000000000000000 ) ) ;
#854 = ORIENTED_EDGE ( 'NONE', *, *, #491, .F. ) ;
#855 = CARTESIAN_POINT ( 'NONE',  ( 0.000000000000000000, 0.06476377952755905942, 0.06338582677165355284 ) ) ;
#856 = DIMENSIONAL_EXPONENTS ( 1.000000000000000000, 0.000000000000000000, 0.000000000000000000, 0.000000000000000000, 0.000000000000000000, 0.000000000000000000, 0.000000000000000000 ) ;
#857 = FACE_OUTER_BOUND ( 'NONE', #3130, .T. ) ;
#858 = EDGE_CURVE ( 'NONE', #4, #1791, #1494, .T. ) ;
#859 =( GEOMETRIC_REPRESENTATION_CONTEXT ( 3 ) GLOBAL_UNCERTAINTY_ASSIGNED_CONTEXT ( ( #788 ) ) GLOBAL_UNIT_ASSIGNED_CONTEXT ( ( #837, #2473, #2517 ) ) REPRESENTATION_CONTEXT ( 'NONE', 'WORKASPACE' ) );
#860 = DIRECTION ( 'NONE',  ( 1.000000000000000000, 0.000000000000000000, -0.000000000000000000 ) ) ;
#861 = CARTESIAN_POINT ( 'NONE',  ( 0.1840551181102362266, 0.06476377952755904555, 0.1281496062992125984 ) ) ;
#862 = FACE_OUTER_BOUND ( 'NONE', #2936, .T. ) ;
#863 = EDGE_LOOP ( 'NONE', ( #2181, #450, #1266, #1836 ) ) ;
#864 = COLOUR_RGB ( '',0.6470588235294117974, 0.5176470588235293491, 0.000000000000000000 ) ;
#865 = CARTESIAN_POINT ( 'NONE',  ( 0.1840551181102362266, -0.1950787401574803348, 0.1017716535433070973 ) ) ;
#866 = EDGE_CURVE ( 'NONE', #3821, #4138, #2708, .T. ) ;
#867 = CARTESIAN_POINT ( 'NONE',  ( -0.2883858267716535306, 0.06476377952755904555, 0.02381889763779493005 ) ) ;
#868 = LINE ( 'NONE', #490, #1595 ) ;
#869 = SURFACE_STYLE_USAGE ( .BOTH. , #1221 ) ;
#870 =( LENGTH_UNIT ( ) NAMED_UNIT ( * ) SI_UNIT ( $, .METRE. ) );
#871 = EDGE_CURVE ( 'NONE', #4152, #610, #2684, .T. ) ;
#872 = ORIENTED_EDGE ( 'NONE', *, *, #223, .T. ) ;
#873 = EDGE_CURVE ( 'NONE', #1047, #3706, #3981, .T. ) ;
#874 = CARTESIAN_POINT ( 'NONE',  ( -0.4724409448818898127, -0.1005905511811023834, 0.000000000000000000 ) ) ;
#875 =( NAMED_UNIT ( * ) SI_UNIT ( $, .STERADIAN. ) SOLID_ANGLE_UNIT ( ) );
#876 = ORIENTED_EDGE ( 'NONE', *, *, #2101, .T. ) ;
#877 = EDGE_CURVE ( 'NONE', #3751, #3821, #355, .T. ) ;
#878 = EDGE_LOOP ( 'NONE', ( #1381, #1547, #785, #3353 ) ) ;
#879 = FACE_OUTER_BOUND ( 'NONE', #137, .T. ) ;
#880 = ORIENTED_EDGE ( 'NONE', *, *, #461, .T. ) ;
#881 = DIRECTION ( 'NONE',  ( 1.000000000000000000, 0.000000000000000000, -0.000000000000000000 ) ) ;
#882 = DIRECTION ( 'NONE',  ( 1.000000000000000000, -0.000000000000000000, 0.000000000000000000 ) ) ;
#883 = DIRECTION ( 'NONE',  ( 0.000000000000000000, -0.000000000000000000, -1.000000000000000000 ) ) ;
#884 = FACE_OUTER_BOUND ( 'NONE', #1557, .T. ) ;
#885 = ORIENTED_EDGE ( 'NONE', *, *, #469, .F. ) ;
#886 = SURFACE_SIDE_STYLE ('',( #1192 ) ) ;
#887 = CARTESIAN_POINT ( 'NONE',  ( 0.2236220472440949014, 0.1679133858267716495, 0.000000000000000000 ) ) ;
#888 = DIRECTION ( 'NONE',  ( 1.000000000000000000, 0.000000000000000000, -0.000000000000000000 ) ) ;
#889 = CARTESIAN_POINT ( 'NONE',  ( 0.1712598425196850405, 0.1271653543307086631, 4.268512490100414360E-18 ) ) ;
#890 = ORIENTED_EDGE ( 'NONE', *, *, #674, .T. ) ;
#891 =( NAMED_UNIT ( * ) SI_UNIT ( $, .STERADIAN. ) SOLID_ANGLE_UNIT ( ) );
#892 = CARTESIAN_POINT ( 'NONE',  ( -0.2106299212598425064, -0.1271653543307086631, 0.000000000000000000 ) ) ;
#893 = CARTESIAN_POINT ( 'NONE',  ( -0.1181102362204724532, 0.000000000000000000, -0.1460629921259842534 ) ) ;
#894 = ADVANCED_FACE ( 'NONE', ( #2646 ), #2048, .T. ) ;
#895 = ORIENTED_EDGE ( 'NONE', *, *, #254, .T. ) ;
#896 = EDGE_LOOP ( 'NONE', ( #1669, #3711, #53, #3303 ) ) ;
#897 = COLOUR_RGB ( '',0.6470588235294117974, 0.5176470588235293491, 0.000000000000000000 ) ;
#898 = ORIENTED_EDGE ( 'NONE', *, *, #21, .F. ) ;
#899 = CARTESIAN_POINT ( 'NONE',  ( 0.000000000000000000, 0.1271653543307086631, -0.02125984251968488642 ) ) ;
#900 = AXIS2_PLACEMENT_3D ( 'NONE', #3209, #584, #4216 ) ;
#901 = CARTESIAN_POINT ( 'NONE',  ( 0.1702755905511811052, -0.1950787401574803348, 0.1017716535433070973 ) ) ;
#902 = CARTESIAN_POINT ( 'NONE',  ( 0.1673228346456692994, -0.01397637795275590705, -0.02125984251968504601 ) ) ;
#903 = VECTOR ( 'NONE', #2339, 39.37007874015748143 ) ;
#904 = ORIENTED_EDGE ( 'NONE', *, *, #1261, .F. ) ;
#905 = CARTESIAN_POINT ( 'NONE',  ( -0.2488188976377952999, -0.1005905511811023834, 0.06338582677165355284 ) ) ;
#906 = CARTESIAN_POINT ( 'NONE',  ( -0.1842584275413869377, -0.02958069154027707579, -0.1464385887818295262 ) ) ;
#907 = CARTESIAN_POINT ( 'NONE',  ( 0.2236220472440947349, 0.1427165354330712788, -0.1460629921259842534 ) ) ;
#908 = CARTESIAN_POINT ( 'NONE',  ( 0.1840551181102362266, -0.1950787401574803070, 0.04940944881889762497 ) ) ;
#909 = CARTESIAN_POINT ( 'NONE',  ( -0.2236220472440945128, 0.06476377952755905942, 0.08858267716535433989 ) ) ;
#910 = ORIENTED_EDGE ( 'NONE', *, *, #1426, .T. ) ;
#911 = SURFACE_SIDE_STYLE ('',( #764 ) ) ;
#912 = FACE_OUTER_BOUND ( 'NONE', #4169, .T. ) ;
#913 = CIRCLE ( 'NONE', #2701, 0.04330708661417324162 ) ;
#914 = CARTESIAN_POINT ( 'NONE',  ( 0.1712598425196850405, -0.1271653543307086631, -0.02125984251968488642 ) ) ;
#915 = CARTESIAN_POINT ( 'NONE',  ( 0.2883858267716535306, 0.06476377952755904555, 0.1281496062992125984 ) ) ;
#916 = AXIS2_PLACEMENT_3D ( 'NONE', #3679, #376, #3614 ) ;
#917 = VERTEX_POINT ( 'NONE', #1342 ) ;
#918 = EDGE_LOOP ( 'NONE', ( #2197, #4098, #3528, #1373 ) ) ;
#919 = ADVANCED_FACE ( 'NONE', ( #2062 ), #335, .F. ) ;
#920 = MECHANICAL_DESIGN_GEOMETRIC_PRESENTATION_REPRESENTATION (  '', ( #4072 ), #3873 ) ;
#921 = VECTOR ( 'NONE', #2233, 39.37007874015748143 ) ;
#922 = ORIENTED_EDGE ( 'NONE', *, *, #618, .T. ) ;
#923 = EDGE_CURVE ( 'NONE', #4158, #827, #3377, .T. ) ;
#924 = VECTOR ( 'NONE', #1612, 39.37007874015748143 ) ;
#925 = DIRECTION ( 'NONE',  ( -1.000000000000000000, 0.000000000000000000, 0.000000000000000000 ) ) ;
#926 = VECTOR ( 'NONE', #2809, 39.37007874015748143 ) ;
#927 = CARTESIAN_POINT ( 'NONE',  ( -0.1712598425196850405, 0.02539370078740157965, -0.1098425196850393581 ) ) ;
#928 = EDGE_CURVE ( 'NONE', #266, #2754, #3960, .T. ) ;
#929 = STYLED_ITEM ( 'NONE', ( #3007 ), #3154 ) ;
#930 = DIRECTION ( 'NONE',  ( 1.000000000000000000, 0.000000000000000000, -0.000000000000000000 ) ) ;
#931 = LINE ( 'NONE', #3850, #11 ) ;
#932 = VERTEX_POINT ( 'NONE', #416 ) ;
#933 = LINE ( 'NONE', #1315, #2367 ) ;
#934 = EDGE_CURVE ( 'NONE', #2493, #2610, #1079, .T. ) ;
#935 = VECTOR ( 'NONE', #19, 39.37007874015748143 ) ;
#936 = CARTESIAN_POINT ( 'NONE',  ( 0.2488188976377952999, -0.1005905511811023834, 0.08858267716535433989 ) ) ;
#937 = AXIS2_PLACEMENT_3D ( 'NONE', #2682, #1077, #1095 ) ;
#938 = CARTESIAN_POINT ( 'NONE',  ( -0.1712598425196850682, -0.0001727780079290724155, -0.1492114446300774055 ) ) ;
#939 = DIRECTION ( 'NONE',  ( -1.000000000000000000, 0.000000000000000000, 0.000000000000000000 ) ) ;
#940 = EDGE_LOOP ( 'NONE', ( #3459, #1314, #2601, #962, #922 ) ) ;
#941 = CIRCLE ( 'NONE', #2792, 0.05511811023622047861 ) ;
#942 = ORIENTED_EDGE ( 'NONE', *, *, #1195, .F. ) ;
#943 = CARTESIAN_POINT ( 'NONE',  ( -0.2488188976377952999, -0.1005905511811023834, 0.08858267716535433989 ) ) ;
#944 = VERTEX_POINT ( 'NONE', #380 ) ;
#945 = EDGE_LOOP ( 'NONE', ( #1721, #3910, #3502, #978 ) ) ;
#946 = ORIENTED_EDGE ( 'NONE', *, *, #3260, .F. ) ;
#947 = PLANE ( 'NONE',  #510 ) ;
#948 = DIRECTION ( 'NONE',  ( -1.636531581110189986E-16, 0.000000000000000000, 1.000000000000000000 ) ) ;
#949 = LINE ( 'NONE', #1213, #3105 ) ;
#950 = DIRECTION ( 'NONE',  ( 0.000000000000000000, -0.000000000000000000, -1.000000000000000000 ) ) ;
#951 = EDGE_CURVE ( 'NONE', #134, #3301, #662, .T. ) ;
#952 = EDGE_LOOP ( 'NONE', ( #581, #910, #4182, #3725 ) ) ;
#953 = CARTESIAN_POINT ( 'NONE',  ( 0.1683473838337799788, -0.01767717494171490086, -0.1447401325263843463 ) ) ;
#954 = DIRECTION ( 'NONE',  ( -0.000000000000000000, -0.000000000000000000, -1.000000000000000000 ) ) ;
#955 = CARTESIAN_POINT ( 'NONE',  ( 0.1943517248372524375, 0.01269496823571158138, -0.1293968530262385452 ) ) ;
#956 = FACE_OUTER_BOUND ( 'NONE', #1101, .T. ) ;
#957 = VERTEX_POINT ( 'NONE', #79 ) ;
#958 = LENGTH_MEASURE_WITH_UNIT ( LENGTH_MEASURE( 0.02539999999999999897 ), #1607 );
#959 = DIRECTION ( 'NONE',  ( 0.000000000000000000, -0.000000000000000000, -1.000000000000000000 ) ) ;
#960 = ORIENTED_EDGE ( 'NONE', *, *, #2658, .F. ) ;
#961 = LINE ( 'NONE', #943, #3532 ) ;
#962 = ORIENTED_EDGE ( 'NONE', *, *, #3344, .F. ) ;
#963 = ORIENTED_EDGE ( 'NONE', *, *, #3149, .T. ) ;
#964 = EDGE_LOOP ( 'NONE', ( #2164, #1115, #3196, #3627 ) ) ;
#965 = CARTESIAN_POINT ( 'NONE',  ( 0.000000000000000000, 0.1950787401574803348, 0.1519685039370078927 ) ) ;
#966 = CARTESIAN_POINT ( 'NONE',  ( -0.05216535433070866590, 0.06476377952755904555, 0.1281496062992129037 ) ) ;
#967 = PLANE ( 'NONE',  #3867 ) ;
#968 = CARTESIAN_POINT ( 'NONE',  ( 0.1921526042007566937, -0.01397637795275590705, -0.1443838085974292751 ) ) ;
#969 = EDGE_CURVE ( 'NONE', #2043, #3952, #1016, .T. ) ;
#970 = DIRECTION ( 'NONE',  ( -4.336808689942010340E-16, 0.000000000000000000, -1.000000000000000000 ) ) ;
#971 = DIRECTION ( 'NONE',  ( 0.000000000000000000, -1.000000000000000000, 0.000000000000000000 ) ) ;
#972 = CIRCLE ( 'NONE', #1110, 0.02482976955343117742 ) ;
#973 = PLANE ( 'NONE',  #1891 ) ;
#974 = FACE_BOUND ( 'NONE', #3421, .T. ) ;
#975 = ORIENTED_EDGE ( 'NONE', *, *, #2960, .T. ) ;
#976 = COLOUR_RGB ( '',0.6470588235294117974, 0.5176470588235293491, 0.000000000000000000 ) ;
#977 = SURFACE_STYLE_FILL_AREA ( #2566 ) ;
#978 = ORIENTED_EDGE ( 'NONE', *, *, #1996, .F. ) ;
#979 = CARTESIAN_POINT ( 'NONE',  ( 0.2236220472440945128, 0.06476377952755905942, 0.06338582677165355284 ) ) ;
#980 = ORIENTED_EDGE ( 'NONE', *, *, #4099, .T. ) ;
#981 = VERTEX_POINT ( 'NONE', #105 ) ;
#982 = AXIS2_PLACEMENT_3D ( 'NONE', #1064, #3638, #363 ) ;
#983 = ORIENTED_EDGE ( 'NONE', *, *, #1271, .F. ) ;
#984 = DIRECTION ( 'NONE',  ( -0.000000000000000000, -0.000000000000000000, 1.000000000000000000 ) ) ;
#985 = PRESENTATION_LAYER_ASSIGNMENT (  '', '', ( #3316 ) ) ;
#986 = MECHANICAL_DESIGN_GEOMETRIC_PRESENTATION_REPRESENTATION (  '', ( #844 ), #3803 ) ;
#987 = CARTESIAN_POINT ( 'NONE',  ( -0.02755905511811023584, -0.08011811023622049388, 0.1519685039370078927 ) ) ;
#988 = VECTOR ( 'NONE', #3934, 39.37007874015748143 ) ;
#989 = CARTESIAN_POINT ( 'NONE',  ( 0.1712598425196850405, -0.0001727780079289358603, -0.1492114446300773223 ) ) ;
#990 = CARTESIAN_POINT ( 'NONE',  ( 0.1744723723661092130, -0.005610671266375713388, -0.1512698035913803141 ) ) ;
#991 = PLANE ( 'NONE',  #359 ) ;
#992 = PRESENTATION_LAYER_ASSIGNMENT (  '', '', ( #929 ) ) ;
#993 = CARTESIAN_POINT ( 'NONE',  ( -0.1712598425196850405, -0.02528496125785107199, -0.1492420615953287399 ) ) ;
#994 = CARTESIAN_POINT ( 'NONE',  ( 0.2488188976377952999, -0.1005905511811023834, 0.06338582677165355284 ) ) ;
#995 = ADVANCED_FACE ( 'NONE', ( #683 ), #3998, .T. ) ;
#996 = CARTESIAN_POINT ( 'NONE',  ( -0.01259842519685019230, 0.1679133858267713719, -0.1460629921259842534 ) ) ;
#997 = DIRECTION ( 'NONE',  ( -0.000000000000000000, -1.000000000000000000, -0.000000000000000000 ) ) ;
#998 = VECTOR ( 'NONE', #1169, 39.37007874015748143 ) ;
#999 = ORIENTED_EDGE ( 'NONE', *, *, #3414, .T. ) ;
#1000 = DIRECTION ( 'NONE',  ( 0.000000000000000000, 0.000000000000000000, 1.000000000000000000 ) ) ;
#1001 = LINE ( 'NONE', #3258, #2752 ) ;
#1002 = VERTEX_POINT ( 'NONE', #3399 ) ;
#1003 = VECTOR ( 'NONE', #881, 39.37007874015748143 ) ;
#1004 = EDGE_CURVE ( 'NONE', #1105, #1069, #2468, .T. ) ;
#1005 = CARTESIAN_POINT ( 'NONE',  ( 0.1840551181102362266, 0.06476377952755905942, 0.04940944881889763191 ) ) ;
#1006 = VERTEX_POINT ( 'NONE', #2487 ) ;
#1007 = ADVANCED_FACE ( 'NONE', ( #814 ), #2817, .T. ) ;
#1008 = ORIENTED_EDGE ( 'NONE', *, *, #360, .F. ) ;
#1009 = VECTOR ( 'NONE', #657, 39.37007874015748143 ) ;
#1010 = AXIS2_PLACEMENT_3D ( 'NONE', #64, #2108, #2756 ) ;
#1011 = ORIENTED_EDGE ( 'NONE', *, *, #2675, .T. ) ;
#1012 = DIRECTION ( 'NONE',  ( -1.000000000000000000, 0.000000000000000000, 0.000000000000000000 ) ) ;
#1013 =( CONVERSION_BASED_UNIT ( 'INCH', #348 ) LENGTH_UNIT ( ) NAMED_UNIT ( #194 ) );
#1014 = CARTESIAN_POINT ( 'NONE',  ( -0.1854776627045517101, -0.03091508139366304017, -0.1443838085985308106 ) ) ;
#1015 = CARTESIAN_POINT ( 'NONE',  ( 0.000000000000000000, 0.000000000000000000, -0.1460629921259842534 ) ) ;
#1016 = LINE ( 'NONE', #1058, #291 ) ;
#1017 = DIRECTION ( 'NONE',  ( -1.000000000000000000, -0.000000000000000000, 0.000000000000000000 ) ) ;
#1018 = PLANE ( 'NONE',  #2283 ) ;
#1019 = CARTESIAN_POINT ( 'NONE',  ( -0.3120078740157480324, -0.1950787401574803348, 0.02381889763779528046 ) ) ;
#1020 = DIRECTION ( 'NONE',  ( -0.000000000000000000, 1.000000000000000000, 0.000000000000000000 ) ) ;
#1021 = FILL_AREA_STYLE_COLOUR ( '', #520 ) ;
#1022 = LENGTH_MEASURE_WITH_UNIT ( LENGTH_MEASURE( 0.02539999999999999897 ), #3034 );
#1023 = EDGE_LOOP ( 'NONE', ( #1008, #3759, #1656, #1506 ) ) ;
#1024 = DIRECTION ( 'NONE',  ( 0.000000000000000000, -0.000000000000000000, -1.000000000000000000 ) ) ;
#1025 = ORIENTED_EDGE ( 'NONE', *, *, #1954, .T. ) ;
#1026 = DIRECTION ( 'NONE',  ( 0.000000000000000000, 0.000000000000000000, -1.000000000000000000 ) ) ;
#1027 = ORIENTED_EDGE ( 'NONE', *, *, #550, .T. ) ;
#1028 = ADVANCED_FACE ( 'NONE', ( #1118 ), #2423, .T. ) ;
#1029 = UNCERTAINTY_MEASURE_WITH_UNIT (LENGTH_MEASURE( 1.000000000000000082E-05 ), #1013, 'distance_accuracy_value', 'NONE');
#1030 = ADVANCED_FACE ( 'NONE', ( #204 ), #4124, .F. ) ;
#1031 = CARTESIAN_POINT ( 'NONE',  ( -0.1181102362204724532, 0.1427165354330712788, -0.1460629921259842534 ) ) ;
#1032 = ORIENTED_EDGE ( 'NONE', *, *, #934, .F. ) ;
#1033 = DIRECTION ( 'NONE',  ( 1.000000000000000000, 0.000000000000000000, 4.336808689942020694E-16 ) ) ;
#1034 = ADVANCED_FACE ( 'NONE', ( #857 ), #2123, .T. ) ;
#1035 = CARTESIAN_POINT ( 'NONE',  ( -0.1055118110236220597, 0.06476377952755905942, 0.08858267716535433989 ) ) ;
#1036 = ORIENTED_EDGE ( 'NONE', *, *, #928, .T. ) ;
#1037 = CARTESIAN_POINT ( 'NONE',  ( 0.2236220472440947349, 0.1427165354330712788, -0.1460629921259842534 ) ) ;
#1038 = CARTESIAN_POINT ( 'NONE',  ( -0.2106299212598425064, -0.1271653543307086631, -0.02125984251968503908 ) ) ;
#1039 = FACE_OUTER_BOUND ( 'NONE', #2576, .T. ) ;
#1040 = LINE ( 'NONE', #1345, #2575 ) ;
#1041 =( GEOMETRIC_REPRESENTATION_CONTEXT ( 3 ) GLOBAL_UNCERTAINTY_ASSIGNED_CONTEXT ( ( #1368 ) ) GLOBAL_UNIT_ASSIGNED_CONTEXT ( ( #2157, #2455, #3160 ) ) REPRESENTATION_CONTEXT ( 'NONE', 'WORKASPACE' ) );
#1042 = CARTESIAN_POINT ( 'NONE',  ( 0.2488188976377952999, 0.06476377952755905942, 0.08858267716535433989 ) ) ;
#1043 = CARTESIAN_POINT ( 'NONE',  ( -0.1840551181102362266, 0.06476377952755904555, 0.04940944881889763191 ) ) ;
#1044 = VECTOR ( 'NONE', #3378, 39.37007874015748143 ) ;
#1045 = LINE ( 'NONE', #425, #3045 ) ;
#1046 = VECTOR ( 'NONE', #2454, 39.37007874015748143 ) ;
#1047 = VERTEX_POINT ( 'NONE', #1855 ) ;
#1048 = EDGE_CURVE ( 'NONE', #2528, #2989, #1211, .T. ) ;
#1049 = ADVANCED_FACE ( 'NONE', ( #3739 ), #3440, .T. ) ;
#1050 = ORIENTED_EDGE ( 'NONE', *, *, #1317, .F. ) ;
#1051 = DIRECTION ( 'NONE',  ( -1.000000000000000000, 0.000000000000000000, -0.000000000000000000 ) ) ;
#1052 = VECTOR ( 'NONE', #3898, 39.37007874015748143 ) ;
#1053 = EDGE_CURVE ( 'NONE', #515, #2764, #251, .T. ) ;
#1054 = CARTESIAN_POINT ( 'NONE',  ( 0.1712598425196850682, -0.008405870435638666816, -0.1471899452704160394 ) ) ;
#1055 = ORIENTED_EDGE ( 'NONE', *, *, #2642, .T. ) ;
#1056 = PRESENTATION_STYLE_ASSIGNMENT (( #2047 ) ) ;
#1057 = EDGE_CURVE ( 'NONE', #1990, #1492, #3914, .T. ) ;
#1058 = CARTESIAN_POINT ( 'NONE',  ( 0.1307086614173224581, 0.000000000000000000, -0.1460629921259842534 ) ) ;
#1059 = DIRECTION ( 'NONE',  ( -1.000000000000000000, 0.000000000000000000, -0.000000000000000000 ) ) ;
#1060 = VECTOR ( 'NONE', #2762, 39.37007874015748143 ) ;
#1061 = VECTOR ( 'NONE', #3573, 39.37007874015748143 ) ;
#1062 = FACE_OUTER_BOUND ( 'NONE', #457, .T. ) ;
#1063 = DIRECTION ( 'NONE',  ( -0.000000000000000000, -0.000000000000000000, -1.000000000000000000 ) ) ;
#1064 = CARTESIAN_POINT ( 'NONE',  ( -0.1673228346456692994, -0.01397637795275590705, -0.02125984251968504601 ) ) ;
#1065 = PLANE ( 'NONE',  #1734 ) ;
#1066 = VERTEX_POINT ( 'NONE', #3504 ) ;
#1067 = VECTOR ( 'NONE', #798, 39.37007874015748143 ) ;
#1068 = DIRECTION ( 'NONE',  ( -1.000000000000000000, 0.000000000000000000, -0.000000000000000000 ) ) ;
#1069 = VERTEX_POINT ( 'NONE', #4206 ) ;
#1070 = MECHANICAL_DESIGN_GEOMETRIC_PRESENTATION_REPRESENTATION (  '', ( #1284 ), #1421 ) ;
#1071 = AXIS2_PLACEMENT_3D ( 'NONE', #3695, #98, #675 ) ;
#1072 = ORIENTED_EDGE ( 'NONE', *, *, #1128, .F. ) ;
#1073 = CARTESIAN_POINT ( 'NONE',  ( 0.06594488188976378729, -0.1950787401574803070, 0.1281496062992125984 ) ) ;
#1074 = EDGE_CURVE ( 'NONE', #183, #4017, #2251, .T. ) ;
#1075 = PLANE ( 'NONE',  #4071 ) ;
#1076 = ORIENTED_EDGE ( 'NONE', *, *, #281, .F. ) ;
#1077 = DIRECTION ( 'NONE',  ( 1.000000000000000000, -0.000000000000000000, 3.273063162220370111E-16 ) ) ;
#1078 = DIMENSIONAL_EXPONENTS ( 1.000000000000000000, 0.000000000000000000, 0.000000000000000000, 0.000000000000000000, 0.000000000000000000, 0.000000000000000000, 0.000000000000000000 ) ;
#1079 = LINE ( 'NONE', #2667, #3389 ) ;
#1080 = ADVANCED_FACE ( 'NONE', ( #3550 ), #2864, .T. ) ;
#1081 = FACE_OUTER_BOUND ( 'NONE', #3168, .T. ) ;
#1082 = PRODUCT_RELATED_PRODUCT_CATEGORY ( 'part', '', ( #158 ) ) ;
#1083 = DIRECTION ( 'NONE',  ( -1.000000000000000000, 0.000000000000000000, 1.636531581110200093E-16 ) ) ;
#1084 = DIRECTION ( 'NONE',  ( 0.000000000000000000, -0.000000000000000000, -1.000000000000000000 ) ) ;
#1085 = DIRECTION ( 'NONE',  ( 1.000000000000000000, 0.000000000000000000, -0.000000000000000000 ) ) ;
#1086 = SURFACE_SIDE_STYLE ('',( #4026 ) ) ;
#1087 = LINE ( 'NONE', #3365, #765 ) ;
#1088 = DIRECTION ( 'NONE',  ( 1.000000000000000000, 0.000000000000000000, 5.421010862427520198E-16 ) ) ;
#1089 = DIRECTION ( 'NONE',  ( 0.000000000000000000, -0.000000000000000000, -1.000000000000000000 ) ) ;
#1090 = ORIENTED_EDGE ( 'NONE', *, *, #1479, .T. ) ;
#1091 = CARTESIAN_POINT ( 'NONE',  ( 0.1991004201989724498, -0.04586675547748415849, -0.1213602495472870940 ) ) ;
#1092 = VERTEX_POINT ( 'NONE', #314 ) ;
#1093 = CARTESIAN_POINT ( 'NONE',  ( 0.01259842519685035710, -0.1005905511811023834, 0.08858267716535433989 ) ) ;
#1094 = ORIENTED_EDGE ( 'NONE', *, *, #702, .T. ) ;
#1095 = DIRECTION ( 'NONE',  ( 3.273063162220370111E-16, 0.000000000000000000, -1.000000000000000000 ) ) ;
#1096 = CARTESIAN_POINT ( 'NONE',  ( -0.1818740027629193734, -0.02867198088477109982, -0.1478378804824882209 ) ) ;
#1097 = DIRECTION ( 'NONE',  ( -1.000000000000000000, 0.000000000000000000, -0.000000000000000000 ) ) ;
#1098 = DIRECTION ( 'NONE',  ( -6.776263578034509998E-15, -1.000000000000000000, 0.000000000000000000 ) ) ;
#1099 = CARTESIAN_POINT ( 'NONE',  ( 0.2236220472440945128, 0.06476377952755905942, 0.06338582677165355284 ) ) ;
#1100 = PRESENTATION_STYLE_ASSIGNMENT (( #2012 ) ) ;
#1101 = EDGE_LOOP ( 'NONE', ( #880, #4118, #4187, #3674 ) ) ;
#1102 = EDGE_CURVE ( 'NONE', #1635, #2410, #635, .T. ) ;
#1103 = PRODUCT_DEFINITION_CONTEXT ( 'detailed design', #2144, 'design' ) ;
#1104 =( CONVERSION_BASED_UNIT ( 'INCH', #1022 ) LENGTH_UNIT ( ) NAMED_UNIT ( #1166 ) );
#1105 = VERTEX_POINT ( 'NONE', #2190 ) ;
#1106 = DIMENSIONAL_EXPONENTS ( 1.000000000000000000, 0.000000000000000000, 0.000000000000000000, 0.000000000000000000, 0.000000000000000000, 0.000000000000000000, 0.000000000000000000 ) ;
#1107 = CARTESIAN_POINT ( 'NONE',  ( -0.3120078740157480324, -0.1950787401574803348, 0.1281496062992125984 ) ) ;
#1108 = VERTEX_POINT ( 'NONE', #4248 ) ;
#1109 = B_SPLINE_CURVE_WITH_KNOTS ( 'NONE', 3,
 ( #408, #1091, #1722, #133 ),
 .UNSPECIFIED., .F., .F.,
 ( 4, 4 ),
 ( 1.174541061066811467E-14, 0.001167636652703314465 ),
 .UNSPECIFIED. ) ;
#1110 = AXIS2_PLACEMENT_3D ( 'NONE', #299, #1662, #3275 ) ;
#1111 = ORIENTED_EDGE ( 'NONE', *, *, #1978, .T. ) ;
#1112 = ORIENTED_EDGE ( 'NONE', *, *, #839, .F. ) ;
#1113 = DIRECTION ( 'NONE',  ( 1.000000000000000000, 0.000000000000000000, -2.710505431213759902E-15 ) ) ;
#1114 = PLANE ( 'NONE',  #1613 ) ;
#1115 = ORIENTED_EDGE ( 'NONE', *, *, #873, .F. ) ;
#1116 = DIRECTION ( 'NONE',  ( 1.000000000000000000, 0.000000000000000000, 0.000000000000000000 ) ) ;
#1117 = AXIS2_PLACEMENT_3D ( 'NONE', #874, #589, #2182 ) ;
#1118 = FACE_OUTER_BOUND ( 'NONE', #1619, .T. ) ;
#1119 = DIRECTION ( 'NONE',  ( 4.336808689941999494E-16, -0.000000000000000000, -1.000000000000000000 ) ) ;
#1120 = VECTOR ( 'NONE', #56, 39.37007874015748143 ) ;
#1121 = CARTESIAN_POINT ( 'NONE',  ( 0.2236220472440945128, 0.06476377952755905942, 0.08858267716535433989 ) ) ;
#1122 = VERTEX_POINT ( 'NONE', #966 ) ;
#1123 = DIRECTION ( 'NONE',  ( 0.000000000000000000, 0.000000000000000000, 1.000000000000000000 ) ) ;
#1124 = PRESENTATION_STYLE_ASSIGNMENT (( #3663 ) ) ;
#1125 = AXIS2_PLACEMENT_3D ( 'NONE', #3151, #3067, #3437 ) ;
#1126 = PRESENTATION_LAYER_ASSIGNMENT (  '', '', ( #844 ) ) ;
#1127 = ORIENTED_EDGE ( 'NONE', *, *, #2329, .F. ) ;
#1128 = EDGE_CURVE ( 'NONE', #1578, #3438, #2579, .T. ) ;
#1129 = LINE ( 'NONE', #4092, #1415 ) ;
#1130 = CARTESIAN_POINT ( 'NONE',  ( 0.000000000000000000, 0.1427165354330712788, -0.1460629921259842534 ) ) ;
#1131 = VECTOR ( 'NONE', #3872, 39.37007874015748143 ) ;
#1132 = VECTOR ( 'NONE', #1238, 39.37007874015748143 ) ;
#1133 = ORIENTED_EDGE ( 'NONE', *, *, #3210, .F. ) ;
#1134 = EDGE_CURVE ( 'NONE', #3959, #1892, #3874, .T. ) ;
#1135 = AXIS2_PLACEMENT_3D ( 'NONE', #1480, #2134, #1222 ) ;
#1136 = LINE ( 'NONE', #95, #4143 ) ;
#1137 = EDGE_CURVE ( 'NONE', #3240, #2097, #3242, .T. ) ;
#1138 = VERTEX_POINT ( 'NONE', #596 ) ;
#1139 = DIMENSIONAL_EXPONENTS ( 1.000000000000000000, 0.000000000000000000, 0.000000000000000000, 0.000000000000000000, 0.000000000000000000, 0.000000000000000000, 0.000000000000000000 ) ;
#1140 = ORIENTED_EDGE ( 'NONE', *, *, #597, .F. ) ;
#1141 = COLOUR_RGB ( '',0.6470588235294117974, 0.5176470588235293491, 0.000000000000000000 ) ;
#1142 = UNCERTAINTY_MEASURE_WITH_UNIT (LENGTH_MEASURE( 1.000000000000000082E-05 ), #3673, 'distance_accuracy_value', 'NONE');
#1143 = DIRECTION ( 'NONE',  ( 1.000000000000000000, 1.094462760868649956E-16, -0.000000000000000000 ) ) ;
#1144 = ORIENTED_EDGE ( 'NONE', *, *, #13, .T. ) ;
#1145 = FACE_OUTER_BOUND ( 'NONE', #2435, .T. ) ;
#1146 = VECTOR ( 'NONE', #2678, 39.37007874015748143 ) ;
#1147 = FILL_AREA_STYLE_COLOUR ( '', #2695 ) ;
#1148 = DIRECTION ( 'NONE',  ( -1.000000000000000000, 0.000000000000000000, -0.000000000000000000 ) ) ;
#1149 = PLANE ( 'NONE',  #1418 ) ;
#1150 = DIRECTION ( 'NONE',  ( 0.000000000000000000, -0.000000000000000000, -1.000000000000000000 ) ) ;
#1151 = ORIENTED_EDGE ( 'NONE', *, *, #3021, .F. ) ;
#1152 = LINE ( 'NONE', #467, #1623 ) ;
#1153 = CARTESIAN_POINT ( 'NONE',  ( -0.2106299212598425064, -0.05334645669291339376, -0.02125984251968503908 ) ) ;
#1154 = CARTESIAN_POINT ( 'NONE',  ( 0.1712598425196850682, -0.01632891177375457581, -0.1454513170360799690 ) ) ;
#1155 =( CONVERSION_BASED_UNIT ( 'INCH', #3839 ) LENGTH_UNIT ( ) NAMED_UNIT ( #3383 ) );
#1156 = CARTESIAN_POINT ( 'NONE',  ( -0.2488188976377952999, -0.1005905511811023834, 0.06338582677165355284 ) ) ;
#1157 = ORIENTED_EDGE ( 'NONE', *, *, #4091, .F. ) ;
#1158 = FACE_OUTER_BOUND ( 'NONE', #1655, .T. ) ;
#1159 = LINE ( 'NONE', #2184, #1617 ) ;
#1160 = ORIENTED_EDGE ( 'NONE', *, *, #3466, .T. ) ;
#1161 = VERTEX_POINT ( 'NONE', #1961 ) ;
#1162 = CARTESIAN_POINT ( 'NONE',  ( 0.1055118110236220597, 0.06476377952755905942, 0.08858267716535433989 ) ) ;
#1163 = ORIENTED_EDGE ( 'NONE', *, *, #511, .T. ) ;
#1164 = ADVANCED_FACE ( 'NONE', ( #1642 ), #4184, .T. ) ;
#1165 = LINE ( 'NONE', #3134, #1353 ) ;
#1166 = DIMENSIONAL_EXPONENTS ( 1.000000000000000000, 0.000000000000000000, 0.000000000000000000, 0.000000000000000000, 0.000000000000000000, 0.000000000000000000, 0.000000000000000000 ) ;
#1167 = DIRECTION ( 'NONE',  ( 1.000000000000000000, 1.094462760868649956E-16, 0.000000000000000000 ) ) ;
#1168 = DIRECTION ( 'NONE',  ( -1.000000000000000000, 2.710505431213800134E-15, 0.000000000000000000 ) ) ;
#1169 = DIRECTION ( 'NONE',  ( 1.000000000000000000, -0.000000000000000000, 0.000000000000000000 ) ) ;
#1170 = CARTESIAN_POINT ( 'NONE',  ( 0.1712598425196850405, -0.1271653543307086631, -0.02125984251968488642 ) ) ;
#1171 = ORIENTED_EDGE ( 'NONE', *, *, #2523, .F. ) ;
#1172 = DIRECTION ( 'NONE',  ( 0.000000000000000000, -0.000000000000000000, -1.000000000000000000 ) ) ;
#1173 = CARTESIAN_POINT ( 'NONE',  ( 0.1702755905511811052, 0.06476377952755904555, 0.02381889763779507924 ) ) ;
#1174 = VERTEX_POINT ( 'NONE', #927 ) ;
#1175 = PLANE ( 'NONE',  #2850 ) ;
#1176 = DIRECTION ( 'NONE',  ( 1.000000000000000000, 0.000000000000000000, 0.000000000000000000 ) ) ;
#1177 = ORIENTED_EDGE ( 'NONE', *, *, #1351, .F. ) ;
#1178 = AXIS2_PLACEMENT_3D ( 'NONE', #2824, #519, #3186 ) ;
#1179 = ORIENTED_EDGE ( 'NONE', *, *, #3150, .F. ) ;
#1180 = ADVANCED_FACE ( 'NONE', ( #614 ), #1622, .T. ) ;
#1181 = ADVANCED_FACE ( 'NONE', ( #3586 ), #3895, .T. ) ;
#1182 = FACE_OUTER_BOUND ( 'NONE', #1279, .T. ) ;
#1183 = VERTEX_POINT ( 'NONE', #3567 ) ;
#1184 = LINE ( 'NONE', #2511, #2093 ) ;
#1185 = DIRECTION ( 'NONE',  ( -1.000000000000000000, 0.000000000000000000, 1.636531581110200093E-16 ) ) ;
#1186 = EDGE_CURVE ( 'NONE', #3642, #1910, #4231, .T. ) ;
#1187 = FILL_AREA_STYLE_COLOUR ( '', #1677 ) ;
#1188 = DIRECTION ( 'NONE',  ( 0.000000000000000000, 0.000000000000000000, 1.000000000000000000 ) ) ;
#1189 = LINE ( 'NONE', #444, #3175 ) ;
#1190 = EDGE_CURVE ( 'NONE', #3805, #3959, #4078, .T. ) ;
#1191 = ORIENTED_EDGE ( 'NONE', *, *, #69, .T. ) ;
#1192 = SURFACE_STYLE_FILL_AREA ( #3492 ) ;
#1193 = VECTOR ( 'NONE', #2126, 39.37007874015748143 ) ;
#1194 = DIMENSIONAL_EXPONENTS ( 1.000000000000000000, 0.000000000000000000, 0.000000000000000000, 0.000000000000000000, 0.000000000000000000, 0.000000000000000000, 0.000000000000000000 ) ;
#1195 = EDGE_CURVE ( 'NONE', #1708, #2202, #1559, .T. ) ;
#1196 = LENGTH_MEASURE_WITH_UNIT ( LENGTH_MEASURE( 0.02539999999999999897 ), #3518 );
#1197 = PRESENTATION_STYLE_ASSIGNMENT (( #1823 ) ) ;
#1198 = ORIENTED_EDGE ( 'NONE', *, *, #1355, .T. ) ;
#1199 = VECTOR ( 'NONE', #3106, 39.37007874015748143 ) ;
#1200 = VECTOR ( 'NONE', #3901, 39.37007874015748143 ) ;
#1201 = DIRECTION ( 'NONE',  ( -0.000000000000000000, 1.000000000000000000, 0.000000000000000000 ) ) ;
#1202 = COLOUR_RGB ( '',0.6470588235294117974, 0.5176470588235293491, 0.000000000000000000 ) ;
#1203 = VECTOR ( 'NONE', #2532, 39.37007874015748143 ) ;
#1204 = DIRECTION ( 'NONE',  ( 0.000000000000000000, 1.000000000000000000, -0.000000000000000000 ) ) ;
#1205 = EDGE_LOOP ( 'NONE', ( #4008, #782, #569, #2794, #1944, #559 ) ) ;
#1206 = VERTEX_POINT ( 'NONE', #2208 ) ;
#1207 = VECTOR ( 'NONE', #3156, 39.37007874015748143 ) ;
#1208 = CARTESIAN_POINT ( 'NONE',  ( -0.2106299212598425064, -0.1271653543307086631, -0.02125984251968503908 ) ) ;
#1209 = ORIENTED_EDGE ( 'NONE', *, *, #2119, .F. ) ;
#1210 = LINE ( 'NONE', #3829, #1003 ) ;
#1211 = LINE ( 'NONE', #769, #17 ) ;
#1212 = PRESENTATION_LAYER_ASSIGNMENT (  '', '', ( #3545 ) ) ;
#1213 = CARTESIAN_POINT ( 'NONE',  ( 0.1307086614173228467, 0.1679133858267712609, -0.1460629921259842534 ) ) ;
#1214 = DIRECTION ( 'NONE',  ( 1.000000000000000000, 0.000000000000000000, 0.000000000000000000 ) ) ;
#1215 = DIRECTION ( 'NONE',  ( 0.000000000000000000, 0.7342720682754588779, 0.6788553084056129228 ) ) ;
#1216 = ORIENTED_EDGE ( 'NONE', *, *, #1355, .F. ) ;
#1217 = CIRCLE ( 'NONE', #3687, 0.05511811023622047861 ) ;
#1218 = LINE ( 'NONE', #518, #3651 ) ;
#1219 = LINE ( 'NONE', #4155, #2895 ) ;
#1220 = ADVANCED_FACE ( 'NONE', ( #3522 ), #577, .F. ) ;
#1221 = SURFACE_SIDE_STYLE ('',( #3140 ) ) ;
#1222 = DIRECTION ( 'NONE',  ( 1.000000000000000000, 0.000000000000000000, -0.000000000000000000 ) ) ;
#1223 = VERTEX_POINT ( 'NONE', #677 ) ;
#1224 = DIRECTION ( 'NONE',  ( 3.273063162220370111E-16, 0.000000000000000000, -1.000000000000000000 ) ) ;
#1225 = CARTESIAN_POINT ( 'NONE',  ( -0.1673228346456692994, -0.06909448818897637179, -0.09015748031496062520 ) ) ;
#1226 = VERTEX_POINT ( 'NONE', #1336 ) ;
#1227 = VERTEX_POINT ( 'NONE', #3008 ) ;
#1228 = ORIENTED_EDGE ( 'NONE', *, *, #3471, .T. ) ;
#1229 = DIRECTION ( 'NONE',  ( 1.000000000000000000, 0.000000000000000000, 0.000000000000000000 ) ) ;
#1230 = LENGTH_MEASURE_WITH_UNIT ( LENGTH_MEASURE( 0.02539999999999999897 ), #125 );
#1231 = LINE ( 'NONE', #2881, #1947 ) ;
#1232 = VERTEX_POINT ( 'NONE', #698 ) ;
#1233 = CARTESIAN_POINT ( 'NONE',  ( -0.1673228346456693827, -0.01397637795275590358, -0.1350393700787399509 ) ) ;
#1234 = EDGE_CURVE ( 'NONE', #3371, #1807, #658, .T. ) ;
#1235 = CARTESIAN_POINT ( 'NONE',  ( -0.06594488188976378729, -0.1950787401574803070, 0.1281496062992125984 ) ) ;
#1236 = CARTESIAN_POINT ( 'NONE',  ( 0.1712598425196850682, -0.02531911916773578811, -0.1492416424351508675 ) ) ;
#1237 = CARTESIAN_POINT ( 'NONE',  ( 0.1055118110236220597, 0.06476377952755905942, 0.08858267716535433989 ) ) ;
#1238 = DIRECTION ( 'NONE',  ( 0.000000000000000000, 0.000000000000000000, 1.000000000000000000 ) ) ;
#1239 = ORIENTED_EDGE ( 'NONE', *, *, #2898, .F. ) ;
#1240 = LINE ( 'NONE', #3084, #794 ) ;
#1241 =( CONVERSION_BASED_UNIT ( 'INCH', #2951 ) LENGTH_UNIT ( ) NAMED_UNIT ( #1139 ) );
#1242 = LINE ( 'NONE', #2222, #926 ) ;
#1243 = ADVANCED_FACE ( 'NONE', ( #2292 ), #2045, .T. ) ;
#1244 = CARTESIAN_POINT ( 'NONE',  ( -0.1712598425196850682, -0.0001727780079290724155, -0.1492114446300774055 ) ) ;
#1245 = EDGE_LOOP ( 'NONE', ( #963, #1653, #2372, #4243 ) ) ;
#1246 = ADVANCED_FACE ( 'NONE', ( #2959 ), #7, .T. ) ;
#1247 = EDGE_LOOP ( 'NONE', ( #3628, #4201, #652, #3234 ) ) ;
#1248 = EDGE_CURVE ( 'NONE', #836, #471, #2312, .T. ) ;
#1249 = VERTEX_POINT ( 'NONE', #1801 ) ;
#1250 = CARTESIAN_POINT ( 'NONE',  ( 0.06594488188976378729, 0.06476377952755905942, 0.04940944881889763191 ) ) ;
#1251 = DIRECTION ( 'NONE',  ( 1.000000000000000000, 0.000000000000000000, 0.000000000000000000 ) ) ;
#1252 =( NAMED_UNIT ( * ) SI_UNIT ( $, .STERADIAN. ) SOLID_ANGLE_UNIT ( ) );
#1253 = VECTOR ( 'NONE', #3407, 39.37007874015748143 ) ;
#1254 = VERTEX_POINT ( 'NONE', #3101 ) ;
#1255 = CARTESIAN_POINT ( 'NONE',  ( 0.1921526042007566659, -0.02557764704353598234, -0.1443838085974293028 ) ) ;
#1256 = CARTESIAN_POINT ( 'NONE',  ( -0.01259842519685035536, -0.1005905511811023834, 0.06338582677165355284 ) ) ;
#1257 = CARTESIAN_POINT ( 'NONE',  ( 0.1854776627032995728, 0.002962325489353517805, -0.1443838085966794860 ) ) ;
#1258 = DIRECTION ( 'NONE',  ( 0.000000000000000000, -0.000000000000000000, -1.000000000000000000 ) ) ;
#1259 = DIRECTION ( 'NONE',  ( -1.636531581110200093E-16, 0.000000000000000000, -1.000000000000000000 ) ) ;
#1260 = EDGE_LOOP ( 'NONE', ( #2974, #2983, #890, #1111 ) ) ;
#1261 = EDGE_CURVE ( 'NONE', #3049, #836, #393, .T. ) ;
#1262 = VECTOR ( 'NONE', #2753, 39.37007874015748143 ) ;
#1263 = EDGE_LOOP ( 'NONE', ( #3020, #1610, #4202, #2211 ) ) ;
#1264 = DIRECTION ( 'NONE',  ( 1.000000000000000000, 0.000000000000000000, -0.000000000000000000 ) ) ;
#1265 = VECTOR ( 'NONE', #3972, 39.37007874015748143 ) ;
#1266 = ORIENTED_EDGE ( 'NONE', *, *, #2355, .F. ) ;
#1267 = ORIENTED_EDGE ( 'NONE', *, *, #3149, .F. ) ;
#1268 = EDGE_CURVE ( 'NONE', #552, #718, #2617, .T. ) ;
#1269 = VECTOR ( 'NONE', #4199, 39.37007874015748143 ) ;
#1270 = AXIS2_PLACEMENT_3D ( 'NONE', #2964, #1365, #2316 ) ;
#1271 = EDGE_CURVE ( 'NONE', #3801, #1853, #2986, .T. ) ;
#1272 = ORIENTED_EDGE ( 'NONE', *, *, #3150, .T. ) ;
#1273 = DIRECTION ( 'NONE',  ( -0.000000000000000000, -0.000000000000000000, 1.000000000000000000 ) ) ;
#1274 = AXIS2_PLACEMENT_3D ( 'NONE', #2458, #939, #2948 ) ;
#1275 = CARTESIAN_POINT ( 'NONE',  ( 0.2488188976377952999, 0.06476377952755905942, 0.000000000000000000 ) ) ;
#1276 = VECTOR ( 'NONE', #1063, 39.37007874015748143 ) ;
#1277 = LINE ( 'NONE', #1031, #2349 ) ;
#1278 = CARTESIAN_POINT ( 'NONE',  ( -0.2236220472440947071, 0.1427165354330709734, 0.000000000000000000 ) ) ;
#1279 = EDGE_LOOP ( 'NONE', ( #1927, #2877, #537, #587 ) ) ;
#1280 = CARTESIAN_POINT ( 'NONE',  ( 0.1699829297533232975, -0.004367789044593833360, -0.1512698035913803141 ) ) ;
#1281 =( GEOMETRIC_REPRESENTATION_CONTEXT ( 3 ) GLOBAL_UNCERTAINTY_ASSIGNED_CONTEXT ( ( #2417 ) ) GLOBAL_UNIT_ASSIGNED_CONTEXT ( ( #2453, #3429, #4153 ) ) REPRESENTATION_CONTEXT ( 'NONE', 'WORKASPACE' ) );
#1282 = LINE ( 'NONE', #2587, #3594 ) ;
#1283 = LINE ( 'NONE', #3574, #691 ) ;
#1284 = STYLED_ITEM ( 'NONE', ( #58 ), #3685 ) ;
#1285 = DIRECTION ( 'NONE',  ( -0.000000000000000000, 0.000000000000000000, 1.000000000000000000 ) ) ;
#1286 = CARTESIAN_POINT ( 'NONE',  ( 0.2488188976377948836, 0.1427165354330708902, -0.1460629921259842534 ) ) ;
#1287 = VERTEX_POINT ( 'NONE', #3080 ) ;
#1288 = CARTESIAN_POINT ( 'NONE',  ( -0.1840551181102362266, -0.1950787401574803348, 0.1281496062992125984 ) ) ;
#1289 = AXIS2_PLACEMENT_3D ( 'NONE', #119, #1806, #1113 ) ;
#1290 = ORIENTED_EDGE ( 'NONE', *, *, #2658, .T. ) ;
#1291 = LINE ( 'NONE', #1, #1337 ) ;
#1292 = EDGE_LOOP ( 'NONE', ( #249, #2862, #3181, #2310 ) ) ;
#1293 = VERTEX_POINT ( 'NONE', #2354 ) ;
#1294 = ORIENTED_EDGE ( 'NONE', *, *, #2523, .T. ) ;
#1295 = DIRECTION ( 'NONE',  ( 1.000000000000000000, 0.000000000000000000, 0.000000000000000000 ) ) ;
#1296 = DIRECTION ( 'NONE',  ( -0.000000000000000000, -1.000000000000000000, -0.000000000000000000 ) ) ;
#1297 = EDGE_CURVE ( 'NONE', #2812, #3952, #3677, .T. ) ;
#1298 = CARTESIAN_POINT ( 'NONE',  ( 0.01259842519685027556, 0.1679133858267712609, -0.1460629921259842534 ) ) ;
#1299 = DIRECTION ( 'NONE',  ( 0.000000000000000000, 0.000000000000000000, 1.000000000000000000 ) ) ;
#1300 = CARTESIAN_POINT ( 'NONE',  ( -0.1712598425196850405, -0.02287609196146445090, -0.1486469329093263736 ) ) ;
#1301 = LINE ( 'NONE', #2623, #3112 ) ;
#1302 = PLANE ( 'NONE',  #2636 ) ;
#1303 = ORIENTED_EDGE ( 'NONE', *, *, #873, .T. ) ;
#1304 = ORIENTED_EDGE ( 'NONE', *, *, #1137, .T. ) ;
#1305 = CARTESIAN_POINT ( 'NONE',  ( -0.2883858267716535306, -0.1950787401574803348, 0.02381889763779491964 ) ) ;
#1306 = EDGE_LOOP ( 'NONE', ( #325, #4120, #3643, #4028, #2665, #1850 ) ) ;
#1307 = ORIENTED_EDGE ( 'NONE', *, *, #1938, .F. ) ;
#1308 = EDGE_CURVE ( 'NONE', #2923, #3004, #3976, .T. ) ;
#1309 = ORIENTED_EDGE ( 'NONE', *, *, #156, .F. ) ;
#1310 = LENGTH_MEASURE_WITH_UNIT ( LENGTH_MEASURE( 0.02539999999999999897 ), #574 );
#1311 = SURFACE_SIDE_STYLE ('',( #804 ) ) ;
#1312 = EDGE_CURVE ( 'NONE', #3959, #3104, #4136, .T. ) ;
#1313 = CARTESIAN_POINT ( 'NONE',  ( -0.1055118110236220597, -0.1005905511811023834, 0.06338582677165355284 ) ) ;
#1314 = ORIENTED_EDGE ( 'NONE', *, *, #2432, .F. ) ;
#1315 = CARTESIAN_POINT ( 'NONE',  ( -0.3120078740157480324, -0.1950787401574803348, 0.02381889763779491964 ) ) ;
#1316 = DIRECTION ( 'NONE',  ( -0.000000000000000000, -1.000000000000000000, 0.000000000000000000 ) ) ;
#1317 = EDGE_CURVE ( 'NONE', #199, #4218, #157, .T. ) ;
#1318 = LINE ( 'NONE', #3294, #2205 ) ;
#1319 = VECTOR ( 'NONE', #2424, 39.37007874015748854 ) ;
#1320 = ADVANCED_FACE ( 'NONE', ( #1507 ), #1175, .T. ) ;
#1321 = CARTESIAN_POINT ( 'NONE',  ( -0.1853644712399835082, -0.05334645669291339376, -0.1098425196850393720 ) ) ;
#1322 = CARTESIAN_POINT ( 'NONE',  ( 0.1712598425196850405, 0.02539370078740157965, -0.1098425196850393581 ) ) ;
#1323 = ORIENTED_EDGE ( 'NONE', *, *, #1718, .T. ) ;
#1324 =( GEOMETRIC_REPRESENTATION_CONTEXT ( 3 ) GLOBAL_UNCERTAINTY_ASSIGNED_CONTEXT ( ( #3342 ) ) GLOBAL_UNIT_ASSIGNED_CONTEXT ( ( #1842, #1476, #2782 ) ) REPRESENTATION_CONTEXT ( 'NONE', 'WORKASPACE' ) );
#1325 = CARTESIAN_POINT ( 'NONE',  ( -0.1446850393700787329, -0.1950787401574803348, 0.02381889763779527353 ) ) ;
#1326 = ORIENTED_EDGE ( 'NONE', *, *, #3208, .T. ) ;
#1327 = EDGE_CURVE ( 'NONE', #2100, #4017, #4094, .T. ) ;
#1328 = DIRECTION ( 'NONE',  ( 0.000000000000000000, 0.000000000000000000, 1.000000000000000000 ) ) ;
#1329 = ORIENTED_EDGE ( 'NONE', *, *, #3346, .F. ) ;
#1330 = ORIENTED_EDGE ( 'NONE', *, *, #2198, .T. ) ;
#1331 = VECTOR ( 'NONE', #514, 39.37007874015748143 ) ;
#1332 = ORIENTED_EDGE ( 'NONE', *, *, #951, .T. ) ;
#1333 = DIRECTION ( 'NONE',  ( 0.000000000000000000, 0.000000000000000000, 1.000000000000000000 ) ) ;
#1334 = VECTOR ( 'NONE', #551, 39.37007874015748143 ) ;
#1335 = AXIS2_PLACEMENT_3D ( 'NONE', #2537, #954, #3853 ) ;
#1336 = CARTESIAN_POINT ( 'NONE',  ( -0.1307086614173228467, 0.1679133858267715662, 0.000000000000000000 ) ) ;
#1337 = VECTOR ( 'NONE', #1328, 39.37007874015748143 ) ;
#1338 = AXIS2_PLACEMENT_3D ( 'NONE', #2606, #3621, #665 ) ;
#1339 = CARTESIAN_POINT ( 'NONE',  ( 0.01259842519685035536, -0.1005905511811023834, 0.08858267716535433989 ) ) ;
#1340 = ORIENTED_EDGE ( 'NONE', *, *, #2755, .T. ) ;
#1341 = FILL_AREA_STYLE_COLOUR ( '', #3125 ) ;
#1342 = CARTESIAN_POINT ( 'NONE',  ( 0.1055118110236224344, 0.1679133858267713719, -0.1460629921259842534 ) ) ;
#1343 = DIRECTION ( 'NONE',  ( 0.000000000000000000, 1.000000000000000000, -0.000000000000000000 ) ) ;
#1344 = FACE_OUTER_BOUND ( 'NONE', #3989, .T. ) ;
#1345 = CARTESIAN_POINT ( 'NONE',  ( -0.2236220472440945128, -0.1005905511811023834, 0.06338582677165355284 ) ) ;
#1346 = PLANE ( 'NONE',  #1682 ) ;
#1347 = EDGE_CURVE ( 'NONE', #200, #309, #1242, .T. ) ;
#1348 = VECTOR ( 'NONE', #535, 39.37007874015748143 ) ;
#1349 = DIRECTION ( 'NONE',  ( -1.000000000000000000, 0.000000000000000000, -4.336808689941999494E-16 ) ) ;
#1350 = LENGTH_MEASURE_WITH_UNIT ( LENGTH_MEASURE( 0.02539999999999999897 ), #3058 );
#1351 = EDGE_CURVE ( 'NONE', #3369, #3932, #3796, .T. ) ;
#1352 = ORIENTED_EDGE ( 'NONE', *, *, #2577, .F. ) ;
#1353 = VECTOR ( 'NONE', #1539, 39.37007874015748143 ) ;
#1354 = LINE ( 'NONE', #979, #573 ) ;
#1355 = EDGE_CURVE ( 'NONE', #2955, #2934, #441, .T. ) ;
#1356 = EDGE_LOOP ( 'NONE', ( #4114, #1696, #391, #184 ) ) ;
#1357 = EDGE_LOOP ( 'NONE', ( #3787, #3966, #1573, #1911 ) ) ;
#1358 = CARTESIAN_POINT ( 'NONE',  ( 0.3120078740157480324, -0.05334645669291339376, -0.1098425196850393720 ) ) ;
#1359 = ORIENTED_EDGE ( 'NONE', *, *, #4236, .F. ) ;
#1360 = PLANE ( 'NONE',  #3891 ) ;
#1361 = CARTESIAN_POINT ( 'NONE',  ( 0.2236220472440945128, 0.1427165354330712788, -0.1460629921259842534 ) ) ;
#1362 = CARTESIAN_POINT ( 'NONE',  ( 0.2236220472440945128, -0.1005905511811023834, 0.08858267716535433989 ) ) ;
#1363 = ORIENTED_EDGE ( 'NONE', *, *, #3476, .F. ) ;
#1364 = PLANE ( 'NONE',  #937 ) ;
#1365 = DIRECTION ( 'NONE',  ( -1.000000000000000000, 0.000000000000000000, 0.000000000000000000 ) ) ;
#1366 = CARTESIAN_POINT ( 'NONE',  ( 0.02755905511811023584, -0.1104330708661417498, 0.2098425196850393637 ) ) ;
#1367 = LINE ( 'NONE', #2669, #4004 ) ;
#1368 = UNCERTAINTY_MEASURE_WITH_UNIT (LENGTH_MEASURE( 1.000000000000000082E-05 ), #2157, 'distance_accuracy_value', 'NONE');
#1369 = DIRECTION ( 'NONE',  ( -1.000000000000000000, 0.000000000000000000, 0.000000000000000000 ) ) ;
#1370 = FACE_BOUND ( 'NONE', #2912, .T. ) ;
#1371 = EDGE_CURVE ( 'NONE', #2572, #2429, #825, .T. ) ;
#1372 = DIRECTION ( 'NONE',  ( -1.000000000000000000, -0.000000000000000000, -0.000000000000000000 ) ) ;
#1373 = ORIENTED_EDGE ( 'NONE', *, *, #2999, .T. ) ;
#1374 = EDGE_CURVE ( 'NONE', #3291, #4218, #215, .T. ) ;
#1375 = LINE ( 'NONE', #1107, #708 ) ;
#1376 = ORIENTED_EDGE ( 'NONE', *, *, #2010, .T. ) ;
#1377 = UNCERTAINTY_MEASURE_WITH_UNIT (LENGTH_MEASURE( 1.000000000000000082E-05 ), #2176, 'distance_accuracy_value', 'NONE');
#1378 = ADVANCED_FACE ( 'NONE', ( #3842 ), #2137, .F. ) ;
#1379 = SURFACE_SIDE_STYLE ('',( #1440 ) ) ;
#1380 = EDGE_CURVE ( 'NONE', #4218, #121, #4178, .T. ) ;
#1381 = ORIENTED_EDGE ( 'NONE', *, *, #3896, .T. ) ;
#1382 = LINE ( 'NONE', #2662, #1146 ) ;
#1383 = CARTESIAN_POINT ( 'NONE',  ( 0.000000000000000000, -0.1271653543307086631, 0.000000000000000000 ) ) ;
#1384 = EDGE_CURVE ( 'NONE', #1853, #389, #3861, .T. ) ;
#1385 = CARTESIAN_POINT ( 'NONE',  ( 0.1702755905511811052, -0.1950787401574803348, 0.02381889763779507924 ) ) ;
#1386 = ORIENTED_EDGE ( 'NONE', *, *, #1308, .F. ) ;
#1387 = DIRECTION ( 'NONE',  ( 1.000000000000000000, 0.000000000000000000, -0.000000000000000000 ) ) ;
#1388 =( NAMED_UNIT ( * ) PLANE_ANGLE_UNIT ( ) SI_UNIT ( $, .RADIAN. ) );
#1389 = CARTESIAN_POINT ( 'NONE',  ( 0.1055118110236222956, 0.1427165354330712788, -0.1460629921259842534 ) ) ;
#1390 = CARTESIAN_POINT ( 'NONE',  ( 0.05216535433070865202, 0.06476377952755904555, 0.1281496062992128204 ) ) ;
#1391 = DIRECTION ( 'NONE',  ( -0.000000000000000000, 1.000000000000000000, 0.000000000000000000 ) ) ;
#1392 = LINE ( 'NONE', #20, #1609 ) ;
#1393 = APPLICATION_PROTOCOL_DEFINITION ( 'draft international standard', 'automotive_design', 1998, #382 ) ;
#1394 = FACE_OUTER_BOUND ( 'NONE', #4031, .T. ) ;
#1395 = AXIS2_PLACEMENT_3D ( 'NONE', #707, #1728, #1097 ) ;
#1396 = DIRECTION ( 'NONE',  ( -0.000000000000000000, -9.637352644315589080E-17, -1.000000000000000000 ) ) ;
#1397 = MECHANICAL_DESIGN_GEOMETRIC_PRESENTATION_REPRESENTATION (  '', ( #1802 ), #75 ) ;
#1398 = ORIENTED_EDGE ( 'NONE', *, *, #2256, .F. ) ;
#1399 = PLANE ( 'NONE',  #3394 ) ;
#1400 = ORIENTED_EDGE ( 'NONE', *, *, #2119, .T. ) ;
#1401 = ADVANCED_FACE ( 'NONE', ( #198 ), #4160, .T. ) ;
#1402 = CARTESIAN_POINT ( 'NONE',  ( -0.2106299212598425064, -0.1271653543307086631, -0.02125984251968503908 ) ) ;
#1403 = VECTOR ( 'NONE', #4210, 39.37007874015748143 ) ;
#1404 = CARTESIAN_POINT ( 'NONE',  ( 0.1702755905511811052, -0.1950787401574803348, 0.1017716535433070973 ) ) ;
#1405 = VERTEX_POINT ( 'NONE', #3497 ) ;
#1406 = PRESENTATION_LAYER_ASSIGNMENT (  '', '', ( #4072 ) ) ;
#1407 = AXIS2_PLACEMENT_3D ( 'NONE', #3424, #1517, #2147 ) ;
#1408 = DIRECTION ( 'NONE',  ( -0.000000000000000000, -1.000000000000000000, -0.000000000000000000 ) ) ;
#1409 = DIRECTION ( 'NONE',  ( 1.000000000000000000, -0.000000000000000000, -1.636531581110200093E-16 ) ) ;
#1410 = VECTOR ( 'NONE', #3332, 39.37007874015748143 ) ;
#1411 = CARTESIAN_POINT ( 'NONE',  ( -0.1673228346456693827, -0.01397637795275590358, -0.1350393700787399509 ) ) ;
#1412 = FACE_OUTER_BOUND ( 'NONE', #940, .T. ) ;
#1413 = DIRECTION ( 'NONE',  ( 0.000000000000000000, -1.000000000000000000, 0.000000000000000000 ) ) ;
#1414 = UNCERTAINTY_MEASURE_WITH_UNIT (LENGTH_MEASURE( 1.000000000000000082E-05 ), #3255, 'distance_accuracy_value', 'NONE');
#1415 = VECTOR ( 'NONE', #802, 39.37007874015748143 ) ;
#1416 = FACE_OUTER_BOUND ( 'NONE', #4097, .T. ) ;
#1417 = VERTEX_POINT ( 'NONE', #2199 ) ;
#1418 = AXIS2_PLACEMENT_3D ( 'NONE', #4126, #2125, #1188 ) ;
#1419 = DIRECTION ( 'NONE',  ( -6.776263578034509998E-15, -1.000000000000000000, 0.000000000000000000 ) ) ;
#1420 = EDGE_LOOP ( 'NONE', ( #2954, #2635, #4261, #1140 ) ) ;
#1421 =( GEOMETRIC_REPRESENTATION_CONTEXT ( 3 ) GLOBAL_UNCERTAINTY_ASSIGNED_CONTEXT ( ( #3418 ) ) GLOBAL_UNIT_ASSIGNED_CONTEXT ( ( #2336, #767, #1744 ) ) REPRESENTATION_CONTEXT ( 'NONE', 'WORKASPACE' ) );
#1422 = SURFACE_STYLE_USAGE ( .BOTH. , #1379 ) ;
#1423 = VECTOR ( 'NONE', #3287, 39.37007874015748143 ) ;
#1424 = ORIENTED_EDGE ( 'NONE', *, *, #3971, .T. ) ;
#1425 = DIRECTION ( 'NONE',  ( 0.000000000000000000, 0.7342720682754586559, 0.6788553084056131448 ) ) ;
#1426 = EDGE_CURVE ( 'NONE', #827, #1405, #1908, .T. ) ;
#1427 = DIRECTION ( 'NONE',  ( 0.000000000000000000, -0.000000000000000000, -1.000000000000000000 ) ) ;
#1428 = ORIENTED_EDGE ( 'NONE', *, *, #1536, .F. ) ;
#1429 = CARTESIAN_POINT ( 'NONE',  ( -0.1307086614173228467, 0.06476377952755905942, 0.08858267716535433989 ) ) ;
#1430 = LINE ( 'NONE', #3715, #2616 ) ;
#1431 = EDGE_CURVE ( 'NONE', #307, #1527, #3513, .T. ) ;
#1432 = PLANE ( 'NONE',  #220 ) ;
#1433 = LINE ( 'NONE', #2365, #505 ) ;
#1434 = FACE_BOUND ( 'NONE', #2163, .T. ) ;
#1435 = ORIENTED_EDGE ( 'NONE', *, *, #3608, .T. ) ;
#1436 = CARTESIAN_POINT ( 'NONE',  ( 0.3120078740157480324, -0.1950787401574803348, 0.1519685039370078927 ) ) ;
#1437 = CARTESIAN_POINT ( 'NONE',  ( 0.1712598425196850405, 0.02539370078740158312, -0.02125984251968488642 ) ) ;
#1438 = DIRECTION ( 'NONE',  ( 0.000000000000000000, 0.000000000000000000, -1.000000000000000000 ) ) ;
#1439 = ORIENTED_EDGE ( 'NONE', *, *, #2961, .T. ) ;
#1440 = SURFACE_STYLE_FILL_AREA ( #1761 ) ;
#1441 = ORIENTED_EDGE ( 'NONE', *, *, #1870, .T. ) ;
#1442 = VERTEX_POINT ( 'NONE', #3143 ) ;
#1443 = CARTESIAN_POINT ( 'NONE',  ( -0.1307086614173228467, 0.1679133858267716495, -0.1460629921259842534 ) ) ;
#1444 = UNCERTAINTY_MEASURE_WITH_UNIT (LENGTH_MEASURE( 1.000000000000000082E-05 ), #205, 'distance_accuracy_value', 'NONE');
#1445 =( CONVERSION_BASED_UNIT ( 'INCH', #436 ) LENGTH_UNIT ( ) NAMED_UNIT ( #4036 ) );
#1446 = ORIENTED_EDGE ( 'NONE', *, *, #74, .F. ) ;
#1447 = DIRECTION ( 'NONE',  ( 0.000000000000000000, -1.000000000000000000, 0.000000000000000000 ) ) ;
#1448 = EDGE_CURVE ( 'NONE', #718, #1161, #3126, .T. ) ;
#1449 = EDGE_CURVE ( 'NONE', #1249, #610, #1829, .T. ) ;
#1450 = CARTESIAN_POINT ( 'NONE',  ( -0.1055118110236224482, 0.1427165354330708902, -0.1460629921259842534 ) ) ;
#1451 = CARTESIAN_POINT ( 'NONE',  ( -0.3120078740157480324, -0.1950787401574803348, 0.1281496062992125984 ) ) ;
#1452 = PLANE ( 'NONE',  #358 ) ;
#1453 = DIRECTION ( 'NONE',  ( 1.000000000000000000, -0.000000000000000000, 0.000000000000000000 ) ) ;
#1454 = CARTESIAN_POINT ( 'NONE',  ( 0.2106299212598425064, 0.000000000000000000, 0.000000000000000000 ) ) ;
#1455 = ORIENTED_EDGE ( 'NONE', *, *, #732, .F. ) ;
#1456 = ADVANCED_FACE ( 'NONE', ( #1158 ), #1528, .F. ) ;
#1457 = EDGE_CURVE ( 'NONE', #3826, #3915, #3575, .T. ) ;
#1458 = CARTESIAN_POINT ( 'NONE',  ( -0.3120078740157480324, -0.1950787401574803348, 0.1281496062992125984 ) ) ;
#1459 = DIRECTION ( 'NONE',  ( -4.336808689942010340E-16, 0.000000000000000000, -1.000000000000000000 ) ) ;
#1460 = ORIENTED_EDGE ( 'NONE', *, *, #1374, .T. ) ;
#1461 = VECTOR ( 'NONE', #888, 39.37007874015748143 ) ;
#1462 = CARTESIAN_POINT ( 'NONE',  ( 0.2236220472440945128, 0.06476377952755905942, 0.08858267716535433989 ) ) ;
#1463 =( GEOMETRIC_REPRESENTATION_CONTEXT ( 3 ) GLOBAL_UNCERTAINTY_ASSIGNED_CONTEXT ( ( #2342 ) ) GLOBAL_UNIT_ASSIGNED_CONTEXT ( ( #1241, #4196, #626 ) ) REPRESENTATION_CONTEXT ( 'NONE', 'WORKASPACE' ) );
#1464 = ORIENTED_EDGE ( 'NONE', *, *, #871, .T. ) ;
#1465 = EDGE_LOOP ( 'NONE', ( #1460, #1050, #3928, #3309, #1930 ) ) ;
#1466 = CARTESIAN_POINT ( 'NONE',  ( 0.1712598425196850405, -0.1271653543307086631, -0.02125984251968488642 ) ) ;
#1467 = EDGE_LOOP ( 'NONE', ( #1329, #592, #2821, #2963 ) ) ;
#1468 = DIRECTION ( 'NONE',  ( 0.000000000000000000, 0.5446390350150269732, 0.8386705679454241613 ) ) ;
#1469 = AXIS2_PLACEMENT_3D ( 'NONE', #1561, #3180, #950 ) ;
#1470 = CARTESIAN_POINT ( 'NONE',  ( -0.05216535433070865202, -0.1950787401574803070, 0.1519685039370078927 ) ) ;
#1471 = DIRECTION ( 'NONE',  ( 1.000000000000000000, 0.000000000000000000, -0.000000000000000000 ) ) ;
#1472 = COLOUR_RGB ( '',0.6470588235294117974, 0.5176470588235293491, 0.000000000000000000 ) ;
#1473 = FACE_OUTER_BOUND ( 'NONE', #2932, .T. ) ;
#1474 = CARTESIAN_POINT ( 'NONE',  ( -0.1181102362204724532, -0.1005905511811023834, 0.000000000000000000 ) ) ;
#1475 = EDGE_LOOP ( 'NONE', ( #960, #3484, #638, #341 ) ) ;
#1476 =( NAMED_UNIT ( * ) PLANE_ANGLE_UNIT ( ) SI_UNIT ( $, .RADIAN. ) );
#1477 = COLOUR_RGB ( '',0.6470588235294117974, 0.5176470588235293491, 0.000000000000000000 ) ;
#1478 = FACE_OUTER_BOUND ( 'NONE', #646, .T. ) ;
#1479 = EDGE_CURVE ( 'NONE', #694, #445, #277, .T. ) ;
#1480 = CARTESIAN_POINT ( 'NONE',  ( 0.1055118110236220597, -0.1005905511811023834, 0.06338582677165355284 ) ) ;
#1481 = AXIS2_PLACEMENT_3D ( 'NONE', #2391, #3705, #1733 ) ;
#1482 = EDGE_CURVE ( 'NONE', #3564, #328, #4174, .T. ) ;
#1483 = ORIENTED_EDGE ( 'NONE', *, *, #3174, .T. ) ;
#1484 = CARTESIAN_POINT ( 'NONE',  ( 0.2106299212598425064, -0.1271653543307086631, -0.02125984251968503908 ) ) ;
#1485 = VECTOR ( 'NONE', #1396, 39.37007874015748143 ) ;
#1486 = EDGE_CURVE ( 'NONE', #3391, #1990, #2502, .T. ) ;
#1487 = LINE ( 'NONE', #2201, #3108 ) ;
#1488 = ORIENTED_EDGE ( 'NONE', *, *, #4232, .T. ) ;
#1489 = ORIENTED_EDGE ( 'NONE', *, *, #2488, .T. ) ;
#1490 = VECTOR ( 'NONE', #2536, 39.37007874015748143 ) ;
#1491 = FACE_OUTER_BOUND ( 'NONE', #3560, .T. ) ;
#1492 = VERTEX_POINT ( 'NONE', #1322 ) ;
#1493 = PLANE ( 'NONE',  #3953 ) ;
#1494 = B_SPLINE_CURVE_WITH_KNOTS ( 'NONE', 3,
 ( #1939, #906, #1096, #2338, #3683, #2030 ),
 .UNSPECIFIED., .F., .F.,
 ( 4, 2, 4 ),
 ( 4.949503923804695420E-16, 0.0002047898823401387040, 0.0004095797646797824697 ),
 .UNSPECIFIED. ) ;
#1495 = VECTOR ( 'NONE', #4259, 39.37007874015748143 ) ;
#1496 = DIRECTION ( 'NONE',  ( 0.000000000000000000, 0.000000000000000000, -1.000000000000000000 ) ) ;
#1497 = CARTESIAN_POINT ( 'NONE',  ( 0.1673228346456692994, -0.01397637795275590705, -0.09015748031496062520 ) ) ;
#1498 = DIRECTION ( 'NONE',  ( 0.000000000000000000, -0.000000000000000000, -1.000000000000000000 ) ) ;
#1499 = ORIENTED_EDGE ( 'NONE', *, *, #2178, .T. ) ;
#1500 =( LENGTH_UNIT ( ) NAMED_UNIT ( * ) SI_UNIT ( $, .METRE. ) );
#1501 = FILL_AREA_STYLE_COLOUR ( '', #976 ) ;
#1502 = CARTESIAN_POINT ( 'NONE',  ( -0.1712598425196850405, -0.01632048192873123554, -0.1454470615959303770 ) ) ;
#1503 = DIMENSIONAL_EXPONENTS ( 1.000000000000000000, 0.000000000000000000, 0.000000000000000000, 0.000000000000000000, 0.000000000000000000, 0.000000000000000000, 0.000000000000000000 ) ;
#1504 = EDGE_CURVE ( 'NONE', #1804, #3385, #3229, .T. ) ;
#1505 = DIRECTION ( 'NONE',  ( -1.000000000000000000, 2.710505431213800134E-15, 0.000000000000000000 ) ) ;
#1506 = ORIENTED_EDGE ( 'NONE', *, *, #2460, .F. ) ;
#1507 = FACE_OUTER_BOUND ( 'NONE', #38, .T. ) ;
#1508 = LINE ( 'NONE', #2810, #159 ) ;
#1509 = ORIENTED_EDGE ( 'NONE', *, *, #93, .F. ) ;
#1510 = ORIENTED_EDGE ( 'NONE', *, *, #1317, .T. ) ;
#1511 = EDGE_CURVE ( 'NONE', #1553, #3190, #2931, .T. ) ;
#1512 = ADVANCED_FACE ( 'NONE', ( #301 ), #3904, .T. ) ;
#1513 = LINE ( 'NONE', #2814, #3039 ) ;
#1514 = ORIENTED_EDGE ( 'NONE', *, *, #2183, .T. ) ;
#1515 = LINE ( 'NONE', #2446, #2645 ) ;
#1516 = EDGE_CURVE ( 'NONE', #242, #3905, #3856, .T. ) ;
#1517 = DIRECTION ( 'NONE',  ( 2.710505431213800134E-15, 1.000000000000000000, -0.000000000000000000 ) ) ;
#1518 = DIRECTION ( 'NONE',  ( 0.000000000000000000, 9.637352644315589080E-17, 1.000000000000000000 ) ) ;
#1519 = CARTESIAN_POINT ( 'NONE',  ( -0.2488188976377952999, -0.1005905511811023834, 0.06338582677165355284 ) ) ;
#1520 = PLANE ( 'NONE',  #2905 ) ;
#1521 = ORIENTED_EDGE ( 'NONE', *, *, #3948, .F. ) ;
#1522 = CARTESIAN_POINT ( 'NONE',  ( 0.1840551181102362266, -0.1950787401574803070, 0.1017716535433070973 ) ) ;
#1523 = DIRECTION ( 'NONE',  ( -0.000000000000000000, -0.000000000000000000, -1.000000000000000000 ) ) ;
#1524 = CARTESIAN_POINT ( 'NONE',  ( -0.1712598425196850405, -0.01954723266708205051, -0.1471901189858715320 ) ) ;
#1525 = DIRECTION ( 'NONE',  ( -1.000000000000000000, 2.710505431213800134E-15, 0.000000000000000000 ) ) ;
#1526 =( NAMED_UNIT ( * ) SI_UNIT ( $, .STERADIAN. ) SOLID_ANGLE_UNIT ( ) );
#1527 = VERTEX_POINT ( 'NONE', #1922 ) ;
#1528 = PLANE ( 'NONE',  #1274 ) ;
#1529 = FACE_OUTER_BOUND ( 'NONE', #3063, .T. ) ;
#1530 = ADVANCED_FACE ( 'NONE', ( #1943 ), #1584, .F. ) ;
#1531 = ORIENTED_EDGE ( 'NONE', *, *, #2443, .F. ) ;
#1532 = DIMENSIONAL_EXPONENTS ( 1.000000000000000000, 0.000000000000000000, 0.000000000000000000, 0.000000000000000000, 0.000000000000000000, 0.000000000000000000, 0.000000000000000000 ) ;
#1533 = STYLED_ITEM ( 'NONE', ( #447 ), #42 ) ;
#1534 = ORIENTED_EDGE ( 'NONE', *, *, #1128, .T. ) ;
#1535 = VECTOR ( 'NONE', #2049, 39.37007874015748143 ) ;
#1536 = EDGE_CURVE ( 'NONE', #2017, #1807, #1605, .T. ) ;
#1537 = LINE ( 'NONE', #2444, #843 ) ;
#1538 = ORIENTED_EDGE ( 'NONE', *, *, #4249, .F. ) ;
#1539 = DIRECTION ( 'NONE',  ( 0.000000000000000000, 1.000000000000000000, 0.000000000000000000 ) ) ;
#1540 = CARTESIAN_POINT ( 'NONE',  ( 0.02755905511811023584, -0.1104330708661417498, 0.2098425196850393915 ) ) ;
#1541 = FACE_OUTER_BOUND ( 'NONE', #3693, .T. ) ;
#1542 = ORIENTED_EDGE ( 'NONE', *, *, #806, .T. ) ;
#1543 = FACE_OUTER_BOUND ( 'NONE', #1023, .T. ) ;
#1544 = VECTOR ( 'NONE', #2600, 39.37007874015748143 ) ;
#1545 = DIRECTION ( 'NONE',  ( 6.776263578034520253E-15, 1.000000000000000000, 0.000000000000000000 ) ) ;
#1546 = CARTESIAN_POINT ( 'NONE',  ( 0.01259842519685027556, 0.1679133858267712609, -0.1460629921259842534 ) ) ;
#1547 = ORIENTED_EDGE ( 'NONE', *, *, #4043, .F. ) ;
#1548 = TOROIDAL_SURFACE ( 'NONE', #633, 0.01417322834645661812, 0.01417322834645688007 ) ;
#1549 = DIRECTION ( 'NONE',  ( 0.000000000000000000, 0.000000000000000000, -1.000000000000000000 ) ) ;
#1550 = PRESENTATION_LAYER_ASSIGNMENT (  '', '', ( #2913 ) ) ;
#1551 = VECTOR ( 'NONE', #997, 39.37007874015748143 ) ;
#1552 = PLANE ( 'NONE',  #3878 ) ;
#1553 = VERTEX_POINT ( 'NONE', #1650 ) ;
#1554 = ORIENTED_EDGE ( 'NONE', *, *, #1186, .T. ) ;
#1555 = PRESENTATION_LAYER_ASSIGNMENT (  '', '', ( #1620 ) ) ;
#1556 = STYLED_ITEM ( 'NONE', ( #538 ), #3572 ) ;
#1557 = EDGE_LOOP ( 'NONE', ( #3238, #1847, #2139, #1888 ) ) ;
#1558 =( NAMED_UNIT ( * ) SI_UNIT ( $, .STERADIAN. ) SOLID_ANGLE_UNIT ( ) );
#1559 = LINE ( 'NONE', #4166, #1203 ) ;
#1560 = PRESENTATION_LAYER_ASSIGNMENT (  '', '', ( #1284 ) ) ;
#1561 = CARTESIAN_POINT ( 'NONE',  ( 0.02755905511811023584, -0.08011811023622049388, 0.1519685039370078927 ) ) ;
#1562 = ORIENTED_EDGE ( 'NONE', *, *, #2101, .F. ) ;
#1563 = DIRECTION ( 'NONE',  ( -1.000000000000000000, -8.870745047608670849E-16, 0.000000000000000000 ) ) ;
#1564 = ADVANCED_FACE ( 'NONE', ( #2589 ), #1302, .T. ) ;
#1565 = CARTESIAN_POINT ( 'NONE',  ( 0.1712598425196850405, -0.01519634492771462612, -0.1448424406283374821 ) ) ;
#1566 = DIRECTION ( 'NONE',  ( 0.000000000000000000, -0.000000000000000000, -1.000000000000000000 ) ) ;
#1567 = CARTESIAN_POINT ( 'NONE',  ( 0.1767196476448913423, -0.0001335306329376007180, -0.1491510089724064347 ) ) ;
#1568 = ORIENTED_EDGE ( 'NONE', *, *, #3919, .T. ) ;
#1569 = DIRECTION ( 'NONE',  ( -0.000000000000000000, -1.000000000000000000, -0.000000000000000000 ) ) ;
#1570 = DIRECTION ( 'NONE',  ( 1.000000000000000000, 0.000000000000000000, 5.421010862427520198E-16 ) ) ;
#1571 = DIRECTION ( 'NONE',  ( 0.000000000000000000, 0.000000000000000000, 1.000000000000000000 ) ) ;
#1572 = ORIENTED_EDGE ( 'NONE', *, *, #1794, .F. ) ;
#1573 = ORIENTED_EDGE ( 'NONE', *, *, #1899, .T. ) ;
#1574 = ORIENTED_EDGE ( 'NONE', *, *, #13, .F. ) ;
#1575 = CARTESIAN_POINT ( 'NONE',  ( -0.1055118110236220597, 0.06476377952755905942, 0.06338582677165355284 ) ) ;
#1576 = DIRECTION ( 'NONE',  ( 0.000000000000000000, 9.637352644315589080E-17, -1.000000000000000000 ) ) ;
#1577 = LINE ( 'NONE', #1876, #1131 ) ;
#1578 = VERTEX_POINT ( 'NONE', #3559 ) ;
#1579 = CARTESIAN_POINT ( 'NONE',  ( 0.1723721879592909900, -0.03221525975178419349, -0.1511177842647713765 ) ) ;
#1580 = ADVANCED_FACE ( 'NONE', ( #956 ), #2260, .T. ) ;
#1581 = DIRECTION ( 'NONE',  ( 0.000000000000000000, 0.000000000000000000, 1.000000000000000000 ) ) ;
#1582 = CARTESIAN_POINT ( 'NONE',  ( -0.1712598425197273400, -0.02777997789758307121, -0.1492114446300771280 ) ) ;
#1583 =( CONVERSION_BASED_UNIT ( 'INCH', #3276 ) LENGTH_UNIT ( ) NAMED_UNIT ( #2146 ) );
#1584 = PLANE ( 'NONE',  #3519 ) ;
#1585 = EDGE_CURVE ( 'NONE', #3291, #1287, #3533, .T. ) ;
#1586 = EDGE_LOOP ( 'NONE', ( #1952, #3578, #3231, #2087 ) ) ;
#1587 = LINE ( 'NONE', #1466, #2718 ) ;
#1588 = ADVANCED_FACE ( 'NONE', ( #3277, #974, #3297, #4257, #2872, #586, #3881, #1370 ), #1346, .F. ) ;
#1589 = ORIENTED_EDGE ( 'NONE', *, *, #3964, .F. ) ;
#1590 = DIRECTION ( 'NONE',  ( 0.000000000000000000, 0.000000000000000000, 1.000000000000000000 ) ) ;
#1591 = ORIENTED_EDGE ( 'NONE', *, *, #349, .T. ) ;
#1592 = ORIENTED_EDGE ( 'NONE', *, *, #434, .F. ) ;
#1593 = ORIENTED_EDGE ( 'NONE', *, *, #48, .F. ) ;
#1594 = CARTESIAN_POINT ( 'NONE',  ( 0.1921526042001388546, -0.01397637795275590705, -0.1443838085968875140 ) ) ;
#1595 = VECTOR ( 'NONE', #4172, 39.37007874015748143 ) ;
#1596 = DIRECTION ( 'NONE',  ( -1.000000000000000000, 0.000000000000000000, -1.636531581110189986E-16 ) ) ;
#1597 = CARTESIAN_POINT ( 'NONE',  ( 0.1840551181102362266, 0.06476377952755904555, 0.1017716535433070973 ) ) ;
#1598 = VECTOR ( 'NONE', #1372, 39.37007874015748143 ) ;
#1599 = LINE ( 'NONE', #3244, #2486 ) ;
#1600 = ORIENTED_EDGE ( 'NONE', *, *, #608, .F. ) ;
#1601 = DIRECTION ( 'NONE',  ( 0.000000000000000000, 0.000000000000000000, -1.000000000000000000 ) ) ;
#1602 = CARTESIAN_POINT ( 'NONE',  ( 0.2883858267716535306, -0.1950787401574803070, 0.02381889763779511740 ) ) ;
#1603 = LINE ( 'NONE', #440, #3929 ) ;
#1604 = PRESENTATION_STYLE_ASSIGNMENT (( #2887 ) ) ;
#1605 = LINE ( 'NONE', #321, #3946 ) ;
#1606 = ORIENTED_EDGE ( 'NONE', *, *, #2544, .F. ) ;
#1607 =( LENGTH_UNIT ( ) NAMED_UNIT ( * ) SI_UNIT ( $, .METRE. ) );
#1608 = DIRECTION ( 'NONE',  ( 0.000000000000000000, 0.000000000000000000, 1.000000000000000000 ) ) ;
#1609 = VECTOR ( 'NONE', #1020, 39.37007874015748143 ) ;
#1610 = ORIENTED_EDGE ( 'NONE', *, *, #257, .F. ) ;
#1611 = EDGE_CURVE ( 'NONE', #2630, #445, #4066, .T. ) ;
#1612 = DIRECTION ( 'NONE',  ( 0.000000000000000000, -1.000000000000000000, -0.000000000000000000 ) ) ;
#1613 = AXIS2_PLACEMENT_3D ( 'NONE', #2770, #2742, #2464 ) ;
#1614 = VERTEX_POINT ( 'NONE', #2671 ) ;
#1615 = VERTEX_POINT ( 'NONE', #4024 ) ;
#1616 = UNCERTAINTY_MEASURE_WITH_UNIT (LENGTH_MEASURE( 1.000000000000000082E-05 ), #1445, 'distance_accuracy_value', 'NONE');
#1617 = VECTOR ( 'NONE', #2138, 39.37007874015748143 ) ;
#1618 = VECTOR ( 'NONE', #3028, 39.37007874015748143 ) ;
#1619 = EDGE_LOOP ( 'NONE', ( #2477, #1995, #775, #2725 ) ) ;
#1620 = STYLED_ITEM ( 'NONE', ( #1197 ), #3043 ) ;
#1621 = LINE ( 'NONE', #250, #722 ) ;
#1622 = PLANE ( 'NONE',  #3327 ) ;
#1623 = VECTOR ( 'NONE', #1172, 39.37007874015748143 ) ;
#1624 = CARTESIAN_POINT ( 'NONE',  ( 0.2883858267716535306, 0.06476377952755904555, 0.02381889763779517291 ) ) ;
#1625 = CARTESIAN_POINT ( 'NONE',  ( -0.1055118110236224621, 0.1427165354330711400, -0.1460629921259842534 ) ) ;
#1626 = ORIENTED_EDGE ( 'NONE', *, *, #1785, .T. ) ;
#1627 = CARTESIAN_POINT ( 'NONE',  ( 0.1808939817357509139, 0.001903283137606021601, -0.1511177842647714042 ) ) ;
#1628 = DIRECTION ( 'NONE',  ( -0.000000000000000000, -0.000000000000000000, 1.000000000000000000 ) ) ;
#1629 = FACE_OUTER_BOUND ( 'NONE', #2802, .T. ) ;
#1630 = PRESENTATION_LAYER_ASSIGNMENT (  '', '', ( #516 ) ) ;
#1631 = LINE ( 'NONE', #585, #1825 ) ;
#1632 = DIRECTION ( 'NONE',  ( 1.000000000000000000, -0.000000000000000000, 0.000000000000000000 ) ) ;
#1633 = ORIENTED_EDGE ( 'NONE', *, *, #3926, .T. ) ;
#1634 = PLANE ( 'NONE',  #3451 ) ;
#1635 = VERTEX_POINT ( 'NONE', #1042 ) ;
#1636 = ADVANCED_FACE ( 'NONE', ( #2996 ), #2344, .T. ) ;
#1637 = LINE ( 'NONE', #3927, #22 ) ;
#1638 = ORIENTED_EDGE ( 'NONE', *, *, #275, .T. ) ;
#1639 = ORIENTED_EDGE ( 'NONE', *, *, #758, .F. ) ;
#1640 = ORIENTED_EDGE ( 'NONE', *, *, #3021, .T. ) ;
#1641 = ADVANCED_FACE ( 'NONE', ( #3985, #1692, #1434 ), #3363, .T. ) ;
#1642 = FACE_OUTER_BOUND ( 'NONE', #2188, .T. ) ;
#1643 = EDGE_CURVE ( 'NONE', #1254, #4152, #913, .T. ) ;
#1644 = ORIENTED_EDGE ( 'NONE', *, *, #1736, .F. ) ;
#1645 = CARTESIAN_POINT ( 'NONE',  ( 0.1683473838337803397, -0.01027558096379703641, -0.1447401325263843463 ) ) ;
#1646 = ADVANCED_FACE ( 'NONE', ( #2714 ), #2385, .T. ) ;
#1647 = LINE ( 'NONE', #3248, #3251 ) ;
#1648 = CARTESIAN_POINT ( 'NONE',  ( 0.2035255328045215417, 0.02278353723247240892, -0.1138618190931005303 ) ) ;
#1649 = CARTESIAN_POINT ( 'NONE',  ( -0.3120078740157480324, -0.1950787401574803348, 0.000000000000000000 ) ) ;
#1650 = CARTESIAN_POINT ( 'NONE',  ( -0.01259842519685035536, 0.06476377952755905942, 0.08858267716535433989 ) ) ;
#1651 = ORIENTED_EDGE ( 'NONE', *, *, #3097, .F. ) ;
#1652 = CARTESIAN_POINT ( 'NONE',  ( 0.05216535433070866590, -0.1950787401574803348, 0.04940944881889763191 ) ) ;
#1653 = ORIENTED_EDGE ( 'NONE', *, *, #4222, .T. ) ;
#1654 = DIRECTION ( 'NONE',  ( 1.000000000000000000, 0.000000000000000000, 0.000000000000000000 ) ) ;
#1655 = EDGE_LOOP ( 'NONE', ( #3954, #690, #849, #179 ) ) ;
#1656 = ORIENTED_EDGE ( 'NONE', *, *, #3514, .F. ) ;
#1657 = CARTESIAN_POINT ( 'NONE',  ( -0.1921526041991849232, -0.01397637795275590358, -0.1443838085991254461 ) ) ;
#1658 = LINE ( 'NONE', #9, #2555 ) ;
#1659 = ADVANCED_FACE ( 'NONE', ( #385 ), #2086, .F. ) ;
#1660 = SURFACE_SIDE_STYLE ('',( #1685 ) ) ;
#1661 = DIRECTION ( 'NONE',  ( 1.000000000000000000, 0.000000000000000000, -0.000000000000000000 ) ) ;
#1662 = DIRECTION ( 'NONE',  ( 0.000000000000000000, 0.000000000000000000, 1.000000000000000000 ) ) ;
#1663 = VECTOR ( 'NONE', #274, 39.37007874015748143 ) ;
#1664 = DIRECTION ( 'NONE',  ( -0.000000000000000000, -0.000000000000000000, -1.000000000000000000 ) ) ;
#1665 = CARTESIAN_POINT ( 'NONE',  ( 0.000000000000000000, 0.06476377952755905942, 0.000000000000000000 ) ) ;
#1666 = DIRECTION ( 'NONE',  ( 1.000000000000000000, -0.000000000000000000, 0.000000000000000000 ) ) ;
#1667 =( LENGTH_UNIT ( ) NAMED_UNIT ( * ) SI_UNIT ( $, .METRE. ) );
#1668 = DIRECTION ( 'NONE',  ( -0.000000000000000000, -1.000000000000000000, -0.000000000000000000 ) ) ;
#1669 = ORIENTED_EDGE ( 'NONE', *, *, #386, .T. ) ;
#1670 = CARTESIAN_POINT ( 'NONE',  ( -0.3120078740157480324, 0.000000000000000000, 0.1519685039370078927 ) ) ;
#1671 = ORIENTED_EDGE ( 'NONE', *, *, #2789, .F. ) ;
#1672 = EDGE_LOOP ( 'NONE', ( #2979, #4229, #1777, #4103 ) ) ;
#1673 = AXIS2_PLACEMENT_3D ( 'NONE', #2561, #3921, #1989 ) ;
#1674 = VECTOR ( 'NONE', #3307, 39.37007874015748143 ) ;
#1675 = ORIENTED_EDGE ( 'NONE', *, *, #93, .T. ) ;
#1676 = LINE ( 'NONE', #3044, #3479 ) ;
#1677 = COLOUR_RGB ( '',0.6470588235294117974, 0.5176470588235293491, 0.000000000000000000 ) ;
#1678 = VECTOR ( 'NONE', #2925, 39.37007874015748143 ) ;
#1679 = CARTESIAN_POINT ( 'NONE',  ( -0.3543307086614173596, -0.1005905511811023834, 0.08858267716535433989 ) ) ;
#1680 = EDGE_CURVE ( 'NONE', #981, #2949, #1392, .T. ) ;
#1681 = AXIS2_PLACEMENT_3D ( 'NONE', #3542, #3281, #3300 ) ;
#1682 = AXIS2_PLACEMENT_3D ( 'NONE', #3662, #339, #1085 ) ;
#1683 = DIRECTION ( 'NONE',  ( 0.000000000000000000, 1.000000000000000000, -0.000000000000000000 ) ) ;
#1684 = ORIENTED_EDGE ( 'NONE', *, *, #3224, .F. ) ;
#1685 = SURFACE_STYLE_FILL_AREA ( #3997 ) ;
#1686 = EDGE_CURVE ( 'NONE', #3061, #2100, #772, .T. ) ;
#1687 =( CONVERSION_BASED_UNIT ( 'INCH', #1727 ) LENGTH_UNIT ( ) NAMED_UNIT ( #4067 ) );
#1688 = VECTOR ( 'NONE', #2371, 39.37007874015748143 ) ;
#1689 = LINE ( 'NONE', #3982, #903 ) ;
#1690 = LINE ( 'NONE', #4000, #3388 ) ;
#1691 = DIRECTION ( 'NONE',  ( 0.000000000000000000, 0.000000000000000000, 1.000000000000000000 ) ) ;
#1692 = FACE_OUTER_BOUND ( 'NONE', #2607, .T. ) ;
#1693 = VECTOR ( 'NONE', #2751, 39.37007874015748143 ) ;
#1694 = EDGE_CURVE ( 'NONE', #2989, #428, #3764, .T. ) ;
#1695 = SURFACE_SIDE_STYLE ('',( #366 ) ) ;
#1696 = ORIENTED_EDGE ( 'NONE', *, *, #597, .T. ) ;
#1697 = EDGE_CURVE ( 'NONE', #660, #3706, #3404, .T. ) ;
#1698 = MECHANICAL_DESIGN_GEOMETRIC_PRESENTATION_REPRESENTATION (  '', ( #3197 ), #3890 ) ;
#1699 = LINE ( 'NONE', #2040, #716 ) ;
#1700 = ORIENTED_EDGE ( 'NONE', *, *, #741, .T. ) ;
#1701 = ORIENTED_EDGE ( 'NONE', *, *, #386, .F. ) ;
#1702 = STYLED_ITEM ( 'NONE', ( #1124 ), #405 ) ;
#1703 = EDGE_CURVE ( 'NONE', #656, #2613, #1189, .T. ) ;
#1704 = ORIENTED_EDGE ( 'NONE', *, *, #3866, .T. ) ;
#1705 = PLANE ( 'NONE',  #244 ) ;
#1706 = CARTESIAN_POINT ( 'NONE',  ( 0.1702755905511811330, -0.1950787401574802515, 0.1519685039370078927 ) ) ;
#1707 = FACE_OUTER_BOUND ( 'NONE', #945, .T. ) ;
#1708 = VERTEX_POINT ( 'NONE', #4151 ) ;
#1709 =( NAMED_UNIT ( * ) SI_UNIT ( $, .STERADIAN. ) SOLID_ANGLE_UNIT ( ) );
#1710 = FILL_AREA_STYLE ('',( #2381 ) ) ;
#1711 = CARTESIAN_POINT ( 'NONE',  ( 0.1307086614173228467, -0.1005905511811023834, 0.06338582677165355284 ) ) ;
#1712 = ADVANCED_FACE ( 'NONE', ( #174 ), #817, .F. ) ;
#1713 = DIRECTION ( 'NONE',  ( 0.000000000000000000, 0.000000000000000000, 1.000000000000000000 ) ) ;
#1714 = LINE ( 'NONE', #3015, #3193 ) ;
#1715 = DIRECTION ( 'NONE',  ( 0.000000000000000000, 0.000000000000000000, 1.000000000000000000 ) ) ;
#1716 = SURFACE_SIDE_STYLE ('',( #3690 ) ) ;
#1717 = ORIENTED_EDGE ( 'NONE', *, *, #674, .F. ) ;
#1718 = EDGE_CURVE ( 'NONE', #327, #3564, #3074, .T. ) ;
#1719 = LINE ( 'NONE', #3019, #1485 ) ;
#1720 = ADVANCED_FACE ( 'NONE', ( #3136 ), #127, .F. ) ;
#1721 = ORIENTED_EDGE ( 'NONE', *, *, #74, .T. ) ;
#1722 = CARTESIAN_POINT ( 'NONE',  ( 0.1923045226941772490, -0.03838672674554856334, -0.1328784836991142304 ) ) ;
#1723 = EDGE_LOOP ( 'NONE', ( #3868, #3454, #1704, #1948, #1765, #1488 ) ) ;
#1724 = CARTESIAN_POINT ( 'NONE',  ( -0.2488188976377952999, -0.1005905511811023834, 0.06338582677165355284 ) ) ;
#1725 = DIRECTION ( 'NONE',  ( 0.000000000000000000, -1.000000000000000000, -0.000000000000000000 ) ) ;
#1726 = VERTEX_POINT ( 'NONE', #2428 ) ;
#1727 = LENGTH_MEASURE_WITH_UNIT ( LENGTH_MEASURE( 0.02539999999999999897 ), #2726 );
#1728 = DIRECTION ( 'NONE',  ( 0.000000000000000000, 0.000000000000000000, -1.000000000000000000 ) ) ;
#1729 = VECTOR ( 'NONE', #2054, 39.37007874015748143 ) ;
#1730 = DIRECTION ( 'NONE',  ( 0.000000000000000000, 0.000000000000000000, 1.000000000000000000 ) ) ;
#1731 = CARTESIAN_POINT ( 'NONE',  ( -0.1854776627045517101, -0.03091508139366304017, -0.1443838085985308106 ) ) ;
#1732 = VECTOR ( 'NONE', #2588, 39.37007874015748143 ) ;
#1733 = DIRECTION ( 'NONE',  ( -1.000000000000000000, 0.000000000000000000, 0.000000000000000000 ) ) ;
#1734 = AXIS2_PLACEMENT_3D ( 'NONE', #422, #1730, #756 ) ;
#1735 = ORIENTED_EDGE ( 'NONE', *, *, #2834, .T. ) ;
#1736 = EDGE_CURVE ( 'NONE', #474, #1287, #1814, .T. ) ;
#1737 = PLANE ( 'NONE',  #2700 ) ;
#1738 = DIMENSIONAL_EXPONENTS ( 1.000000000000000000, 0.000000000000000000, 0.000000000000000000, 0.000000000000000000, 0.000000000000000000, 0.000000000000000000, 0.000000000000000000 ) ;
#1739 = ORIENTED_EDGE ( 'NONE', *, *, #2544, .T. ) ;
#1740 = LINE ( 'NONE', #1724, #2373 ) ;
#1741 = ADVANCED_FACE ( 'NONE', ( #862 ), #3490, .T. ) ;
#1742 = CARTESIAN_POINT ( 'NONE',  ( 0.1712598425196850405, -0.0001727780079289358603, -0.1492114446300773223 ) ) ;
#1743 = ORIENTED_EDGE ( 'NONE', *, *, #1920, .T. ) ;
#1744 =( NAMED_UNIT ( * ) SI_UNIT ( $, .STERADIAN. ) SOLID_ANGLE_UNIT ( ) );
#1745 = VECTOR ( 'NONE', #1581, 39.37007874015748143 ) ;
#1746 = FACE_OUTER_BOUND ( 'NONE', #1773, .T. ) ;
#1747 = DIRECTION ( 'NONE',  ( 1.000000000000000000, -0.000000000000000000, 0.000000000000000000 ) ) ;
#1748 = LINE ( 'NONE', #3313, #2758 ) ;
#1749 = MECHANICAL_DESIGN_GEOMETRIC_PRESENTATION_REPRESENTATION (  '', ( #3462 ), #2849 ) ;
#1750 = STYLED_ITEM ( 'NONE', ( #2640 ), #1246 ) ;
#1751 = LINE ( 'NONE', #3055, #155 ) ;
#1752 = LINE ( 'NONE', #1019, #935 ) ;
#1753 = UNCERTAINTY_MEASURE_WITH_UNIT (LENGTH_MEASURE( 1.000000000000000082E-05 ), #2998, 'distance_accuracy_value', 'NONE');
#1754 =( NAMED_UNIT ( * ) SI_UNIT ( $, .STERADIAN. ) SOLID_ANGLE_UNIT ( ) );
#1755 = SURFACE_STYLE_USAGE ( .BOTH. , #1695 ) ;
#1756 = FILL_AREA_STYLE_COLOUR ( '', #897 ) ;
#1757 = AXIS2_PLACEMENT_3D ( 'NONE', #3508, #1879, #3766 ) ;
#1758 = CARTESIAN_POINT ( 'NONE',  ( 0.1702755905511811330, -0.1950787401574803070, 0.1017716535433070973 ) ) ;
#1759 = ORIENTED_EDGE ( 'NONE', *, *, #3233, .T. ) ;
#1760 = CIRCLE ( 'NONE', #99, 0.05511811023622047861 ) ;
#1761 = FILL_AREA_STYLE ('',( #3753 ) ) ;
#1762 = ADVANCED_FACE ( 'NONE', ( #2106 ), #2492, .T. ) ;
#1763 = STYLED_ITEM ( 'NONE', ( #3213 ), #4230 ) ;
#1764 = ADVANCED_FACE ( 'NONE', ( #2801 ), #3386, .T. ) ;
#1765 = ORIENTED_EDGE ( 'NONE', *, *, #727, .F. ) ;
#1766 = ORIENTED_EDGE ( 'NONE', *, *, #1057, .T. ) ;
#1767 = CARTESIAN_POINT ( 'NONE',  ( 0.02755905511811023584, -0.1730314960629921184, 0.1519685039370078927 ) ) ;
#1768 = EDGE_CURVE ( 'NONE', #981, #1206, #536, .T. ) ;
#1769 = DIRECTION ( 'NONE',  ( -1.636531581110200093E-16, 0.000000000000000000, -1.000000000000000000 ) ) ;
#1770 = DIRECTION ( 'NONE',  ( -0.000000000000000000, 1.000000000000000000, 0.000000000000000000 ) ) ;
#1771 = DIRECTION ( 'NONE',  ( 4.336808689942010340E-16, -0.000000000000000000, 1.000000000000000000 ) ) ;
#1772 = DIRECTION ( 'NONE',  ( 0.7071067811865469066, 0.000000000000000000, -0.7071067811865479058 ) ) ;
#1773 = EDGE_LOOP ( 'NONE', ( #502, #1931, #1640, #3496 ) ) ;
#1774 = FILL_AREA_STYLE ('',( #3345 ) ) ;
#1775 = ORIENTED_EDGE ( 'NONE', *, *, #201, .T. ) ;
#1776 = DIRECTION ( 'NONE',  ( -1.000000000000000000, -1.094462760868649956E-16, 0.000000000000000000 ) ) ;
#1777 = ORIENTED_EDGE ( 'NONE', *, *, #4175, .T. ) ;
#1778 = ORIENTED_EDGE ( 'NONE', *, *, #752, .T. ) ;
#1779 = ORIENTED_EDGE ( 'NONE', *, *, #351, .T. ) ;
#1780 = DIRECTION ( 'NONE',  ( -6.776263578034509998E-15, -1.000000000000000000, 0.000000000000000000 ) ) ;
#1781 = UNCERTAINTY_MEASURE_WITH_UNIT (LENGTH_MEASURE( 1.000000000000000082E-05 ), #3310, 'distance_accuracy_value', 'NONE');
#1782 = EDGE_LOOP ( 'NONE', ( #3814, #904, #1027, #2207 ) ) ;
#1783 = CARTESIAN_POINT ( 'NONE',  ( 0.1854776627047119153, -0.03091508139452988149, -0.1443838085971960172 ) ) ;
#1784 = DIRECTION ( 'NONE',  ( 1.000000000000000000, -6.776263578034520253E-15, 0.000000000000000000 ) ) ;
#1785 = EDGE_CURVE ( 'NONE', #2614, #121, #1858, .T. ) ;
#1786 = CARTESIAN_POINT ( 'NONE',  ( -0.2058974762643020207, -0.05334645669291340070, -0.09015748031496062520 ) ) ;
#1787 = ADVANCED_FACE ( 'NONE', ( #884 ), #1520, .T. ) ;
#1788 = LINE ( 'NONE', #145, #570 ) ;
#1789 = CARTESIAN_POINT ( 'NONE',  ( 0.02657480314960633874, 0.06476377952755905942, 0.02381889763779515903 ) ) ;
#1790 = CARTESIAN_POINT ( 'NONE',  ( 0.3120078740157480324, -0.02752355633348480685, -0.1496062992125984370 ) ) ;
#1791 = VERTEX_POINT ( 'NONE', #3157 ) ;
#1792 = CARTESIAN_POINT ( 'NONE',  ( 0.01259842519685035710, -0.1005905511811023834, 0.06338582677165355284 ) ) ;
#1793 = CARTESIAN_POINT ( 'NONE',  ( -0.2488188976377948836, 0.1679133858267716495, -0.1460629921259842534 ) ) ;
#1794 = EDGE_CURVE ( 'NONE', #3371, #481, #4128, .T. ) ;
#1795 = LINE ( 'NONE', #4131, #622 ) ;
#1796 = DIMENSIONAL_EXPONENTS ( 1.000000000000000000, 0.000000000000000000, 0.000000000000000000, 0.000000000000000000, 0.000000000000000000, 0.000000000000000000, 0.000000000000000000 ) ;
#1797 =( CONVERSION_BASED_UNIT ( 'INCH', #1196 ) LENGTH_UNIT ( ) NAMED_UNIT ( #1106 ) );
#1798 = DIRECTION ( 'NONE',  ( -1.000000000000000000, -0.000000000000000000, -0.000000000000000000 ) ) ;
#1799 = ORIENTED_EDGE ( 'NONE', *, *, #1828, .F. ) ;
#1800 = VECTOR ( 'NONE', #1903, 39.37007874015748143 ) ;
#1801 = CARTESIAN_POINT ( 'NONE',  ( 0.2058974762264898506, 0.02539370078740157272, -0.1098425196850393720 ) ) ;
#1802 = STYLED_ITEM ( 'NONE', ( #3119 ), #678 ) ;
#1803 = FACE_OUTER_BOUND ( 'NONE', #1723, .T. ) ;
#1804 = VERTEX_POINT ( 'NONE', #4062 ) ;
#1805 = EDGE_LOOP ( 'NONE', ( #2135, #2797, #488, #3003 ) ) ;
#1806 = DIRECTION ( 'NONE',  ( 2.710505431213759902E-15, -0.000000000000000000, 1.000000000000000000 ) ) ;
#1807 = VERTEX_POINT ( 'NONE', #1121 ) ;
#1808 = CARTESIAN_POINT ( 'NONE',  ( -0.2362204724409449064, -0.1005905511811023834, 0.000000000000000000 ) ) ;
#1809 = VECTOR ( 'NONE', #3744, 39.37007874015748143 ) ;
#1810 =( CONVERSION_BASED_UNIT ( 'INCH', #509 ) LENGTH_UNIT ( ) NAMED_UNIT ( #4123 ) );
#1811 = ADVANCED_FACE ( 'NONE', ( #1541 ), #3092, .T. ) ;
#1812 = CARTESIAN_POINT ( 'NONE',  ( -0.2236220472440945128, -0.1005905511811023834, 0.06338582677165355284 ) ) ;
#1813 = AXIS2_PLACEMENT_3D ( 'NONE', #3014, #3941, #397 ) ;
#1814 = LINE ( 'NONE', #2515, #1193 ) ;
#1815 = ORIENTED_EDGE ( 'NONE', *, *, #2789, .T. ) ;
#1816 = FILL_AREA_STYLE ('',( #3094 ) ) ;
#1817 = EDGE_CURVE ( 'NONE', #3706, #309, #2451, .T. ) ;
#1818 = SURFACE_STYLE_USAGE ( .BOTH. , #150 ) ;
#1819 = AXIS2_PLACEMENT_3D ( 'NONE', #1358, #579, #1897 ) ;
#1820 = VECTOR ( 'NONE', #882, 39.37007874015748143 ) ;
#1821 = CARTESIAN_POINT ( 'NONE',  ( 0.1712598425196849572, -0.01397637795275590705, -0.1448424406283374821 ) ) ;
#1822 = CARTESIAN_POINT ( 'NONE',  ( 0.1307086614173228467, 0.1679133858267712609, -0.1460629921259842534 ) ) ;
#1823 = SURFACE_STYLE_USAGE ( .BOTH. , #3750 ) ;
#1824 = EDGE_CURVE ( 'NONE', #1223, #2572, #616, .T. ) ;
#1825 = VECTOR ( 'NONE', #1258, 39.37007874015748143 ) ;
#1826 = VECTOR ( 'NONE', #2503, 39.37007874015748143 ) ;
#1827 = ORIENTED_EDGE ( 'NONE', *, *, #4147, .T. ) ;
#1828 = EDGE_CURVE ( 'NONE', #2324, #1122, #1898, .T. ) ;
#1829 = LINE ( 'NONE', #1848, #3113 ) ;
#1830 = MECHANICAL_DESIGN_GEOMETRIC_PRESENTATION_REPRESENTATION (  '', ( #4012 ), #2709 ) ;
#1831 = DIRECTION ( 'NONE',  ( 0.000000000000000000, 0.5446390350150269732, -0.8386705679454241613 ) ) ;
#1832 = VERTEX_POINT ( 'NONE', #1278 ) ;
#1833 = EDGE_CURVE ( 'NONE', #673, #367, #2534, .T. ) ;
#1834 = ORIENTED_EDGE ( 'NONE', *, *, #2438, .T. ) ;
#1835 = VECTOR ( 'NONE', #619, 39.37007874015748143 ) ;
#1836 = ORIENTED_EDGE ( 'NONE', *, *, #3047, .F. ) ;
#1837 = CARTESIAN_POINT ( 'NONE',  ( 0.1673228346456692994, -0.01397637795275590705, -0.1098425196850393720 ) ) ;
#1838 = FACE_OUTER_BOUND ( 'NONE', #1959, .T. ) ;
#1839 = CARTESIAN_POINT ( 'NONE',  ( 0.2883858267716535306, -0.1950787401574803070, 0.1281496062992125984 ) ) ;
#1840 = DIRECTION ( 'NONE',  ( -3.273063162220370111E-16, -0.000000000000000000, 1.000000000000000000 ) ) ;
#1841 = VERTEX_POINT ( 'NONE', #1877 ) ;
#1842 =( CONVERSION_BASED_UNIT ( 'INCH', #1350 ) LENGTH_UNIT ( ) NAMED_UNIT ( #1532 ) );
#1843 = CARTESIAN_POINT ( 'NONE',  ( -0.1712598425196850405, -0.01397637795275757239, -0.1448424406283371768 ) ) ;
#1844 = ADVANCED_FACE ( 'NONE', ( #4233 ), #580, .F. ) ;
#1845 = CARTESIAN_POINT ( 'NONE',  ( -0.2236220472440945128, 0.1679133858267712609, -0.1460629921259842534 ) ) ;
#1846 = DIRECTION ( 'NONE',  ( -0.000000000000000000, -1.000000000000000000, -0.000000000000000000 ) ) ;
#1847 = ORIENTED_EDGE ( 'NONE', *, *, #2034, .F. ) ;
#1848 = CARTESIAN_POINT ( 'NONE',  ( 0.2058974762643020207, 0.02539370078740158312, -0.1350393700787401730 ) ) ;
#1849 = EDGE_CURVE ( 'NONE', #367, #2253, #931, .T. ) ;
#1850 = ORIENTED_EDGE ( 'NONE', *, *, #2626, .T. ) ;
#1851 = ORIENTED_EDGE ( 'NONE', *, *, #1585, .T. ) ;
#1852 = LINE ( 'NONE', #2120, #1199 ) ;
#1853 = VERTEX_POINT ( 'NONE', #315 ) ;
#1854 = DIRECTION ( 'NONE',  ( 0.000000000000000000, -0.000000000000000000, -1.000000000000000000 ) ) ;
#1855 = CARTESIAN_POINT ( 'NONE',  ( -0.1446850393700787607, 0.06476377952755904555, 0.02381889763779527006 ) ) ;
#1856 = FACE_OUTER_BOUND ( 'NONE', #1205, .T. ) ;
#1857 = PLANE ( 'NONE',  #2433 ) ;
#1858 = LINE ( 'NONE', #1454, #841 ) ;
#1859 = ORIENTED_EDGE ( 'NONE', *, *, #951, .F. ) ;
#1860 = LENGTH_MEASURE_WITH_UNIT ( LENGTH_MEASURE( 0.02539999999999999897 ), #3747 );
#1861 = PLANE ( 'NONE',  #2686 ) ;
#1862 = CARTESIAN_POINT ( 'NONE',  ( 0.06594488188976378729, 0.06476377952755904555, 0.1281496062992125984 ) ) ;
#1863 = DIRECTION ( 'NONE',  ( -0.000000000000000000, -0.000000000000000000, -1.000000000000000000 ) ) ;
#1864 = CARTESIAN_POINT ( 'NONE',  ( 0.2096456692913385711, -0.1950787401574803348, 0.02381889763779527353 ) ) ;
#1865 = ORIENTED_EDGE ( 'NONE', *, *, #1053, .T. ) ;
#1866 = CARTESIAN_POINT ( 'NONE',  ( 0.3120078740157480324, 0.000000000000000000, 0.1519685039370078927 ) ) ;
#1867 = CARTESIAN_POINT ( 'NONE',  ( -0.1853644712399835914, 0.02539370078740156925, -0.09015748031496062520 ) ) ;
#1868 = ORIENTED_EDGE ( 'NONE', *, *, #100, .F. ) ;
#1869 = EDGE_LOOP ( 'NONE', ( #1272, #437, #2672, #2720 ) ) ;
#1870 = EDGE_CURVE ( 'NONE', #3024, #3922, #3875, .T. ) ;
#1871 = VECTOR ( 'NONE', #1668, 39.37007874015748143 ) ;
#1872 = DIRECTION ( 'NONE',  ( 0.000000000000000000, 1.000000000000000000, 0.000000000000000000 ) ) ;
#1873 = ORIENTED_EDGE ( 'NONE', *, *, #4200, .F. ) ;
#1874 =( CONVERSION_BASED_UNIT ( 'INCH', #1310 ) LENGTH_UNIT ( ) NAMED_UNIT ( #135 ) );
#1875 = DIRECTION ( 'NONE',  ( 0.000000000000000000, 0.000000000000000000, 1.000000000000000000 ) ) ;
#1876 = CARTESIAN_POINT ( 'NONE',  ( 0.05216535433070866590, -0.1950787401574803348, 0.04940944881889763191 ) ) ;
#1877 = CARTESIAN_POINT ( 'NONE',  ( 0.1712598425196850405, -0.1271653543307086631, 0.000000000000000000 ) ) ;
#1878 = ORIENTED_EDGE ( 'NONE', *, *, #4177, .F. ) ;
#1879 = DIRECTION ( 'NONE',  ( 2.710505431213800134E-15, 1.000000000000000000, -0.000000000000000000 ) ) ;
#1880 = LINE ( 'NONE', #3531, #2479 ) ;
#1881 = VECTOR ( 'NONE', #728, 39.37007874015748143 ) ;
#1882 = LINE ( 'NONE', #1864, #3330 ) ;
#1883 = ORIENTED_EDGE ( 'NONE', *, *, #871, .F. ) ;
#1884 = LINE ( 'NONE', #787, #2370 ) ;
#1885 = VECTOR ( 'NONE', #3619, 39.37007874015748143 ) ;
#1886 = DIRECTION ( 'NONE',  ( 0.000000000000000000, 1.000000000000000000, -0.000000000000000000 ) ) ;
#1887 = VECTOR ( 'NONE', #3612, 39.37007874015748143 ) ;
#1888 = ORIENTED_EDGE ( 'NONE', *, *, #3819, .T. ) ;
#1889 = ORIENTED_EDGE ( 'NONE', *, *, #3018, .T. ) ;
#1890 = AXIS2_PLACEMENT_3D ( 'NONE', #212, #2158, #1545 ) ;
#1891 = AXIS2_PLACEMENT_3D ( 'NONE', #3228, #3903, #2605 ) ;
#1892 = VERTEX_POINT ( 'NONE', #2583 ) ;
#1893 = CARTESIAN_POINT ( 'NONE',  ( -0.1673228346456692994, -0.01397637795275590705, -0.09015748031496062520 ) ) ;
#1894 = CARTESIAN_POINT ( 'NONE',  ( 0.1307086614173228467, 0.06476377952755905942, 0.08858267716535433989 ) ) ;
#1895 = AXIS2_PLACEMENT_3D ( 'NONE', #3835, #1123, #517 ) ;
#1896 = ADVANCED_FACE ( 'NONE', ( #2942 ), #967, .T. ) ;
#1897 = DIRECTION ( 'NONE',  ( 0.000000000000000000, 9.637352644315589080E-17, -1.000000000000000000 ) ) ;
#1898 = LINE ( 'NONE', #558, #1052 ) ;
#1899 = EDGE_CURVE ( 'NONE', #4051, #200, #1231, .T. ) ;
#1900 = ORIENTED_EDGE ( 'NONE', *, *, #3216, .F. ) ;
#1901 = CARTESIAN_POINT ( 'NONE',  ( 0.1921526042007566937, -0.002375108861976856552, -0.1443838085974293028 ) ) ;
#1902 = LINE ( 'NONE', #2214, #3324 ) ;
#1903 = DIRECTION ( 'NONE',  ( -0.000000000000000000, -0.000000000000000000, -1.000000000000000000 ) ) ;
#1904 = CARTESIAN_POINT ( 'NONE',  ( -0.2058974762643020207, -0.05334645669291340764, -0.1350393700787401730 ) ) ;
#1905 = ORIENTED_EDGE ( 'NONE', *, *, #1234, .F. ) ;
#1906 = DIRECTION ( 'NONE',  ( -1.000000000000000000, -0.000000000000000000, 0.000000000000000000 ) ) ;
#1907 = DIRECTION ( 'NONE',  ( 0.000000000000000000, 0.000000000000000000, 1.000000000000000000 ) ) ;
#1908 = LINE ( 'NONE', #524, #504 ) ;
#1909 = CARTESIAN_POINT ( 'NONE',  ( 0.2883858267716535306, -0.1950787401574803348, 0.02381889763779507924 ) ) ;
#1910 = VERTEX_POINT ( 'NONE', #3587 ) ;
#1911 = ORIENTED_EDGE ( 'NONE', *, *, #1347, .T. ) ;
#1912 = LINE ( 'NONE', #1250, #3271 ) ;
#1913 = DIRECTION ( 'NONE',  ( 0.000000000000000000, 0.5446390350150284165, 0.8386705679454230511 ) ) ;
#1914 = LINE ( 'NONE', #1540, #704 ) ;
#1915 = CARTESIAN_POINT ( 'NONE',  ( -0.2488188976377952999, 0.1427165354330712788, -0.1460629921259842534 ) ) ;
#1916 = ORIENTED_EDGE ( 'NONE', *, *, #877, .T. ) ;
#1917 = DIRECTION ( 'NONE',  ( -1.000000000000000000, 2.032879073410350002E-15, -0.000000000000000000 ) ) ;
#1918 = PLANE ( 'NONE',  #423 ) ;
#1919 = CARTESIAN_POINT ( 'NONE',  ( 0.2058974762264898506, 0.02539370078740157272, -0.1098425196850393720 ) ) ;
#1920 = EDGE_CURVE ( 'NONE', #3375, #2955, #1599, .T. ) ;
#1921 = FILL_AREA_STYLE ('',( #2910 ) ) ;
#1922 = CARTESIAN_POINT ( 'NONE',  ( 0.02755905511811023584, -0.08011811023622049388, 0.2098425196850393915 ) ) ;
#1923 = VERTEX_POINT ( 'NONE', #1625 ) ;
#1924 = EDGE_CURVE ( 'NONE', #4138, #3254, #2927, .T. ) ;
#1925 = DIRECTION ( 'NONE',  ( -4.336808689941999494E-16, 0.000000000000000000, 1.000000000000000000 ) ) ;
#1926 = SURFACE_SIDE_STYLE ('',( #977 ) ) ;
#1927 = ORIENTED_EDGE ( 'NONE', *, *, #3645, .T. ) ;
#1928 = LINE ( 'NONE', #3887, #2155 ) ;
#1929 = ORIENTED_EDGE ( 'NONE', *, *, #877, .F. ) ;
#1930 = ORIENTED_EDGE ( 'NONE', *, *, #1585, .F. ) ;
#1931 = ORIENTED_EDGE ( 'NONE', *, *, #1941, .T. ) ;
#1932 = VECTOR ( 'NONE', #2933, 39.37007874015748143 ) ;
#1933 = DIRECTION ( 'NONE',  ( 0.000000000000000000, 1.000000000000000000, 0.000000000000000000 ) ) ;
#1934 = PRESENTATION_LAYER_ASSIGNMENT (  '', '', ( #1802 ) ) ;
#1935 =( NAMED_UNIT ( * ) PLANE_ANGLE_UNIT ( ) SI_UNIT ( $, .RADIAN. ) );
#1936 = ORIENTED_EDGE ( 'NONE', *, *, #3002, .F. ) ;
#1937 = FACE_OUTER_BOUND ( 'NONE', #1247, .T. ) ;
#1938 = EDGE_CURVE ( 'NONE', #1892, #1990, #3013, .T. ) ;
#1939 = CARTESIAN_POINT ( 'NONE',  ( -0.1854776627045517101, -0.03091508139366304017, -0.1443838085985308106 ) ) ;
#1940 = LINE ( 'NONE', #3618, #3376 ) ;
#1941 = EDGE_CURVE ( 'NONE', #917, #807, #394, .T. ) ;
#1942 =( LENGTH_UNIT ( ) NAMED_UNIT ( * ) SI_UNIT ( $, .METRE. ) );
#1943 = FACE_OUTER_BOUND ( 'NONE', #2056, .T. ) ;
#1944 = ORIENTED_EDGE ( 'NONE', *, *, #1327, .T. ) ;
#1945 =( NAMED_UNIT ( * ) PLANE_ANGLE_UNIT ( ) SI_UNIT ( $, .RADIAN. ) );
#1946 = DIRECTION ( 'NONE',  ( 2.710505431213759902E-15, -0.000000000000000000, 1.000000000000000000 ) ) ;
#1947 = VECTOR ( 'NONE', #270, 39.37007874015748143 ) ;
#1948 = ORIENTED_EDGE ( 'NONE', *, *, #3926, .F. ) ;
#1949 = ADVANCED_FACE ( 'NONE', ( #3632 ), #2002, .T. ) ;
#1950 = CARTESIAN_POINT ( 'NONE',  ( -0.02755905511811023931, -0.1730314960629921461, 0.1519685039370078650 ) ) ;
#1951 = MECHANICAL_DESIGN_GEOMETRIC_PRESENTATION_REPRESENTATION (  '', ( #3316 ), #2844 ) ;
#1952 = ORIENTED_EDGE ( 'NONE', *, *, #2010, .F. ) ;
#1953 = AXIS2_PLACEMENT_3D ( 'NONE', #1450, #1784, #2747 ) ;
#1954 = EDGE_CURVE ( 'NONE', #4081, #3801, #37, .T. ) ;
#1955 = ORIENTED_EDGE ( 'NONE', *, *, #741, .F. ) ;
#1956 = VECTOR ( 'NONE', #2953, 39.37007874015748143 ) ;
#1957 = VECTOR ( 'NONE', #3480, 39.37007874015748143 ) ;
#1958 = EDGE_CURVE ( 'NONE', #3004, #1227, #679, .T. ) ;
#1959 = EDGE_LOOP ( 'NONE', ( #2547, #2348, #102, #3077 ) ) ;
#1960 = CARTESIAN_POINT ( 'NONE',  ( -0.06594488188976378729, 0.06476377952755904555, 0.1281496062992125984 ) ) ;
#1961 = CARTESIAN_POINT ( 'NONE',  ( 0.02755905511811023584, -0.08011811023622049388, 0.1519685039370078927 ) ) ;
#1962 = AXIS2_PLACEMENT_3D ( 'NONE', #3688, #1691, #2401 ) ;
#1963 = SURFACE_STYLE_USAGE ( .BOTH. , #2210 ) ;
#1964 = ORIENTED_EDGE ( 'NONE', *, *, #4177, .T. ) ;
#1965 = CARTESIAN_POINT ( 'NONE',  ( 0.1744723723661087689, -0.02234208463913672782, -0.1512698035913802863 ) ) ;
#1966 = AXIS2_PLACEMENT_3D ( 'NONE', #1233, #1601, #3247 ) ;
#1967 = DIRECTION ( 'NONE',  ( -1.000000000000000000, -8.905946416845214430E-16, 0.000000000000000000 ) ) ;
#1968 = MECHANICAL_DESIGN_GEOMETRIC_PRESENTATION_REPRESENTATION (  '', ( #1763 ), #4159 ) ;
#1969 =( NAMED_UNIT ( * ) SI_UNIT ( $, .STERADIAN. ) SOLID_ANGLE_UNIT ( ) );
#1970 = DIRECTION ( 'NONE',  ( -1.000000000000000000, 0.000000000000000000, 1.636531581110200093E-16 ) ) ;
#1971 = ORIENTED_EDGE ( 'NONE', *, *, #4198, .F. ) ;
#1972 = FACE_OUTER_BOUND ( 'NONE', #631, .T. ) ;
#1973 = VERTEX_POINT ( 'NONE', #2704 ) ;
#1974 = DIRECTION ( 'NONE',  ( 1.000000000000000000, 0.000000000000000000, 0.000000000000000000 ) ) ;
#1975 = ORIENTED_EDGE ( 'NONE', *, *, #2432, .T. ) ;
#1976 = ORIENTED_EDGE ( 'NONE', *, *, #1768, .F. ) ;
#1977 = ADVANCED_FACE ( 'NONE', ( #333 ), #3048, .F. ) ;
#1978 = EDGE_CURVE ( 'NONE', #1832, #830, #659, .T. ) ;
#1979 = ORIENTED_EDGE ( 'NONE', *, *, #312, .T. ) ;
#1980 = DIRECTION ( 'NONE',  ( -0.000000000000000000, -0.000000000000000000, -1.000000000000000000 ) ) ;
#1981 = FILL_AREA_STYLE ('',( #55 ) ) ;
#1982 = CARTESIAN_POINT ( 'NONE',  ( 0.1712598425196850405, -0.01163246122381916305, -0.1454469674754343689 ) ) ;
#1983 = EDGE_LOOP ( 'NONE', ( #316, #2192, #4086, #285 ) ) ;
#1984 = DIRECTION ( 'NONE',  ( 1.000000000000000000, 1.094462760868649956E-16, -0.000000000000000000 ) ) ;
#1985 = CARTESIAN_POINT ( 'NONE',  ( -0.2362204724409449064, 0.1427165354330712788, -0.1460629921259842534 ) ) ;
#1986 = DIRECTION ( 'NONE',  ( -1.000000000000000000, -0.000000000000000000, -0.000000000000000000 ) ) ;
#1987 = DIRECTION ( 'NONE',  ( 0.7071067811865460184, 0.000000000000000000, -0.7071067811865490160 ) ) ;
#1988 = CYLINDRICAL_SURFACE ( 'NONE', #786, 0.04330708661417324162 ) ;
#1989 = DIRECTION ( 'NONE',  ( 1.000000000000000000, 0.000000000000000000, 0.000000000000000000 ) ) ;
#1990 = VERTEX_POINT ( 'NONE', #989 ) ;
#1991 = FACE_OUTER_BOUND ( 'NONE', #543, .T. ) ;
#1992 = ORIENTED_EDGE ( 'NONE', *, *, #3911, .F. ) ;
#1993 = FACE_OUTER_BOUND ( 'NONE', #1475, .T. ) ;
#1994 = VERTEX_POINT ( 'NONE', #1035 ) ;
#1995 = ORIENTED_EDGE ( 'NONE', *, *, #349, .F. ) ;
#1996 = EDGE_CURVE ( 'NONE', #932, #3158, #3653, .T. ) ;
#1997 = VERTEX_POINT ( 'NONE', #2334 ) ;
#1998 = LINE ( 'NONE', #3025, #1423 ) ;
#1999 = DIRECTION ( 'NONE',  ( 0.000000000000000000, -0.000000000000000000, -1.000000000000000000 ) ) ;
#2000 = AXIS2_PLACEMENT_3D ( 'NONE', #740, #757, #2067 ) ;
#2001 = EDGE_CURVE ( 'NONE', #2330, #3915, #3356, .T. ) ;
#2002 = PLANE ( 'NONE',  #2018 ) ;
#2003 = CARTESIAN_POINT ( 'NONE',  ( -0.1307086614173228467, 0.1427165354330712788, -0.1460629921259842534 ) ) ;
#2004 = AXIS2_PLACEMENT_3D ( 'NONE', #3249, #2257, #2930 ) ;
#2005 = EDGE_CURVE ( 'NONE', #1442, #1553, #101, .T. ) ;
#2006 = CARTESIAN_POINT ( 'NONE',  ( 0.1673228346456692994, 0.02539370078740157272, -0.09015748031496062520 ) ) ;
#2007 = LINE ( 'NONE', #2728, #139 ) ;
#2008 =( GEOMETRIC_REPRESENTATION_CONTEXT ( 3 ) GLOBAL_UNCERTAINTY_ASSIGNED_CONTEXT ( ( #710 ) ) GLOBAL_UNIT_ASSIGNED_CONTEXT ( ( #1104, #446, #3664 ) ) REPRESENTATION_CONTEXT ( 'NONE', 'WORKASPACE' ) );
#2009 = FACE_OUTER_BOUND ( 'NONE', #3795, .T. ) ;
#2010 = EDGE_CURVE ( 'NONE', #2168, #1002, #4016, .T. ) ;
#2011 = CARTESIAN_POINT ( 'NONE',  ( 0.2488188976377948836, 0.1427165354330711400, -0.1460629921259842534 ) ) ;
#2012 = SURFACE_STYLE_USAGE ( .BOTH. , #63 ) ;
#2013 = CARTESIAN_POINT ( 'NONE',  ( 0.000000000000000000, 0.06476377952755905942, 0.06338582677165355284 ) ) ;
#2014 = EDGE_LOOP ( 'NONE', ( #475, #3405, #3137, #92 ) ) ;
#2015 = CARTESIAN_POINT ( 'NONE',  ( -0.2488188976377950501, 0.1427165354330712788, -0.1460629921259842534 ) ) ;
#2016 = EDGE_LOOP ( 'NONE', ( #3885, #33, #264, #872, #2827 ) ) ;
#2017 = VERTEX_POINT ( 'NONE', #1362 ) ;
#2018 = AXIS2_PLACEMENT_3D ( 'NONE', #1385, #2988, #2664 ) ;
#2019 = VECTOR ( 'NONE', #4167, 39.37007874015748143 ) ;
#2020 = CARTESIAN_POINT ( 'NONE',  ( 0.01259842519685026342, 0.1679133858267713719, 0.000000000000000000 ) ) ;
#2021 = ORIENTED_EDGE ( 'NONE', *, *, #3554, .T. ) ;
#2022 = DIRECTION ( 'NONE',  ( 0.000000000000000000, 0.000000000000000000, 1.000000000000000000 ) ) ;
#2023 = CIRCLE ( 'NONE', #3870, 0.04330708661417324162 ) ;
#2024 = VECTOR ( 'NONE', #298, 39.37007874015748143 ) ;
#2025 = CARTESIAN_POINT ( 'NONE',  ( -0.01259842519685035536, -0.1005905511811023834, 0.08858267716535433989 ) ) ;
#2026 = VECTOR ( 'NONE', #216, 39.37007874015748143 ) ;
#2027 = MECHANICAL_DESIGN_GEOMETRIC_PRESENTATION_REPRESENTATION (  '', ( #1750 ), #3808 ) ;
#2028 = DIRECTION ( 'NONE',  ( -0.000000000000000000, -1.000000000000000000, -0.000000000000000000 ) ) ;
#2029 = ORIENTED_EDGE ( 'NONE', *, *, #465, .T. ) ;
#2030 = CARTESIAN_POINT ( 'NONE',  ( -0.1712598425197273400, -0.02777997789758307121, -0.1492114446300771280 ) ) ;
#2031 = ADVANCED_FACE ( 'NONE', ( #1707 ), #1075, .F. ) ;
#2032 = CIRCLE ( 'NONE', #4009, 0.05511811023622047861 ) ;
#2033 = CARTESIAN_POINT ( 'NONE',  ( 0.1055118110236220597, -0.1005905511811023834, 0.06338582677165355284 ) ) ;
#2034 = EDGE_CURVE ( 'NONE', #4, #694, #3114, .T. ) ;
#2035 = CARTESIAN_POINT ( 'NONE',  ( -0.2236220472440945128, -0.1005905511811023834, 0.08858267716535433989 ) ) ;
#2036 = CARTESIAN_POINT ( 'NONE',  ( -0.2058974762643020207, 0.02539370078740157965, -0.09015748031496062520 ) ) ;
#2037 =( NAMED_UNIT ( * ) PLANE_ANGLE_UNIT ( ) SI_UNIT ( $, .RADIAN. ) );
#2038 = AXIS2_PLACEMENT_3D ( 'NONE', #1519, #126, #3812 ) ;
#2039 = LINE ( 'NONE', #3965, #3166 ) ;
#2040 = CARTESIAN_POINT ( 'NONE',  ( -0.1702755905511811052, -0.1950787401574803348, 0.1519685039370078927 ) ) ;
#2041 = ORIENTED_EDGE ( 'NONE', *, *, #3284, .T. ) ;
#2042 = VECTOR ( 'NONE', #392, 39.37007874015748143 ) ;
#2043 = VERTEX_POINT ( 'NONE', #352 ) ;
#2044 = LINE ( 'NONE', #3354, #2042 ) ;
#2045 = PLANE ( 'NONE',  #365 ) ;
#2046 = ORIENTED_EDGE ( 'NONE', *, *, #3608, .F. ) ;
#2047 = SURFACE_STYLE_USAGE ( .BOTH. , #1660 ) ;
#2048 = CYLINDRICAL_SURFACE ( 'NONE', #2285, 0.04330708661417324162 ) ;
#2049 = DIRECTION ( 'NONE',  ( -1.000000000000000000, 2.710505431213800134E-15, 0.000000000000000000 ) ) ;
#2050 = CARTESIAN_POINT ( 'NONE',  ( 0.2106299212598425064, -0.1271653543307086631, -0.02125984251968488642 ) ) ;
#2051 = CARTESIAN_POINT ( 'NONE',  ( 0.1673228346456692994, -0.01397637795275590705, -0.1443838085968875140 ) ) ;
#2052 = DIRECTION ( 'NONE',  ( -1.000000000000000000, 0.000000000000000000, 0.000000000000000000 ) ) ;
#2053 = CARTESIAN_POINT ( 'NONE',  ( -0.02755905511811023584, -0.08011811023622049388, 0.2098425196850393915 ) ) ;
#2054 = DIRECTION ( 'NONE',  ( 0.000000000000000000, -0.000000000000000000, -1.000000000000000000 ) ) ;
#2055 = CARTESIAN_POINT ( 'NONE',  ( -0.1702755905511811052, -0.1950787401574803348, 0.1281496062992125984 ) ) ;
#2056 = EDGE_LOOP ( 'NONE', ( #1363, #2388, #3366, #1112, #1883, #2412 ) ) ;
#2057 = DIRECTION ( 'NONE',  ( -2.981555974335139955E-15, 0.000000000000000000, 1.000000000000000000 ) ) ;
#2058 = ORIENTED_EDGE ( 'NONE', *, *, #752, .F. ) ;
#2059 = CARTESIAN_POINT ( 'NONE',  ( 0.1853644712399835914, 0.02539370078740156925, -0.09015748031496062520 ) ) ;
#2060 = DIRECTION ( 'NONE',  ( 0.000000000000000000, -1.000000000000000000, 0.000000000000000000 ) ) ;
#2061 = EDGE_LOOP ( 'NONE', ( #1916, #946, #3538, #885 ) ) ;
#2062 = FACE_OUTER_BOUND ( 'NONE', #1586, .T. ) ;
#2063 = CARTESIAN_POINT ( 'NONE',  ( -0.2236220472440945128, -0.1005905511811023834, 0.08858267716535433989 ) ) ;
#2064 = PLANE ( 'NONE',  #2490 ) ;
#2065 = FACE_BOUND ( 'NONE', #766, .T. ) ;
#2066 = EDGE_CURVE ( 'NONE', #1254, #3291, #1658, .T. ) ;
#2067 = DIRECTION ( 'NONE',  ( 0.000000000000000000, 0.000000000000000000, -1.000000000000000000 ) ) ;
#2068 = AXIS2_PLACEMENT_3D ( 'NONE', #2542, #4260, #3298 ) ;
#2069 = PLANE ( 'NONE',  #3806 ) ;
#2070 = MECHANICAL_DESIGN_GEOMETRIC_PRESENTATION_REPRESENTATION (  '', ( #3379 ), #1324 ) ;
#2071 = ORIENTED_EDGE ( 'NONE', *, *, #1511, .F. ) ;
#2072 = EDGE_CURVE ( 'NONE', #1293, #3240, #3804, .T. ) ;
#2073 = VERTEX_POINT ( 'NONE', #4055 ) ;
#2074 = PLANE ( 'NONE',  #653 ) ;
#2075 = VECTOR ( 'NONE', #1683, 39.37007874015748143 ) ;
#2076 = EDGE_CURVE ( 'NONE', #3301, #836, #2796, .T. ) ;
#2077 =( NAMED_UNIT ( * ) SI_UNIT ( $, .STERADIAN. ) SOLID_ANGLE_UNIT ( ) );
#2078 = ORIENTED_EDGE ( 'NONE', *, *, #2256, .T. ) ;
#2079 = VECTOR ( 'NONE', #1168, 39.37007874015748143 ) ;
#2080 = PLANE ( 'NONE',  #3682 ) ;
#2081 = VECTOR ( 'NONE', #1747, 39.37007874015748143 ) ;
#2082 = PLANE ( 'NONE',  #1395 ) ;
#2083 =( GEOMETRIC_REPRESENTATION_CONTEXT ( 3 ) GLOBAL_UNCERTAINTY_ASSIGNED_CONTEXT ( ( #1142 ) ) GLOBAL_UNIT_ASSIGNED_CONTEXT ( ( #3673, #2459, #875 ) ) REPRESENTATION_CONTEXT ( 'NONE', 'WORKASPACE' ) );
#2084 = VECTOR ( 'NONE', #565, 39.37007874015748143 ) ;
#2085 = SURFACE_STYLE_USAGE ( .BOTH. , #771 ) ;
#2086 = PLANE ( 'NONE',  #492 ) ;
#2087 = ORIENTED_EDGE ( 'NONE', *, *, #672, .F. ) ;
#2088 = VECTOR ( 'NONE', #3122, 39.37007874015748143 ) ;
#2089 = EDGE_LOOP ( 'NONE', ( #2140, #3082, #4005, #624 ) ) ;
#2090 = CIRCLE ( 'NONE', #31, 0.04330708661417324162 ) ;
#2091 = CARTESIAN_POINT ( 'NONE',  ( 0.01259842519685018015, 0.1427165354330709734, 0.000000000000000000 ) ) ;
#2092 = VERTEX_POINT ( 'NONE', #456 ) ;
#2093 = VECTOR ( 'NONE', #2421, 39.37007874015748143 ) ;
#2094 =( BOUNDED_SURFACE ( )  B_SPLINE_SURFACE ( 3, 3, ( 
 ( #968, #1901, #3571, #2883 ),
 ( #3292, #271, #1627, #4212 ),
 ( #4235, #2585, #990, #1280 ),
 ( #297, #3589, #253, #1645 ) ),
 .UNSPECIFIED., .F., .F., .T. ) 
 B_SPLINE_SURFACE_WITH_KNOTS ( ( 4, 4 ),
 ( 4, 4 ),
 ( 0.000000000000000000, 1.000000000000000000 ),
 ( 0.000000000000000000, 1.000000000000000000 ),
 .UNSPECIFIED. ) 
 GEOMETRIC_REPRESENTATION_ITEM ( )  RATIONAL_B_SPLINE_SURFACE ( (
 ( 1.000000000000000000, 0.8639115692444363503, 0.8639115692444363503, 1.000000000000000000),
 ( 0.7813127819635357074, 0.6749851515368542332, 0.6749851515368542332, 0.7813127819635357074),
 ( 0.7813127819635357074, 0.6749851515368542332, 0.6749851515368542332, 0.7813127819635357074),
 ( 1.000000000000000000, 0.8639115692444363503, 0.8639115692444363503, 1.000000000000000000) ) ) 
 REPRESENTATION_ITEM ( '' )  SURFACE ( )  );
#2095 = DIRECTION ( 'NONE',  ( -6.776263578034509998E-15, -1.000000000000000000, 0.000000000000000000 ) ) ;
#2096 = ORIENTED_EDGE ( 'NONE', *, *, #50, .T. ) ;
#2097 = VERTEX_POINT ( 'NONE', #167 ) ;
#2098 = ADVANCED_FACE ( 'NONE', ( #1491 ), #3758, .T. ) ;
#2099 = PRESENTATION_STYLE_ASSIGNMENT (( #2141 ) ) ;
#2100 = VERTEX_POINT ( 'NONE', #140 ) ;
#2101 = EDGE_CURVE ( 'NONE', #3107, #807, #1537, .T. ) ;
#2102 = FACE_OUTER_BOUND ( 'NONE', #3133, .T. ) ;
#2103 =( NAMED_UNIT ( * ) SI_UNIT ( $, .STERADIAN. ) SOLID_ANGLE_UNIT ( ) );
#2104 = LINE ( 'NONE', #2749, #3164 ) ;
#2105 = DIRECTION ( 'NONE',  ( 0.000000000000000000, 0.000000000000000000, -1.000000000000000000 ) ) ;
#2106 = FACE_OUTER_BOUND ( 'NONE', #2873, .T. ) ;
#2107 = ORIENTED_EDGE ( 'NONE', *, *, #223, .F. ) ;
#2108 = DIRECTION ( 'NONE',  ( 0.000000000000000000, 0.000000000000000000, 1.000000000000000000 ) ) ;
#2109 = CARTESIAN_POINT ( 'NONE',  ( 0.3120078740157480324, 0.02539370078740156925, -0.1098425196850393720 ) ) ;
#2110 = LINE ( 'NONE', #2785, #3882 ) ;
#2111 = VERTEX_POINT ( 'NONE', #185 ) ;
#2112 = SURFACE_STYLE_USAGE ( .BOTH. , #1311 ) ;
#2113 = CARTESIAN_POINT ( 'NONE',  ( -0.1712598425196850682, -0.01162387489080502108, -0.1454513014956678729 ) ) ;
#2114 = ORIENTED_EDGE ( 'NONE', *, *, #1380, .F. ) ;
#2115 = ORIENTED_EDGE ( 'NONE', *, *, #969, .T. ) ;
#2116 = EDGE_CURVE ( 'NONE', #827, #957, #1513, .T. ) ;
#2117 = DIRECTION ( 'NONE',  ( -0.000000000000000000, -0.000000000000000000, -1.000000000000000000 ) ) ;
#2118 = UNCERTAINTY_MEASURE_WITH_UNIT (LENGTH_MEASURE( 1.000000000000000082E-05 ), #1155, 'distance_accuracy_value', 'NONE');
#2119 = EDGE_CURVE ( 'NONE', #1293, #377, #1852, .T. ) ;
#2120 = CARTESIAN_POINT ( 'NONE',  ( 0.1055118110236220597, -0.1005905511811023834, 0.06338582677165355284 ) ) ;
#2121 = ORIENTED_EDGE ( 'NONE', *, *, #3284, .F. ) ;
#2122 = CARTESIAN_POINT ( 'NONE',  ( 0.2096456692913385711, 0.06476377952755904555, 0.02381889763779527353 ) ) ;
#2123 = PLANE ( 'NONE',  #778 ) ;
#2124 = PLANE ( 'NONE',  #3460 ) ;
#2125 = DIRECTION ( 'NONE',  ( -1.000000000000000000, 0.000000000000000000, 0.000000000000000000 ) ) ;
#2126 = DIRECTION ( 'NONE',  ( -0.000000000000000000, -9.637352644315589080E-17, 1.000000000000000000 ) ) ;
#2127 = ADVANCED_FACE ( 'NONE', ( #3736 ), #1114, .F. ) ;
#2128 = ORIENTED_EDGE ( 'NONE', *, *, #455, .F. ) ;
#2129 = SURFACE_SIDE_STYLE ('',( #2822 ) ) ;
#2130 = LINE ( 'NONE', #2154, #2830 ) ;
#2131 = CARTESIAN_POINT ( 'NONE',  ( -0.1712598425196850682, -0.01519654560194570563, -0.1448424406283399801 ) ) ;
#2132 = ADVANCED_FACE ( 'NONE', ( #1182 ), #2483, .T. ) ;
#2133 = LINE ( 'NONE', #2825, #4148 ) ;
#2134 = DIRECTION ( 'NONE',  ( 0.000000000000000000, 0.000000000000000000, 1.000000000000000000 ) ) ;
#2135 = ORIENTED_EDGE ( 'NONE', *, *, #1134, .F. ) ;
#2136 = CONICAL_SURFACE ( 'NONE', #2068, 0.05511811020276251305, 0.7198901078565330680 ) ;
#2137 = PLANE ( 'NONE',  #2570 ) ;
#2138 = DIRECTION ( 'NONE',  ( 0.000000000000000000, 0.000000000000000000, -1.000000000000000000 ) ) ;
#2139 = ORIENTED_EDGE ( 'NONE', *, *, #858, .T. ) ;
#2140 = ORIENTED_EDGE ( 'NONE', *, *, #4105, .F. ) ;
#2141 = SURFACE_STYLE_USAGE ( .BOTH. , #3420 ) ;
#2142 = VERTEX_POINT ( 'NONE', #4033 ) ;
#2143 = PLANE ( 'NONE',  #435 ) ;
#2144 = APPLICATION_CONTEXT ( 'automotive_design' ) ;
#2145 = AXIS2_PLACEMENT_3D ( 'NONE', #3427, #2471, #3833 ) ;
#2146 = DIMENSIONAL_EXPONENTS ( 1.000000000000000000, 0.000000000000000000, 0.000000000000000000, 0.000000000000000000, 0.000000000000000000, 0.000000000000000000, 0.000000000000000000 ) ;
#2147 = DIRECTION ( 'NONE',  ( -1.000000000000000000, 2.710505431213800134E-15, 0.000000000000000000 ) ) ;
#2148 = FACE_OUTER_BOUND ( 'NONE', #3851, .T. ) ;
#2149 = VECTOR ( 'NONE', #3340, 39.37007874015748143 ) ;
#2150 = VECTOR ( 'NONE', #2901, 39.37007874015748143 ) ;
#2151 = DIRECTION ( 'NONE',  ( 0.000000000000000000, 1.000000000000000000, 0.000000000000000000 ) ) ;
#2152 = CARTESIAN_POINT ( 'NONE',  ( 0.02755905511811023584, -0.1104330708661417498, 0.2098425196850393915 ) ) ;
#2153 = VERTEX_POINT ( 'NONE', #2418 ) ;
#2154 = CARTESIAN_POINT ( 'NONE',  ( -0.1307086614173228467, 0.1427165354330712788, 0.000000000000000000 ) ) ;
#2155 = VECTOR ( 'NONE', #1264, 39.37007874015748143 ) ;
#2156 = CIRCLE ( 'NONE', #2978, 0.05511811023622047861 ) ;
#2157 =( CONVERSION_BASED_UNIT ( 'INCH', #3818 ) LENGTH_UNIT ( ) NAMED_UNIT ( #3800 ) );
#2158 = DIRECTION ( 'NONE',  ( 1.000000000000000000, -6.776263578034520253E-15, 0.000000000000000000 ) ) ;
#2159 = VECTOR ( 'NONE', #2807, 39.37007874015748143 ) ;
#2160 = ORIENTED_EDGE ( 'NONE', *, *, #1057, .F. ) ;
#2161 = DIRECTION ( 'NONE',  ( 1.000000000000000000, -0.000000000000000000, 0.000000000000000000 ) ) ;
#2162 = CARTESIAN_POINT ( 'NONE',  ( 0.1840551181102362266, -0.1950787401574803348, 0.1281496062992125984 ) ) ;
#2163 = EDGE_LOOP ( 'NONE', ( #2431, #591, #3507, #1304 ) ) ;
#2164 = ORIENTED_EDGE ( 'NONE', *, *, #1697, .T. ) ;
#2165 = VECTOR ( 'NONE', #1917, 39.37007874015748143 ) ;
#2166 = VECTOR ( 'NONE', #411, 39.37007874015748143 ) ;
#2167 =( NAMED_UNIT ( * ) PLANE_ANGLE_UNIT ( ) SI_UNIT ( $, .RADIAN. ) );
#2168 = VERTEX_POINT ( 'NONE', #1093 ) ;
#2169 = LINE ( 'NONE', #3487, #2991 ) ;
#2170 = CARTESIAN_POINT ( 'NONE',  ( -0.1840551181102362266, -0.1950787401574803348, 0.04940944881889763191 ) ) ;
#2171 = CARTESIAN_POINT ( 'NONE',  ( 0.3120078740157480324, 0.02539370078740157965, -0.02125984251968503908 ) ) ;
#2172 = FACE_OUTER_BOUND ( 'NONE', #404, .T. ) ;
#2173 = CARTESIAN_POINT ( 'NONE',  ( -0.2488188976377950501, 0.1427165354330712788, -0.1460629921259842534 ) ) ;
#2174 = ORIENTED_EDGE ( 'NONE', *, *, #3476, .T. ) ;
#2175 = LINE ( 'NONE', #865, #3400 ) ;
#2176 =( CONVERSION_BASED_UNIT ( 'INCH', #2474 ) LENGTH_UNIT ( ) NAMED_UNIT ( #2506 ) );
#2177 = CARTESIAN_POINT ( 'NONE',  ( 0.09153543307086615954, 0.06476377952755904555, 0.02381889763779527353 ) ) ;
#2178 = EDGE_CURVE ( 'NONE', #1069, #452, #4080, .T. ) ;
#2179 = PLANE ( 'NONE',  #1890 ) ;
#2180 = LENGTH_MEASURE_WITH_UNIT ( LENGTH_MEASURE( 0.02539999999999999897 ), #870 );
#2181 = ORIENTED_EDGE ( 'NONE', *, *, #1870, .F. ) ;
#2182 = DIRECTION ( 'NONE',  ( 0.000000000000000000, -0.000000000000000000, -1.000000000000000000 ) ) ;
#2183 = EDGE_CURVE ( 'NONE', #389, #3061, #480, .T. ) ;
#2184 = CARTESIAN_POINT ( 'NONE',  ( -0.2106299212598425619, -0.01397637795275590705, -0.1350393700787401730 ) ) ;
#2185 = ORIENTED_EDGE ( 'NONE', *, *, #3414, .F. ) ;
#2186 = ORIENTED_EDGE ( 'NONE', *, *, #465, .F. ) ;
#2187 = CYLINDRICAL_SURFACE ( 'NONE', #3593, 0.05511811023622047861 ) ;
#2188 = EDGE_LOOP ( 'NONE', ( #1834, #2021, #4070, #3219 ) ) ;
#2189 = FACE_OUTER_BOUND ( 'NONE', #4180, .T. ) ;
#2190 = CARTESIAN_POINT ( 'NONE',  ( -0.05216535433070865202, -0.1950787401574803070, 0.1281496062992127094 ) ) ;
#2191 = CARTESIAN_POINT ( 'NONE',  ( 0.1712598425196850405, -0.1271653543307086631, 0.000000000000000000 ) ) ;
#2192 = ORIENTED_EDGE ( 'NONE', *, *, #1978, .F. ) ;
#2193 = FACE_OUTER_BOUND ( 'NONE', #2815, .T. ) ;
#2194 = CARTESIAN_POINT ( 'NONE',  ( -0.2236220472440945128, 0.06476377952755905942, 0.06338582677165355284 ) ) ;
#2195 = CARTESIAN_POINT ( 'NONE',  ( 0.02657480314960633527, -0.1950787401574803348, 0.02381889763779519720 ) ) ;
#2196 = DIRECTION ( 'NONE',  ( 2.710505431213800134E-15, 1.000000000000000000, -0.000000000000000000 ) ) ;
#2197 = ORIENTED_EDGE ( 'NONE', *, *, #356, .T. ) ;
#2198 = EDGE_CURVE ( 'NONE', #4117, #3107, #2837, .T. ) ;
#2199 = CARTESIAN_POINT ( 'NONE',  ( 0.06594488188976378729, 0.06476377952755904555, 0.1281496062992125984 ) ) ;
#2200 = EDGE_CURVE ( 'NONE', #4051, #824, #2509, .T. ) ;
#2201 = CARTESIAN_POINT ( 'NONE',  ( -0.2096456692913385711, -0.1950787401574803348, 0.02381889763779519720 ) ) ;
#2202 = VERTEX_POINT ( 'NONE', #3827 ) ;
#2203 = ORIENTED_EDGE ( 'NONE', *, *, #2518, .F. ) ;
#2204 = ADVANCED_FACE ( 'NONE', ( #879 ), #2187, .T. ) ;
#2205 = VECTOR ( 'NONE', #2274, 39.37007874015748143 ) ;
#2206 = ADVANCED_FACE ( 'NONE', ( #1062 ), #2298, .T. ) ;
#2207 = ORIENTED_EDGE ( 'NONE', *, *, #3449, .F. ) ;
#2208 = CARTESIAN_POINT ( 'NONE',  ( 0.1307086614173228467, -0.1005905511811023834, 0.08858267716535433989 ) ) ;
#2209 = CARTESIAN_POINT ( 'NONE',  ( -0.1702755905511811052, -0.1950787401574803348, 0.1281496062992125984 ) ) ;
#2210 = SURFACE_SIDE_STYLE ('',( #3272 ) ) ;
#2211 = ORIENTED_EDGE ( 'NONE', *, *, #2748, .T. ) ;
#2212 = AXIS2_PLACEMENT_3D ( 'NONE', #2732, #4041, #2052 ) ;
#2213 = CARTESIAN_POINT ( 'NONE',  ( 0.1711628345665477113, -0.01397637795275591746, -0.1447401325263843463 ) ) ;
#2214 = CARTESIAN_POINT ( 'NONE',  ( 0.1840551181102362266, -0.1950787401574803348, 0.1281496062992125984 ) ) ;
#2215 = CARTESIAN_POINT ( 'NONE',  ( -0.2236220472440945128, 0.06476377952755905942, 0.06338582677165355284 ) ) ;
#2216 = VECTOR ( 'NONE', #3085, 39.37007874015748143 ) ;
#2217 = FACE_OUTER_BOUND ( 'NONE', #2061, .T. ) ;
#2218 = DIRECTION ( 'NONE',  ( -0.000000000000000000, -0.000000000000000000, 1.000000000000000000 ) ) ;
#2219 = ORIENTED_EDGE ( 'NONE', *, *, #2834, .F. ) ;
#2220 = VECTOR ( 'NONE', #2880, 39.37007874015748143 ) ;
#2221 = CARTESIAN_POINT ( 'NONE',  ( -0.01259842519685036924, 0.1427165354330712788, -0.1460629921259842534 ) ) ;
#2222 = CARTESIAN_POINT ( 'NONE',  ( -0.06594488188976378729, -0.1950787401574803348, 0.02381889763779507924 ) ) ;
#2223 = PRESENTATION_LAYER_ASSIGNMENT (  '', '', ( #3462 ) ) ;
#2224 = AXIS2_PLACEMENT_3D ( 'NONE', #1361, #3752, #472 ) ;
#2225 = LINE ( 'NONE', #650, #2980 ) ;
#2226 = ORIENTED_EDGE ( 'NONE', *, *, #4105, .T. ) ;
#2227 = ORIENTED_EDGE ( 'NONE', *, *, #1248, .F. ) ;
#2228 = MECHANICAL_DESIGN_GEOMETRIC_PRESENTATION_REPRESENTATION (  '', ( #929 ), #713 ) ;
#2229 = PRESENTATION_LAYER_ASSIGNMENT (  '', '', ( #4012 ) ) ;
#2230 = ORIENTED_EDGE ( 'NONE', *, *, #3760, .F. ) ;
#2231 = CARTESIAN_POINT ( 'NONE',  ( 0.2883858267716535306, -0.1950787401574802515, 0.1519685039370078927 ) ) ;
#2232 = ADVANCED_FACE ( 'NONE', ( #2968 ), #1018, .F. ) ;
#2233 = DIRECTION ( 'NONE',  ( -0.000000000000000000, -1.000000000000000000, 0.000000000000000000 ) ) ;
#2234 = EDGE_CURVE ( 'NONE', #2410, #651, #2318, .T. ) ;
#2235 = CARTESIAN_POINT ( 'NONE',  ( 0.05216535433070866590, 0.06476377952755904555, 0.1281496062992125984 ) ) ;
#2236 = FILL_AREA_STYLE_COLOUR ( '', #3457 ) ;
#2237 = VECTOR ( 'NONE', #553, 39.37007874015748143 ) ;
#2238 = CARTESIAN_POINT ( 'NONE',  ( -0.1840551181102362266, 0.06476377952755904555, 0.04940944881889762497 ) ) ;
#2239 = CARTESIAN_POINT ( 'NONE',  ( -0.1673228346456692994, -0.01397637795275590705, -0.09015748031496062520 ) ) ;
#2240 = CYLINDRICAL_SURFACE ( 'NONE', #900, 0.05511811023622047861 ) ;
#2241 = SURFACE_STYLE_FILL_AREA ( #1921 ) ;
#2242 = CARTESIAN_POINT ( 'NONE',  ( 0.05216535433070865202, -0.1950787401574803070, 0.1519685039370078927 ) ) ;
#2243 = EDGE_LOOP ( 'NONE', ( #115, #3282, #4056, #1900 ) ) ;
#2244 = EDGE_LOOP ( 'NONE', ( #1889, #3458, #2943, #1591 ) ) ;
#2245 = DIRECTION ( 'NONE',  ( -0.000000000000000000, -1.000000000000000000, -0.000000000000000000 ) ) ;
#2246 = ORIENTED_EDGE ( 'NONE', *, *, #1941, .F. ) ;
#2247 = ORIENTED_EDGE ( 'NONE', *, *, #3645, .F. ) ;
#2248 = ADVANCED_FACE ( 'NONE', ( #18 ), #3636, .T. ) ;
#2249 = ORIENTED_EDGE ( 'NONE', *, *, #144, .F. ) ;
#2250 = CARTESIAN_POINT ( 'NONE',  ( 0.3120078740157480324, -0.05334645669291339376, -0.1098425196850393720 ) ) ;
#2251 = LINE ( 'NONE', #3202, #921 ) ;
#2252 = CARTESIAN_POINT ( 'NONE',  ( 0.02755905511811023584, 0.000000000000000000, 0.1519685039370078927 ) ) ;
#2253 = VERTEX_POINT ( 'NONE', #361 ) ;
#2254 = CARTESIAN_POINT ( 'NONE',  ( 0.1862477594319058016, -0.01397637795275588450, -0.1511177842647713765 ) ) ;
#2255 = DIRECTION ( 'NONE',  ( 1.000000000000000000, 0.000000000000000000, -0.000000000000000000 ) ) ;
#2256 = EDGE_CURVE ( 'NONE', #1232, #262, #2711, .T. ) ;
#2257 = DIRECTION ( 'NONE',  ( 0.000000000000000000, 0.000000000000000000, -1.000000000000000000 ) ) ;
#2258 = EDGE_CURVE ( 'NONE', #1527, #1161, #1690, .T. ) ;
#2259 = LINE ( 'NONE', #1321, #3671 ) ;
#2260 = PLANE ( 'NONE',  #1338 ) ;
#2261 = ORIENTED_EDGE ( 'NONE', *, *, #4043, .T. ) ;
#2262 = ORIENTED_EDGE ( 'NONE', *, *, #1899, .F. ) ;
#2263 = ADVANCED_FACE ( 'NONE', ( #1344 ), #2064, .T. ) ;
#2264 = CARTESIAN_POINT ( 'NONE',  ( 0.1307086614173227357, 0.1679133858267713719, 0.000000000000000000 ) ) ;
#2265 = VERTEX_POINT ( 'NONE', #2648 ) ;
#2266 = EDGE_LOOP ( 'NONE', ( #2529, #3245, #980, #2058 ) ) ;
#2267 = ORIENTED_EDGE ( 'NONE', *, *, #3174, .F. ) ;
#2268 = LINE ( 'NONE', #1960, #2237 ) ;
#2269 = CARTESIAN_POINT ( 'NONE',  ( 0.3120078740157480324, -0.1950787401574803348, 0.000000000000000000 ) ) ;
#2270 = AXIS2_PLACEMENT_3D ( 'NONE', #1288, #2609, #2591 ) ;
#2271 = DIRECTION ( 'NONE',  ( -0.000000000000000000, 1.000000000000000000, 0.000000000000000000 ) ) ;
#2272 = DIRECTION ( 'NONE',  ( 0.000000000000000000, -0.000000000000000000, -1.000000000000000000 ) ) ;
#2273 = LINE ( 'NONE', #2603, #87 ) ;
#2274 = DIRECTION ( 'NONE',  ( 0.000000000000000000, 1.000000000000000000, 0.000000000000000000 ) ) ;
#2275 = CARTESIAN_POINT ( 'NONE',  ( -0.1854776627043638326, 0.002962325487945631410, -0.1443838085988474462 ) ) ;
#2276 = CARTESIAN_POINT ( 'NONE',  ( 0.1739697293464765038, -0.0001665692331741053874, -0.1492018839553640452 ) ) ;
#2277 = ADVANCED_FACE ( 'NONE', ( #2009 ), #2687, .F. ) ;
#2278 = ORIENTED_EDGE ( 'NONE', *, *, #4095, .F. ) ;
#2279 = PRESENTATION_STYLE_ASSIGNMENT (( #305 ) ) ;
#2280 = VECTOR ( 'NONE', #2357, 39.37007874015748143 ) ;
#2281 = ORIENTED_EDGE ( 'NONE', *, *, #2921, .F. ) ;
#2282 = CARTESIAN_POINT ( 'NONE',  ( 0.000000000000000000, 0.1679133858267716495, 0.000000000000000000 ) ) ;
#2283 = AXIS2_PLACEMENT_3D ( 'NONE', #735, #61, #4022 ) ;
#2284 = EDGE_LOOP ( 'NONE', ( #3697, #3461, #2501, #1589 ) ) ;
#2285 = AXIS2_PLACEMENT_3D ( 'NONE', #3293, #3634, #706 ) ;
#2286 = ORIENTED_EDGE ( 'NONE', *, *, #2066, .F. ) ;
#2287 = COLOUR_RGB ( '',0.6470588235294117974, 0.5176470588235293491, 0.000000000000000000 ) ;
#2288 = VECTOR ( 'NONE', #1570, 39.37007874015748143 ) ;
#2289 = ORIENTED_EDGE ( 'NONE', *, *, #2960, .F. ) ;
#2290 = AXIS2_PLACEMENT_3D ( 'NONE', #2853, #3769, #823 ) ;
#2291 = FACE_OUTER_BOUND ( 'NONE', #2016, .T. ) ;
#2292 = FACE_OUTER_BOUND ( 'NONE', #3335, .T. ) ;
#2293 = DIRECTION ( 'NONE',  ( 0.000000000000000000, -0.000000000000000000, -1.000000000000000000 ) ) ;
#2294 = LINE ( 'NONE', #2906, #1835 ) ;
#2295 = VECTOR ( 'NONE', #3980, 39.37007874015748854 ) ;
#2296 = CARTESIAN_POINT ( 'NONE',  ( 0.2236220472440945128, -0.1005905511811023834, 0.06338582677165355284 ) ) ;
#2297 = CARTESIAN_POINT ( 'NONE',  ( 0.01259842519685027556, 0.1679133858267712609, -0.1460629921259842534 ) ) ;
#2298 = PLANE ( 'NONE',  #1813 ) ;
#2299 =( GEOMETRIC_REPRESENTATION_CONTEXT ( 3 ) GLOBAL_UNCERTAINTY_ASSIGNED_CONTEXT ( ( #1414 ) ) GLOBAL_UNIT_ASSIGNED_CONTEXT ( ( #3255, #4195, #2627 ) ) REPRESENTATION_CONTEXT ( 'NONE', 'WORKASPACE' ) );
#2300 = LINE ( 'NONE', #3620, #578 ) ;
#2301 = DIRECTION ( 'NONE',  ( 0.000000000000000000, 0.000000000000000000, -1.000000000000000000 ) ) ;
#2302 = EDGE_LOOP ( 'NONE', ( #2904, #4163, #2335, #3625, #432, #1198 ) ) ;
#2303 = PLANE ( 'NONE',  #2926 ) ;
#2304 = LINE ( 'NONE', #3884, #1932 ) ;
#2305 = ORIENTED_EDGE ( 'NONE', *, *, #4122, .F. ) ;
#2306 = CYLINDRICAL_SURFACE ( 'NONE', #1681, 0.04330708661417324162 ) ;
#2307 = VERTEX_POINT ( 'NONE', #81 ) ;
#2308 = ORIENTED_EDGE ( 'NONE', *, *, #2755, .F. ) ;
#2309 = EDGE_CURVE ( 'NONE', #830, #410, #1367, .T. ) ;
#2310 = ORIENTED_EDGE ( 'NONE', *, *, #3097, .T. ) ;
#2311 = DIRECTION ( 'NONE',  ( -0.000000000000000000, -0.000000000000000000, -1.000000000000000000 ) ) ;
#2312 = LINE ( 'NONE', #3631, #2497 ) ;
#2313 = DIRECTION ( 'NONE',  ( 0.000000000000000000, 0.000000000000000000, 1.000000000000000000 ) ) ;
#2314 = ORIENTED_EDGE ( 'NONE', *, *, #4236, .T. ) ;
#2315 = CARTESIAN_POINT ( 'NONE',  ( -0.1446850393700787329, -0.1950787401574803070, 0.02381889763779526659 ) ) ;
#2316 = DIRECTION ( 'NONE',  ( 0.000000000000000000, 0.000000000000000000, 1.000000000000000000 ) ) ;
#2317 = FACE_OUTER_BOUND ( 'NONE', #2952, .T. ) ;
#2318 = LINE ( 'NONE', #994, #1885 ) ;
#2319 = FACE_OUTER_BOUND ( 'NONE', #2284, .T. ) ;
#2320 =( LENGTH_UNIT ( ) NAMED_UNIT ( * ) SI_UNIT ( $, .METRE. ) );
#2321 = ADVANCED_FACE ( 'NONE', ( #1039 ), #2364, .F. ) ;
#2322 = SURFACE_STYLE_FILL_AREA ( #2950 ) ;
#2323 = SURFACE_STYLE_USAGE ( .BOTH. , #1716 ) ;
#2324 = VERTEX_POINT ( 'NONE', #2341 ) ;
#2325 = CARTESIAN_POINT ( 'NONE',  ( -0.2096456692913385711, -0.1950787401574803348, 0.02381889763779515903 ) ) ;
#2326 = ORIENTED_EDGE ( 'NONE', *, *, #312, .F. ) ;
#2327 = B_SPLINE_CURVE_WITH_KNOTS ( 'NONE', 3,
 ( #2275, #4192, #240, #4173, #2871, #938 ),
 .UNSPECIFIED., .F., .F.,
 ( 4, 2, 4 ),
 ( 1.101409846078927656E-14, 0.0002047898823459333580, 0.0004095797646808525773 ),
 .UNSPECIFIED. ) ;
#2328 = EDGE_LOOP ( 'NONE', ( #2894, #1531, #3212, #1671 ) ) ;
#2329 = EDGE_CURVE ( 'NONE', #367, #3905, #3658, .T. ) ;
#2330 = VERTEX_POINT ( 'NONE', #1390 ) ;
#2331 = ADVANCED_FACE ( 'NONE', ( #3380 ), #1548, .T. ) ;
#2332 = CARTESIAN_POINT ( 'NONE',  ( -0.1712598425196850405, 0.02539370078740158312, -0.02125984251968502867 ) ) ;
#2333 = EDGE_CURVE ( 'NONE', #2307, #1223, #753, .T. ) ;
#2334 = CARTESIAN_POINT ( 'NONE',  ( 0.2236220472440948182, 0.1679133858267715662, 0.000000000000000000 ) ) ;
#2335 = ORIENTED_EDGE ( 'NONE', *, *, #2034, .T. ) ;
#2336 =( CONVERSION_BASED_UNIT ( 'INCH', #78 ) LENGTH_UNIT ( ) NAMED_UNIT ( #431 ) );
#2337 = AXIS2_PLACEMENT_3D ( 'NONE', #1711, #80, #734 ) ;
#2338 = CARTESIAN_POINT ( 'NONE',  ( -0.1767196476445528075, -0.02781922527253662472, -0.1491510089724643329 ) ) ;
#2339 = DIRECTION ( 'NONE',  ( -6.776263578034509998E-15, -1.000000000000000000, 0.000000000000000000 ) ) ;
#2340 = STYLED_ITEM ( 'NONE', ( #689 ), #545 ) ;
#2341 = CARTESIAN_POINT ( 'NONE',  ( -0.05216535433070865202, 0.06476377952755904555, 0.02381889763779493005 ) ) ;
#2342 = UNCERTAINTY_MEASURE_WITH_UNIT (LENGTH_MEASURE( 1.000000000000000082E-05 ), #1241, 'distance_accuracy_value', 'NONE');
#2343 = SURFACE_SIDE_STYLE ('',( #62 ) ) ;
#2344 = PLANE ( 'NONE',  #350 ) ;
#2345 = LINE ( 'NONE', #3703, #4132 ) ;
#2346 = ORIENTED_EDGE ( 'NONE', *, *, #3018, .F. ) ;
#2347 = FACE_OUTER_BOUND ( 'NONE', #1869, .T. ) ;
#2348 = ORIENTED_EDGE ( 'NONE', *, *, #1431, .T. ) ;
#2349 = VECTOR ( 'NONE', #930, 39.37007874015748143 ) ;
#2350 = FACE_OUTER_BOUND ( 'NONE', #632, .T. ) ;
#2351 = ORIENTED_EDGE ( 'NONE', *, *, #1374, .F. ) ;
#2352 = CARTESIAN_POINT ( 'NONE',  ( 0.1307086614173226247, 0.1427165354330709734, 0.000000000000000000 ) ) ;
#2353 = AXIS2_PLACEMENT_3D ( 'NONE', #3111, #1769, #1185 ) ;
#2354 = CARTESIAN_POINT ( 'NONE',  ( 0.1055118110236220597, 0.06476377952755905942, 0.06338582677165355284 ) ) ;
#2355 = EDGE_CURVE ( 'NONE', #134, #471, #1751, .T. ) ;
#2356 = PRESENTATION_LAYER_ASSIGNMENT (  '', '', ( #1750 ) ) ;
#2357 = DIRECTION ( 'NONE',  ( 0.000000000000000000, 0.000000000000000000, 1.000000000000000000 ) ) ;
#2358 = VERTEX_POINT ( 'NONE', #2427 ) ;
#2359 =( LENGTH_UNIT ( ) NAMED_UNIT ( * ) SI_UNIT ( $, .METRE. ) );
#2360 = SURFACE_STYLE_FILL_AREA ( #1710 ) ;
#2361 = VECTOR ( 'NONE', #3984, 39.37007874015748143 ) ;
#2362 = DIRECTION ( 'NONE',  ( -1.000000000000000000, -0.000000000000000000, -0.000000000000000000 ) ) ;
#2363 = ADVANCED_FACE ( 'NONE', ( #3442 ), #1452, .F. ) ;
#2364 = PLANE ( 'NONE',  #2420 ) ;
#2365 = CARTESIAN_POINT ( 'NONE',  ( 0.2236220472440949014, 0.1679133858267713442, -0.1460629921259842534 ) ) ;
#2366 = CARTESIAN_POINT ( 'NONE',  ( 0.000000000000000000, -0.1271653543307086631, 0.000000000000000000 ) ) ;
#2367 = VECTOR ( 'NONE', #1984, 39.37007874015748143 ) ;
#2368 = DIRECTION ( 'NONE',  ( 0.000000000000000000, 1.000000000000000000, -0.000000000000000000 ) ) ;
#2369 = LINE ( 'NONE', #1043, #3779 ) ;
#2370 = VECTOR ( 'NONE', #1906, 39.37007874015748143 ) ;
#2371 = DIRECTION ( 'NONE',  ( 1.000000000000000000, 0.000000000000000000, -0.000000000000000000 ) ) ;
#2372 = ORIENTED_EDGE ( 'NONE', *, *, #3917, .F. ) ;
#2373 = VECTOR ( 'NONE', #73, 39.37007874015748143 ) ;
#2374 = CARTESIAN_POINT ( 'NONE',  ( -0.2883858267716535306, 0.06476377952755904555, 0.1281496062992129037 ) ) ;
#2375 = ORIENTED_EDGE ( 'NONE', *, *, #2389, .T. ) ;
#2376 = CARTESIAN_POINT ( 'NONE',  ( 0.2883858267716535306, -0.1950787401574803348, 0.1281496062992125984 ) ) ;
#2377 = ADVANCED_FACE ( 'NONE', ( #2148 ), #1432, .F. ) ;
#2378 = CARTESIAN_POINT ( 'NONE',  ( 0.000000000000000000, 0.1271653543307086631, 0.000000000000000000 ) ) ;
#2379 = EDGE_LOOP ( 'NONE', ( #2919, #164, #3799, #1905 ) ) ;
#2380 = FACE_OUTER_BOUND ( 'NONE', #3912, .T. ) ;
#2381 = FILL_AREA_STYLE_COLOUR ( '', #1477 ) ;
#2382 = LINE ( 'NONE', #3339, #1535 ) ;
#2383 = DIRECTION ( 'NONE',  ( 0.000000000000000000, 0.000000000000000000, -1.000000000000000000 ) ) ;
#2384 = FACE_BOUND ( 'NONE', #3017, .T. ) ;
#2385 = PLANE ( 'NONE',  #2973 ) ;
#2386 = ADVANCED_FACE ( 'NONE', ( #1838 ), #172, .F. ) ;
#2387 = FACE_OUTER_BOUND ( 'NONE', #466, .T. ) ;
#2388 = ORIENTED_EDGE ( 'NONE', *, *, #3862, .F. ) ;
#2389 = EDGE_CURVE ( 'NONE', #118, #1138, #3716, .T. ) ;
#2390 = DIMENSIONAL_EXPONENTS ( 1.000000000000000000, 0.000000000000000000, 0.000000000000000000, 0.000000000000000000, 0.000000000000000000, 0.000000000000000000, 0.000000000000000000 ) ;
#2391 = CARTESIAN_POINT ( 'NONE',  ( -0.1673228346456692994, -0.01397637795275590705, -0.02125984251968504601 ) ) ;
#2392 = ORIENTED_EDGE ( 'NONE', *, *, #3595, .F. ) ;
#2393 = ADVANCED_FACE ( 'NONE', ( #2400 ), #3090, .F. ) ;
#2394 = FACE_OUTER_BOUND ( 'NONE', #4109, .T. ) ;
#2395 = ORIENTED_EDGE ( 'NONE', *, *, #3971, .F. ) ;
#2396 = CARTESIAN_POINT ( 'NONE',  ( -0.3120078740157480324, -0.1950787401574803348, 0.02381889763779491964 ) ) ;
#2397 = ORIENTED_EDGE ( 'NONE', *, *, #4095, .T. ) ;
#2398 = PRESENTATION_STYLE_ASSIGNMENT (( #59 ) ) ;
#2399 = LINE ( 'NONE', #3401, #479 ) ;
#2400 = FACE_OUTER_BOUND ( 'NONE', #863, .T. ) ;
#2401 = DIRECTION ( 'NONE',  ( 1.000000000000000000, 0.000000000000000000, 0.000000000000000000 ) ) ;
#2402 = DIRECTION ( 'NONE',  ( 0.000000000000000000, -0.000000000000000000, -1.000000000000000000 ) ) ;
#2403 = ORIENTED_EDGE ( 'NONE', *, *, #2409, .T. ) ;
#2404 =( NAMED_UNIT ( * ) SI_UNIT ( $, .STERADIAN. ) SOLID_ANGLE_UNIT ( ) );
#2405 = CARTESIAN_POINT ( 'NONE',  ( -0.1712598425196850405, -0.1271653543307086631, -0.02125984251968500091 ) ) ;
#2406 = ORIENTED_EDGE ( 'NONE', *, *, #3416, .F. ) ;
#2407 = COLOUR_RGB ( '',0.6470588235294117974, 0.5176470588235293491, 0.000000000000000000 ) ;
#2408 = DIRECTION ( 'NONE',  ( -0.7071067811865480168, 0.000000000000000000, 0.7071067811865470176 ) ) ;
#2409 = EDGE_CURVE ( 'NONE', #1442, #327, #3426, .T. ) ;
#2410 = VERTEX_POINT ( 'NONE', #3742 ) ;
#2411 = SURFACE_STYLE_FILL_AREA ( #2676 ) ;
#2412 = ORIENTED_EDGE ( 'NONE', *, *, #1643, .F. ) ;
#2413 = DIMENSIONAL_EXPONENTS ( 1.000000000000000000, 0.000000000000000000, 0.000000000000000000, 0.000000000000000000, 0.000000000000000000, 0.000000000000000000, 0.000000000000000000 ) ;
#2414 = ORIENTED_EDGE ( 'NONE', *, *, #549, .F. ) ;
#2415 = FACE_OUTER_BOUND ( 'NONE', #1420, .T. ) ;
#2416 = VECTOR ( 'NONE', #1772, 39.37007874015748854 ) ;
#2417 = UNCERTAINTY_MEASURE_WITH_UNIT (LENGTH_MEASURE( 1.000000000000000082E-05 ), #2453, 'distance_accuracy_value', 'NONE');
#2418 = CARTESIAN_POINT ( 'NONE',  ( 0.2058974762337339448, -0.05334645670088503100, -0.1098425196727641079 ) ) ;
#2419 = ORIENTED_EDGE ( 'NONE', *, *, #1697, .F. ) ;
#2420 = AXIS2_PLACEMENT_3D ( 'NONE', #2050, #3361, #1713 ) ;
#2421 = DIRECTION ( 'NONE',  ( 1.000000000000000000, -0.000000000000000000, 0.000000000000000000 ) ) ;
#2422 = VECTOR ( 'NONE', #1913, 39.37007874015748854 ) ;
#2423 = PLANE ( 'NONE',  #2353 ) ;
#2424 = DIRECTION ( 'NONE',  ( 0.7071067811865469066, 0.000000000000000000, 0.7071067811865479058 ) ) ;
#2425 = MECHANICAL_DESIGN_GEOMETRIC_PRESENTATION_REPRESENTATION (  '', ( #2913 ), #2083 ) ;
#2426 = VECTOR ( 'NONE', #132, 39.37007874015748143 ) ;
#2427 = CARTESIAN_POINT ( 'NONE',  ( -0.1702755905511811052, 0.06476377952755904555, 0.1281496062992125984 ) ) ;
#2428 = CARTESIAN_POINT ( 'NONE',  ( 0.1712598425196850405, 0.02539370078740158312, -0.02125984251968496275 ) ) ;
#2429 = VERTEX_POINT ( 'NONE', #4106 ) ;
#2430 = VECTOR ( 'NONE', #2560, 39.37007874015748143 ) ;
#2431 = ORIENTED_EDGE ( 'NONE', *, *, #4100, .T. ) ;
#2432 = EDGE_CURVE ( 'NONE', #2613, #1708, #2469, .T. ) ;
#2433 = AXIS2_PLACEMENT_3D ( 'NONE', #3832, #1453, #1026 ) ;
#2434 = CARTESIAN_POINT ( 'NONE',  ( 0.2224409448289637603, -0.01397637795275590705, -0.1098425196850393720 ) ) ;
#2435 = EDGE_LOOP ( 'NONE', ( #2733, #2278, #2096, #3131 ) ) ;
#2436 = CONICAL_SURFACE ( 'NONE', #2715, 0.05511811020276251305, 0.7198901078565330680 ) ;
#2437 =( NAMED_UNIT ( * ) SI_UNIT ( $, .STERADIAN. ) SOLID_ANGLE_UNIT ( ) );
#2438 = EDGE_CURVE ( 'NONE', #3004, #3584, #1788, .T. ) ;
#2439 = FACE_OUTER_BOUND ( 'NONE', #3417, .T. ) ;
#2440 = ORIENTED_EDGE ( 'NONE', *, *, #2443, .T. ) ;
#2441 = ORIENTED_EDGE ( 'NONE', *, *, #2842, .T. ) ;
#2442 = ADVANCED_FACE ( 'NONE', ( #3782 ), #833, .F. ) ;
#2443 = EDGE_CURVE ( 'NONE', #1804, #2754, #188, .T. ) ;
#2444 = CARTESIAN_POINT ( 'NONE',  ( 0.1055118110236224482, 0.1679133858267716495, 0.000000000000000000 ) ) ;
#2445 = ORIENTED_EDGE ( 'NONE', *, *, #1504, .T. ) ;
#2446 = CARTESIAN_POINT ( 'NONE',  ( -0.1712598425196850405, -0.02777997789758302957, -0.1492114446300771835 ) ) ;
#2447 = ADVANCED_FACE ( 'NONE', ( #1856 ), #2124, .T. ) ;
#2448 = DIRECTION ( 'NONE',  ( -1.000000000000000000, 0.000000000000000000, -8.673617379884008848E-16 ) ) ;
#2449 = CARTESIAN_POINT ( 'NONE',  ( -0.1307086614173228467, -0.1005905511811023834, 0.06338582677165355284 ) ) ;
#2450 = DIRECTION ( 'NONE',  ( 1.000000000000000000, 0.000000000000000000, -0.000000000000000000 ) ) ;
#2451 = LINE ( 'NONE', #4186, #3246 ) ;
#2452 = VERTEX_POINT ( 'NONE', #4060 ) ;
#2453 =( CONVERSION_BASED_UNIT ( 'INCH', #1860 ) LENGTH_UNIT ( ) NAMED_UNIT ( #3103 ) );
#2454 = DIRECTION ( 'NONE',  ( -1.000000000000000000, -0.000000000000000000, -4.336808689942020694E-16 ) ) ;
#2455 =( NAMED_UNIT ( * ) PLANE_ANGLE_UNIT ( ) SI_UNIT ( $, .RADIAN. ) );
#2456 = DIRECTION ( 'NONE',  ( -0.000000000000000000, -0.000000000000000000, 1.000000000000000000 ) ) ;
#2457 = ORIENTED_EDGE ( 'NONE', *, *, #3786, .F. ) ;
#2458 = CARTESIAN_POINT ( 'NONE',  ( 0.2488188976377952999, -0.1005905511811023834, 0.06338582677165355284 ) ) ;
#2459 =( NAMED_UNIT ( * ) PLANE_ANGLE_UNIT ( ) SI_UNIT ( $, .RADIAN. ) );
#2460 = EDGE_CURVE ( 'NONE', #3987, #2111, #3155, .T. ) ;
#2461 = ORIENTED_EDGE ( 'NONE', *, *, #1053, .F. ) ;
#2462 = ORIENTED_EDGE ( 'NONE', *, *, #1817, .T. ) ;
#2463 = ADVANCED_FACE ( 'NONE', ( #4125 ), #2778, .F. ) ;
#2464 = DIRECTION ( 'NONE',  ( 0.000000000000000000, 0.000000000000000000, 1.000000000000000000 ) ) ;
#2465 = ORIENTED_EDGE ( 'NONE', *, *, #2409, .F. ) ;
#2466 = CARTESIAN_POINT ( 'NONE',  ( 0.1673228346456692994, -0.01397637795275590705, -0.1098425196628376732 ) ) ;
#2467 = EDGE_CURVE ( 'NONE', #763, #3291, #2023, .T. ) ;
#2468 = LINE ( 'NONE', #1470, #2565 ) ;
#2469 = LINE ( 'NONE', #2730, #2976 ) ;
#2470 = CARTESIAN_POINT ( 'NONE',  ( -0.3120078740157480324, 0.1950787401574803348, 0.000000000000000000 ) ) ;
#2471 = DIRECTION ( 'NONE',  ( 0.000000000000000000, -0.000000000000000000, 1.000000000000000000 ) ) ;
#2472 = EDGE_LOOP ( 'NONE', ( #2657, #568, #3847, #3148 ) ) ;
#2473 =( NAMED_UNIT ( * ) PLANE_ANGLE_UNIT ( ) SI_UNIT ( $, .RADIAN. ) );
#2474 = LENGTH_MEASURE_WITH_UNIT ( LENGTH_MEASURE( 0.02539999999999999897 ), #4130 );
#2475 = CARTESIAN_POINT ( 'NONE',  ( 0.1712598425196850405, -0.02291654101177842753, -0.1486618808723139118 ) ) ;
#2476 = VECTOR ( 'NONE', #1088, 39.37007874015748143 ) ;
#2477 = ORIENTED_EDGE ( 'NONE', *, *, #2729, .T. ) ;
#2478 = DIRECTION ( 'NONE',  ( 1.000000000000000000, -0.000000000000000000, 0.000000000000000000 ) ) ;
#2479 = VECTOR ( 'NONE', #237, 39.37007874015748143 ) ;
#2480 = CARTESIAN_POINT ( 'NONE',  ( 0.000000000000000000, -0.1271653543307086631, -0.02125984251968503908 ) ) ;
#2481 = ORIENTED_EDGE ( 'NONE', *, *, #3723, .F. ) ;
#2482 = VERTEX_POINT ( 'NONE', #4149 ) ;
#2483 = PLANE ( 'NONE',  #1125 ) ;
#2484 = ORIENTED_EDGE ( 'NONE', *, *, #2438, .F. ) ;
#2485 = DIRECTION ( 'NONE',  ( 1.000000000000000000, 0.000000000000000000, 0.000000000000000000 ) ) ;
#2486 = VECTOR ( 'NONE', #296, 39.37007874015748143 ) ;
#2487 = CARTESIAN_POINT ( 'NONE',  ( -0.2236220472440945961, 0.1679133858267713719, 0.000000000000000000 ) ) ;
#2488 = EDGE_CURVE ( 'NONE', #2613, #3369, #2660, .T. ) ;
#2489 = DIRECTION ( 'NONE',  ( 0.000000000000000000, -0.000000000000000000, -1.000000000000000000 ) ) ;
#2490 = AXIS2_PLACEMENT_3D ( 'NONE', #685, #383, #1083 ) ;
#2491 = LINE ( 'NONE', #861, #645 ) ;
#2492 = PLANE ( 'NONE',  #82 ) ;
#2493 = VERTEX_POINT ( 'NONE', #269 ) ;
#2494 = DIRECTION ( 'NONE',  ( -6.776263578034509998E-15, -1.000000000000000000, 0.000000000000000000 ) ) ;
#2495 = EDGE_CURVE ( 'NONE', #2142, #307, #1914, .T. ) ;
#2496 = AXIS2_PLACEMENT_3D ( 'NONE', #3988, #692, #1068 ) ;
#2497 = VECTOR ( 'NONE', #1999, 39.37007874015748143 ) ;
#2498 = LINE ( 'NONE', #562, #407 ) ;
#2499 = SURFACE_STYLE_FILL_AREA ( #4134 ) ;
#2500 = VECTOR ( 'NONE', #3495, 39.37007874015748143 ) ;
#2501 = ORIENTED_EDGE ( 'NONE', *, *, #1431, .F. ) ;
#2502 = B_SPLINE_CURVE_WITH_KNOTS ( 'NONE', 3,
 ( #259, #2540, #605, #1567, #2276, #2888 ),
 .UNSPECIFIED., .F., .F.,
 ( 4, 2, 4 ),
 ( 1.057735771232792220E-14, 0.0002047898823637628730, 0.0004095797647169483781 ),
 .UNSPECIFIED. ) ;
#2503 = DIRECTION ( 'NONE',  ( -0.000000000000000000, -1.000000000000000000, 0.000000000000000000 ) ) ;
#2504 = PLANE ( 'NONE',  #3945 ) ;
#2505 = ORIENTED_EDGE ( 'NONE', *, *, #4119, .T. ) ;
#2506 = DIMENSIONAL_EXPONENTS ( 1.000000000000000000, 0.000000000000000000, 0.000000000000000000, 0.000000000000000000, 0.000000000000000000, 0.000000000000000000, 0.000000000000000000 ) ;
#2507 = VERTEX_POINT ( 'NONE', #1597 ) ;
#2508 = VECTOR ( 'NONE', #831, 39.37007874015748143 ) ;
#2509 = LINE ( 'NONE', #224, #1334 ) ;
#2510 = ORIENTED_EDGE ( 'NONE', *, *, #550, .F. ) ;
#2511 = CARTESIAN_POINT ( 'NONE',  ( 0.2488188976377952999, 0.06476377952755905942, 0.08858267716535433989 ) ) ;
#2512 = DIRECTION ( 'NONE',  ( 1.000000000000000000, 0.000000000000000000, -0.000000000000000000 ) ) ;
#2513 = LINE ( 'NONE', #3647, #1265 ) ;
#2514 = DIRECTION ( 'NONE',  ( 6.776263578034520253E-15, 1.000000000000000000, 0.000000000000000000 ) ) ;
#2515 = CARTESIAN_POINT ( 'NONE',  ( 0.1853644712399834804, -0.05334645669291339376, -0.1098425196850393720 ) ) ;
#2516 = EDGE_LOOP ( 'NONE', ( #2739, #1055, #876, #2246 ) ) ;
#2517 =( NAMED_UNIT ( * ) SI_UNIT ( $, .STERADIAN. ) SOLID_ANGLE_UNIT ( ) );
#2518 = EDGE_CURVE ( 'NONE', #3952, #917, #949, .T. ) ;
#2519 = DIRECTION ( 'NONE',  ( 0.7071067811865457964, 0.000000000000000000, 0.7071067811865493491 ) ) ;
#2520 = DIRECTION ( 'NONE',  ( -0.000000000000000000, 1.000000000000000000, 0.000000000000000000 ) ) ;
#2521 = FILL_AREA_STYLE ('',( #522 ) ) ;
#2522 = FILL_AREA_STYLE_COLOUR ( '', #2854 ) ;
#2523 = EDGE_CURVE ( 'NONE', #248, #2017, #2513, .T. ) ;
#2524 = ORIENTED_EDGE ( 'NONE', *, *, #21, .T. ) ;
#2525 = EDGE_CURVE ( 'NONE', #1841, #199, #3831, .T. ) ;
#2526 = CARTESIAN_POINT ( 'NONE',  ( -0.1854776627043638326, 0.002962325487945631410, -0.1443838085988474462 ) ) ;
#2527 = CARTESIAN_POINT ( 'NONE',  ( -0.3120078740157480324, -0.1950787401574803348, 0.1281496062992125984 ) ) ;
#2528 = VERTEX_POINT ( 'NONE', #3897 ) ;
#2529 = ORIENTED_EDGE ( 'NONE', *, *, #3002, .T. ) ;
#2530 = EDGE_LOOP ( 'NONE', ( #784, #1778, #3828, #1775 ) ) ;
#2531 = PLANE ( 'NONE',  #1071 ) ;
#2532 = DIRECTION ( 'NONE',  ( -0.000000000000000000, -1.000000000000000000, -0.000000000000000000 ) ) ;
#2533 = CARTESIAN_POINT ( 'NONE',  ( -0.1712598425196850405, -0.05334645669291340070, -0.02125984251968503214 ) ) ;
#2534 = LINE ( 'NONE', #2903, #3726 ) ;
#2535 = ORIENTED_EDGE ( 'NONE', *, *, #3047, .T. ) ;
#2536 = DIRECTION ( 'NONE',  ( 0.000000000000000000, 0.000000000000000000, 1.000000000000000000 ) ) ;
#2537 = CARTESIAN_POINT ( 'NONE',  ( 0.1673228346456692994, -0.01397637795275590705, -0.09015748031496062520 ) ) ;
#2538 = DIRECTION ( 'NONE',  ( -1.000000000000000000, -0.000000000000000000, 2.710505431213759902E-15 ) ) ;
#2539 = CARTESIAN_POINT ( 'NONE',  ( 0.09153543307086615954, -0.1950787401574803348, 0.02381889763779527353 ) ) ;
#2540 = CARTESIAN_POINT ( 'NONE',  ( 0.1842584275423395646, 0.001627935635263396850, -0.1464385887810625009 ) ) ;
#2541 = VERTEX_POINT ( 'NONE', #1624 ) ;
#2542 = CARTESIAN_POINT ( 'NONE',  ( 0.1673228346456692994, -0.01397637795275590705, -0.1098425196628376732 ) ) ;
#2543 = CARTESIAN_POINT ( 'NONE',  ( -0.2058974762350888055, 0.02539370079548781967, -0.1098425196725876379 ) ) ;
#2544 = EDGE_CURVE ( 'NONE', #424, #2043, #1277, .T. ) ;
#2545 = CARTESIAN_POINT ( 'NONE',  ( -0.1712598425196850405, -0.002633675553877344849, -0.1492416429115042131 ) ) ;
#2546 = EDGE_CURVE ( 'NONE', #1161, #3777, #3849, .T. ) ;
#2547 = ORIENTED_EDGE ( 'NONE', *, *, #2495, .T. ) ;
#2548 = VERTEX_POINT ( 'NONE', #4207 ) ;
#2549 = VERTEX_POINT ( 'NONE', #2533 ) ;
#2550 = PRESENTATION_STYLE_ASSIGNMENT (( #227 ) ) ;
#2551 = CARTESIAN_POINT ( 'NONE',  ( 0.3120078740157480324, -0.05334645669291339376, -0.1098425196850393720 ) ) ;
#2552 = DIRECTION ( 'NONE',  ( 1.000000000000000000, -0.000000000000000000, 0.000000000000000000 ) ) ;
#2553 = DIRECTION ( 'NONE',  ( 1.000000000000000000, 1.094462760868649956E-16, -0.000000000000000000 ) ) ;
#2554 = VERTEX_POINT ( 'NONE', #2209 ) ;
#2555 = VECTOR ( 'NONE', #2313, 39.37007874015748143 ) ;
#2556 = CARTESIAN_POINT ( 'NONE',  ( 0.1772928440131583960, -0.01397637795275591573, -0.1512698035913802863 ) ) ;
#2557 = CARTESIAN_POINT ( 'NONE',  ( -0.1307086614173228467, -0.1005905511811023834, 0.08858267716535433989 ) ) ;
#2558 = PLANE ( 'NONE',  #2004 ) ;
#2559 = AXIS2_PLACEMENT_3D ( 'NONE', #810, #853, #3485 ) ;
#2560 = DIRECTION ( 'NONE',  ( -0.000000000000000000, -1.000000000000000000, -0.000000000000000000 ) ) ;
#2561 = CARTESIAN_POINT ( 'NONE',  ( 0.1673228346456692994, -0.01397637795275590705, -0.02125984251968504601 ) ) ;
#2562 = ORIENTED_EDGE ( 'NONE', *, *, #702, .F. ) ;
#2563 = PRESENTATION_STYLE_ASSIGNMENT (( #688 ) ) ;
#2564 = VECTOR ( 'NONE', #263, 39.37007874015748143 ) ;
#2565 = VECTOR ( 'NONE', #2799, 39.37007874015748143 ) ;
#2566 = FILL_AREA_STYLE ('',( #3924 ) ) ;
#2567 = ORIENTED_EDGE ( 'NONE', *, *, #1449, .T. ) ;
#2568 = EDGE_CURVE ( 'NONE', #1122, #2330, #2982, .T. ) ;
#2569 = AXIS2_PLACEMENT_3D ( 'NONE', #3908, #1590, #1974 ) ;
#2570 = AXIS2_PLACEMENT_3D ( 'NONE', #845, #2161, #1549 ) ;
#2571 = DIRECTION ( 'NONE',  ( 1.000000000000000000, 0.000000000000000000, -0.000000000000000000 ) ) ;
#2572 = VERTEX_POINT ( 'NONE', #3568 ) ;
#2573 = ORIENTED_EDGE ( 'NONE', *, *, #2389, .F. ) ;
#2574 = VECTOR ( 'NONE', #1863, 39.37007874015748143 ) ;
#2575 = VECTOR ( 'NONE', #1391, 39.37007874015748143 ) ;
#2576 = EDGE_LOOP ( 'NONE', ( #1626, #2114, #2351, #805, #531 ) ) ;
#2577 = EDGE_CURVE ( 'NONE', #2111, #3299, #695, .T. ) ;
#2578 = DIRECTION ( 'NONE',  ( -1.000000000000000000, 0.000000000000000000, 0.000000000000000000 ) ) ;
#2579 = LINE ( 'NONE', #2269, #2220 ) ;
#2580 = ADVANCED_FACE ( 'NONE', ( #615 ), #3505, .T. ) ;
#2581 =( GEOMETRIC_REPRESENTATION_CONTEXT ( 3 ) GLOBAL_UNCERTAINTY_ASSIGNED_CONTEXT ( ( #138 ) ) GLOBAL_UNIT_ASSIGNED_CONTEXT ( ( #1874, #2900, #1558 ) ) REPRESENTATION_CONTEXT ( 'NONE', 'WORKASPACE' ) );
#2582 = CARTESIAN_POINT ( 'NONE',  ( -0.2362204724409449064, 0.000000000000000000, -0.1460629921259842534 ) ) ;
#2583 = CARTESIAN_POINT ( 'NONE',  ( 0.1712598425196849572, -0.01397637795275590705, -0.1448424406283374821 ) ) ;
#2584 = ORIENTED_EDGE ( 'NONE', *, *, #1958, .T. ) ;
#2585 = CARTESIAN_POINT ( 'NONE',  ( 0.1772928440131584238, -0.009318068045641584793, -0.1512698035913803141 ) ) ;
#2586 = EDGE_CURVE ( 'NONE', #2737, #3826, #1577, .T. ) ;
#2587 = CARTESIAN_POINT ( 'NONE',  ( 0.2106299212598425064, -0.1271653543307086631, -0.02125984251968488642 ) ) ;
#2588 = DIRECTION ( 'NONE',  ( -0.000000000000000000, -0.000000000000000000, -1.000000000000000000 ) ) ;
#2589 = FACE_OUTER_BOUND ( 'NONE', #24, .T. ) ;
#2590 = ORIENTED_EDGE ( 'NONE', *, *, #153, .F. ) ;
#2591 = DIRECTION ( 'NONE',  ( -1.000000000000000000, 0.000000000000000000, 1.636531581110200093E-16 ) ) ;
#2592 = ORIENTED_EDGE ( 'NONE', *, *, #163, .T. ) ;
#2593 = DIRECTION ( 'NONE',  ( 0.7071067811865473507, 0.000000000000000000, -0.7071067811865476838 ) ) ;
#2594 = EDGE_LOOP ( 'NONE', ( #2855, #3470, #2867, #612 ) ) ;
#2595 = VERTEX_POINT ( 'NONE', #2020 ) ;
#2596 = EDGE_CURVE ( 'NONE', #2153, #3805, #1109, .T. ) ;
#2597 = ORIENTED_EDGE ( 'NONE', *, *, #806, .F. ) ;
#2598 = FILL_AREA_STYLE_COLOUR ( '', #239 ) ;
#2599 = CARTESIAN_POINT ( 'NONE',  ( 0.1673228346456692994, -0.01397637795275590705, -0.1443838085968875140 ) ) ;
#2600 = DIRECTION ( 'NONE',  ( -1.000000000000000000, 2.710505431213800134E-15, 0.000000000000000000 ) ) ;
#2601 = ORIENTED_EDGE ( 'NONE', *, *, #1703, .F. ) ;
#2602 = CARTESIAN_POINT ( 'NONE',  ( 0.1862477594319057739, -0.02281871313757511885, -0.1511177842647713765 ) ) ;
#2603 = CARTESIAN_POINT ( 'NONE',  ( 0.1055118110236220597, -0.1005905511811023834, 0.06338582677165355284 ) ) ;
#2604 = CARTESIAN_POINT ( 'NONE',  ( 0.1987796294601633651, 0.01756375376539625124, -0.1218995807727497049 ) ) ;
#2605 = DIRECTION ( 'NONE',  ( 1.000000000000000000, -2.032879073410350002E-15, 0.000000000000000000 ) ) ;
#2606 = CARTESIAN_POINT ( 'NONE',  ( 0.02657480314960633874, -0.1950787401574803348, 0.02381889763779515903 ) ) ;
#2607 = EDGE_LOOP ( 'NONE', ( #3259, #2882, #2249, #3411, #792, #4194, #1638, #3970, #131, #3670 ) ) ;
#2608 = LINE ( 'NONE', #323, #1495 ) ;
#2609 = DIRECTION ( 'NONE',  ( -1.636531581110200093E-16, 0.000000000000000000, -1.000000000000000000 ) ) ;
#2610 = VERTEX_POINT ( 'NONE', #3552 ) ;
#2611 = LINE ( 'NONE', #1005, #781 ) ;
#2612 = ORIENTED_EDGE ( 'NONE', *, *, #3973, .F. ) ;
#2613 = VERTEX_POINT ( 'NONE', #2374 ) ;
#2614 = VERTEX_POINT ( 'NONE', #3062 ) ;
#2615 = LINE ( 'NONE', #2231, #2922 ) ;
#2616 = VECTOR ( 'NONE', #381, 39.37007874015748143 ) ;
#2617 = LINE ( 'NONE', #987, #427 ) ;
#2618 = LINE ( 'NONE', #3876, #2165 ) ;
#2619 = ADVANCED_FACE ( 'NONE', ( #2394 ), #430, .T. ) ;
#2620 = CARTESIAN_POINT ( 'NONE',  ( 0.06594488188976377341, -0.1950787401574803070, 0.04940944881889763191 ) ) ;
#2621 = CARTESIAN_POINT ( 'NONE',  ( 0.1899221792734894776, 0.007826619120766617130, -0.1368934532612299249 ) ) ;
#2622 = CARTESIAN_POINT ( 'NONE',  ( 0.1840551181102362266, -0.1950787401574803348, 0.04940944881889763191 ) ) ;
#2623 = CARTESIAN_POINT ( 'NONE',  ( 0.3120078740157480324, 0.1950787401574803348, 0.1519685039370078927 ) ) ;
#2624 = CARTESIAN_POINT ( 'NONE',  ( -0.01259842519685035536, -0.1005905511811023834, 0.08858267716535433989 ) ) ;
#2625 = ORIENTED_EDGE ( 'NONE', *, *, #1347, .F. ) ;
#2626 = EDGE_CURVE ( 'NONE', #1287, #2548, #3328, .T. ) ;
#2627 =( NAMED_UNIT ( * ) SI_UNIT ( $, .STERADIAN. ) SOLID_ANGLE_UNIT ( ) );
#2628 = DIRECTION ( 'NONE',  ( -0.000000000000000000, -1.000000000000000000, -0.000000000000000000 ) ) ;
#2629 = MECHANICAL_DESIGN_GEOMETRIC_PRESENTATION_REPRESENTATION (  '', ( #3257 ), #2840 ) ;
#2630 = VERTEX_POINT ( 'NONE', #3041 ) ;
#2631 = PLANE ( 'NONE',  #498 ) ;
#2632 = AXIS2_PLACEMENT_3D ( 'NONE', #2449, #3811, #860 ) ;
#2633 = EDGE_LOOP ( 'NONE', ( #1127, #606, #5, #3124 ) ) ;
#2634 = AXIS2_PLACEMENT_3D ( 'NONE', #4146, #4083, #1167 ) ;
#2635 = ORIENTED_EDGE ( 'NONE', *, *, #2577, .T. ) ;
#2636 = AXIS2_PLACEMENT_3D ( 'NONE', #3253, #1259, #1970 ) ;
#2637 = ORIENTED_EDGE ( 'NONE', *, *, #3838, .T. ) ;
#2638 =( GEOMETRIC_REPRESENTATION_CONTEXT ( 3 ) GLOBAL_UNCERTAINTY_ASSIGNED_CONTEXT ( ( #3757 ) ) GLOBAL_UNIT_ASSIGNED_CONTEXT ( ( #196, #3099, #1526 ) ) REPRESENTATION_CONTEXT ( 'NONE', 'WORKASPACE' ) );
#2639 = CARTESIAN_POINT ( 'NONE',  ( -0.1307086614173228467, 0.1679133858267713719, -0.1460629921259842534 ) ) ;
#2640 = PRESENTATION_STYLE_ASSIGNMENT (( #2112 ) ) ;
#2641 = PRESENTATION_LAYER_ASSIGNMENT (  '', '', ( #171 ) ) ;
#2642 = EDGE_CURVE ( 'NONE', #424, #3107, #1136, .T. ) ;
#2643 = CARTESIAN_POINT ( 'NONE',  ( -0.2058974762350888055, -0.05334645670099962683, -0.1098425196725876379 ) ) ;
#2644 = EDGE_LOOP ( 'NONE', ( #3357, #2681, #1376, #2289 ) ) ;
#2645 = VECTOR ( 'NONE', #3761, 39.37007874015748143 ) ;
#2646 = FACE_OUTER_BOUND ( 'NONE', #3718, .T. ) ;
#2647 = DIRECTION ( 'NONE',  ( -6.776263578034520253E-15, -1.000000000000000000, -0.000000000000000000 ) ) ;
#2648 = CARTESIAN_POINT ( 'NONE',  ( -0.2106299212598425619, -0.01397637795275590705, -0.09015748031496062520 ) ) ;
#2649 = VECTOR ( 'NONE', #3913, 39.37007874015748143 ) ;
#2650 = ADVANCED_FACE ( 'NONE', ( #2350 ), #1399, .T. ) ;
#2651 = LINE ( 'NONE', #4023, #582 ) ;
#2652 = LENGTH_MEASURE_WITH_UNIT ( LENGTH_MEASURE( 0.02539999999999999897 ), #2320 );
#2653 = LENGTH_MEASURE_WITH_UNIT ( LENGTH_MEASURE( 0.02539999999999999897 ), #1667 );
#2654 = ORIENTED_EDGE ( 'NONE', *, *, #2076, .F. ) ;
#2655 = ADVANCED_FACE ( 'NONE', ( #2439 ), #1737, .F. ) ;
#2656 = CARTESIAN_POINT ( 'NONE',  ( -0.2096456692913386544, -0.1950787401574803348, 0.02381889763779510699 ) ) ;
#2657 = ORIENTED_EDGE ( 'NONE', *, *, #406, .T. ) ;
#2658 = EDGE_CURVE ( 'NONE', #3061, #2265, #1159, .T. ) ;
#2659 = ORIENTED_EDGE ( 'NONE', *, *, #1828, .T. ) ;
#2660 = LINE ( 'NONE', #2865, #2019 ) ;
#2661 = ORIENTED_EDGE ( 'NONE', *, *, #230, .T. ) ;
#2662 = CARTESIAN_POINT ( 'NONE',  ( 0.1702755905511811052, -0.1950787401574803348, 0.02381889763779507924 ) ) ;
#2663 = DIRECTION ( 'NONE',  ( -0.000000000000000000, -0.000000000000000000, -1.000000000000000000 ) ) ;
#2664 = DIRECTION ( 'NONE',  ( 0.000000000000000000, 0.000000000000000000, 1.000000000000000000 ) ) ;
#2665 = ORIENTED_EDGE ( 'NONE', *, *, #1736, .T. ) ;
#2666 = CARTESIAN_POINT ( 'NONE',  ( -0.1712598425196850405, 0.02539370078740158312, -0.1098425196850393720 ) ) ;
#2667 = CARTESIAN_POINT ( 'NONE',  ( -0.1055118110236224482, 0.1427165354330708902, 0.000000000000000000 ) ) ;
#2668 = CARTESIAN_POINT ( 'NONE',  ( -0.2096456692913385711, -0.1950787401574803348, 0.02381889763779515903 ) ) ;
#2669 = CARTESIAN_POINT ( 'NONE',  ( -0.2236220472440949014, 0.000000000000000000, -0.1460629921259842534 ) ) ;
#2670 = PLANE ( 'NONE',  #3121 ) ;
#2671 = CARTESIAN_POINT ( 'NONE',  ( 0.02657480314960621731, 0.06476377952755904555, 0.02381889763779504801 ) ) ;
#2672 = ORIENTED_EDGE ( 'NONE', *, *, #1248, .T. ) ;
#2673 = LINE ( 'NONE', #448, #3256 ) ;
#2674 = ORIENTED_EDGE ( 'NONE', *, *, #2309, .F. ) ;
#2675 = EDGE_CURVE ( 'NONE', #389, #1973, #826, .T. ) ;
#2676 = FILL_AREA_STYLE ('',( #52 ) ) ;
#2677 = EDGE_LOOP ( 'NONE', ( #3925, #2160, #1307, #1868, #1398, #2757, #1971, #3329, #1435, #1163, #2562 ) ) ;
#2678 = DIRECTION ( 'NONE',  ( -0.000000000000000000, -1.000000000000000000, 0.000000000000000000 ) ) ;
#2679 = ADVANCED_FACE ( 'NONE', ( #1803 ), #2790, .T. ) ;
#2680 = CARTESIAN_POINT ( 'NONE',  ( -0.2106299212598425064, 0.1271653543307086631, 0.000000000000000000 ) ) ;
#2681 = ORIENTED_EDGE ( 'NONE', *, *, #3088, .F. ) ;
#2682 = CARTESIAN_POINT ( 'NONE',  ( -0.2883858267716535306, -0.1950787401574803348, 0.1281496062992129870 ) ) ;
#2683 = VECTOR ( 'NONE', #3837, 39.37007874015748143 ) ;
#2684 = LINE ( 'NONE', #2006, #2081 ) ;
#2685 = CARTESIAN_POINT ( 'NONE',  ( -0.2488188976377952444, 0.1427165354330710567, 0.000000000000000000 ) ) ;
#2686 = AXIS2_PLACEMENT_3D ( 'NONE', #129, #4064, #3095 ) ;
#2687 = PLANE ( 'NONE',  #16 ) ;
#2688 = PLANE ( 'NONE',  #2987 ) ;
#2689 = DIRECTION ( 'NONE',  ( 0.000000000000000000, -1.000000000000000000, 0.000000000000000000 ) ) ;
#2690 = ORIENTED_EDGE ( 'NONE', *, *, #1426, .F. ) ;
#2691 = CARTESIAN_POINT ( 'NONE',  ( -0.1055118110236220597, -0.1005905511811023834, 0.06338582677165355284 ) ) ;
#2692 = ORIENTED_EDGE ( 'NONE', *, *, #602, .F. ) ;
#2693 = VECTOR ( 'NONE', #4108, 39.37007874015748143 ) ;
#2694 = ADVANCED_FACE ( 'NONE', ( #1529 ), #246, .T. ) ;
#2695 = COLOUR_RGB ( '',0.6470588235294117974, 0.5176470588235293491, 0.000000000000000000 ) ;
#2696 = PRESENTATION_STYLE_ASSIGNMENT (( #3390 ) ) ;
#2697 = ADVANCED_FACE ( 'NONE', ( #566 ), #2504, .F. ) ;
#2698 = EDGE_LOOP ( 'NONE', ( #175, #3477, #2465, #1309 ) ) ;
#2699 = CARTESIAN_POINT ( 'NONE',  ( 0.1307086614173228467, 0.06476377952755905942, 0.06338582677165355284 ) ) ;
#2700 = AXIS2_PLACEMENT_3D ( 'NONE', #893, #1571, #848 ) ;
#2701 = AXIS2_PLACEMENT_3D ( 'NONE', #4002, #1715, #3689 ) ;
#2702 = EDGE_CURVE ( 'NONE', #2897, #1183, #1487, .T. ) ;
#2703 = AXIS2_PLACEMENT_3D ( 'NONE', #1822, #3098, #1525 ) ;
#2704 = CARTESIAN_POINT ( 'NONE',  ( -0.1712598425196850405, -0.1271653543307086631, -0.02125984251968503908 ) ) ;
#2705 = ORIENTED_EDGE ( 'NONE', *, *, #2748, .F. ) ;
#2706 = SURFACE_SIDE_STYLE ('',( #4018 ) ) ;
#2707 = EDGE_CURVE ( 'NONE', #1614, #2324, #4096, .T. ) ;
#2708 = LINE ( 'NONE', #3312, #295 ) ;
#2709 =( GEOMETRIC_REPRESENTATION_CONTEXT ( 3 ) GLOBAL_UNCERTAINTY_ASSIGNED_CONTEXT ( ( #3065 ) ) GLOBAL_UNIT_ASSIGNED_CONTEXT ( ( #189, #816, #834 ) ) REPRESENTATION_CONTEXT ( 'NONE', 'WORKASPACE' ) );
#2710 = LINE ( 'NONE', #2668, #3784 ) ;
#2711 = LINE ( 'NONE', #337, #3178 ) ;
#2712 = ADVANCED_FACE ( 'NONE', ( #3456 ), #1552, .T. ) ;
#2713 = CARTESIAN_POINT ( 'NONE',  ( -0.2883858267716535306, -0.1950787401574803348, 0.1281496062992127094 ) ) ;
#2714 = FACE_OUTER_BOUND ( 'NONE', #2516, .T. ) ;
#2715 = AXIS2_PLACEMENT_3D ( 'NONE', #2466, #142, #2485 ) ;
#2716 = PLANE ( 'NONE',  #412 ) ;
#2717 = VERTEX_POINT ( 'NONE', #1867 ) ;
#2718 = VECTOR ( 'NONE', #564, 39.37007874015748143 ) ;
#2719 = FACE_OUTER_BOUND ( 'NONE', #3893, .T. ) ;
#2720 = ORIENTED_EDGE ( 'NONE', *, *, #3775, .T. ) ;
#2721 = DIMENSIONAL_EXPONENTS ( 1.000000000000000000, 0.000000000000000000, 0.000000000000000000, 0.000000000000000000, 0.000000000000000000, 0.000000000000000000, 0.000000000000000000 ) ;
#2722 = ORIENTED_EDGE ( 'NONE', *, *, #1449, .F. ) ;
#2723 = DIRECTION ( 'NONE',  ( -0.000000000000000000, -0.000000000000000000, -1.000000000000000000 ) ) ;
#2724 = CARTESIAN_POINT ( 'NONE',  ( -0.2035255328073358461, -0.05073629313802650864, -0.1138618190930353741 ) ) ;
#2725 = ORIENTED_EDGE ( 'NONE', *, *, #2200, .T. ) ;
#2726 =( LENGTH_UNIT ( ) NAMED_UNIT ( * ) SI_UNIT ( $, .METRE. ) );
#2727 = EDGE_CURVE ( 'NONE', #1492, #1726, #4116, .T. ) ;
#2728 = CARTESIAN_POINT ( 'NONE',  ( 0.1702755905511811052, 0.06476377952755904555, 0.1281496062992125984 ) ) ;
#2729 = EDGE_CURVE ( 'NONE', #824, #2554, #2857, .T. ) ;
#2730 = CARTESIAN_POINT ( 'NONE',  ( -0.1840551181102362266, 0.06476377952755904555, 0.1281496062992125984 ) ) ;
#2731 = PLANE ( 'NONE',  #3675 ) ;
#2732 = CARTESIAN_POINT ( 'NONE',  ( -0.1673228346456692994, -0.01397637795275590705, -0.09015748031496062520 ) ) ;
#2733 = ORIENTED_EDGE ( 'NONE', *, *, #4251, .T. ) ;
#2734 = UNCERTAINTY_MEASURE_WITH_UNIT (LENGTH_MEASURE( 1.000000000000000082E-05 ), #4219, 'distance_accuracy_value', 'NONE');
#2735 = PLANE ( 'NONE',  #2746 ) ;
#2736 = CARTESIAN_POINT ( 'NONE',  ( -0.2488188976377952999, -0.1005905511811023834, 0.08858267716535433989 ) ) ;
#2737 = VERTEX_POINT ( 'NONE', #4179 ) ;
#2738 = PRESENTATION_STYLE_ASSIGNMENT (( #1422 ) ) ;
#2739 = ORIENTED_EDGE ( 'NONE', *, *, #413, .T. ) ;
#2740 = ORIENTED_EDGE ( 'NONE', *, *, #3360, .F. ) ;
#2741 = DIRECTION ( 'NONE',  ( -1.000000000000000000, 6.776263578034509998E-15, 0.000000000000000000 ) ) ;
#2742 = DIRECTION ( 'NONE',  ( -1.000000000000000000, 0.000000000000000000, 0.000000000000000000 ) ) ;
#2743 = ORIENTED_EDGE ( 'NONE', *, *, #3602, .F. ) ;
#2744 = DIRECTION ( 'NONE',  ( 2.710505431213759902E-15, -0.000000000000000000, 1.000000000000000000 ) ) ;
#2745 = DIRECTION ( 'NONE',  ( 0.000000000000000000, 0.000000000000000000, 1.000000000000000000 ) ) ;
#2746 = AXIS2_PLACEMENT_3D ( 'NONE', #401, #3704, #3691 ) ;
#2747 = DIRECTION ( 'NONE',  ( 6.776263578034520253E-15, 1.000000000000000000, 0.000000000000000000 ) ) ;
#2748 = EDGE_CURVE ( 'NONE', #2452, #1066, #593, .T. ) ;
#2749 = CARTESIAN_POINT ( 'NONE',  ( 0.05216535433070866590, 0.06476377952755904555, 0.04940944881889763191 ) ) ;
#2750 = DIRECTION ( 'NONE',  ( 1.000000000000000000, -0.000000000000000000, 0.000000000000000000 ) ) ;
#2751 = DIRECTION ( 'NONE',  ( 0.000000000000000000, 0.000000000000000000, 1.000000000000000000 ) ) ;
#2752 = VECTOR ( 'NONE', #959, 39.37007874015748143 ) ;
#2753 = DIRECTION ( 'NONE',  ( 0.000000000000000000, -1.000000000000000000, -0.000000000000000000 ) ) ;
#2754 = VERTEX_POINT ( 'NONE', #3481 ) ;
#2755 = EDGE_CURVE ( 'NONE', #481, #651, #1508, .T. ) ;
#2756 = DIRECTION ( 'NONE',  ( 1.000000000000000000, 0.000000000000000000, 0.000000000000000000 ) ) ;
#2757 = ORIENTED_EDGE ( 'NONE', *, *, #3177, .F. ) ;
#2758 = VECTOR ( 'NONE', #1017, 39.37007874015748143 ) ;
#2759 = FACE_OUTER_BOUND ( 'NONE', #252, .T. ) ;
#2760 = ORIENTED_EDGE ( 'NONE', *, *, #455, .T. ) ;
#2761 = EDGE_CURVE ( 'NONE', #2541, #745, #526, .T. ) ;
#2762 = DIRECTION ( 'NONE',  ( -1.000000000000000000, -0.000000000000000000, -5.421010862427520198E-16 ) ) ;
#2763 = AXIS2_PLACEMENT_3D ( 'NONE', #687, #1413, #2402 ) ;
#2764 = VERTEX_POINT ( 'NONE', #3217 ) ;
#2765 = EDGE_CURVE ( 'NONE', #3932, #656, #2893, .T. ) ;
#2766 = ORIENTED_EDGE ( 'NONE', *, *, #2642, .F. ) ;
#2767 = FACE_OUTER_BOUND ( 'NONE', #1292, .T. ) ;
#2768 = PRESENTATION_LAYER_ASSIGNMENT (  '', '', ( #3257 ) ) ;
#2769 = UNCERTAINTY_MEASURE_WITH_UNIT (LENGTH_MEASURE( 1.000000000000000082E-05 ), #1797, 'distance_accuracy_value', 'NONE');
#2770 = CARTESIAN_POINT ( 'NONE',  ( -0.1712598425196850405, -0.1271653543307086631, -0.02125984251968500091 ) ) ;
#2771 = ORIENTED_EDGE ( 'NONE', *, *, #2675, .F. ) ;
#2772 = VECTOR ( 'NONE', #1098, 39.37007874015748143 ) ;
#2773 = FACE_OUTER_BOUND ( 'NONE', #529, .T. ) ;
#2774 = VECTOR ( 'NONE', #1408, 39.37007874015748143 ) ;
#2775 = PRESENTATION_STYLE_ASSIGNMENT (( #3809 ) ) ;
#2776 = CIRCLE ( 'NONE', #1481, 0.04330708661417324162 ) ;
#2777 = VECTOR ( 'NONE', #2829, 39.37007874015748854 ) ;
#2778 = PLANE ( 'NONE',  #86 ) ;
#2779 = CARTESIAN_POINT ( 'NONE',  ( 0.000000000000000000, -0.1005905511811023834, 0.000000000000000000 ) ) ;
#2780 = EDGE_LOOP ( 'NONE', ( #77, #3516, #3605, #1489 ) ) ;
#2781 = COLOUR_RGB ( '',0.6470588235294117974, 0.5176470588235293491, 0.000000000000000000 ) ;
#2782 =( NAMED_UNIT ( * ) SI_UNIT ( $, .STERADIAN. ) SOLID_ANGLE_UNIT ( ) );
#2783 = CARTESIAN_POINT ( 'NONE',  ( -0.02755905511811023584, 0.000000000000000000, 0.000000000000000000 ) ) ;
#2784 = PRESENTATION_LAYER_ASSIGNMENT (  '', '', ( #1556 ) ) ;
#2785 = CARTESIAN_POINT ( 'NONE',  ( 0.000000000000000000, 0.06476377952755905942, 0.06338582677165355284 ) ) ;
#2786 = EDGE_LOOP ( 'NONE', ( #4204, #3610, #1929, #1936 ) ) ;
#2787 = AXIS2_PLACEMENT_3D ( 'NONE', #1808, #1447, #1854 ) ;
#2788 = DIRECTION ( 'NONE',  ( 1.000000000000000000, 0.000000000000000000, -0.000000000000000000 ) ) ;
#2789 = EDGE_CURVE ( 'NONE', #1997, #4258, #1928, .T. ) ;
#2790 = PLANE ( 'NONE',  #3668 ) ;
#2791 = ADVANCED_FACE ( 'NONE', ( #1993 ), #2306, .T. ) ;
#2792 = AXIS2_PLACEMENT_3D ( 'NONE', #3372, #2723, #4032 ) ;
#2793 = EDGE_LOOP ( 'NONE', ( #630, #507, #3195, #2, #3000 ) ) ;
#2794 = ORIENTED_EDGE ( 'NONE', *, *, #4037, .T. ) ;
#2795 = ADVANCED_FACE ( 'NONE', ( #590 ), #326, .T. ) ;
#2796 = LINE ( 'NONE', #120, #3320 ) ;
#2797 = ORIENTED_EDGE ( 'NONE', *, *, #1190, .F. ) ;
#2798 = LINE ( 'NONE', #2122, #4014 ) ;
#2799 = DIRECTION ( 'NONE',  ( -0.000000000000000000, -0.000000000000000000, -1.000000000000000000 ) ) ;
#2800 = CARTESIAN_POINT ( 'NONE',  ( -0.01259842519685035536, -0.1005905511811023834, 0.06338582677165355284 ) ) ;
#2801 = FACE_OUTER_BOUND ( 'NONE', #2302, .T. ) ;
#2802 = EDGE_LOOP ( 'NONE', ( #4048, #3899, #2567, #3446 ) ) ;
#2803 = LENGTH_MEASURE_WITH_UNIT ( LENGTH_MEASURE( 0.02539999999999999897 ), #1500 );
#2804 = LINE ( 'NONE', #4110, #3859 ) ;
#2805 = DIRECTION ( 'NONE',  ( -1.000000000000000000, 0.000000000000000000, -0.000000000000000000 ) ) ;
#2806 =( NAMED_UNIT ( * ) SI_UNIT ( $, .STERADIAN. ) SOLID_ANGLE_UNIT ( ) );
#2807 = DIRECTION ( 'NONE',  ( 1.000000000000000000, 0.000000000000000000, -0.000000000000000000 ) ) ;
#2808 = ORIENTED_EDGE ( 'NONE', *, *, #261, .T. ) ;
#2809 = DIRECTION ( 'NONE',  ( -0.000000000000000000, -1.000000000000000000, -0.000000000000000000 ) ) ;
#2810 = CARTESIAN_POINT ( 'NONE',  ( 0.000000000000000000, -0.1005905511811023834, 0.06338582677165355284 ) ) ;
#2811 = ORIENTED_EDGE ( 'NONE', *, *, #2546, .T. ) ;
#2812 = VERTEX_POINT ( 'NONE', #2264 ) ;
#2813 = EDGE_CURVE ( 'NONE', #944, #2482, #2611, .T. ) ;
#2814 = CARTESIAN_POINT ( 'NONE',  ( 0.06594488188976378729, -0.1950787401574803348, 0.04940944881889763191 ) ) ;
#2815 = EDGE_LOOP ( 'NONE', ( #3397, #3944, #387, #2858 ) ) ;
#2816 = CARTESIAN_POINT ( 'NONE',  ( 0.01259842519685008128, 0.1427165354330711400, -0.1460629921259842534 ) ) ;
#2817 = PLANE ( 'NONE',  #1953 ) ;
#2818 = CARTESIAN_POINT ( 'NONE',  ( -0.1307086614173228467, 0.1679133858267716495, -0.1460629921259842534 ) ) ;
#2819 = CARTESIAN_POINT ( 'NONE',  ( -0.1712598425196850405, -0.1271653543307086631, -0.02125984251968503908 ) ) ;
#2820 = DIRECTION ( 'NONE',  ( 1.000000000000000000, 0.000000000000000000, 5.421010862427520198E-16 ) ) ;
#2821 = ORIENTED_EDGE ( 'NONE', *, *, #1938, .T. ) ;
#2822 = SURFACE_STYLE_FILL_AREA ( #1816 ) ;
#2823 = SURFACE_STYLE_FILL_AREA ( #489 ) ;
#2824 = CARTESIAN_POINT ( 'NONE',  ( 0.1055118110236220597, 0.1427165354330712788, -0.1460629921259842534 ) ) ;
#2825 = CARTESIAN_POINT ( 'NONE',  ( 0.1712598425196850405, -0.05334645669291339376, 4.370956789862834831E-18 ) ) ;
#2826 = CARTESIAN_POINT ( 'NONE',  ( -0.1673228346456692994, -0.01397637795275590705, -0.1098425196850393720 ) ) ;
#2827 = ORIENTED_EDGE ( 'NONE', *, *, #2836, .T. ) ;
#2828 = VECTOR ( 'NONE', #3790, 39.37007874015748143 ) ;
#2829 = DIRECTION ( 'NONE',  ( 0.6593020504471353016, 0.000000000000000000, 0.7518781857962117954 ) ) ;
#2830 = VECTOR ( 'NONE', #3430, 39.37007874015748143 ) ;
#2831 = CARTESIAN_POINT ( 'NONE',  ( 0.1712598425196850405, 0.02539370078740158312, 4.370956789862834831E-18 ) ) ;
#2832 = VERTEX_POINT ( 'NONE', #915 ) ;
#2833 = EDGE_LOOP ( 'NONE', ( #2461, #2395, #3565, #2121 ) ) ;
#2834 = EDGE_CURVE ( 'NONE', #3633, #377, #669, .T. ) ;
#2835 = EDGE_CURVE ( 'NONE', #2977, #2595, #4225, .T. ) ;
#2836 = EDGE_CURVE ( 'NONE', #3158, #183, #2935, .T. ) ;
#2837 = LINE ( 'NONE', #3171, #4139 ) ;
#2838 = ORIENTED_EDGE ( 'NONE', *, *, #655, .F. ) ;
#2839 = DIRECTION ( 'NONE',  ( -1.000000000000000000, 0.000000000000000000, -0.000000000000000000 ) ) ;
#2840 =( GEOMETRIC_REPRESENTATION_CONTEXT ( 3 ) GLOBAL_UNCERTAINTY_ASSIGNED_CONTEXT ( ( #4224 ) ) GLOBAL_UNIT_ASSIGNED_CONTEXT ( ( #755, #2037, #84 ) ) REPRESENTATION_CONTEXT ( 'NONE', 'WORKASPACE' ) );
#2841 = FILL_AREA_STYLE ('',( #1147 ) ) ;
#2842 = EDGE_CURVE ( 'NONE', #242, #2253, #961, .T. ) ;
#2843 = DIRECTION ( 'NONE',  ( 0.000000000000000000, 0.000000000000000000, 1.000000000000000000 ) ) ;
#2844 =( GEOMETRIC_REPRESENTATION_CONTEXT ( 3 ) GLOBAL_UNCERTAINTY_ASSIGNED_CONTEXT ( ( #1616 ) ) GLOBAL_UNIT_ASSIGNED_CONTEXT ( ( #1445, #2167, #2077 ) ) REPRESENTATION_CONTEXT ( 'NONE', 'WORKASPACE' ) );
#2845 = LINE ( 'NONE', #3116, #998 ) ;
#2846 = CARTESIAN_POINT ( 'NONE',  ( -0.1673228346456692994, -0.01397637795275590705, -0.1350393700787401730 ) ) ;
#2847 = ADVANCED_FACE ( 'NONE', ( #3563, #609 ), #2918, .T. ) ;
#2848 = VERTEX_POINT ( 'NONE', #3626 ) ;
#2849 =( GEOMETRIC_REPRESENTATION_CONTEXT ( 3 ) GLOBAL_UNCERTAINTY_ASSIGNED_CONTEXT ( ( #4053 ) ) GLOBAL_UNIT_ASSIGNED_CONTEXT ( ( #4010, #3370, #116 ) ) REPRESENTATION_CONTEXT ( 'NONE', 'WORKASPACE' ) );
#2850 = AXIS2_PLACEMENT_3D ( 'NONE', #3165, #497, #1224 ) ;
#2851 = LINE ( 'NONE', #801, #1461 ) ;
#2852 = EDGE_CURVE ( 'NONE', #1910, #2202, #1291, .T. ) ;
#2853 = CARTESIAN_POINT ( 'NONE',  ( 0.06594488188976378729, -0.1950787401574803348, 0.1281496062992125984 ) ) ;
#2854 = COLOUR_RGB ( '',0.6470588235294117974, 0.5176470588235293491, 0.000000000000000000 ) ;
#2855 = ORIENTED_EDGE ( 'NONE', *, *, #284, .F. ) ;
#2856 = CARTESIAN_POINT ( 'NONE',  ( 0.2106299212598425064, -0.1271653543307086631, 0.000000000000000000 ) ) ;
#2857 = LINE ( 'NONE', #2527, #4007 ) ;
#2858 = ORIENTED_EDGE ( 'NONE', *, *, #3260, .T. ) ;
#2859 = ORIENTED_EDGE ( 'NONE', *, *, #1312, .T. ) ;
#2860 = VECTOR ( 'NONE', #2839, 39.37007874015748143 ) ;
#2861 = AXIS2_PLACEMENT_3D ( 'NONE', #1893, #984, #925 ) ;
#2862 = ORIENTED_EDGE ( 'NONE', *, *, #2761, .F. ) ;
#2863 = FACE_OUTER_BOUND ( 'NONE', #2472, .T. ) ;
#2864 = PLANE ( 'NONE',  #571 ) ;
#2865 = CARTESIAN_POINT ( 'NONE',  ( -0.2883858267716535306, -0.1950787401574803348, 0.1281496062992129870 ) ) ;
#2866 = DIRECTION ( 'NONE',  ( -1.000000000000000000, -0.000000000000000000, -0.000000000000000000 ) ) ;
#2867 = ORIENTED_EDGE ( 'NONE', *, *, #1448, .F. ) ;
#2868 = EDGE_CURVE ( 'NONE', #515, #1223, #282, .T. ) ;
#2869 = LINE ( 'NONE', #936, #1200 ) ;
#2870 = LINE ( 'NONE', #2177, #3582 ) ;
#2871 = CARTESIAN_POINT ( 'NONE',  ( -0.1739697293462388605, -0.0001665692331745862039, -0.1492018839553648779 ) ) ;
#2872 = FACE_BOUND ( 'NONE', #3268, .T. ) ;
#2873 = EDGE_LOOP ( 'NONE', ( #2939, #2505, #1735, #1700 ) ) ;
#2874 = FACE_OUTER_BOUND ( 'NONE', #3583, .T. ) ;
#2875 = CARTESIAN_POINT ( 'NONE',  ( 0.02755905511811023584, 0.000000000000000000, 0.2098425196850393915 ) ) ;
#2876 = CARTESIAN_POINT ( 'NONE',  ( 0.3120078740157480324, -0.02752355633348480685, -0.1496062992125984370 ) ) ;
#2877 = ORIENTED_EDGE ( 'NONE', *, *, #2702, .T. ) ;
#2878 = ORIENTED_EDGE ( 'NONE', *, *, #3170, .F. ) ;
#2879 = CARTESIAN_POINT ( 'NONE',  ( -0.1673228346456692994, -0.01397637795275590705, -0.1098425196850393720 ) ) ;
#2880 = DIRECTION ( 'NONE',  ( 1.750477775960450088E-16, -1.000000000000000000, 0.000000000000000000 ) ) ;
#2881 = CARTESIAN_POINT ( 'NONE',  ( -0.06594488188976378729, 0.06476377952755904555, 0.02381889763779507924 ) ) ;
#2882 = ORIENTED_EDGE ( 'NONE', *, *, #351, .F. ) ;
#2883 = CARTESIAN_POINT ( 'NONE',  ( 0.1739476577609859187, 0.009953293479370170505, -0.1443838085974292751 ) ) ;
#2884 = ADVANCED_FACE ( 'NONE', ( #3580 ), #2631, .F. ) ;
#2885 = DIRECTION ( 'NONE',  ( -0.000000000000000000, -0.000000000000000000, 1.000000000000000000 ) ) ;
#2886 = CARTESIAN_POINT ( 'NONE',  ( 0.2488188976377952999, -0.1005905511811023834, 0.08858267716535433989 ) ) ;
#2887 = SURFACE_STYLE_USAGE ( .BOTH. , #300 ) ;
#2888 = CARTESIAN_POINT ( 'NONE',  ( 0.1712598425196850405, -0.0001727780079289358603, -0.1492114446300773223 ) ) ;
#2889 = VERTEX_POINT ( 'NONE', #1950 ) ;
#2890 =( NAMED_UNIT ( * ) PLANE_ANGLE_UNIT ( ) SI_UNIT ( $, .RADIAN. ) );
#2891 = ORIENTED_EDGE ( 'NONE', *, *, #813, .F. ) ;
#2892 = EDGE_CURVE ( 'NONE', #2153, #1232, #1637, .T. ) ;
#2893 = LINE ( 'NONE', #1305, #2564 ) ;
#2894 = ORIENTED_EDGE ( 'NONE', *, *, #627, .F. ) ;
#2895 = VECTOR ( 'NONE', #2520, 39.37007874015748143 ) ;
#2896 = EDGE_CURVE ( 'NONE', #2410, #3371, #1354, .T. ) ;
#2897 = VERTEX_POINT ( 'NONE', #2656 ) ;
#2898 = EDGE_CURVE ( 'NONE', #2528, #1108, #2225, .T. ) ;
#2899 = ORIENTED_EDGE ( 'NONE', *, *, #2916, .T. ) ;
#2900 =( NAMED_UNIT ( * ) PLANE_ANGLE_UNIT ( ) SI_UNIT ( $, .RADIAN. ) );
#2901 = DIRECTION ( 'NONE',  ( 0.000000000000000000, -0.000000000000000000, -1.000000000000000000 ) ) ;
#2902 = DIRECTION ( 'NONE',  ( -0.000000000000000000, -0.000000000000000000, -1.000000000000000000 ) ) ;
#2903 = CARTESIAN_POINT ( 'NONE',  ( -0.2236220472440945128, -0.1005905511811023834, 0.06338582677165355284 ) ) ;
#2904 = ORIENTED_EDGE ( 'NONE', *, *, #257, .T. ) ;
#2905 = AXIS2_PLACEMENT_3D ( 'NONE', #1790, #207, #147 ) ;
#2906 = CARTESIAN_POINT ( 'NONE',  ( 0.1712598425196850405, 0.000000000000000000, 0.000000000000000000 ) ) ;
#2907 = LINE ( 'NONE', #4189, #1745 ) ;
#2908 = CARTESIAN_POINT ( 'NONE',  ( 0.000000000000000000, 0.06476377952755905942, 0.000000000000000000 ) ) ;
#2909 = VECTOR ( 'NONE', #4185, 39.37007874015748143 ) ;
#2910 = FILL_AREA_STYLE_COLOUR ( '', #2781 ) ;
#2911 = CARTESIAN_POINT ( 'NONE',  ( 0.01259842519685035536, -0.1005905511811023834, 0.06338582677165355284 ) ) ;
#2912 = EDGE_LOOP ( 'NONE', ( #1562, #370, #2597, #1151 ) ) ;
#2913 = STYLED_ITEM ( 'NONE', ( #2738 ), #2655 ) ;
#2914 = VECTOR ( 'NONE', #273, 39.37007874015748143 ) ;
#2915 = PLANE ( 'NONE',  #2270 ) ;
#2916 = EDGE_CURVE ( 'NONE', #3915, #1105, #1375, .T. ) ;
#2917 = VERTEX_POINT ( 'NONE', #4047 ) ;
#2918 = PLANE ( 'NONE',  #4208 ) ;
#2919 = ORIENTED_EDGE ( 'NONE', *, *, #1794, .T. ) ;
#2920 = ORIENTED_EDGE ( 'NONE', *, *, #1308, .T. ) ;
#2921 = EDGE_CURVE ( 'NONE', #548, #3061, #2776, .T. ) ;
#2922 = VECTOR ( 'NONE', #3521, 39.37007874015748143 ) ;
#2923 = VERTEX_POINT ( 'NONE', #3036 ) ;
#2924 = DIRECTION ( 'NONE',  ( 6.776263578034520253E-15, 1.000000000000000000, 0.000000000000000000 ) ) ;
#2925 = DIRECTION ( 'NONE',  ( 0.000000000000000000, -0.000000000000000000, -1.000000000000000000 ) ) ;
#2926 = AXIS2_PLACEMENT_3D ( 'NONE', #1652, #1349, #1925 ) ;
#2927 = LINE ( 'NONE', #1298, #1544 ) ;
#2928 = LINE ( 'NONE', #600, #4223 ) ;
#2929 = DIRECTION ( 'NONE',  ( 1.000000000000000000, 0.000000000000000000, -0.000000000000000000 ) ) ;
#2930 = DIRECTION ( 'NONE',  ( -1.000000000000000000, 0.000000000000000000, -0.000000000000000000 ) ) ;
#2931 = LINE ( 'NONE', #2624, #1551 ) ;
#2932 = EDGE_LOOP ( 'NONE', ( #2510, #1179, #1441, #1157 ) ) ;
#2933 = DIRECTION ( 'NONE',  ( -0.000000000000000000, -0.000000000000000000, -1.000000000000000000 ) ) ;
#2934 = VERTEX_POINT ( 'NONE', #3692 ) ;
#2935 = LINE ( 'NONE', #342, #364 ) ;
#2936 = EDGE_LOOP ( 'NONE', ( #2185, #3992, #1743, #611 ) ) ;
#2937 = ORIENTED_EDGE ( 'NONE', *, *, #163, .F. ) ;
#2938 = ADVANCED_FACE ( 'NONE', ( #2719 ), #759, .F. ) ;
#2939 = ORIENTED_EDGE ( 'NONE', *, *, #1768, .T. ) ;
#2940 = CARTESIAN_POINT ( 'NONE',  ( -0.2236220472440945128, 0.06476377952755905942, 0.08858267716535433989 ) ) ;
#2941 = DIRECTION ( 'NONE',  ( 0.000000000000000000, -1.000000000000000000, -9.637352644315589080E-17 ) ) ;
#2942 = FACE_OUTER_BOUND ( 'NONE', #1983, .T. ) ;
#2943 = ORIENTED_EDGE ( 'NONE', *, *, #4046, .T. ) ;
#2944 = CARTESIAN_POINT ( 'NONE',  ( 0.1699829297533223815, -0.02358496686091827305, -0.1512698035913802863 ) ) ;
#2945 = LINE ( 'NONE', #4213, #1061 ) ;
#2946 = CARTESIAN_POINT ( 'NONE',  ( 0.1712598425196850405, -0.1271653543307086631, -0.02125984251968488642 ) ) ;
#2947 = CARTESIAN_POINT ( 'NONE',  ( -0.1307086614173228745, 0.1427165354330710567, 0.000000000000000000 ) ) ;
#2948 = DIRECTION ( 'NONE',  ( 0.000000000000000000, 0.000000000000000000, 1.000000000000000000 ) ) ;
#2949 = VERTEX_POINT ( 'NONE', #67 ) ;
#2950 = FILL_AREA_STYLE ('',( #1021 ) ) ;
#2951 = LENGTH_MEASURE_WITH_UNIT ( LENGTH_MEASURE( 0.02539999999999999897 ), #2972 );
#2952 = EDGE_LOOP ( 'NONE', ( #2441, #3570, #3708, #3263 ) ) ;
#2953 = DIRECTION ( 'NONE',  ( -0.000000000000000000, -1.000000000000000000, 0.000000000000000000 ) ) ;
#2954 = ORIENTED_EDGE ( 'NONE', *, *, #2460, .T. ) ;
#2955 = VERTEX_POINT ( 'NONE', #3078 ) ;
#2956 = VERTEX_POINT ( 'NONE', #2091 ) ;
#2957 = DIRECTION ( 'NONE',  ( 0.000000000000000000, 9.637352644315589080E-17, 1.000000000000000000 ) ) ;
#2958 = PRESENTATION_LAYER_ASSIGNMENT (  '', '', ( #557 ) ) ;
#2959 = FACE_OUTER_BOUND ( 'NONE', #28, .T. ) ;
#2960 = EDGE_CURVE ( 'NONE', #1553, #1002, #742, .T. ) ;
#2961 = EDGE_CURVE ( 'NONE', #651, #248, #2673, .T. ) ;
#2962 = CARTESIAN_POINT ( 'NONE',  ( -0.2236220472440949014, 0.1427165354330708902, -0.1460629921259842534 ) ) ;
#2963 = ORIENTED_EDGE ( 'NONE', *, *, #1486, .F. ) ;
#2964 = CARTESIAN_POINT ( 'NONE',  ( 0.01259842519685035536, -0.1005905511811023834, 0.06338582677165355284 ) ) ;
#2965 = ADVANCED_FACE ( 'NONE', ( #4029 ), #2069, .T. ) ;
#2966 = LINE ( 'NONE', #15, #4127 ) ;
#2967 = ADVANCED_FACE ( 'NONE', ( #3322 ), #3724, .F. ) ;
#2968 = FACE_OUTER_BOUND ( 'NONE', #2677, .T. ) ;
#2969 = DIRECTION ( 'NONE',  ( 0.000000000000000000, 0.000000000000000000, 1.000000000000000000 ) ) ;
#2970 = DIRECTION ( 'NONE',  ( 0.000000000000000000, 0.000000000000000000, -1.000000000000000000 ) ) ;
#2971 = DIRECTION ( 'NONE',  ( 1.000000000000000000, 0.000000000000000000, 0.000000000000000000 ) ) ;
#2972 =( LENGTH_UNIT ( ) NAMED_UNIT ( * ) SI_UNIT ( $, .METRE. ) );
#2973 = AXIS2_PLACEMENT_3D ( 'NONE', #3963, #110, #774 ) ;
#2974 = ORIENTED_EDGE ( 'NONE', *, *, #2309, .T. ) ;
#2975 = DIRECTION ( 'NONE',  ( -4.336808689942020694E-16, 0.000000000000000000, 1.000000000000000000 ) ) ;
#2976 = VECTOR ( 'NONE', #3763, 39.37007874015748143 ) ;
#2977 = VERTEX_POINT ( 'NONE', #3367 ) ;
#2978 = AXIS2_PLACEMENT_3D ( 'NONE', #2239, #1628, #1967 ) ;
#2979 = ORIENTED_EDGE ( 'NONE', *, *, #3786, .T. ) ;
#2980 = VECTOR ( 'NONE', #780, 39.37007874015748143 ) ;
#2981 = VECTOR ( 'NONE', #1201, 39.37007874015748143 ) ;
#2982 = LINE ( 'NONE', #2235, #2909 ) ;
#2983 = ORIENTED_EDGE ( 'NONE', *, *, #3208, .F. ) ;
#2984 = MECHANICAL_DESIGN_GEOMETRIC_PRESENTATION_REPRESENTATION (  '', ( #1620 ), #2638 ) ;
#2985 = CARTESIAN_POINT ( 'NONE',  ( -0.1055118110236220597, 0.06476377952755905942, 0.06338582677165355284 ) ) ;
#2986 = LINE ( 'NONE', #1383, #1887 ) ;
#2987 = AXIS2_PLACEMENT_3D ( 'NONE', #1665, #3381, #1084 ) ;
#2988 = DIRECTION ( 'NONE',  ( -1.000000000000000000, 0.000000000000000000, 0.000000000000000000 ) ) ;
#2989 = VERTEX_POINT ( 'NONE', #2015 ) ;
#2990 = DIRECTION ( 'NONE',  ( 1.000000000000000000, -2.032879073410350002E-15, 0.000000000000000000 ) ) ;
#2991 = VECTOR ( 'NONE', #532, 39.37007874015748143 ) ;
#2992 = LINE ( 'NONE', #40, #4191 ) ;
#2993 = DIRECTION ( 'NONE',  ( -5.421010862427520198E-16, 0.000000000000000000, 1.000000000000000000 ) ) ;
#2994 = COLOUR_RGB ( '',0.2509803921568627416, 0.2509803921568627416, 0.2509803921568627416 ) ;
#2995 = DIRECTION ( 'NONE',  ( 0.000000000000000000, 0.000000000000000000, -1.000000000000000000 ) ) ;
#2996 = FACE_OUTER_BOUND ( 'NONE', #3774, .T. ) ;
#2997 = ADVANCED_FACE ( 'NONE', ( #3060 ), #3667, .T. ) ;
#2998 =( CONVERSION_BASED_UNIT ( 'INCH', #739 ) LENGTH_UNIT ( ) NAMED_UNIT ( #1194 ) );
#2999 = EDGE_CURVE ( 'NONE', #2610, #1923, #1045, .T. ) ;
#3000 = ORIENTED_EDGE ( 'NONE', *, *, #1004, .F. ) ;
#3001 = DIRECTION ( 'NONE',  ( -0.000000000000000000, -0.000000000000000000, -1.000000000000000000 ) ) ;
#3002 = EDGE_CURVE ( 'NONE', #3254, #3751, #368, .T. ) ;
#3003 = ORIENTED_EDGE ( 'NONE', *, *, #100, .T. ) ;
#3004 = VERTEX_POINT ( 'NONE', #1758 ) ;
#3005 = ORIENTED_EDGE ( 'NONE', *, *, #3088, .T. ) ;
#3006 = CARTESIAN_POINT ( 'NONE',  ( 0.2883858267716535306, -0.1950787401574803348, 0.02381889763779507924 ) ) ;
#3007 = PRESENTATION_STYLE_ASSIGNMENT (( #3373 ) ) ;
#3008 = CARTESIAN_POINT ( 'NONE',  ( 0.1702755905511811052, 0.06476377952755904555, 0.1017716535433070973 ) ) ;
#3009 = CARTESIAN_POINT ( 'NONE',  ( 0.1712598425196850405, -0.002667459299205805160, -0.1492420574801850142 ) ) ;
#3010 = ORIENTED_EDGE ( 'NONE', *, *, #1371, .T. ) ;
#3011 = SURFACE_SIDE_STYLE ('',( #2360 ) ) ;
#3012 = DIRECTION ( 'NONE',  ( 0.7071067811865469066, 0.000000000000000000, 0.7071067811865479058 ) ) ;
#3013 = B_SPLINE_CURVE_WITH_KNOTS ( 'NONE', 3,
 ( #3334, #3995, #1982, #76, #1054, #3958, #3009, #1742 ),
 .UNSPECIFIED., .F., .F.,
 ( 4, 2, 2, 4 ),
 ( 0.0003697642933099474214, 0.0004622067211437585858, 0.0005546491489775698044, 0.0007395340046451926753 ),
 .UNSPECIFIED. ) ;
#3014 = CARTESIAN_POINT ( 'NONE',  ( 0.06594488188976378729, -0.1950787401574803348, 0.04940944881889763191 ) ) ;
#3015 = CARTESIAN_POINT ( 'NONE',  ( -0.2224409448818897850, -0.01397637795275590705, -0.1350393700787401730 ) ) ;
#3016 = ADVANCED_FACE ( 'NONE', ( #2347 ), #114, .T. ) ;
#3017 = EDGE_LOOP ( 'NONE', ( #1386, #495, #3408, #3864, #1133, #607, #3147, #1639, #2891, #2484 ) ) ;
#3018 = EDGE_CURVE ( 'NONE', #2554, #660, #1699, .T. ) ;
#3019 = CARTESIAN_POINT ( 'NONE',  ( 0.1853644712399834804, 0.02539370078740157965, -0.02125984251968503908 ) ) ;
#3020 = ORIENTED_EDGE ( 'NONE', *, *, #30, .F. ) ;
#3021 = EDGE_CURVE ( 'NONE', #807, #2812, #3347, .T. ) ;
#3022 = LENGTH_MEASURE_WITH_UNIT ( LENGTH_MEASURE( 0.02539999999999999897 ), #3081 );
#3023 = EDGE_CURVE ( 'NONE', #763, #4152, #1719, .T. ) ;
#3024 = VERTEX_POINT ( 'NONE', #2691 ) ;
#3025 = CARTESIAN_POINT ( 'NONE',  ( -0.01259842519685019924, 0.1679133858267716495, 0.000000000000000000 ) ) ;
#3026 = CARTESIAN_POINT ( 'NONE',  ( -0.1712598425196850405, 0.000000000000000000, 0.000000000000000000 ) ) ;
#3027 = ORIENTED_EDGE ( 'NONE', *, *, #2896, .F. ) ;
#3028 = DIRECTION ( 'NONE',  ( -0.000000000000000000, -0.000000000000000000, -1.000000000000000000 ) ) ;
#3029 = PLANE ( 'NONE',  #2337 ) ;
#3030 = MECHANICAL_DESIGN_GEOMETRIC_PRESENTATION_REPRESENTATION (  '', ( #557 ), #1463 ) ;
#3031 = CARTESIAN_POINT ( 'NONE',  ( -0.3120078740157480324, -0.1950787401574803348, 0.1519685039370078927 ) ) ;
#3032 = FILL_AREA_STYLE ('',( #773 ) ) ;
#3033 = SURFACE_STYLE_FILL_AREA ( #737 ) ;
#3034 =( LENGTH_UNIT ( ) NAMED_UNIT ( * ) SI_UNIT ( $, .METRE. ) );
#3035 = DIRECTION ( 'NONE',  ( 8.673617379884008848E-16, -0.000000000000000000, -1.000000000000000000 ) ) ;
#3036 = CARTESIAN_POINT ( 'NONE',  ( 0.1702755905511811330, -0.1950787401574803070, 0.02381889763779511740 ) ) ;
#3037 = VERTEX_POINT ( 'NONE', #4006 ) ;
#3038 = AXIS2_PLACEMENT_3D ( 'NONE', #1170, #835, #2820 ) ;
#3039 = VECTOR ( 'NONE', #530, 39.37007874015748854 ) ;
#3040 = AXIS2_PLACEMENT_3D ( 'NONE', #3591, #2885, #1563 ) ;
#3041 = CARTESIAN_POINT ( 'NONE',  ( -0.2224409448818897850, -0.01397637795275590705, -0.09015748031496062520 ) ) ;
#3042 = ORIENTED_EDGE ( 'NONE', *, *, #1504, .F. ) ;
#3043 = ADVANCED_FACE ( 'NONE', ( #3511 ), #4068, .T. ) ;
#3044 = CARTESIAN_POINT ( 'NONE',  ( -0.06594488188976378729, -0.1950787401574803070, 0.1519685039370078927 ) ) ;
#3045 = VECTOR ( 'NONE', #1089, 39.37007874015748143 ) ;
#3046 = VECTOR ( 'NONE', #1632, 39.37007874015748143 ) ;
#3047 = EDGE_CURVE ( 'NONE', #3922, #134, #2110, .T. ) ;
#3048 = PLANE ( 'NONE',  #916 ) ;
#3049 = VERTEX_POINT ( 'NONE', #3794 ) ;
#3050 =( NAMED_UNIT ( * ) PLANE_ANGLE_UNIT ( ) SI_UNIT ( $, .RADIAN. ) );
#3051 = PLANE ( 'NONE',  #2703 ) ;
#3052 = DIMENSIONAL_EXPONENTS ( 1.000000000000000000, 0.000000000000000000, 0.000000000000000000, 0.000000000000000000, 0.000000000000000000, 0.000000000000000000, 0.000000000000000000 ) ;
#3053 = DIRECTION ( 'NONE',  ( -0.000000000000000000, -0.000000000000000000, 1.000000000000000000 ) ) ;
#3054 = LINE ( 'NONE', #417, #1044 ) ;
#3055 = CARTESIAN_POINT ( 'NONE',  ( -0.1307086614173228467, -0.1005905511811023834, 0.06338582677165355284 ) ) ;
#3056 = DIRECTION ( 'NONE',  ( -1.000000000000000000, 0.000000000000000000, 0.000000000000000000 ) ) ;
#3057 = PRODUCT_CONTEXT ( 'NONE', #382, 'mechanical' ) ;
#3058 =( LENGTH_UNIT ( ) NAMED_UNIT ( * ) SI_UNIT ( $, .METRE. ) );
#3059 = LINE ( 'NONE', #1437, #2476 ) ;
#3060 = FACE_OUTER_BOUND ( 'NONE', #2244, .T. ) ;
#3061 = VERTEX_POINT ( 'NONE', #494 ) ;
#3062 = CARTESIAN_POINT ( 'NONE',  ( 0.2106299212598425064, 0.1271653543307086631, 8.537024980200828721E-18 ) ) ;
#3063 = EDGE_LOOP ( 'NONE', ( #2078, #2230, #4075, #3086 ) ) ;
#3064 = CARTESIAN_POINT ( 'NONE',  ( 0.000000000000000000, 0.1679133858267716495, 0.000000000000000000 ) ) ;
#3065 = UNCERTAINTY_MEASURE_WITH_UNIT (LENGTH_MEASURE( 1.000000000000000082E-05 ), #189, 'distance_accuracy_value', 'NONE');
#3066 = EDGE_CURVE ( 'NONE', #51, #694, #2032, .T. ) ;
#3067 = DIRECTION ( 'NONE',  ( -2.981555974335139955E-15, 0.000000000000000000, 1.000000000000000000 ) ) ;
#3068 = EDGE_LOOP ( 'NONE', ( #1992, #2838, #1032, #3889 ) ) ;
#3069 = CARTESIAN_POINT ( 'NONE',  ( 0.1854776627047119153, -0.03091508139452988149, -0.1443838085971960172 ) ) ;
#3070 = SURFACE_SIDE_STYLE ('',( #3780 ) ) ;
#3071 = DIRECTION ( 'NONE',  ( 0.000000000000000000, 0.000000000000000000, -1.000000000000000000 ) ) ;
#3072 = EDGE_CURVE ( 'NONE', #1227, #1092, #3188, .T. ) ;
#3073 = CARTESIAN_POINT ( 'NONE',  ( 0.01259842519685035536, -0.1005905511811023834, 0.06338582677165355284 ) ) ;
#3074 = LINE ( 'NONE', #3785, #2693 ) ;
#3075 = ORIENTED_EDGE ( 'NONE', *, *, #2707, .F. ) ;
#3076 =( NAMED_UNIT ( * ) PLANE_ANGLE_UNIT ( ) SI_UNIT ( $, .RADIAN. ) );
#3077 = ORIENTED_EDGE ( 'NONE', *, *, #261, .F. ) ;
#3078 = CARTESIAN_POINT ( 'NONE',  ( -0.2058974762350888055, 0.02539370079548781967, -0.1098425196725876379 ) ) ;
#3079 = ORIENTED_EDGE ( 'NONE', *, *, #1380, .T. ) ;
#3080 = CARTESIAN_POINT ( 'NONE',  ( 0.1853644712399835914, -0.05334645669291340070, -0.02125984251968495928 ) ) ;
#3081 =( LENGTH_UNIT ( ) NAMED_UNIT ( * ) SI_UNIT ( $, .METRE. ) );
#3082 = ORIENTED_EDGE ( 'NONE', *, *, #3964, .T. ) ;
#3083 = ORIENTED_EDGE ( 'NONE', *, *, #655, .T. ) ;
#3084 = CARTESIAN_POINT ( 'NONE',  ( 0.2106299212598425064, 0.1271653543307086631, -0.02125984251968488642 ) ) ;
#3085 = DIRECTION ( 'NONE',  ( -0.000000000000000000, -0.000000000000000000, 1.000000000000000000 ) ) ;
#3086 = ORIENTED_EDGE ( 'NONE', *, *, #2892, .T. ) ;
#3087 = FACE_OUTER_BOUND ( 'NONE', #346, .T. ) ;
#3088 = EDGE_CURVE ( 'NONE', #2168, #3190, #542, .T. ) ;
#3089 = CARTESIAN_POINT ( 'NONE',  ( 0.02657480314960624854, -0.1950787401574803070, 0.02381889763779510352 ) ) ;
#3090 = PLANE ( 'NONE',  #2632 ) ;
#3091 = CARTESIAN_POINT ( 'NONE',  ( -0.4724409448818898127, 0.1427165354330712788, -0.1460629921259842534 ) ) ;
#3092 = PLANE ( 'NONE',  #567 ) ;
#3093 = ORIENTED_EDGE ( 'NONE', *, *, #1680, .F. ) ;
#3094 = FILL_AREA_STYLE_COLOUR ( '', #1141 ) ;
#3095 = DIRECTION ( 'NONE',  ( 6.776263578034520253E-15, 1.000000000000000000, 0.000000000000000000 ) ) ;
#3096 = DIRECTION ( 'NONE',  ( 4.336808689942010340E-16, -0.000000000000000000, 1.000000000000000000 ) ) ;
#3097 = EDGE_CURVE ( 'NONE', #2482, #2917, #1882, .T. ) ;
#3098 = DIRECTION ( 'NONE',  ( 2.710505431213800134E-15, 1.000000000000000000, -0.000000000000000000 ) ) ;
#3099 =( NAMED_UNIT ( * ) PLANE_ANGLE_UNIT ( ) SI_UNIT ( $, .RADIAN. ) );
#3100 = EDGE_LOOP ( 'NONE', ( #2375, #3907, #1815, #1979 ) ) ;
#3101 = CARTESIAN_POINT ( 'NONE',  ( 0.2106299212598425619, -0.01397637795275590705, -0.09015748031496062520 ) ) ;
#3102 = ORIENTED_EDGE ( 'NONE', *, *, #4015, .F. ) ;
#3103 = DIMENSIONAL_EXPONENTS ( 1.000000000000000000, 0.000000000000000000, 0.000000000000000000, 0.000000000000000000, 0.000000000000000000, 0.000000000000000000, 0.000000000000000000 ) ;
#3104 = VERTEX_POINT ( 'NONE', #2434 ) ;
#3105 = VECTOR ( 'NONE', #3243, 39.37007874015748143 ) ;
#3106 = DIRECTION ( 'NONE',  ( 0.000000000000000000, -1.000000000000000000, -0.000000000000000000 ) ) ;
#3107 = VERTEX_POINT ( 'NONE', #241 ) ;
#3108 = VECTOR ( 'NONE', #1204, 39.37007874015748143 ) ;
#3109 = CARTESIAN_POINT ( 'NONE',  ( 0.3120078740157480324, 0.02539370078740157965, -0.1098425196850393720 ) ) ;
#3110 = AXIS2_PLACEMENT_3D ( 'NONE', #268, #1933, #1251 ) ;
#3111 = CARTESIAN_POINT ( 'NONE',  ( -0.06594488188976378729, -0.1950787401574803348, 0.1281496062992125984 ) ) ;
#3112 = VECTOR ( 'NONE', #1285, 39.37007874015748143 ) ;
#3113 = VECTOR ( 'NONE', #3455, 39.37007874015748143 ) ;
#3114 = B_SPLINE_CURVE_WITH_KNOTS ( 'NONE', 3,
 ( #1014, #3290, #3696, #414, #747, #2724, #2643 ),
 .UNSPECIFIED., .F., .F.,
 ( 4, 3, 4 ),
 ( 3.164681953847161690E-18, 0.0007601709217407549108, 0.001167636660830879058 ),
 .UNSPECIFIED. ) ;
#3115 = DIRECTION ( 'NONE',  ( -1.000000000000000000, 0.000000000000000000, 0.000000000000000000 ) ) ;
#3116 = CARTESIAN_POINT ( 'NONE',  ( -0.1055118110236220597, 0.06476377952755905942, 0.08858267716535433989 ) ) ;
#3117 = DIRECTION ( 'NONE',  ( -1.000000000000000000, 0.000000000000000000, 0.000000000000000000 ) ) ;
#3118 = ORIENTED_EDGE ( 'NONE', *, *, #2596, .T. ) ;
#3119 = PRESENTATION_STYLE_ASSIGNMENT (( #1818 ) ) ;
#3120 = PLANE ( 'NONE',  #3237 ) ;
#3121 = AXIS2_PLACEMENT_3D ( 'NONE', #173, #463, #2514 ) ;
#3122 = DIRECTION ( 'NONE',  ( 0.000000000000000000, 1.000000000000000000, -0.000000000000000000 ) ) ;
#3123 = CARTESIAN_POINT ( 'NONE',  ( 0.000000000000000000, 0.1271653543307086631, 0.000000000000000000 ) ) ;
#3124 = ORIENTED_EDGE ( 'NONE', *, *, #272, .F. ) ;
#3125 = COLOUR_RGB ( '',0.6470588235294117974, 0.5176470588235293491, 0.000000000000000000 ) ;
#3126 = LINE ( 'NONE', #3192, #3395 ) ;
#3127 = ADVANCED_FACE ( 'NONE', ( #2759 ), #470, .F. ) ;
#3128 = DIRECTION ( 'NONE',  ( 0.000000000000000000, 0.000000000000000000, -1.000000000000000000 ) ) ;
#3129 =( GEOMETRIC_REPRESENTATION_CONTEXT ( 3 ) GLOBAL_UNCERTAINTY_ASSIGNED_CONTEXT ( ( #2734 ) ) GLOBAL_UNIT_ASSIGNED_CONTEXT ( ( #4219, #1945, #1754 ) ) REPRESENTATION_CONTEXT ( 'NONE', 'WORKASPACE' ) );
#3130 = EDGE_LOOP ( 'NONE', ( #4240, #942, #345, #1554 ) ) ;
#3131 = ORIENTED_EDGE ( 'NONE', *, *, #3266, .T. ) ;
#3132 = FILL_AREA_STYLE_COLOUR ( '', #1472 ) ;
#3133 = EDGE_LOOP ( 'NONE', ( #4129, #225, #2592, #1538 ) ) ;
#3134 = CARTESIAN_POINT ( 'NONE',  ( -0.1702755905511811330, -0.1950787401574803348, 0.04940944881889763884 ) ) ;
#3135 = CARTESIAN_POINT ( 'NONE',  ( 0.2488188976377952999, 0.1679133858267712609, -0.1460629921259842534 ) ) ;
#3136 = FACE_OUTER_BOUND ( 'NONE', #1465, .T. ) ;
#3137 = ORIENTED_EDGE ( 'NONE', *, *, #732, .T. ) ;
#3138 = CARTESIAN_POINT ( 'NONE',  ( -0.1712598425196849850, -0.01847504480367545554, -0.1465995805602578750 ) ) ;
#3139 = EDGE_CURVE ( 'NONE', #266, #3385, #3162, .T. ) ;
#3140 = SURFACE_STYLE_FILL_AREA ( #2521 ) ;
#3141 = DIRECTION ( 'NONE',  ( 1.000000000000000000, 0.000000000000000000, -0.000000000000000000 ) ) ;
#3142 = VERTEX_POINT ( 'NONE', #1156 ) ;
#3143 = CARTESIAN_POINT ( 'NONE',  ( -0.01259842519685035536, 0.06476377952755905942, 0.06338582677165355284 ) ) ;
#3144 = PRODUCT_DEFINITION_SHAPE ( 'NONE', 'NONE',  #3368 ) ;
#3145 = ADVANCED_FACE ( 'NONE', ( #213 ), #178, .T. ) ;
#3146 = CARTESIAN_POINT ( 'NONE',  ( -0.1712598425196850960, -0.008393616040300765774, -0.1471966849243615261 ) ) ;
#3147 = ORIENTED_EDGE ( 'NONE', *, *, #3387, .F. ) ;
#3148 = ORIENTED_EDGE ( 'NONE', *, *, #1137, .F. ) ;
#3149 = EDGE_CURVE ( 'NONE', #3163, #2614, #3453, .T. ) ;
#3150 = EDGE_CURVE ( 'NONE', #3024, #3049, #4113, .T. ) ;
#3151 = CARTESIAN_POINT ( 'NONE',  ( -0.2883858267716535306, -0.1950787401574803348, 0.02381889763779496474 ) ) ;
#3152 = ORIENTED_EDGE ( 'NONE', *, *, #2467, .T. ) ;
#3153 = CARTESIAN_POINT ( 'NONE',  ( 0.1673228346456692994, -0.05334645669291339376, -0.09015748031496062520 ) ) ;
#3154 = ADVANCED_FACE ( 'NONE', ( #1746 ), #3051, .T. ) ;
#3155 = LINE ( 'NONE', #2818, #2772 ) ;
#3156 = DIRECTION ( 'NONE',  ( 0.7071067811865454633, 0.000000000000000000, 0.7071067811865495711 ) ) ;
#3157 = CARTESIAN_POINT ( 'NONE',  ( -0.1712598425197273400, -0.02777997789758307121, -0.1492114446300771280 ) ) ;
#3158 = VERTEX_POINT ( 'NONE', #3793 ) ;
#3159 = CARTESIAN_POINT ( 'NONE',  ( 0.2488188976377952999, -0.1005905511811023834, 0.06338582677165355284 ) ) ;
#3160 =( NAMED_UNIT ( * ) SI_UNIT ( $, .STERADIAN. ) SOLID_ANGLE_UNIT ( ) );
#3161 =( NAMED_UNIT ( * ) PLANE_ANGLE_UNIT ( ) SI_UNIT ( $, .RADIAN. ) );
#3162 = LINE ( 'NONE', #1130, #4079 ) ;
#3163 = VERTEX_POINT ( 'NONE', #889 ) ;
#3164 = VECTOR ( 'NONE', #1119, 39.37007874015748143 ) ;
#3165 = CARTESIAN_POINT ( 'NONE',  ( -0.05216535433070866590, -0.1950787401574803348, 0.1281496062992129870 ) ) ;
#3166 = VECTOR ( 'NONE', #2368, 39.37007874015748143 ) ;
#3167 = DIRECTION ( 'NONE',  ( -4.336808689942010340E-16, 0.000000000000000000, -1.000000000000000000 ) ) ;
#3168 = EDGE_LOOP ( 'NONE', ( #3486, #1976, #3770, #595 ) ) ;
#3169 = EDGE_LOOP ( 'NONE', ( #2406, #208, #2305, #197 ) ) ;
#3170 = EDGE_CURVE ( 'NONE', #1047, #3218, #3474, .T. ) ;
#3171 = CARTESIAN_POINT ( 'NONE',  ( 0.1055118110236220597, 0.1427165354330712788, 0.000000000000000000 ) ) ;
#3172 = ORIENTED_EDGE ( 'NONE', *, *, #1271, .T. ) ;
#3173 = DIRECTION ( 'NONE',  ( 0.7071067811865476838, 0.000000000000000000, -0.7071067811865472397 ) ) ;
#3174 = EDGE_CURVE ( 'NONE', #1138, #266, #1129, .T. ) ;
#3175 = VECTOR ( 'NONE', #1840, 39.37007874015748143 ) ;
#3176 = CARTESIAN_POINT ( 'NONE',  ( 0.1673228346456692994, -0.01397637795275590705, -0.1350393700787401730 ) ) ;
#3177 = EDGE_CURVE ( 'NONE', #2548, #1232, #2133, .T. ) ;
#3178 = VECTOR ( 'NONE', #3686, 39.37007874015748854 ) ;
#3179 = MECHANICAL_DESIGN_GEOMETRIC_PRESENTATION_REPRESENTATION (  '', ( #3729 ), #3669 ) ;
#3180 = DIRECTION ( 'NONE',  ( 0.000000000000000000, -1.000000000000000000, 0.000000000000000000 ) ) ;
#3181 = ORIENTED_EDGE ( 'NONE', *, *, #3756, .T. ) ;
#3182 = DIRECTION ( 'NONE',  ( -0.000000000000000000, 1.000000000000000000, 0.000000000000000000 ) ) ;
#3183 = CARTESIAN_POINT ( 'NONE',  ( 0.1307086614173224581, 0.1427165354330708902, 0.000000000000000000 ) ) ;
#3184 = VECTOR ( 'NONE', #2571, 39.37007874015748143 ) ;
#3185 = AXIS2_PLACEMENT_3D ( 'NONE', #3536, #644, #4239 ) ;
#3186 = DIRECTION ( 'NONE',  ( 1.000000000000000000, -2.032879073410350002E-15, 0.000000000000000000 ) ) ;
#3187 = LINE ( 'NONE', #1458, #503 ) ;
#3188 = LINE ( 'NONE', #1173, #2500 ) ;
#3189 = VECTOR ( 'NONE', #152, 39.37007874015748143 ) ;
#3190 = VERTEX_POINT ( 'NONE', #3452 ) ;
#3191 = LINE ( 'NONE', #454, #4228 ) ;
#3192 = CARTESIAN_POINT ( 'NONE',  ( 0.000000000000000000, -0.08011811023622049388, 0.1519685039370078927 ) ) ;
#3193 = VECTOR ( 'NONE', #2995, 39.37007874015748143 ) ;
#3194 = DIRECTION ( 'NONE',  ( -1.000000000000000000, -1.094462760868649956E-16, 0.000000000000000000 ) ) ;
#3195 = ORIENTED_EDGE ( 'NONE', *, *, #461, .F. ) ;
#3196 = ORIENTED_EDGE ( 'NONE', *, *, #3170, .T. ) ;
#3197 = STYLED_ITEM ( 'NONE', ( #1056 ), #3722 ) ;
#3198 = AXIS2_PLACEMENT_3D ( 'NONE', #304, #1000, #2971 ) ;
#3199 = EDGE_CURVE ( 'NONE', #452, #1614, #4112, .T. ) ;
#3200 = ORIENTED_EDGE ( 'NONE', *, *, #627, .T. ) ;
#3201 = CARTESIAN_POINT ( 'NONE',  ( 0.2488188976377948836, 0.1427165354330708902, -0.1460629921259842534 ) ) ;
#3202 = CARTESIAN_POINT ( 'NONE',  ( -0.1712598425196850405, -0.1271653543307086631, -0.02125984251968500091 ) ) ;
#3203 = ADVANCED_FACE ( 'NONE', ( #4157 ), #2179, .T. ) ;
#3204 = PRESENTATION_STYLE_ASSIGNMENT (( #1963 ) ) ;
#3205 = ORIENTED_EDGE ( 'NONE', *, *, #254, .F. ) ;
#3206 = LINE ( 'NONE', #4188, #3267 ) ;
#3207 = LINE ( 'NONE', #255, #499 ) ;
#3208 = EDGE_CURVE ( 'NONE', #1006, #410, #3510, .T. ) ;
#3209 = CARTESIAN_POINT ( 'NONE',  ( 0.1673228346456692994, -0.01397637795275590705, -0.1350393700787401730 ) ) ;
#3210 = EDGE_CURVE ( 'NONE', #3482, #4158, #3187, .T. ) ;
#3211 = DIRECTION ( 'NONE',  ( -0.000000000000000000, 1.000000000000000000, 0.000000000000000000 ) ) ;
#3212 = ORIENTED_EDGE ( 'NONE', *, *, #103, .F. ) ;
#3213 = PRESENTATION_STYLE_ASSIGNMENT (( #3539 ) ) ;
#3214 = CARTESIAN_POINT ( 'NONE',  ( 0.2236220472440945128, -0.1005905511811023834, 0.06338582677165355284 ) ) ;
#3215 = ORIENTED_EDGE ( 'NONE', *, *, #4099, .F. ) ;
#3216 = EDGE_CURVE ( 'NONE', #3438, #2307, #3252, .T. ) ;
#3217 = CARTESIAN_POINT ( 'NONE',  ( -0.3120078740157480324, 0.1950787401574803070, 0.000000000000000000 ) ) ;
#3218 = VERTEX_POINT ( 'NONE', #276 ) ;
#3219 = ORIENTED_EDGE ( 'NONE', *, *, #1958, .F. ) ;
#3220 = ORIENTED_EDGE ( 'NONE', *, *, #3602, .T. ) ;
#3221 = LINE ( 'NONE', #899, #3406 ) ;
#3222 = CARTESIAN_POINT ( 'NONE',  ( -0.3120078740157480324, 0.1950787401574802515, 0.1519685039370078927 ) ) ;
#3223 = EDGE_LOOP ( 'NONE', ( #2403, #265, #2071, #3520 ) ) ;
#3224 = EDGE_CURVE ( 'NONE', #2934, #2452, #2327, .T. ) ;
#3225 = DIRECTION ( 'NONE',  ( -0.000000000000000000, 1.000000000000000000, 0.000000000000000000 ) ) ;
#3226 = CARTESIAN_POINT ( 'NONE',  ( -0.02755905511811023584, -0.08011811023622049388, 0.1519685039370078927 ) ) ;
#3227 = CARTESIAN_POINT ( 'NONE',  ( 0.000000000000000000, 0.06476377952755905942, 0.1017716535433070973 ) ) ;
#3228 = CARTESIAN_POINT ( 'NONE',  ( -0.01259842519685035536, 0.1427165354330712788, -0.1460629921259842534 ) ) ;
#3229 = LINE ( 'NONE', #1286, #637 ) ;
#3230 = EDGE_CURVE ( 'NONE', #1578, #2429, #1301, .T. ) ;
#3231 = ORIENTED_EDGE ( 'NONE', *, *, #1482, .T. ) ;
#3232 = FACE_OUTER_BOUND ( 'NONE', #283, .T. ) ;
#3233 = EDGE_CURVE ( 'NONE', #548, #3846, #2259, .T. ) ;
#3234 = ORIENTED_EDGE ( 'NONE', *, *, #858, .F. ) ;
#3235 = DIRECTION ( 'NONE',  ( 0.000000000000000000, -0.000000000000000000, -1.000000000000000000 ) ) ;
#3236 = ORIENTED_EDGE ( 'NONE', *, *, #3314, .F. ) ;
#3237 = AXIS2_PLACEMENT_3D ( 'NONE', #2783, #4089, #821 ) ;
#3238 = ORIENTED_EDGE ( 'NONE', *, *, #3919, .F. ) ;
#3239 = VECTOR ( 'NONE', #209, 39.37007874015748143 ) ;
#3240 = VERTEX_POINT ( 'NONE', #1237 ) ;
#3241 = SURFACE_SIDE_STYLE ('',( #613 ) ) ;
#3242 = LINE ( 'NONE', #1894, #1820 ) ;
#3243 = DIRECTION ( 'NONE',  ( -1.000000000000000000, 2.710505431213800134E-15, 0.000000000000000000 ) ) ;
#3244 = CARTESIAN_POINT ( 'NONE',  ( -0.2058974762643020207, 0.02539370078740158312, -0.1350393700787401730 ) ) ;
#3245 = ORIENTED_EDGE ( 'NONE', *, *, #469, .T. ) ;
#3246 = VECTOR ( 'NONE', #2553, 39.37007874015748143 ) ;
#3247 = DIRECTION ( 'NONE',  ( -1.000000000000000000, 0.000000000000000000, 0.000000000000000000 ) ) ;
#3248 = CARTESIAN_POINT ( 'NONE',  ( 0.1840551181102362266, -0.1950787401574803348, 0.04940944881889763191 ) ) ;
#3249 = CARTESIAN_POINT ( 'NONE',  ( 0.2488188976377952999, -0.1005905511811023834, 0.08858267716535433989 ) ) ;
#3250 = AXIS2_PLACEMENT_3D ( 'NONE', #486, #815, #2489 ) ;
#3251 = VECTOR ( 'NONE', #3556, 39.37007874015748143 ) ;
#3252 = LINE ( 'NONE', #1649, #26 ) ;
#3253 = CARTESIAN_POINT ( 'NONE',  ( 0.05216535433070866590, -0.1950787401574803348, 0.1281496062992125984 ) ) ;
#3254 = VERTEX_POINT ( 'NONE', #996 ) ;
#3255 =( CONVERSION_BASED_UNIT ( 'INCH', #958 ) LENGTH_UNIT ( ) NAMED_UNIT ( #856 ) );
#3256 = VECTOR ( 'NONE', #130, 39.37007874015748143 ) ;
#3257 = STYLED_ITEM ( 'NONE', ( #1100 ), #1646 ) ;
#3258 = CARTESIAN_POINT ( 'NONE',  ( 0.1712598425196850405, 0.1271653543307086631, 0.000000000000000000 ) ) ;
#3259 = ORIENTED_EDGE ( 'NONE', *, *, #484, .F. ) ;
#3260 = EDGE_CURVE ( 'NONE', #2956, #3821, #1631, .T. ) ;
#3261 = AXIS2_PLACEMENT_3D ( 'NONE', #1546, #2196, #1505 ) ;
#3262 = DIRECTION ( 'NONE',  ( 0.000000000000000000, -1.000000000000000000, 0.000000000000000000 ) ) ;
#3263 = ORIENTED_EDGE ( 'NONE', *, *, #1516, .F. ) ;
#3264 = ORIENTED_EDGE ( 'NONE', *, *, #124, .F. ) ;
#3265 =( GEOMETRIC_REPRESENTATION_CONTEXT ( 3 ) GLOBAL_UNCERTAINTY_ASSIGNED_CONTEXT ( ( #478 ) ) GLOBAL_UNIT_ASSIGNED_CONTEXT ( ( #1583, #3558, #1969 ) ) REPRESENTATION_CONTEXT ( 'NONE', 'WORKASPACE' ) );
#3266 = EDGE_CURVE ( 'NONE', #1615, #957, #643, .T. ) ;
#3267 = VECTOR ( 'NONE', #3225, 39.37007874015748143 ) ;
#3268 = EDGE_LOOP ( 'NONE', ( #3321, #2392, #1717, #1873 ) ) ;
#3269 = FILL_AREA_STYLE ('',( #2598 ) ) ;
#3270 = DIRECTION ( 'NONE',  ( 0.000000000000000000, -0.000000000000000000, -1.000000000000000000 ) ) ;
#3271 = VECTOR ( 'NONE', #3173, 39.37007874015748854 ) ;
#3272 = SURFACE_STYLE_FILL_AREA ( #599 ) ;
#3273 = CARTESIAN_POINT ( 'NONE',  ( 0.1055118110236220597, -0.1005905511811023834, 0.08858267716535433989 ) ) ;
#3274 = CARTESIAN_POINT ( 'NONE',  ( 0.1853644712399835637, 0.02539370078740158312, -0.02125984251968495928 ) ) ;
#3275 = DIRECTION ( 'NONE',  ( 1.000000000000000000, 0.000000000000000000, 0.000000000000000000 ) ) ;
#3276 = LENGTH_MEASURE_WITH_UNIT ( LENGTH_MEASURE( 0.02539999999999999897 ), #1942 );
#3277 = FACE_BOUND ( 'NONE', #818, .T. ) ;
#3278 = ORIENTED_EDGE ( 'NONE', *, *, #3514, .T. ) ;
#3279 = CARTESIAN_POINT ( 'NONE',  ( 0.06594488188976378729, -0.1950787401574803348, 0.1281496062992125984 ) ) ;
#3280 = EDGE_LOOP ( 'NONE', ( #128, #4076, #1144, #3930 ) ) ;
#3281 = DIRECTION ( 'NONE',  ( 0.000000000000000000, 0.000000000000000000, -1.000000000000000000 ) ) ;
#3282 = ORIENTED_EDGE ( 'NONE', *, *, #1824, .F. ) ;
#3283 = ORIENTED_EDGE ( 'NONE', *, *, #1371, .F. ) ;
#3284 = EDGE_CURVE ( 'NONE', #2764, #1578, #3855, .T. ) ;
#3285 = VERTEX_POINT ( 'NONE', #908 ) ;
#3286 = EDGE_CURVE ( 'NONE', #2017, #481, #2300, .T. ) ;
#3287 = DIRECTION ( 'NONE',  ( 6.776263578034509998E-15, 1.000000000000000000, -0.000000000000000000 ) ) ;
#3288 = DIRECTION ( 'NONE',  ( 0.000000000000000000, 0.5446390350150269732, 0.8386705679454241613 ) ) ;
#3289 = ADVANCED_FACE ( 'NONE', ( #2217 ), #973, .T. ) ;
#3290 = CARTESIAN_POINT ( 'NONE',  ( -0.1899221792764262395, -0.03577937502449003715, -0.1368934532627139045 ) ) ;
#3291 = VERTEX_POINT ( 'NONE', #320 ) ;
#3292 = CARTESIAN_POINT ( 'NONE',  ( 0.1862477594319058016, -0.01397637795275590532, -0.1511177842647714042 ) ) ;
#3293 = CARTESIAN_POINT ( 'NONE',  ( 0.1673228346456692994, -0.01397637795275590705, -0.1350393700787401730 ) ) ;
#3294 = CARTESIAN_POINT ( 'NONE',  ( -0.2106299212598425064, -0.1271653543307086631, -0.02125984251968503908 ) ) ;
#3295 = DIRECTION ( 'NONE',  ( -1.000000000000000000, 0.000000000000000000, 0.000000000000000000 ) ) ;
#3296 = CARTESIAN_POINT ( 'NONE',  ( -0.1712598425196850405, 0.1271653543307086631, -0.02125984251968500091 ) ) ;
#3297 = FACE_OUTER_BOUND ( 'NONE', #88, .T. ) ;
#3298 = DIRECTION ( 'NONE',  ( 1.000000000000000000, 0.000000000000000000, 0.000000000000000000 ) ) ;
#3299 = VERTEX_POINT ( 'NONE', #2947 ) ;
#3300 = DIRECTION ( 'NONE',  ( -1.000000000000000000, 0.000000000000000000, 0.000000000000000000 ) ) ;
#3301 = VERTEX_POINT ( 'NONE', #4256 ) ;
#3302 = VECTOR ( 'NONE', #796, 39.37007874015748143 ) ;
#3303 = ORIENTED_EDGE ( 'NONE', *, *, #2702, .F. ) ;
#3304 = LINE ( 'NONE', #347, #726 ) ;
#3305 = MECHANICAL_DESIGN_GEOMETRIC_PRESENTATION_REPRESENTATION (  '', ( #2340 ), #2008 ) ;
#3306 = CARTESIAN_POINT ( 'NONE',  ( 0.3120078740157480324, 0.02539370078740157965, -0.1098425196850393720 ) ) ;
#3307 = DIRECTION ( 'NONE',  ( 0.000000000000000000, 1.000000000000000000, -0.000000000000000000 ) ) ;
#3308 = ADVANCED_FACE ( 'NONE', ( #664 ), #1988, .T. ) ;
#3309 = ORIENTED_EDGE ( 'NONE', *, *, #2626, .F. ) ;
#3310 =( CONVERSION_BASED_UNIT ( 'INCH', #730 ) LENGTH_UNIT ( ) NAMED_UNIT ( #1796 ) );
#3311 = FILL_AREA_STYLE_COLOUR ( '', #166 ) ;
#3312 = CARTESIAN_POINT ( 'NONE',  ( 0.01259842519685008648, 0.000000000000000000, -0.1460629921259842534 ) ) ;
#3313 = CARTESIAN_POINT ( 'NONE',  ( 0.000000000000000000, -0.1271653543307086631, 0.000000000000000000 ) ) ;
#3314 = EDGE_CURVE ( 'NONE', #4081, #183, #754, .T. ) ;
#3315 = CARTESIAN_POINT ( 'NONE',  ( 0.1712598425196850405, -0.1271653543307086631, -0.02125984251968488642 ) ) ;
#3316 = STYLED_ITEM ( 'NONE', ( #2099 ), #2098 ) ;
#3317 = CARTESIAN_POINT ( 'NONE',  ( 0.02755905511811023584, 0.000000000000000000, 0.000000000000000000 ) ) ;
#3318 = CARTESIAN_POINT ( 'NONE',  ( 0.2236220472440945128, -0.1005905511811023834, 0.08858267716535433989 ) ) ;
#3319 = DIRECTION ( 'NONE',  ( 0.000000000000000000, 0.000000000000000000, 1.000000000000000000 ) ) ;
#3320 = VECTOR ( 'NONE', #791, 39.37007874015748143 ) ;
#3321 = ORIENTED_EDGE ( 'NONE', *, *, #230, .F. ) ;
#3322 = FACE_OUTER_BOUND ( 'NONE', #1782, .T. ) ;
#3323 = EDGE_LOOP ( 'NONE', ( #3215, #800, #4063, #4162 ) ) ;
#3324 = VECTOR ( 'NONE', #970, 39.37007874015748143 ) ;
#3325 = ORIENTED_EDGE ( 'NONE', *, *, #2896, .T. ) ;
#3326 = AXIS2_PLACEMENT_3D ( 'NONE', #2876, #3824, #1831 ) ;
#3327 = AXIS2_PLACEMENT_3D ( 'NONE', #3848, #1596, #948 ) ;
#3328 = LINE ( 'NONE', #4074, #1060 ) ;
#3329 = ORIENTED_EDGE ( 'NONE', *, *, #2525, .F. ) ;
#3330 = VECTOR ( 'NONE', #1846, 39.37007874015748143 ) ;
#3331 = CARTESIAN_POINT ( 'NONE',  ( -0.1702755905511811052, 0.06476377952755904555, 0.1281496062992125984 ) ) ;
#3332 = DIRECTION ( 'NONE',  ( -0.000000000000000000, -0.000000000000000000, 1.000000000000000000 ) ) ;
#3333 = EDGE_CURVE ( 'NONE', #1226, #2493, #2651, .T. ) ;
#3334 = CARTESIAN_POINT ( 'NONE',  ( 0.1712598425196849572, -0.01397637795275590705, -0.1448424406283374821 ) ) ;
#3335 = EDGE_LOOP ( 'NONE', ( #1684, #1216, #1593, #288 ) ) ;
#3336 = DIRECTION ( 'NONE',  ( 0.000000000000000000, 0.000000000000000000, 1.000000000000000000 ) ) ;
#3337 = ADVANCED_FACE ( 'NONE', ( #1412, #711 ), #2688, .T. ) ;
#3338 = DIRECTION ( 'NONE',  ( -6.776263578034520253E-15, -1.000000000000000000, -0.000000000000000000 ) ) ;
#3339 = CARTESIAN_POINT ( 'NONE',  ( -0.1055118110236220597, 0.1679133858267712609, -0.1460629921259842534 ) ) ;
#3340 = DIRECTION ( 'NONE',  ( 0.000000000000000000, 1.000000000000000000, -0.000000000000000000 ) ) ;
#3341 = VECTOR ( 'NONE', #2957, 39.37007874015748143 ) ;
#3342 = UNCERTAINTY_MEASURE_WITH_UNIT (LENGTH_MEASURE( 1.000000000000000082E-05 ), #1842, 'distance_accuracy_value', 'NONE');
#3343 = CARTESIAN_POINT ( 'NONE',  ( -0.1673228346456692994, -0.01397637795275590705, -0.1350393700787401730 ) ) ;
#3344 = EDGE_CURVE ( 'NONE', #1183, #656, #338, .T. ) ;
#3345 = FILL_AREA_STYLE_COLOUR ( '', #143 ) ;
#3346 = EDGE_CURVE ( 'NONE', #3959, #3391, #3817, .T. ) ;
#3347 = LINE ( 'NONE', #388, #1688 ) ;
#3348 = FACE_OUTER_BOUND ( 'NONE', #3100, .T. ) ;
#3349 = ORIENTED_EDGE ( 'NONE', *, *, #1643, .T. ) ;
#3350 = ADVANCED_FACE ( 'NONE', ( #2384, #2065, #4001, #3661, #3700 ), #2731, .F. ) ;
#3351 = UNCERTAINTY_MEASURE_WITH_UNIT (LENGTH_MEASURE( 1.000000000000000082E-05 ), #1810, 'distance_accuracy_value', 'NONE');
#3352 = DIRECTION ( 'NONE',  ( 1.000000000000000000, 0.000000000000000000, 2.981555974335139955E-15 ) ) ;
#3353 = ORIENTED_EDGE ( 'NONE', *, *, #2761, .T. ) ;
#3354 = CARTESIAN_POINT ( 'NONE',  ( -0.1181102362204724532, -0.1005905511811023834, 0.08858267716535433989 ) ) ;
#3355 = DIRECTION ( 'NONE',  ( 0.000000000000000000, 0.8386705679454241613, -0.5446390350150269732 ) ) ;
#3356 = LINE ( 'NONE', #3374, #353 ) ;
#3357 = ORIENTED_EDGE ( 'NONE', *, *, #1511, .T. ) ;
#3358 = DIRECTION ( 'NONE',  ( 1.000000000000000000, 0.000000000000000000, -0.000000000000000000 ) ) ;
#3359 = CARTESIAN_POINT ( 'NONE',  ( 0.01259842519685035536, -0.1005905511811023834, 0.08858267716535433989 ) ) ;
#3360 = EDGE_CURVE ( 'NONE', #1138, #1997, #1433, .T. ) ;
#3361 = DIRECTION ( 'NONE',  ( -1.000000000000000000, 0.000000000000000000, 0.000000000000000000 ) ) ;
#3362 = SURFACE_STYLE_USAGE ( .BOTH. , #2343 ) ;
#3363 = PLANE ( 'NONE',  #2763 ) ;
#3364 =( LENGTH_UNIT ( ) NAMED_UNIT ( * ) SI_UNIT ( $, .METRE. ) );
#3365 = CARTESIAN_POINT ( 'NONE',  ( -0.1055118110236220597, -0.1005905511811023834, 0.08858267716535433989 ) ) ;
#3366 = ORIENTED_EDGE ( 'NONE', *, *, #4175, .F. ) ;
#3367 = CARTESIAN_POINT ( 'NONE',  ( -0.01259842519685023914, 0.1679133858267715662, 0.000000000000000000 ) ) ;
#3368 = PRODUCT_DEFINITION ( 'UNKNOWN', '', #3412, #1103 ) ;
#3369 = VERTEX_POINT ( 'NONE', #2713 ) ;
#3370 =( NAMED_UNIT ( * ) PLANE_ANGLE_UNIT ( ) SI_UNIT ( $, .RADIAN. ) );
#3371 = VERTEX_POINT ( 'NONE', #1099 ) ;
#3372 = CARTESIAN_POINT ( 'NONE',  ( 0.1673228346456692994, -0.01397637795275590705, -0.09015748031496062520 ) ) ;
#3373 = SURFACE_STYLE_USAGE ( .BOTH. , #676 ) ;
#3374 = CARTESIAN_POINT ( 'NONE',  ( 0.05216535433070866590, -0.1950787401574803348, 0.1281496062992125984 ) ) ;
#3375 = VERTEX_POINT ( 'NONE', #2036 ) ;
#3376 = VECTOR ( 'NONE', #336, 39.37007874015748143 ) ;
#3377 = LINE ( 'NONE', #749, #1618 ) ;
#3378 = DIRECTION ( 'NONE',  ( -0.000000000000000000, -0.000000000000000000, -1.000000000000000000 ) ) ;
#3379 = STYLED_ITEM ( 'NONE', ( #65 ), #604 ) ;
#3380 = FACE_OUTER_BOUND ( 'NONE', #1263, .T. ) ;
#3381 = DIRECTION ( 'NONE',  ( 0.000000000000000000, -1.000000000000000000, 0.000000000000000000 ) ) ;
#3382 = PLANE ( 'NONE',  #1178 ) ;
#3383 = DIMENSIONAL_EXPONENTS ( 1.000000000000000000, 0.000000000000000000, 0.000000000000000000, 0.000000000000000000, 0.000000000000000000, 0.000000000000000000, 0.000000000000000000 ) ;
#3384 = DIRECTION ( 'NONE',  ( 1.000000000000000000, 0.000000000000000000, -4.336808689942010340E-16 ) ) ;
#3385 = VERTEX_POINT ( 'NONE', #2011 ) ;
#3386 = CONICAL_SURFACE ( 'NONE', #2145, 0.05511811020843793152, 0.7198901078289254851 ) ;
#3387 = EDGE_CURVE ( 'NONE', #2917, #745, #1752, .T. ) ;
#3388 = VECTOR ( 'NONE', #1664, 39.37007874015748143 ) ;
#3389 = VECTOR ( 'NONE', #3338, 39.37007874015748143 ) ;
#3390 = SURFACE_STYLE_USAGE ( .BOTH. , #3991 ) ;
#3391 = VERTEX_POINT ( 'NONE', #384 ) ;
#3392 = PLANE ( 'NONE',  #1289 ) ;
#3393 = EDGE_CURVE ( 'NONE', #4197, #4, #433, .T. ) ;
#3394 = AXIS2_PLACEMENT_3D ( 'NONE', #390, #2057, #3352 ) ;
#3395 = VECTOR ( 'NONE', #2788, 39.37007874015748143 ) ;
#3396 = FILL_AREA_STYLE ('',( #3132 ) ) ;
#3397 = ORIENTED_EDGE ( 'NONE', *, *, #866, .T. ) ;
#3398 = FILL_AREA_STYLE_COLOUR ( '', #649 ) ;
#3399 = CARTESIAN_POINT ( 'NONE',  ( 0.01259842519685035536, 0.06476377952755905942, 0.08858267716535433989 ) ) ;
#3400 = VECTOR ( 'NONE', #3182, 39.37007874015748143 ) ;
#3401 = CARTESIAN_POINT ( 'NONE',  ( -0.1055118110236224621, 0.000000000000000000, -0.1460629921259842534 ) ) ;
#3402 = CARTESIAN_POINT ( 'NONE',  ( 0.2236220472440945128, 0.1427165354330712788, 0.000000000000000000 ) ) ;
#3403 = LINE ( 'NONE', #2470, #852 ) ;
#3404 = LINE ( 'NONE', #799, #2416 ) ;
#3405 = ORIENTED_EDGE ( 'NONE', *, *, #3776, .T. ) ;
#3406 = VECTOR ( 'NONE', #3933, 39.37007874015748143 ) ;
#3407 = DIRECTION ( 'NONE',  ( 0.000000000000000000, 0.000000000000000000, 1.000000000000000000 ) ) ;
#3408 = ORIENTED_EDGE ( 'NONE', *, *, #2116, .F. ) ;
#3409 = CIRCLE ( 'NONE', #3198, 0.05511811023622047861 ) ;
#3410 = DIRECTION ( 'NONE',  ( 1.000000000000000000, -0.000000000000000000, 0.000000000000000000 ) ) ;
#3411 = ORIENTED_EDGE ( 'NONE', *, *, #3948, .T. ) ;
#3412 = PRODUCT_DEFINITION_FORMATION_WITH_SPECIFIED_SOURCE ( 'ANY', '', #158, .NOT_KNOWN. ) ;
#3413 = LENGTH_MEASURE_WITH_UNIT ( LENGTH_MEASURE( 0.02539999999999999897 ), #3730 );
#3414 = EDGE_CURVE ( 'NONE', #2630, #51, #1714, .T. ) ;
#3415 = ORIENTED_EDGE ( 'NONE', *, *, #2852, .F. ) ;
#3416 = EDGE_CURVE ( 'NONE', #673, #96, #1040, .T. ) ;
#3417 = EDGE_LOOP ( 'NONE', ( #2203, #3845, #1606, #219 ) ) ;
#3418 = UNCERTAINTY_MEASURE_WITH_UNIT (LENGTH_MEASURE( 1.000000000000000082E-05 ), #2336, 'distance_accuracy_value', 'NONE');
#3419 = ADVANCED_FACE ( 'NONE', ( #2319 ), #3717, .F. ) ;
#3420 = SURFACE_SIDE_STYLE ('',( #506 ) ) ;
#3421 = EDGE_LOOP ( 'NONE', ( #1446, #1509, #983, #4234 ) ) ;
#3422 = LINE ( 'NONE', #3153, #2860 ) ;
#3423 = ADVANCED_FACE ( 'NONE', ( #736 ), #2670, .T. ) ;
#3424 = CARTESIAN_POINT ( 'NONE',  ( -0.1055118110236220597, 0.1679133858267712609, -0.1460629921259842534 ) ) ;
#3425 = LINE ( 'NONE', #460, #3990 ) ;
#3426 = LINE ( 'NONE', #2800, #777 ) ;
#3427 = CARTESIAN_POINT ( 'NONE',  ( -0.1673228346456692994, -0.01397637795275590705, -0.1098425196583618230 ) ) ;
#3428 = ORIENTED_EDGE ( 'NONE', *, *, #406, .F. ) ;
#3429 =( NAMED_UNIT ( * ) PLANE_ANGLE_UNIT ( ) SI_UNIT ( $, .RADIAN. ) );
#3430 = DIRECTION ( 'NONE',  ( -1.000000000000000000, 2.032879073410350002E-15, -0.000000000000000000 ) ) ;
#3431 = CARTESIAN_POINT ( 'NONE',  ( 0.2488188976377950501, 0.1679133858267712609, -0.1460629921259842534 ) ) ;
#3432 = CARTESIAN_POINT ( 'NONE',  ( -0.2362204724409449064, -0.1005905511811023834, 0.08858267716535433989 ) ) ;
#3433 = ORIENTED_EDGE ( 'NONE', *, *, #672, .T. ) ;
#3434 = CARTESIAN_POINT ( 'NONE',  ( -0.1712598425196850405, -0.01275632637120195471, -0.1448424406283390087 ) ) ;
#3435 = ORIENTED_EDGE ( 'NONE', *, *, #1074, .F. ) ;
#3436 = ORIENTED_EDGE ( 'NONE', *, *, #3216, .T. ) ;
#3437 = DIRECTION ( 'NONE',  ( 1.000000000000000000, 0.000000000000000000, 2.981555974335139955E-15 ) ) ;
#3438 = VERTEX_POINT ( 'NONE', #3743 ) ;
#3439 = CARTESIAN_POINT ( 'NONE',  ( 0.1739697293465380379, -0.02778618667233782175, -0.1492018839553638787 ) ) ;
#3440 = PLANE ( 'NONE',  #4073 ) ;
#3441 = EDGE_CURVE ( 'NONE', #3564, #2168, #3489, .T. ) ;
#3442 = FACE_OUTER_BOUND ( 'NONE', #2633, .T. ) ;
#3443 = LINE ( 'NONE', #2819, #1348 ) ;
#3444 = VECTOR ( 'NONE', #2647, 39.37007874015748143 ) ;
#3445 = DIRECTION ( 'NONE',  ( 0.000000000000000000, 0.000000000000000000, -1.000000000000000000 ) ) ;
#3446 = ORIENTED_EDGE ( 'NONE', *, *, #839, .T. ) ;
#3447 = SURFACE_STYLE_USAGE ( .BOTH. , #2129 ) ;
#3448 = CARTESIAN_POINT ( 'NONE',  ( -0.1702755905511811330, -0.1950787401574803348, 0.04940944881889763191 ) ) ;
#3449 = EDGE_CURVE ( 'NONE', #3301, #1994, #2845, .T. ) ;
#3450 = CARTESIAN_POINT ( 'NONE',  ( -0.2224409448818897850, -0.01397637795275590705, -0.1098425196850393720 ) ) ;
#3451 = AXIS2_PLACEMENT_3D ( 'NONE', #3561, #1608, #4220 ) ;
#3452 = CARTESIAN_POINT ( 'NONE',  ( -0.01259842519685035536, -0.1005905511811023834, 0.08858267716535433989 ) ) ;
#3453 = LINE ( 'NONE', #3123, #2159 ) ;
#3454 = ORIENTED_EDGE ( 'NONE', *, *, #1611, .T. ) ;
#3455 = DIRECTION ( 'NONE',  ( 0.000000000000000000, 0.000000000000000000, 1.000000000000000000 ) ) ;
#3456 = FACE_OUTER_BOUND ( 'NONE', #10, .T. ) ;
#3457 = COLOUR_RGB ( '',0.6470588235294117974, 0.5176470588235293491, 0.000000000000000000 ) ;
#3458 = ORIENTED_EDGE ( 'NONE', *, *, #3816, .T. ) ;
#3459 = ORIENTED_EDGE ( 'NONE', *, *, #8, .F. ) ;
#3460 = AXIS2_PLACEMENT_3D ( 'NONE', #2171, #4084, #1518 ) ;
#3461 = ORIENTED_EDGE ( 'NONE', *, *, #2258, .F. ) ;
#3462 = STYLED_ITEM ( 'NONE', ( #2696 ), #2619 ) ;
#3463 = CARTESIAN_POINT ( 'NONE',  ( 0.1818740027637257006, -0.02867198088502010550, -0.1478378804821047221 ) ) ;
#3464 = CIRCLE ( 'NONE', #1335, 0.05511811023622047861 ) ;
#3465 =( NAMED_UNIT ( * ) PLANE_ANGLE_UNIT ( ) SI_UNIT ( $, .RADIAN. ) );
#3466 = EDGE_CURVE ( 'NONE', #2307, #2764, #3403, .T. ) ;
#3467 = DIRECTION ( 'NONE',  ( 0.000000000000000000, 0.000000000000000000, 1.000000000000000000 ) ) ;
#3468 = LINE ( 'NONE', #3091, #1067 ) ;
#3469 = CARTESIAN_POINT ( 'NONE',  ( 0.1307086614173228467, -0.1005905511811023834, 0.06338582677165355284 ) ) ;
#3470 = ORIENTED_EDGE ( 'NONE', *, *, #2258, .T. ) ;
#3471 = EDGE_CURVE ( 'NONE', #1614, #2737, #3783, .T. ) ;
#3472 = VECTOR ( 'NONE', #2450, 39.37007874015748143 ) ;
#3473 = LINE ( 'NONE', #1862, #829 ) ;
#3474 = LINE ( 'NONE', #3749, #641 ) ;
#3475 = DIRECTION ( 'NONE',  ( -1.000000000000000000, 0.000000000000000000, 0.000000000000000000 ) ) ;
#3476 = EDGE_CURVE ( 'NONE', #474, #1254, #2090, .T. ) ;
#3477 = ORIENTED_EDGE ( 'NONE', *, *, #1718, .F. ) ;
#3478 = EDGE_CURVE ( 'NONE', #2989, #830, #3468, .T. ) ;
#3479 = VECTOR ( 'NONE', #2022, 39.37007874015748143 ) ;
#3480 = DIRECTION ( 'NONE',  ( -0.000000000000000000, 0.000000000000000000, 1.000000000000000000 ) ) ;
#3481 = CARTESIAN_POINT ( 'NONE',  ( 0.2236220472440945406, 0.1427165354330710567, 0.000000000000000000 ) ) ;
#3482 = VERTEX_POINT ( 'NONE', #1839 ) ;
#3483 = ADVANCED_FACE ( 'NONE', ( #513 ), #4061, .F. ) ;
#3484 = ORIENTED_EDGE ( 'NONE', *, *, #1686, .T. ) ;
#3485 = DIRECTION ( 'NONE',  ( -1.000000000000000000, 2.710505431213800134E-15, 0.000000000000000000 ) ) ;
#3486 = ORIENTED_EDGE ( 'NONE', *, *, #554, .F. ) ;
#3487 = CARTESIAN_POINT ( 'NONE',  ( -0.01259842519685035536, 0.1427165354330712788, 0.000000000000000000 ) ) ;
#3488 = FILL_AREA_STYLE ('',( #1187 ) ) ;
#3489 = LINE ( 'NONE', #3073, #1693 ) ;
#3490 = CYLINDRICAL_SURFACE ( 'NONE', #3588, 0.05511811023622047861 ) ;
#3491 = ORIENTED_EDGE ( 'NONE', *, *, #2586, .T. ) ;
#3492 = FILL_AREA_STYLE ('',( #560 ) ) ;
#3493 = LINE ( 'NONE', #2109, #2828 ) ;
#3494 = DIRECTION ( 'NONE',  ( -0.7071067811865469066, -0.000000000000000000, 0.7071067811865479058 ) ) ;
#3495 = DIRECTION ( 'NONE',  ( -0.000000000000000000, -0.000000000000000000, -1.000000000000000000 ) ) ;
#3496 = ORIENTED_EDGE ( 'NONE', *, *, #1297, .T. ) ;
#3497 = CARTESIAN_POINT ( 'NONE',  ( 0.06594488188976377341, 0.06476377952755904555, 0.04940944881889763884 ) ) ;
#3498 = DIRECTION ( 'NONE',  ( 0.000000000000000000, 0.000000000000000000, 1.000000000000000000 ) ) ;
#3499 = ORIENTED_EDGE ( 'NONE', *, *, #3517, .T. ) ;
#3500 = ORIENTED_EDGE ( 'NONE', *, *, #1479, .F. ) ;
#3501 = CARTESIAN_POINT ( 'NONE',  ( -0.1673228346456692994, -0.01397637795275590705, -0.1350393700787401730 ) ) ;
#3502 = ORIENTED_EDGE ( 'NONE', *, *, #2836, .F. ) ;
#3503 = LINE ( 'NONE', #289, #2649 ) ;
#3504 = CARTESIAN_POINT ( 'NONE',  ( -0.1712598425196850405, -0.01397637795275757239, -0.1448424406283371768 ) ) ;
#3505 = PLANE ( 'NONE',  #1819 ) ;
#3506 =( CONVERSION_BASED_UNIT ( 'INCH', #3553 ) LENGTH_UNIT ( ) NAMED_UNIT ( #528 ) );
#3507 = ORIENTED_EDGE ( 'NONE', *, *, #2072, .T. ) ;
#3508 = CARTESIAN_POINT ( 'NONE',  ( 0.2488188976377952999, 0.1679133858267712609, -0.1460629921259842534 ) ) ;
#3509 = CARTESIAN_POINT ( 'NONE',  ( 0.2488188976377948836, 0.000000000000000000, -0.1460629921259842534 ) ) ;
#3510 = LINE ( 'NONE', #1845, #2574 ) ;
#3511 = FACE_OUTER_BOUND ( 'NONE', #2530, .T. ) ;
#3512 = ORIENTED_EDGE ( 'NONE', *, *, #281, .T. ) ;
#3513 = LINE ( 'NONE', #2875, #91 ) ;
#3514 = EDGE_CURVE ( 'NONE', #2111, #1923, #443, .T. ) ;
#3515 = ORIENTED_EDGE ( 'NONE', *, *, #3230, .T. ) ;
#3516 = ORIENTED_EDGE ( 'NONE', *, *, #2765, .T. ) ;
#3517 = EDGE_CURVE ( 'NONE', #2549, #1973, #3443, .T. ) ;
#3518 =( LENGTH_UNIT ( ) NAMED_UNIT ( * ) SI_UNIT ( $, .METRE. ) );
#3519 = AXIS2_PLACEMENT_3D ( 'NONE', #623, #2301, #3597 ) ;
#3520 = ORIENTED_EDGE ( 'NONE', *, *, #2005, .F. ) ;
#3521 = DIRECTION ( 'NONE',  ( 0.000000000000000000, 0.000000000000000000, 1.000000000000000000 ) ) ;
#3522 = FACE_OUTER_BOUND ( 'NONE', #3223, .T. ) ;
#3523 = ADVANCED_FACE ( 'NONE', ( #1473 ), #1149, .F. ) ;
#3524 = CARTESIAN_POINT ( 'NONE',  ( -0.1307086614173230132, 0.1427165354330712788, -0.1460629921259842534 ) ) ;
#3525 = VECTOR ( 'NONE', #418, 39.37007874015748143 ) ;
#3526 = VECTOR ( 'NONE', #3656, 39.37007874015748143 ) ;
#3527 = CARTESIAN_POINT ( 'NONE',  ( 0.000000000000000000, -0.1950787401574803348, 0.1519685039370078927 ) ) ;
#3528 = ORIENTED_EDGE ( 'NONE', *, *, #934, .T. ) ;
#3529 = CARTESIAN_POINT ( 'NONE',  ( 0.2224409448818897850, -0.01397637795275590705, -0.1350393700787401730 ) ) ;
#3530 = EDGE_CURVE ( 'NONE', #944, #2507, #2491, .T. ) ;
#3531 = CARTESIAN_POINT ( 'NONE',  ( -0.1055118110236220597, 0.1679133858267712609, -0.1460629921259842534 ) ) ;
#3532 = VECTOR ( 'NONE', #2245, 39.37007874015748143 ) ;
#3533 = CIRCLE ( 'NONE', #1673, 0.04330708661417324162 ) ;
#3534 = CARTESIAN_POINT ( 'NONE',  ( 0.2011530691296177786, 0.02017351384433450565, -0.1178809026632307022 ) ) ;
#3535 = DIRECTION ( 'NONE',  ( 1.000000000000000000, 1.094462760868649956E-16, 0.000000000000000000 ) ) ;
#3536 = CARTESIAN_POINT ( 'NONE',  ( 0.3120078740157480324, 0.02539370078740157965, -0.02125984251968503908 ) ) ;
#3537 = PRESENTATION_LAYER_ASSIGNMENT (  '', '', ( #429 ) ) ;
#3538 = ORIENTED_EDGE ( 'NONE', *, *, #3843, .T. ) ;
#3539 = SURFACE_STYLE_USAGE ( .BOTH. , #911 ) ;
#3540 = CARTESIAN_POINT ( 'NONE',  ( -0.1991004202017570557, 0.01791399957125165004, -0.1213602495476940185 ) ) ;
#3541 = MECHANICAL_DESIGN_GEOMETRIC_PRESENTATION_REPRESENTATION (  '', ( #171 ), #1281 ) ;
#3542 = CARTESIAN_POINT ( 'NONE',  ( -0.1673228346456692994, -0.01397637795275590705, -0.1350393700787401730 ) ) ;
#3543 = ORIENTED_EDGE ( 'NONE', *, *, #4091, .T. ) ;
#3544 = ORIENTED_EDGE ( 'NONE', *, *, #3517, .F. ) ;
#3545 = STYLED_ITEM ( 'NONE', ( #2550 ), #3892 ) ;
#3546 = ADVANCED_FACE ( 'NONE', ( #2172 ), #1857, .F. ) ;
#3547 = ADVANCED_FACE ( 'NONE', ( #3348 ), #449, .T. ) ;
#3548 = ORIENTED_EDGE ( 'NONE', *, *, #2921, .T. ) ;
#3549 = CARTESIAN_POINT ( 'NONE',  ( 0.1307086614173226247, 0.1679133858267712609, -0.1460629921259842534 ) ) ;
#3550 = FACE_OUTER_BOUND ( 'NONE', #1306, .T. ) ;
#3551 = EDGE_CURVE ( 'NONE', #4117, #2043, #1152, .T. ) ;
#3552 = CARTESIAN_POINT ( 'NONE',  ( -0.1055118110236222539, 0.1427165354330709734, 0.000000000000000000 ) ) ;
#3553 = LENGTH_MEASURE_WITH_UNIT ( LENGTH_MEASURE( 0.02539999999999999897 ), #3935 );
#3554 = EDGE_CURVE ( 'NONE', #3584, #2507, #2175, .T. ) ;
#3555 = CARTESIAN_POINT ( 'NONE',  ( 0.1921526042007566659, -0.01397637795275591746, -0.1443838085974292751 ) ) ;
#3556 = DIRECTION ( 'NONE',  ( 0.7071067811865460184, 0.000000000000000000, -0.7071067811865490160 ) ) ;
#3557 = FACE_OUTER_BOUND ( 'NONE', #3732, .T. ) ;
#3558 =( NAMED_UNIT ( * ) PLANE_ANGLE_UNIT ( ) SI_UNIT ( $, .RADIAN. ) );
#3559 = CARTESIAN_POINT ( 'NONE',  ( 0.3120078740157479769, 0.1950787401574803348, 0.000000000000000000 ) ) ;
#3560 = EDGE_LOOP ( 'NONE', ( #895, #729, #66, #1326 ) ) ;
#3561 = CARTESIAN_POINT ( 'NONE',  ( -0.4724409448818898127, 0.000000000000000000, -0.1460629921259842534 ) ) ;
#3562 = ORIENTED_EDGE ( 'NONE', *, *, #758, .T. ) ;
#3563 = FACE_OUTER_BOUND ( 'NONE', #191, .T. ) ;
#3564 = VERTEX_POINT ( 'NONE', #1792 ) ;
#3565 = ORIENTED_EDGE ( 'NONE', *, *, #3230, .F. ) ;
#3566 = DIRECTION ( 'NONE',  ( -1.000000000000000000, -0.000000000000000000, 0.000000000000000000 ) ) ;
#3567 = CARTESIAN_POINT ( 'NONE',  ( -0.2096456692913387099, 0.06476377952755904555, 0.02381889763779504107 ) ) ;
#3568 = CARTESIAN_POINT ( 'NONE',  ( 0.3120078740157480324, -0.1950787401574803070, 0.1519685039370078927 ) ) ;
#3569 = DIRECTION ( 'NONE',  ( -2.032879073410350002E-15, -1.000000000000000000, 0.000000000000000000 ) ) ;
#3570 = ORIENTED_EDGE ( 'NONE', *, *, #1849, .F. ) ;
#3571 = CARTESIAN_POINT ( 'NONE',  ( 0.1851283719807496897, 0.006857962470796475155, -0.1443838085974293028 ) ) ;
#3572 = ADVANCED_FACE ( 'NONE', ( #1543 ), #819, .F. ) ;
#3573 = DIRECTION ( 'NONE',  ( -0.000000000000000000, -0.000000000000000000, -1.000000000000000000 ) ) ;
#3574 = CARTESIAN_POINT ( 'NONE',  ( 0.000000000000000000, 0.06476377952755905942, 0.06338582677165355284 ) ) ;
#3575 = LINE ( 'NONE', #2242, #1132 ) ;
#3576 = ORIENTED_EDGE ( 'NONE', *, *, #1384, .F. ) ;
#3577 = LINE ( 'NONE', #3279, #1871 ) ;
#3578 = ORIENTED_EDGE ( 'NONE', *, *, #3441, .F. ) ;
#3579 = MECHANICAL_DESIGN_GEOMETRIC_PRESENTATION_REPRESENTATION (  '', ( #1533 ), #1041 ) ;
#3580 = FACE_OUTER_BOUND ( 'NONE', #3909, .T. ) ;
#3581 = ORIENTED_EDGE ( 'NONE', *, *, #1785, .F. ) ;
#3582 = VECTOR ( 'NONE', #210, 39.37007874015748143 ) ;
#3583 = EDGE_LOOP ( 'NONE', ( #4241, #696, #2760, #3491 ) ) ;
#3584 = VERTEX_POINT ( 'NONE', #1522 ) ;
#3585 = DIRECTION ( 'NONE',  ( 6.776263578034509998E-15, 1.000000000000000000, -0.000000000000000000 ) ) ;
#3586 = FACE_OUTER_BOUND ( 'NONE', #1672, .T. ) ;
#3587 = CARTESIAN_POINT ( 'NONE',  ( -0.1840551181102362266, -0.1950787401574803348, 0.04940944881889759721 ) ) ;
#3588 = AXIS2_PLACEMENT_3D ( 'NONE', #2846, #3445, #3117 ) ;
#3589 = CARTESIAN_POINT ( 'NONE',  ( 0.1711628345665477391, -0.01218220615056319484, -0.1447401325263843463 ) ) ;
#3590 = ADVANCED_FACE ( 'NONE', ( #3815 ), #2094, .T. ) ;
#3591 = CARTESIAN_POINT ( 'NONE',  ( -0.1673228346456692994, -0.01397637795275590705, -0.09015748031496062520 ) ) ;
#3592 = LINE ( 'NONE', #3902, #71 ) ;
#3593 = AXIS2_PLACEMENT_3D ( 'NONE', #3501, #709, #3295 ) ;
#3594 = VECTOR ( 'NONE', #1316, 39.37007874015748143 ) ;
#3595 = EDGE_CURVE ( 'NONE', #1832, #428, #2618, .T. ) ;
#3596 = DIRECTION ( 'NONE',  ( -1.000000000000000000, -1.094462760868649956E-16, 0.000000000000000000 ) ) ;
#3597 = DIRECTION ( 'NONE',  ( -1.000000000000000000, 0.000000000000000000, -0.000000000000000000 ) ) ;
#3598 = ORIENTED_EDGE ( 'NONE', *, *, #1297, .F. ) ;
#3599 = AXIS2_PLACEMENT_3D ( 'NONE', #2025, #725, #35 ) ;
#3600 = FACE_OUTER_BOUND ( 'NONE', #2266, .T. ) ;
#3601 = ORIENTED_EDGE ( 'NONE', *, *, #3551, .F. ) ;
#3602 = EDGE_CURVE ( 'NONE', #2889, #718, #3206, .T. ) ;
#3603 = VECTOR ( 'NONE', #2745, 39.37007874015748143 ) ;
#3604 = DIRECTION ( 'NONE',  ( -1.000000000000000000, -0.000000000000000000, 0.000000000000000000 ) ) ;
#3605 = ORIENTED_EDGE ( 'NONE', *, *, #1703, .T. ) ;
#3606 = ADVANCED_FACE ( 'NONE', ( #3900 ), #751, .T. ) ;
#3607 = ORIENTED_EDGE ( 'NONE', *, *, #3449, .T. ) ;
#3608 = EDGE_CURVE ( 'NONE', #1841, #3163, #2294, .T. ) ;
#3609 = AXIS2_PLACEMENT_3D ( 'NONE', #1015, #3336, #1387 ) ;
#3610 = ORIENTED_EDGE ( 'NONE', *, *, #866, .F. ) ;
#3611 = CARTESIAN_POINT ( 'NONE',  ( -0.05216535433070863120, -0.1950787401574803348, 0.02381889763779491964 ) ) ;
#3612 = DIRECTION ( 'NONE',  ( -1.000000000000000000, -0.000000000000000000, 0.000000000000000000 ) ) ;
#3613 = VECTOR ( 'NONE', #4052, 39.37007874015748143 ) ;
#3614 = DIRECTION ( 'NONE',  ( 1.750477775960450088E-16, -1.000000000000000000, 0.000000000000000000 ) ) ;
#3615 = ORIENTED_EDGE ( 'NONE', *, *, #124, .T. ) ;
#3616 = CARTESIAN_POINT ( 'NONE',  ( 0.1808939817357501090, -0.02985603904311899190, -0.1511177842647713765 ) ) ;
#3617 = CARTESIAN_POINT ( 'NONE',  ( -0.2236220472440949014, 0.1427165354330711400, -0.1460629921259842534 ) ) ;
#3618 = CARTESIAN_POINT ( 'NONE',  ( -0.2236220472440945128, 0.1679133858267712609, -0.1460629921259842534 ) ) ;
#3619 = DIRECTION ( 'NONE',  ( -0.000000000000000000, -1.000000000000000000, 0.000000000000000000 ) ) ;
#3620 = CARTESIAN_POINT ( 'NONE',  ( 0.2236220472440945128, -0.1005905511811023834, 0.000000000000000000 ) ) ;
#3621 = DIRECTION ( 'NONE',  ( -0.7071067811865480168, 0.000000000000000000, 0.7071067811865470176 ) ) ;
#3622 = ORIENTED_EDGE ( 'NONE', *, *, #108, .F. ) ;
#3623 = SURFACE_SIDE_STYLE ('',( #2322 ) ) ;
#3624 = CARTESIAN_POINT ( 'NONE',  ( -0.3120078740157480324, 0.1950787401574803070, 0.1519685039370078927 ) ) ;
#3625 = ORIENTED_EDGE ( 'NONE', *, *, #3066, .F. ) ;
#3626 = CARTESIAN_POINT ( 'NONE',  ( 0.2106299212598425064, 0.1271653543307086631, -0.02125984251968488642 ) ) ;
#3627 = ORIENTED_EDGE ( 'NONE', *, *, #3816, .F. ) ;
#3628 = ORIENTED_EDGE ( 'NONE', *, *, #3393, .F. ) ;
#3629 = ORIENTED_EDGE ( 'NONE', *, *, #1824, .T. ) ;
#3630 = CARTESIAN_POINT ( 'NONE',  ( 0.02755905511811023584, -0.1730314960629921461, 0.1519685039370078927 ) ) ;
#3631 = CARTESIAN_POINT ( 'NONE',  ( -0.1307086614173228467, -0.1005905511811023834, 0.000000000000000000 ) ) ;
#3632 = FACE_OUTER_BOUND ( 'NONE', #4227, .T. ) ;
#3633 = VERTEX_POINT ( 'NONE', #3273 ) ;
#3634 = DIRECTION ( 'NONE',  ( 0.000000000000000000, 0.000000000000000000, 1.000000000000000000 ) ) ;
#3635 = CARTESIAN_POINT ( 'NONE',  ( -0.2236220472440947349, 0.1679133858267712609, -0.1460629921259842534 ) ) ;
#3636 = PLANE ( 'NONE',  #3728 ) ;
#3637 = DIRECTION ( 'NONE',  ( 0.000000000000000000, 0.000000000000000000, 1.000000000000000000 ) ) ;
#3638 = DIRECTION ( 'NONE',  ( 0.000000000000000000, 0.000000000000000000, -1.000000000000000000 ) ) ;
#3639 = DIRECTION ( 'NONE',  ( 0.000000000000000000, 0.000000000000000000, 1.000000000000000000 ) ) ;
#3640 = VERTEX_POINT ( 'NONE', #661 ) ;
#3641 = CARTESIAN_POINT ( 'NONE',  ( 0.01259842519685035536, 0.06476377952755905942, 0.08858267716535433989 ) ) ;
#3642 = VERTEX_POINT ( 'NONE', #2238 ) ;
#3643 = ORIENTED_EDGE ( 'NONE', *, *, #789, .F. ) ;
#3644 = B_SPLINE_CURVE_WITH_KNOTS ( 'NONE', 3,
 ( #1843, #2131, #1502, #3138, #1524, #1300, #993, #1582 ),
 .UNSPECIFIED., .F., .F.,
 ( 4, 2, 2, 4 ),
 ( 0.0003697640756975050327, 0.0004622138888486396029, 0.0005546637019997742273, 0.0007395633283020428255 ),
 .UNSPECIFIED. ) ;
#3645 = EDGE_CURVE ( 'NONE', #3932, #2897, #933, .T. ) ;
#3646 = AXIS2_PLACEMENT_3D ( 'NONE', #2908, #971, #621 ) ;
#3647 = CARTESIAN_POINT ( 'NONE',  ( 0.2488188976377952999, -0.1005905511811023834, 0.08858267716535433989 ) ) ;
#3648 = ADVANCED_FACE ( 'NONE', ( #1937 ), #3746, .T. ) ;
#3649 = EDGE_LOOP ( 'NONE', ( #3654, #2227, #2654, #1859 ) ) ;
#3650 = LINE ( 'NONE', #3955, #3341 ) ;
#3651 = VECTOR ( 'NONE', #1523, 39.37007874015748143 ) ;
#3652 =( LENGTH_UNIT ( ) NAMED_UNIT ( * ) SI_UNIT ( $, .METRE. ) );
#3653 = LINE ( 'NONE', #2680, #1881 ) ;
#3654 = ORIENTED_EDGE ( 'NONE', *, *, #2355, .T. ) ;
#3655 = EDGE_CURVE ( 'NONE', #3104, #2092, #317, .T. ) ;
#3656 = DIRECTION ( 'NONE',  ( 0.000000000000000000, 0.000000000000000000, 1.000000000000000000 ) ) ;
#3657 = DIRECTION ( 'NONE',  ( -0.000000000000000000, -0.000000000000000000, -1.000000000000000000 ) ) ;
#3658 = LINE ( 'NONE', #2035, #2149 ) ;
#3659 = PRESENTATION_LAYER_ASSIGNMENT (  '', '', ( #419 ) ) ;
#3660 = EDGE_CURVE ( 'NONE', #3190, #327, #2928, .T. ) ;
#3661 = FACE_BOUND ( 'NONE', #2793, .T. ) ;
#3662 = CARTESIAN_POINT ( 'NONE',  ( 0.000000000000000000, 0.000000000000000000, 0.000000000000000000 ) ) ;
#3663 = SURFACE_STYLE_USAGE ( .BOTH. , #1086 ) ;
#3664 =( NAMED_UNIT ( * ) SI_UNIT ( $, .STERADIAN. ) SOLID_ANGLE_UNIT ( ) );
#3665 = VECTOR ( 'NONE', #883, 39.37007874015748143 ) ;
#3666 = FACE_OUTER_BOUND ( 'NONE', #964, .T. ) ;
#3667 = PLANE ( 'NONE',  #636 ) ;
#3668 = AXIS2_PLACEMENT_3D ( 'NONE', #1225, #3498, #161 ) ;
#3669 =( GEOMETRIC_REPRESENTATION_CONTEXT ( 3 ) GLOBAL_UNCERTAINTY_ASSIGNED_CONTEXT ( ( #720 ) ) GLOBAL_UNIT_ASSIGNED_CONTEXT ( ( #1687, #1388, #2103 ) ) REPRESENTATION_CONTEXT ( 'NONE', 'WORKASPACE' ) );
#3670 = ORIENTED_EDGE ( 'NONE', *, *, #3756, .F. ) ;
#3671 = VECTOR ( 'NONE', #3920, 39.37007874015748143 ) ;
#3672 = VECTOR ( 'NONE', #2218, 39.37007874015748143 ) ;
#3673 =( CONVERSION_BASED_UNIT ( 'INCH', #3413 ) LENGTH_UNIT ( ) NAMED_UNIT ( #2721 ) );
#3674 = ORIENTED_EDGE ( 'NONE', *, *, #3199, .F. ) ;
#3675 = AXIS2_PLACEMENT_3D ( 'NONE', #4040, #686, #420 ) ;
#3676 = LINE ( 'NONE', #3630, #311 ) ;
#3677 = LINE ( 'NONE', #331, #4145 ) ;
#3678 = EDGE_CURVE ( 'NONE', #3142, #673, #334, .T. ) ;
#3679 = CARTESIAN_POINT ( 'NONE',  ( 0.3120078740157480324, -0.1950787401574803348, 0.1519685039370078927 ) ) ;
#3680 = EDGE_LOOP ( 'NONE', ( #168, #3172, #4011, #1011 ) ) ;
#3681 = CARTESIAN_POINT ( 'NONE',  ( -0.1055118110236220597, -0.1005905511811023834, 0.06338582677165355284 ) ) ;
#3682 = AXIS2_PLACEMENT_3D ( 'NONE', #2003, #354, #2990 ) ;
#3683 = CARTESIAN_POINT ( 'NONE',  ( -0.1739697293463860484, -0.02778618667233847400, -0.1492018839553629073 ) ) ;
#3684 = CARTESIAN_POINT ( 'NONE',  ( -0.06594488188976378729, -0.1950787401574803070, 0.02381889763779511740 ) ) ;
#3685 = ADVANCED_FACE ( 'NONE', ( #12 ), #681, .F. ) ;
#3686 = DIRECTION ( 'NONE',  ( 0.000000000000000000, 0.5446390350150286386, -0.8386705679454230511 ) ) ;
#3687 = AXIS2_PLACEMENT_3D ( 'NONE', #2879, #1273, #2578 ) ;
#3688 = CARTESIAN_POINT ( 'NONE',  ( -0.1673228346456692994, -0.01397637795275590705, -0.1443838085991254461 ) ) ;
#3689 = DIRECTION ( 'NONE',  ( 1.000000000000000000, 0.000000000000000000, 0.000000000000000000 ) ) ;
#3690 = SURFACE_STYLE_FILL_AREA ( #1774 ) ;
#3691 = DIRECTION ( 'NONE',  ( 0.7071067811865469066, 0.000000000000000000, -0.7071067811865479058 ) ) ;
#3692 = CARTESIAN_POINT ( 'NONE',  ( -0.1854776627043638326, 0.002962325487945631410, -0.1443838085988474462 ) ) ;
#3693 = EDGE_LOOP ( 'NONE', ( #1439, #1294, #3951, #1340 ) ) ;
#3694 = ORIENTED_EDGE ( 'NONE', *, *, #3072, .T. ) ;
#3695 = CARTESIAN_POINT ( 'NONE',  ( 0.1307086614173228467, -0.1005905511811023834, 0.08858267716535433989 ) ) ;
#3696 = CARTESIAN_POINT ( 'NONE',  ( -0.1943517248403355269, -0.04064772414042567422, -0.1293968530274668960 ) ) ;
#3697 = ORIENTED_EDGE ( 'NONE', *, *, #2546, .F. ) ;
#3698 = PLANE ( 'NONE',  #344 ) ;
#3699 = DIRECTION ( 'NONE',  ( -1.000000000000000000, 0.000000000000000000, 0.000000000000000000 ) ) ;
#3700 = FACE_BOUND ( 'NONE', #218, .T. ) ;
#3701 = ADVANCED_FACE ( 'NONE', ( #379 ), #1364, .T. ) ;
#3702 =( NAMED_UNIT ( * ) PLANE_ANGLE_UNIT ( ) SI_UNIT ( $, .RADIAN. ) );
#3703 = CARTESIAN_POINT ( 'NONE',  ( -0.1307086614173228467, 0.1679133858267713442, -0.1460629921259842534 ) ) ;
#3704 = DIRECTION ( 'NONE',  ( 0.7071067811865480168, -0.000000000000000000, 0.7071067811865470176 ) ) ;
#3705 = DIRECTION ( 'NONE',  ( 0.000000000000000000, 0.000000000000000000, -1.000000000000000000 ) ) ;
#3706 = VERTEX_POINT ( 'NONE', #2315 ) ;
#3707 = DIRECTION ( 'NONE',  ( 0.000000000000000000, 0.000000000000000000, 1.000000000000000000 ) ) ;
#3708 = ORIENTED_EDGE ( 'NONE', *, *, #2329, .T. ) ;
#3709 = FILL_AREA_STYLE_COLOUR ( '', #864 ) ;
#3710 =( LENGTH_UNIT ( ) NAMED_UNIT ( * ) SI_UNIT ( $, .METRE. ) );
#3711 = ORIENTED_EDGE ( 'NONE', *, *, #1186, .F. ) ;
#3712 = FILL_AREA_STYLE ('',( #1341 ) ) ;
#3713 = VECTOR ( 'NONE', #1907, 39.37007874015748143 ) ;
#3714 =( LENGTH_UNIT ( ) NAMED_UNIT ( * ) SI_UNIT ( $, .METRE. ) );
#3715 = CARTESIAN_POINT ( 'NONE',  ( -0.1702755905511811052, -0.1950787401574803348, 0.1281496062992125984 ) ) ;
#3716 = LINE ( 'NONE', #3135, #2079 ) ;
#3717 = PLANE ( 'NONE',  #4217 ) ;
#3718 = EDGE_LOOP ( 'NONE', ( #2286, #3349, #3857, #3152 ) ) ;
#3719 = APPLICATION_PROTOCOL_DEFINITION ( 'draft international standard', 'automotive_design', 1998, #2144 ) ;
#3720 = DIRECTION ( 'NONE',  ( -6.776263578034509998E-15, -1.000000000000000000, 0.000000000000000000 ) ) ;
#3721 = FILL_AREA_STYLE ('',( #1756 ) ) ;
#3722 = ADVANCED_FACE ( 'NONE', ( #2380 ), #2080, .T. ) ;
#3723 = EDGE_CURVE ( 'NONE', #1174, #2452, #39, .T. ) ;
#3724 = PLANE ( 'NONE',  #2496 ) ;
#3725 = ORIENTED_EDGE ( 'NONE', *, *, #491, .T. ) ;
#3726 = VECTOR ( 'NONE', #4250, 39.37007874015748143 ) ;
#3727 = ADVANCED_FACE ( 'NONE', ( #2102 ), #2436, .T. ) ;
#3728 = AXIS2_PLACEMENT_3D ( 'NONE', #2622, #663, #1987 ) ;
#3729 = STYLED_ITEM ( 'NONE', ( #2398 ), #995 ) ;
#3730 =( LENGTH_UNIT ( ) NAMED_UNIT ( * ) SI_UNIT ( $, .METRE. ) );
#3731 = ADVANCED_FACE ( 'NONE', ( #3087 ), #2143, .T. ) ;
#3732 = EDGE_LOOP ( 'NONE', ( #2128, #3754, #1799, #3075, #1228 ) ) ;
#3733 = ORIENTED_EDGE ( 'NONE', *, *, #576, .F. ) ;
#3734 = VECTOR ( 'NONE', #2478, 39.37007874015748143 ) ;
#3735 =( GEOMETRIC_REPRESENTATION_CONTEXT ( 3 ) GLOBAL_UNCERTAINTY_ASSIGNED_CONTEXT ( ( #2118 ) ) GLOBAL_UNIT_ASSIGNED_CONTEXT ( ( #1155, #3768, #2806 ) ) REPRESENTATION_CONTEXT ( 'NONE', 'WORKASPACE' ) );
#3736 = FACE_OUTER_BOUND ( 'NONE', #4034, .T. ) ;
#3737 = EDGE_LOOP ( 'NONE', ( #3548, #1290, #1633, #4252 ) ) ;
#3738 = CARTESIAN_POINT ( 'NONE',  ( -0.1853644712399835914, -0.05334645669291339376, -0.09015748031496062520 ) ) ;
#3739 = FACE_OUTER_BOUND ( 'NONE', #3680, .T. ) ;
#3740 = COLOUR_RGB ( '',0.6470588235294117974, 0.5176470588235293491, 0.000000000000000000 ) ;
#3741 = LINE ( 'NONE', #4059, #1319 ) ;
#3742 = CARTESIAN_POINT ( 'NONE',  ( 0.2488188976377952999, 0.06476377952755905942, 0.06338582677165355284 ) ) ;
#3743 = CARTESIAN_POINT ( 'NONE',  ( 0.3120078740157480324, -0.1950787401574803070, 0.000000000000000000 ) ) ;
#3744 = DIRECTION ( 'NONE',  ( 0.000000000000000000, 0.000000000000000000, 1.000000000000000000 ) ) ;
#3745 = ORIENTED_EDGE ( 'NONE', *, *, #1048, .F. ) ;
#3746 = TOROIDAL_SURFACE ( 'NONE', #1966, 0.01417322834645661812, 0.01417322834645688007 ) ;
#3747 =( LENGTH_UNIT ( ) NAMED_UNIT ( * ) SI_UNIT ( $, .METRE. ) );
#3748 = SURFACE_STYLE_USAGE ( .BOTH. , #4065 ) ;
#3749 = CARTESIAN_POINT ( 'NONE',  ( -0.1702755905511811052, 0.06476377952755904555, 0.04940944881889763191 ) ) ;
#3750 = SURFACE_SIDE_STYLE ('',( #2499 ) ) ;
#3751 = VERTEX_POINT ( 'NONE', #187 ) ;
#3752 = DIRECTION ( 'NONE',  ( -2.032879073410350002E-15, -1.000000000000000000, 0.000000000000000000 ) ) ;
#3753 = FILL_AREA_STYLE_COLOUR ( '', #2287 ) ;
#3754 = ORIENTED_EDGE ( 'NONE', *, *, #2568, .F. ) ;
#3755 = ORIENTED_EDGE ( 'NONE', *, *, #3838, .F. ) ;
#3756 = EDGE_CURVE ( 'NONE', #2541, #2482, #2798, .T. ) ;
#3757 = UNCERTAINTY_MEASURE_WITH_UNIT (LENGTH_MEASURE( 1.000000000000000082E-05 ), #196, 'distance_accuracy_value', 'NONE');
#3758 = PLANE ( 'NONE',  #2559 ) ;
#3759 = ORIENTED_EDGE ( 'NONE', *, *, #356, .F. ) ;
#3760 = EDGE_CURVE ( 'NONE', #3805, #262, #70, .T. ) ;
#3761 = DIRECTION ( 'NONE',  ( 0.000000000000000000, -0.5446390350150259740, 0.8386705679454247164 ) ) ;
#3762 = DIRECTION ( 'NONE',  ( -6.776263578034509998E-15, -1.000000000000000000, 0.000000000000000000 ) ) ;
#3763 = DIRECTION ( 'NONE',  ( 1.000000000000000000, -0.000000000000000000, -1.636531581110200093E-16 ) ) ;
#3764 = LINE ( 'NONE', #2173, #1809 ) ;
#3765 = ORIENTED_EDGE ( 'NONE', *, *, #2868, .F. ) ;
#3766 = DIRECTION ( 'NONE',  ( -1.000000000000000000, 2.710505431213800134E-15, 0.000000000000000000 ) ) ;
#3767 = CARTESIAN_POINT ( 'NONE',  ( -0.1307086614173228467, 0.06476377952755905942, 0.06338582677165355284 ) ) ;
#3768 =( NAMED_UNIT ( * ) PLANE_ANGLE_UNIT ( ) SI_UNIT ( $, .RADIAN. ) );
#3769 = DIRECTION ( 'NONE',  ( 1.000000000000000000, 0.000000000000000000, -4.336808689942010340E-16 ) ) ;
#3770 = ORIENTED_EDGE ( 'NONE', *, *, #1680, .T. ) ;
#3771 = DIRECTION ( 'NONE',  ( -0.000000000000000000, -0.000000000000000000, -1.000000000000000000 ) ) ;
#3772 = DIRECTION ( 'NONE',  ( -1.000000000000000000, -0.000000000000000000, -2.981555974335139955E-15 ) ) ;
#3773 = VERTEX_POINT ( 'NONE', #4057 ) ;
#3774 = EDGE_LOOP ( 'NONE', ( #3079, #148, #214, #1510 ) ) ;
#3775 = EDGE_CURVE ( 'NONE', #471, #3024, #438, .T. ) ;
#3776 = EDGE_CURVE ( 'NONE', #96, #527, #4104, .T. ) ;
#3777 = VERTEX_POINT ( 'NONE', #1767 ) ;
#3778 = CARTESIAN_POINT ( 'NONE',  ( -0.1307086614173228467, -0.1005905511811023834, 0.06338582677165355284 ) ) ;
#3779 = VECTOR ( 'NONE', #3035, 39.37007874015748143 ) ;
#3780 = SURFACE_STYLE_FILL_AREA ( #2841 ) ;
#3781 = ADVANCED_FACE ( 'NONE', ( #2773 ), #122, .T. ) ;
#3782 = FACE_OUTER_BOUND ( 'NONE', #1245, .T. ) ;
#3783 = LINE ( 'NONE', #1789, #1207 ) ;
#3784 = VECTOR ( 'NONE', #3012, 39.37007874015748854 ) ;
#3785 = CARTESIAN_POINT ( 'NONE',  ( -0.01259842519685035536, -0.1005905511811023834, 0.06338582677165355284 ) ) ;
#3786 = EDGE_CURVE ( 'NONE', #2153, #3104, #1760, .T. ) ;
#3787 = ORIENTED_EDGE ( 'NONE', *, *, #4015, .T. ) ;
#3788 = SURFACE_STYLE_USAGE ( .BOTH. , #886 ) ;
#3789 = DIRECTION ( 'NONE',  ( -1.000000000000000000, 6.776263578034509998E-15, 0.000000000000000000 ) ) ;
#3790 = DIRECTION ( 'NONE',  ( -1.000000000000000000, 0.000000000000000000, -0.000000000000000000 ) ) ;
#3791 = COLOUR_RGB ( '',0.6470588235294117974, 0.5176470588235293491, 0.000000000000000000 ) ;
#3792 = ADVANCED_FACE ( 'NONE', ( #1145 ), #1493, .T. ) ;
#3793 = CARTESIAN_POINT ( 'NONE',  ( -0.2106299212598425064, 0.1271653543307086631, -0.02125984251968503908 ) ) ;
#3794 = CARTESIAN_POINT ( 'NONE',  ( -0.1055118110236220597, -0.1005905511811023834, 0.08858267716535433989 ) ) ;
#3795 = EDGE_LOOP ( 'NONE', ( #329, #3834, #898, #1094, #310 ) ) ;
#3796 = LINE ( 'NONE', #544, #228 ) ;
#3797 = DIRECTION ( 'NONE',  ( 1.000000000000000000, 0.000000000000000000, 0.000000000000000000 ) ) ;
#3798 = MECHANICAL_DESIGN_GEOMETRIC_PRESENTATION_REPRESENTATION (  '', ( #419 ), #151 ) ;
#3799 = ORIENTED_EDGE ( 'NONE', *, *, #1536, .T. ) ;
#3800 = DIMENSIONAL_EXPONENTS ( 1.000000000000000000, 0.000000000000000000, 0.000000000000000000, 0.000000000000000000, 0.000000000000000000, 0.000000000000000000, 0.000000000000000000 ) ;
#3801 = VERTEX_POINT ( 'NONE', #4082 ) ;
#3802 = VECTOR ( 'NONE', #1143, 39.37007874015748143 ) ;
#3803 =( GEOMETRIC_REPRESENTATION_CONTEXT ( 3 ) GLOBAL_UNCERTAINTY_ASSIGNED_CONTEXT ( ( #3351 ) ) GLOBAL_UNIT_ASSIGNED_CONTEXT ( ( #1810, #3465, #459 ) ) REPRESENTATION_CONTEXT ( 'NONE', 'WORKASPACE' ) );
#3804 = LINE ( 'NONE', #1162, #2216 ) ;
#3805 = VERTEX_POINT ( 'NONE', #3069 ) ;
#3806 = AXIS2_PLACEMENT_3D ( 'NONE', #2325, #2408, #403 ) ;
#3807 = DIRECTION ( 'NONE',  ( -1.000000000000000000, -0.000000000000000000, 2.710505431213759902E-15 ) ) ;
#3808 =( GEOMETRIC_REPRESENTATION_CONTEXT ( 3 ) GLOBAL_UNCERTAINTY_ASSIGNED_CONTEXT ( ( #1029 ) ) GLOBAL_UNIT_ASSIGNED_CONTEXT ( ( #1013, #3956, #2437 ) ) REPRESENTATION_CONTEXT ( 'NONE', 'WORKASPACE' ) );
#3809 = SURFACE_STYLE_USAGE ( .BOTH. , #3070 ) ;
#3810 = COLOUR_RGB ( '',0.6470588235294117974, 0.5176470588235293491, 0.000000000000000000 ) ;
#3811 = DIRECTION ( 'NONE',  ( 0.000000000000000000, 0.000000000000000000, 1.000000000000000000 ) ) ;
#3812 = DIRECTION ( 'NONE',  ( 1.000000000000000000, 0.000000000000000000, -0.000000000000000000 ) ) ;
#3813 = CARTESIAN_POINT ( 'NONE',  ( 0.2236220472440945128, -0.1005905511811023834, 0.06338582677165355284 ) ) ;
#3814 = ORIENTED_EDGE ( 'NONE', *, *, #2076, .T. ) ;
#3815 = FACE_OUTER_BOUND ( 'NONE', #1467, .T. ) ;
#3816 = EDGE_CURVE ( 'NONE', #660, #3218, #1165, .T. ) ;
#3817 = CIRCLE ( 'NONE', #302, 0.02482976955446955167 ) ;
#3818 = LENGTH_MEASURE_WITH_UNIT ( LENGTH_MEASURE( 0.02539999999999999897 ), #715 );
#3819 = EDGE_CURVE ( 'NONE', #1791, #2073, #1515, .T. ) ;
#3820 = VECTOR ( 'NONE', #508, 39.37007874015748143 ) ;
#3821 = VERTEX_POINT ( 'NONE', #2816 ) ;
#3822 = CIRCLE ( 'NONE', #2861, 0.04330708661417324162 ) ;
#3823 = CARTESIAN_POINT ( 'NONE',  ( 0.3120078740157480324, 0.02539370078740157965, -0.02125984251968503908 ) ) ;
#3824 = DIRECTION ( 'NONE',  ( 0.000000000000000000, -0.8386705679454241613, -0.5446390350150269732 ) ) ;
#3825 = EDGE_LOOP ( 'NONE', ( #3515, #3283, #2692, #1072 ) ) ;
#3826 = VERTEX_POINT ( 'NONE', #4121 ) ;
#3827 = CARTESIAN_POINT ( 'NONE',  ( -0.1840551181102362821, -0.1950787401574803348, 0.1281496062992125984 ) ) ;
#3828 = ORIENTED_EDGE ( 'NONE', *, *, #2835, .T. ) ;
#3829 = CARTESIAN_POINT ( 'NONE',  ( -0.1673228346456692994, -0.05334645669291339376, -0.09015748031496062520 ) ) ;
#3830 = DIRECTION ( 'NONE',  ( 0.000000000000000000, 0.000000000000000000, 1.000000000000000000 ) ) ;
#3831 = LINE ( 'NONE', #2191, #3665 ) ;
#3832 = CARTESIAN_POINT ( 'NONE',  ( 0.1055118110236220597, -0.1005905511811023834, 0.08858267716535433989 ) ) ;
#3833 = DIRECTION ( 'NONE',  ( 1.000000000000000000, 0.000000000000000000, 0.000000000000000000 ) ) ;
#3834 = ORIENTED_EDGE ( 'NONE', *, *, #2467, .F. ) ;
#3835 = CARTESIAN_POINT ( 'NONE',  ( -0.3543307086614173596, 0.000000000000000000, -0.1460629921259842534 ) ) ;
#3836 = CARTESIAN_POINT ( 'NONE',  ( -0.2236220472440945128, -0.1005905511811023834, 0.06338582677165355284 ) ) ;
#3837 = DIRECTION ( 'NONE',  ( -0.000000000000000000, 1.000000000000000000, 0.000000000000000000 ) ) ;
#3838 = EDGE_CURVE ( 'NONE', #1807, #1635, #1184, .T. ) ;
#3839 = LENGTH_MEASURE_WITH_UNIT ( LENGTH_MEASURE( 0.02539999999999999897 ), #493 );
#3840 = ORIENTED_EDGE ( 'NONE', *, *, #813, .T. ) ;
#3841 = LENGTH_MEASURE_WITH_UNIT ( LENGTH_MEASURE( 0.02539999999999999897 ), #476 );
#3842 = FACE_OUTER_BOUND ( 'NONE', #3649, .T. ) ;
#3843 = EDGE_CURVE ( 'NONE', #2956, #3640, #2169, .T. ) ;
#3844 = CARTESIAN_POINT ( 'NONE',  ( -0.05216535433070866590, 0.06476377952755904555, 0.02381889763779496474 ) ) ;
#3845 = ORIENTED_EDGE ( 'NONE', *, *, #969, .F. ) ;
#3846 = VERTEX_POINT ( 'NONE', #3738 ) ;
#3847 = ORIENTED_EDGE ( 'NONE', *, *, #554, .T. ) ;
#3848 = CARTESIAN_POINT ( 'NONE',  ( -0.06594488188976378729, -0.1950787401574803348, 0.02381889763779507924 ) ) ;
#3849 = LINE ( 'NONE', #2252, #496 ) ;
#3850 = CARTESIAN_POINT ( 'NONE',  ( -0.4724409448818898127, -0.1005905511811023834, 0.08858267716535433989 ) ) ;
#3851 = EDGE_LOOP ( 'NONE', ( #2107, #247, #3576, #1675, #3979 ) ) ;
#3852 = CARTESIAN_POINT ( 'NONE',  ( 0.1700765155369159676, -0.01719847251954212744, -0.1447401325263843741 ) ) ;
#3853 = DIRECTION ( 'NONE',  ( 1.000000000000000000, -8.905946416845214430E-16, 0.000000000000000000 ) ) ;
#3854 = FACE_OUTER_BOUND ( 'NONE', #4135, .T. ) ;
#3855 = LINE ( 'NONE', #258, #4214 ) ;
#3856 = LINE ( 'NONE', #909, #3046 ) ;
#3857 = ORIENTED_EDGE ( 'NONE', *, *, #3023, .F. ) ;
#3858 = FILL_AREA_STYLE ('',( #3709 ) ) ;
#3859 = VECTOR ( 'NONE', #2519, 39.37007874015748143 ) ;
#3860 = PLANE ( 'NONE',  #3 ) ;
#3861 = LINE ( 'NONE', #892, #2084 ) ;
#3862 = EDGE_CURVE ( 'NONE', #3773, #474, #3422, .T. ) ;
#3863 = CARTESIAN_POINT ( 'NONE',  ( -0.1712598425196850405, -0.009466122803114955173, -0.1466060346774630818 ) ) ;
#3864 = ORIENTED_EDGE ( 'NONE', *, *, #923, .F. ) ;
#3865 = ORIENTED_EDGE ( 'NONE', *, *, #3554, .F. ) ;
#3866 = EDGE_CURVE ( 'NONE', #445, #3846, #1210, .T. ) ;
#3867 = AXIS2_PLACEMENT_3D ( 'NONE', #1915, #3569, #233 ) ;
#3868 = ORIENTED_EDGE ( 'NONE', *, *, #744, .T. ) ;
#3869 = CARTESIAN_POINT ( 'NONE',  ( -0.2883858267716535306, -0.1950787401574803348, 0.02381889763779494046 ) ) ;
#3870 = AXIS2_PLACEMENT_3D ( 'NONE', #902, #2902, #556 ) ;
#3871 = DIRECTION ( 'NONE',  ( 0.000000000000000000, 0.000000000000000000, 1.000000000000000000 ) ) ;
#3872 = DIRECTION ( 'NONE',  ( -0.000000000000000000, -1.000000000000000000, -0.000000000000000000 ) ) ;
#3873 =( GEOMETRIC_REPRESENTATION_CONTEXT ( 3 ) GLOBAL_UNCERTAINTY_ASSIGNED_CONTEXT ( ( #1444 ) ) GLOBAL_UNIT_ASSIGNED_CONTEXT ( ( #205, #232, #1252 ) ) REPRESENTATION_CONTEXT ( 'NONE', 'WORKASPACE' ) );
#3874 = CIRCLE ( 'NONE', #3110, 0.01417322834645669619 ) ;
#3875 = LINE ( 'NONE', #1313, #699 ) ;
#3876 = CARTESIAN_POINT ( 'NONE',  ( -0.2488188976377952999, 0.1427165354330712788, 0.000000000000000000 ) ) ;
#3877 = CARTESIAN_POINT ( 'NONE',  ( 0.1712598425196850405, 0.1271653543307086631, -0.02125984251968493846 ) ) ;
#3878 = AXIS2_PLACEMENT_3D ( 'NONE', #2162, #500, #3167 ) ;
#3879 = VECTOR ( 'NONE', #1296, 39.37007874015748143 ) ;
#3880 = LINE ( 'NONE', #3227, #1663 ) ;
#3881 = FACE_BOUND ( 'NONE', #3323, .T. ) ;
#3882 = VECTOR ( 'NONE', #1798, 39.37007874015748143 ) ;
#3883 = EDGE_LOOP ( 'NONE', ( #2637, #670, #3325, #162 ) ) ;
#3884 = CARTESIAN_POINT ( 'NONE',  ( 0.2883858267716535306, 0.06476377952755904555, 0.02381889763779507924 ) ) ;
#3885 = ORIENTED_EDGE ( 'NONE', *, *, #1074, .T. ) ;
#3886 = MECHANICAL_DESIGN_GEOMETRIC_PRESENTATION_REPRESENTATION (  '', ( #97 ), #3265 ) ;
#3887 = CARTESIAN_POINT ( 'NONE',  ( 0.000000000000000000, 0.1679133858267716495, 0.000000000000000000 ) ) ;
#3888 = ORIENTED_EDGE ( 'NONE', *, *, #1004, .T. ) ;
#3889 = ORIENTED_EDGE ( 'NONE', *, *, #3333, .F. ) ;
#3890 =( GEOMETRIC_REPRESENTATION_CONTEXT ( 3 ) GLOBAL_UNCERTAINTY_ASSIGNED_CONTEXT ( ( #1781 ) ) GLOBAL_UNIT_ASSIGNED_CONTEXT ( ( #3310, #3050, #1709 ) ) REPRESENTATION_CONTEXT ( 'NONE', 'WORKASPACE' ) );
#3891 = AXIS2_PLACEMENT_3D ( 'NONE', #1402, #3975, #1033 ) ;
#3892 = ADVANCED_FACE ( 'NONE', ( #2189 ), #947, .T. ) ;
#3893 = EDGE_LOOP ( 'NONE', ( #501, #1574, #154, #1455 ) ) ;
#3894 = LINE ( 'NONE', #965, #36 ) ;
#3895 = CYLINDRICAL_SURFACE ( 'NONE', #23, 0.05511811023622047861 ) ;
#3896 = EDGE_CURVE ( 'NONE', #745, #3482, #2615, .T. ) ;
#3897 = CARTESIAN_POINT ( 'NONE',  ( -0.2488188976377948836, 0.1679133858267713719, -0.1460629921259842534 ) ) ;
#3898 = DIRECTION ( 'NONE',  ( -3.273063162220370111E-16, -0.000000000000000000, 1.000000000000000000 ) ) ;
#3899 = ORIENTED_EDGE ( 'NONE', *, *, #4249, .T. ) ;
#3900 = FACE_OUTER_BOUND ( 'NONE', #1805, .T. ) ;
#3901 = DIRECTION ( 'NONE',  ( 0.000000000000000000, 1.000000000000000000, -0.000000000000000000 ) ) ;
#3902 = CARTESIAN_POINT ( 'NONE',  ( -0.2488188976377948836, 0.1679133858267716495, 0.000000000000000000 ) ) ;
#3903 = DIRECTION ( 'NONE',  ( -2.032879073410350002E-15, -1.000000000000000000, 0.000000000000000000 ) ) ;
#3904 = PLANE ( 'NONE',  #3185 ) ;
#3905 = VERTEX_POINT ( 'NONE', #2940 ) ;
#3906 = PLANE ( 'NONE',  #483 ) ;
#3907 = ORIENTED_EDGE ( 'NONE', *, *, #3360, .T. ) ;
#3908 = CARTESIAN_POINT ( 'NONE',  ( 0.1673228346456692994, -0.01397637795275590705, -0.1350393700787401730 ) ) ;
#3909 = EDGE_LOOP ( 'NONE', ( #1600, #3499, #2771, #1514, #2281 ) ) ;
#3910 = ORIENTED_EDGE ( 'NONE', *, *, #3314, .T. ) ;
#3911 = EDGE_CURVE ( 'NONE', #3299, #1226, #1621, .T. ) ;
#3912 = EDGE_LOOP ( 'NONE', ( #3278, #748, #3083, #1352 ) ) ;
#3913 = DIRECTION ( 'NONE',  ( 0.000000000000000000, 0.7342720682754586559, 0.6788553084056131448 ) ) ;
#3914 = LINE ( 'NONE', #292, #2422 ) ;
#3915 = VERTEX_POINT ( 'NONE', #4165 ) ;
#3916 = LINE ( 'NONE', #3183, #2024 ) ;
#3917 = EDGE_CURVE ( 'NONE', #842, #2848, #3221, .T. ) ;
#3918 = PLANE ( 'NONE',  #3646 ) ;
#3919 = EDGE_CURVE ( 'NONE', #694, #2073, #4183, .T. ) ;
#3920 = DIRECTION ( 'NONE',  ( 0.000000000000000000, 9.637352644315589080E-17, -1.000000000000000000 ) ) ;
#3921 = DIRECTION ( 'NONE',  ( -0.000000000000000000, -0.000000000000000000, -1.000000000000000000 ) ) ;
#3922 = VERTEX_POINT ( 'NONE', #1575 ) ;
#3923 = CARTESIAN_POINT ( 'NONE',  ( 0.2488188976377951889, 0.1679133858267713719, 0.000000000000000000 ) ) ;
#3924 = FILL_AREA_STYLE_COLOUR ( '', #2407 ) ;
#3925 = ORIENTED_EDGE ( 'NONE', *, *, #2727, .F. ) ;
#3926 = EDGE_CURVE ( 'NONE', #2265, #3846, #3822, .T. ) ;
#3927 = CARTESIAN_POINT ( 'NONE',  ( 0.3120078740157480324, -0.05334645669291337988, -0.1098425196850393581 ) ) ;
#3928 = ORIENTED_EDGE ( 'NONE', *, *, #4198, .T. ) ;
#3929 = VECTOR ( 'NONE', #770, 39.37007874015748143 ) ;
#3930 = ORIENTED_EDGE ( 'NONE', *, *, #3678, .T. ) ;
#3931 = PRESENTATION_LAYER_ASSIGNMENT (  '', '', ( #2340 ) ) ;
#3932 = VERTEX_POINT ( 'NONE', #3869 ) ;
#3933 = DIRECTION ( 'NONE',  ( 1.000000000000000000, 0.000000000000000000, 0.000000000000000000 ) ) ;
#3934 = DIRECTION ( 'NONE',  ( -1.000000000000000000, -0.000000000000000000, -0.000000000000000000 ) ) ;
#3935 =( LENGTH_UNIT ( ) NAMED_UNIT ( * ) SI_UNIT ( $, .METRE. ) );
#3936 = VECTOR ( 'NONE', #1725, 39.37007874015748143 ) ;
#3937 = CARTESIAN_POINT ( 'NONE',  ( 0.1772928440131583960, -0.01863468785987063697, -0.1512698035913802863 ) ) ;
#3938 = LINE ( 'NONE', #4237, #2914 ) ;
#3939 = CARTESIAN_POINT ( 'NONE',  ( -0.06594488188976377341, 0.06476377952755904555, 0.02381889763779517291 ) ) ;
#3940 = VECTOR ( 'NONE', #1872, 39.37007874015748143 ) ;
#3941 = DIRECTION ( 'NONE',  ( 0.7071067811865480168, -0.000000000000000000, 0.7071067811865470176 ) ) ;
#3942 = DIRECTION ( 'NONE',  ( -1.000000000000000000, -1.094462760868649956E-16, 0.000000000000000000 ) ) ;
#3943 = DIRECTION ( 'NONE',  ( 0.000000000000000000, -0.000000000000000000, -1.000000000000000000 ) ) ;
#3944 = ORIENTED_EDGE ( 'NONE', *, *, #201, .F. ) ;
#3945 = AXIS2_PLACEMENT_3D ( 'NONE', #546, #4161, #3128 ) ;
#3946 = VECTOR ( 'NONE', #4193, 39.37007874015748143 ) ;
#3947 = LINE ( 'NONE', #2221, #3713 ) ;
#3948 = EDGE_CURVE ( 'NONE', #1405, #1615, #1912, .T. ) ;
#3949 = ORIENTED_EDGE ( 'NONE', *, *, #3466, .F. ) ;
#3950 = CARTESIAN_POINT ( 'NONE',  ( -0.2106299212598425064, -0.1271653543307086631, -0.02125984251968503908 ) ) ;
#3951 = ORIENTED_EDGE ( 'NONE', *, *, #3286, .T. ) ;
#3952 = VERTEX_POINT ( 'NONE', #3549 ) ;
#3953 = AXIS2_PLACEMENT_3D ( 'NONE', #482, #2744, #203 ) ;
#3954 = ORIENTED_EDGE ( 'NONE', *, *, #738, .F. ) ;
#3955 = CARTESIAN_POINT ( 'NONE',  ( -0.1853644712399835082, 0.02539370078740157965, -0.02125984251968503908 ) ) ;
#3956 =( NAMED_UNIT ( * ) PLANE_ANGLE_UNIT ( ) SI_UNIT ( $, .RADIAN. ) );
#3957 = VECTOR ( 'NONE', #1980, 39.37007874015748143 ) ;
#3958 = CARTESIAN_POINT ( 'NONE',  ( 0.1712598425196850682, -0.005077001937422856610, -0.1486468285246177190 ) ) ;
#3959 = VERTEX_POINT ( 'NONE', #1594 ) ;
#3960 = LINE ( 'NONE', #1037, #3526 ) ;
#3961 = CARTESIAN_POINT ( 'NONE',  ( 0.1055118110236220597, -0.1005905511811023834, 0.08858267716535433989 ) ) ;
#3962 = CARTESIAN_POINT ( 'NONE',  ( -0.2883858267716535306, 0.06476377952755904555, 0.02381889763779496474 ) ) ;
#3963 = CARTESIAN_POINT ( 'NONE',  ( 0.1055118110236224482, 0.1679133858267716495, -0.1460629921259842534 ) ) ;
#3964 = EDGE_CURVE ( 'NONE', #3777, #307, #3503, .T. ) ;
#3965 = CARTESIAN_POINT ( 'NONE',  ( 0.1307086614173228467, -0.1005905511811023834, 0.08858267716535433989 ) ) ;
#3966 = ORIENTED_EDGE ( 'NONE', *, *, #2200, .F. ) ;
#3967 = EDGE_CURVE ( 'NONE', #2955, #51, #1217, .T. ) ;
#3968 = CARTESIAN_POINT ( 'NONE',  ( -0.3543307086614173596, -0.1005905511811023834, 0.000000000000000000 ) ) ;
#3969 = ORIENTED_EDGE ( 'NONE', *, *, #3551, .T. ) ;
#3970 = ORIENTED_EDGE ( 'NONE', *, *, #3530, .F. ) ;
#3971 = EDGE_CURVE ( 'NONE', #2429, #515, #3894, .T. ) ;
#3972 = DIRECTION ( 'NONE',  ( -1.000000000000000000, 0.000000000000000000, -0.000000000000000000 ) ) ;
#3973 = EDGE_CURVE ( 'NONE', #2358, #4051, #2268, .T. ) ;
#3974 = ORIENTED_EDGE ( 'NONE', *, *, #434, .T. ) ;
#3975 = DIRECTION ( 'NONE',  ( -4.336808689942020694E-16, 0.000000000000000000, 1.000000000000000000 ) ) ;
#3976 = LINE ( 'NONE', #1706, #2426 ) ;
#3977 = ADVANCED_FACE ( 'NONE', ( #2863 ), #2531, .F. ) ;
#3978 = CARTESIAN_POINT ( 'NONE',  ( 0.1055118110236224482, 0.1679133858267713442, -0.1460629921259842534 ) ) ;
#3979 = ORIENTED_EDGE ( 'NONE', *, *, #1996, .T. ) ;
#3980 = DIRECTION ( 'NONE',  ( 0.000000000000000000, -0.5446390350150289716, -0.8386705679454229401 ) ) ;
#3981 = LINE ( 'NONE', #4020, #2774 ) ;
#3982 = CARTESIAN_POINT ( 'NONE',  ( 0.1055118110236224482, 0.1679133858267716495, -0.1460629921259842534 ) ) ;
#3983 = DIRECTION ( 'NONE',  ( -0.000000000000000000, 1.000000000000000000, 0.000000000000000000 ) ) ;
#3984 = DIRECTION ( 'NONE',  ( -1.000000000000000000, -0.000000000000000000, -2.981555974335139955E-15 ) ) ;
#3985 = FACE_BOUND ( 'NONE', #3883, .T. ) ;
#3986 = DIRECTION ( 'NONE',  ( 0.000000000000000000, 1.000000000000000000, -0.000000000000000000 ) ) ;
#3987 = VERTEX_POINT ( 'NONE', #2639 ) ;
#3988 = CARTESIAN_POINT ( 'NONE',  ( -0.1055118110236220597, -0.1005905511811023834, 0.08858267716535433989 ) ) ;
#3989 = EDGE_LOOP ( 'NONE', ( #523, #854, #1779, #2261 ) ) ;
#3990 = VECTOR ( 'NONE', #2628, 39.37007874015748143 ) ;
#3991 = SURFACE_SIDE_STYLE ('',( #2411 ) ) ;
#3992 = ORIENTED_EDGE ( 'NONE', *, *, #744, .F. ) ;
#3993 = LINE ( 'NONE', #2376, #375 ) ;
#3994 = ADVANCED_FACE ( 'NONE', ( #2291 ), #1360, .F. ) ;
#3995 = CARTESIAN_POINT ( 'NONE',  ( 0.1712598425196850405, -0.01275639310204279911, -0.1448424406283374821 ) ) ;
#3996 = ORIENTED_EDGE ( 'NONE', *, *, #2488, .F. ) ;
#3997 = FILL_AREA_STYLE ('',( #3398 ) ) ;
#3998 = PLANE ( 'NONE',  #1407 ) ;
#3999 = LINE ( 'NONE', #1451, #3302 ) ;
#4000 = CARTESIAN_POINT ( 'NONE',  ( 0.02755905511811023584, -0.08011811023622049388, 0.000000000000000000 ) ) ;
#4001 = FACE_OUTER_BOUND ( 'NONE', #2243, .T. ) ;
#4002 = CARTESIAN_POINT ( 'NONE',  ( 0.1673228346456692994, -0.01397637795275590705, -0.09015748031496062520 ) ) ;
#4003 = LINE ( 'NONE', #2013, #1598 ) ;
#4004 = VECTOR ( 'NONE', #3983, 39.37007874015748143 ) ;
#4005 = ORIENTED_EDGE ( 'NONE', *, *, #2495, .F. ) ;
#4006 = CARTESIAN_POINT ( 'NONE',  ( -0.1055118110236222539, 0.1679133858267712609, -0.1460629921259842534 ) ) ;
#4007 = VECTOR ( 'NONE', #3194, 39.37007874015748143 ) ;
#4008 = ORIENTED_EDGE ( 'NONE', *, *, #48, .T. ) ;
#4009 = AXIS2_PLACEMENT_3D ( 'NONE', #2826, #2456, #3475 ) ;
#4010 =( CONVERSION_BASED_UNIT ( 'INCH', #3022 ) LENGTH_UNIT ( ) NAMED_UNIT ( #1503 ) );
#4011 = ORIENTED_EDGE ( 'NONE', *, *, #1384, .T. ) ;
#4012 = STYLED_ITEM ( 'NONE', ( #398 ), #3423 ) ;
#4013 = CARTESIAN_POINT ( 'NONE',  ( 0.01259842519685021311, 0.1679133858267712609, -0.1460629921259842534 ) ) ;
#4014 = VECTOR ( 'NONE', #3807, 39.37007874015748143 ) ;
#4015 = EDGE_CURVE ( 'NONE', #309, #824, #1676, .T. ) ;
#4016 = LINE ( 'NONE', #1339, #1674 ) ;
#4017 = VERTEX_POINT ( 'NONE', #2332 ) ;
#4018 = SURFACE_STYLE_FILL_AREA ( #3712 ) ;
#4019 = MECHANICAL_DESIGN_GEOMETRIC_PRESENTATION_REPRESENTATION (  '', ( #516 ), #2299 ) ;
#4020 = CARTESIAN_POINT ( 'NONE',  ( -0.1446850393700787329, -0.1950787401574803348, 0.02381889763779527353 ) ) ;
#4021 = CARTESIAN_POINT ( 'NONE',  ( 0.01259842519685035536, 0.06476377952755905942, 0.06338582677165355284 ) ) ;
#4022 = DIRECTION ( 'NONE',  ( 0.000000000000000000, 0.000000000000000000, -1.000000000000000000 ) ) ;
#4023 = CARTESIAN_POINT ( 'NONE',  ( 0.000000000000000000, 0.1679133858267716495, 0.000000000000000000 ) ) ;
#4024 = CARTESIAN_POINT ( 'NONE',  ( 0.09153543307086613179, 0.06476377952755904555, 0.02381889763779526659 ) ) ;
#4025 = UNCERTAINTY_MEASURE_WITH_UNIT (LENGTH_MEASURE( 1.000000000000000082E-05 ), #165, 'distance_accuracy_value', 'NONE');
#4026 = SURFACE_STYLE_FILL_AREA ( #400 ) ;
#4027 = CARTESIAN_POINT ( 'NONE',  ( -0.01259842519685019924, 0.1679133858267716495, -0.1460629921259842534 ) ) ;
#4028 = ORIENTED_EDGE ( 'NONE', *, *, #3862, .T. ) ;
#4029 = FACE_OUTER_BOUND ( 'NONE', #896, .T. ) ;
#4030 = EDGE_LOOP ( 'NONE', ( #693, #3500, #1568, #3512, #369, #1759 ) ) ;
#4031 = EDGE_LOOP ( 'NONE', ( #1739, #3601, #1330, #2766 ) ) ;
#4032 = DIRECTION ( 'NONE',  ( 1.000000000000000000, 0.000000000000000000, 0.000000000000000000 ) ) ;
#4033 = CARTESIAN_POINT ( 'NONE',  ( -0.02755905511811023931, -0.1104330708661417498, 0.2098425196850393637 ) ) ;
#4034 = EDGE_LOOP ( 'NONE', ( #3435, #3236, #1025, #2414, #3544, #1076, #563, #2590, #2705, #2481, #4164 ) ) ;
#4035 = SURFACE_STYLE_USAGE ( .BOTH. , #2706 ) ;
#4036 = DIMENSIONAL_EXPONENTS ( 1.000000000000000000, 0.000000000000000000, 0.000000000000000000, 0.000000000000000000, 0.000000000000000000, 0.000000000000000000, 0.000000000000000000 ) ;
#4037 = EDGE_CURVE ( 'NONE', #2717, #2100, #3650, .T. ) ;
#4038 = LINE ( 'NONE', #396, #4058 ) ;
#4039 = DIRECTION ( 'NONE',  ( -1.000000000000000000, 2.032879073410350002E-15, -0.000000000000000000 ) ) ;
#4040 = CARTESIAN_POINT ( 'NONE',  ( -0.3120078740157480324, -0.1950787401574803348, 0.1519685039370078927 ) ) ;
#4041 = DIRECTION ( 'NONE',  ( -0.000000000000000000, -0.000000000000000000, 1.000000000000000000 ) ) ;
#4042 = ORIENTED_EDGE ( 'NONE', *, *, #3478, .F. ) ;
#4043 = EDGE_CURVE ( 'NONE', #2832, #3482, #3993, .T. ) ;
#4044 = CARTESIAN_POINT ( 'NONE',  ( -0.1853644712399835914, -0.05334645669291340070, -0.02125984251968503908 ) ) ;
#4045 = ORIENTED_EDGE ( 'NONE', *, *, #69, .F. ) ;
#4046 = EDGE_CURVE ( 'NONE', #3218, #2358, #697, .T. ) ;
#4047 = CARTESIAN_POINT ( 'NONE',  ( 0.2096456692913385711, -0.1950787401574803070, 0.02381889763779524577 ) ) ;
#4048 = ORIENTED_EDGE ( 'NONE', *, *, #3655, .F. ) ;
#4049 = CARTESIAN_POINT ( 'NONE',  ( 0.2236220472440949014, 0.1679133858267716495, -0.1460629921259842534 ) ) ;
#4050 = ORIENTED_EDGE ( 'NONE', *, *, #3266, .F. ) ;
#4051 = VERTEX_POINT ( 'NONE', #34 ) ;
#4052 = DIRECTION ( 'NONE',  ( 1.000000000000000000, 0.000000000000000000, -0.000000000000000000 ) ) ;
#4053 = UNCERTAINTY_MEASURE_WITH_UNIT (LENGTH_MEASURE( 1.000000000000000082E-05 ), #4010, 'distance_accuracy_value', 'NONE');
#4054 = CLOSED_SHELL ( 'NONE', ( #3590, #3648, #2795, #3308, #1181, #2204, #477, #594, #3419, #1844, #149, #1030, #1977, #3350, #2697, #1712, #2386, #1588, #1949, #3792, #3145, #2263, #4069, #4203, #2997, #1028, #1180, #521, #1320, #1564, #4245, #2650, #3701, #541, #1034, #2132, #1636, #2321, #2442, #2232, #2127, #2031, #2377, #1049, #3547, #2098, #995, #3043, #3154, #1641, #1164, #2206, #2248, #25, #2847, #222, #1580, #3337, #2965, #1720, #2277, #1512, #3731, #3606, #2694, #1080, #2447, #3994, #2884, #2580, #1787, #2331, #1243, #2619, #3685, #3892, #604, #525, #3203, #4230, #3572, #1007, #545, #2463, #678, #1646, #2655, #3423, #1456, #3127, #2712, #2393, #795, #3483, #894, #2791, #1246, #1896, #3722, #3289, #42, #234, #1811, #783, #332, #1762, #3546, #3523, #3016, #1378, #919, #3781, #1220, #2363, #1401, #2938, #1530, #2679, #1659, #3977, #2967, #399, #306, #182, #1741, #3727, #1764 ) ) ;
#4055 = CARTESIAN_POINT ( 'NONE',  ( -0.1712598425196850405, -0.05334645669291339376, -0.1098425196850393581 ) ) ;
#4056 = ORIENTED_EDGE ( 'NONE', *, *, #2333, .F. ) ;
#4057 = CARTESIAN_POINT ( 'NONE',  ( 0.2058974762643020207, -0.05334645669291340070, -0.09015748031496062520 ) ) ;
#4058 = VECTOR ( 'NONE', #2362, 39.37007874015748143 ) ;
#4059 = CARTESIAN_POINT ( 'NONE',  ( 0.02657480314960633874, -0.1950787401574803348, 0.02381889763779515903 ) ) ;
#4060 = CARTESIAN_POINT ( 'NONE',  ( -0.1712598425196850682, -0.0001727780079290724155, -0.1492114446300774055 ) ) ;
#4061 = PLANE ( 'NONE',  #2038 ) ;
#4062 = CARTESIAN_POINT ( 'NONE',  ( 0.2488188976377950778, 0.1427165354330709734, 0.000000000000000000 ) ) ;
#4063 = ORIENTED_EDGE ( 'NONE', *, *, #402, .F. ) ;
#4064 = DIRECTION ( 'NONE',  ( 1.000000000000000000, -6.776263578034520253E-15, 0.000000000000000000 ) ) ;
#4065 = SURFACE_SIDE_STYLE ('',( #779 ) ) ;
#4066 = CIRCLE ( 'NONE', #2212, 0.05511811023622047861 ) ;
#4067 = DIMENSIONAL_EXPONENTS ( 1.000000000000000000, 0.000000000000000000, 0.000000000000000000, 0.000000000000000000, 0.000000000000000000, 0.000000000000000000, 0.000000000000000000 ) ;
#4068 = PLANE ( 'NONE',  #3261 ) ;
#4069 = ADVANCED_FACE ( 'NONE', ( #373 ), #1705, .T. ) ;
#4070 = ORIENTED_EDGE ( 'NONE', *, *, #275, .F. ) ;
#4071 = AXIS2_PLACEMENT_3D ( 'NONE', #2378, #2060, #1427 ) ;
#4072 = STYLED_ITEM ( 'NONE', ( #442 ), #2463 ) ;
#4073 = AXIS2_PLACEMENT_3D ( 'NONE', #485, #170, #3270 ) ;
#4074 = CARTESIAN_POINT ( 'NONE',  ( 0.1712598425196850405, -0.05334645669291339376, -0.02125984251968488642 ) ) ;
#4075 = ORIENTED_EDGE ( 'NONE', *, *, #2596, .F. ) ;
#4076 = ORIENTED_EDGE ( 'NONE', *, *, #1849, .T. ) ;
#4077 = VECTOR ( 'NONE', #32, 39.37007874015748143 ) ;
#4078 = CIRCLE ( 'NONE', #4215, 0.02482976955446955167 ) ;
#4079 = VECTOR ( 'NONE', #3141, 39.37007874015748143 ) ;
#4080 = LINE ( 'NONE', #2396, #3802 ) ;
#4081 = VERTEX_POINT ( 'NONE', #724 ) ;
#4082 = CARTESIAN_POINT ( 'NONE',  ( -0.1712598425196850405, -0.1271653543307086631, 0.000000000000000000 ) ) ;
#4083 = DIRECTION ( 'NONE',  ( 1.094462760868649956E-16, -1.000000000000000000, 0.000000000000000000 ) ) ;
#4084 = DIRECTION ( 'NONE',  ( 0.000000000000000000, 1.000000000000000000, -9.637352644315589080E-17 ) ) ;
#4085 = DIRECTION ( 'NONE',  ( 0.000000000000000000, -1.000000000000000000, 0.000000000000000000 ) ) ;
#4086 = ORIENTED_EDGE ( 'NONE', *, *, #3595, .T. ) ;
#4087 = VECTOR ( 'NONE', #3358, 39.37007874015748143 ) ;
#4088 = PRESENTATION_STYLE_ASSIGNMENT (( #3788 ) ) ;
#4089 = DIRECTION ( 'NONE',  ( -1.000000000000000000, 0.000000000000000000, 0.000000000000000000 ) ) ;
#4090 = PRESENTATION_LAYER_ASSIGNMENT (  '', '', ( #1702 ) ) ;
#4091 = EDGE_CURVE ( 'NONE', #1994, #3922, #54, .T. ) ;
#4092 = CARTESIAN_POINT ( 'NONE',  ( 0.2236220472440949014, 0.1679133858267716495, -0.1460629921259842534 ) ) ;
#4093 = ORIENTED_EDGE ( 'NONE', *, *, #409, .F. ) ;
#4094 = LINE ( 'NONE', #3823, #3734 ) ;
#4095 = EDGE_CURVE ( 'NONE', #1092, #2923, #1382, .T. ) ;
#4096 = LINE ( 'NONE', #3844, #226 ) ;
#4097 = EDGE_LOOP ( 'NONE', ( #202, #617, #2661, #1239 ) ) ;
#4098 = ORIENTED_EDGE ( 'NONE', *, *, #700, .F. ) ;
#4099 = EDGE_CURVE ( 'NONE', #3640, #2977, #1998, .T. ) ;
#4100 = EDGE_CURVE ( 'NONE', #2097, #2949, #746, .T. ) ;
#4101 = B_SPLINE_CURVE_WITH_KNOTS ( 'NONE', 3,
 ( #840, #1236, #2475, #540, #238, #1154, #1565, #1821 ),
 .UNSPECIFIED., .F., .F.,
 ( 4, 2, 2, 4 ),
 ( 3.076367761118338860E-15, 0.0001848821466565117328, 0.0002773232199832295500, 0.0003697642933099474214 ),
 .UNSPECIFIED. ) ;
#4102 = DIRECTION ( 'NONE',  ( 6.776263578034509998E-15, 1.000000000000000000, -0.000000000000000000 ) ) ;
#4103 = ORIENTED_EDGE ( 'NONE', *, *, #789, .T. ) ;
#4104 = LINE ( 'NONE', #855, #2508 ) ;
#4105 = EDGE_CURVE ( 'NONE', #3777, #2889, #3676, .T. ) ;
#4106 = CARTESIAN_POINT ( 'NONE',  ( 0.3120078740157479769, 0.1950787401574803348, 0.1519685039370078927 ) ) ;
#4107 =( LENGTH_UNIT ( ) NAMED_UNIT ( * ) SI_UNIT ( $, .METRE. ) );
#4108 = DIRECTION ( 'NONE',  ( 1.000000000000000000, 0.000000000000000000, -0.000000000000000000 ) ) ;
#4109 = EDGE_LOOP ( 'NONE', ( #1483, #1036, #3200, #2740 ) ) ;
#4110 = CARTESIAN_POINT ( 'NONE',  ( -0.2096456692913385711, 0.06476377952755905942, 0.02381889763779515903 ) ) ;
#4111 = LINE ( 'NONE', #3509, #2683 ) ;
#4112 = LINE ( 'NONE', #2195, #2088 ) ;
#4113 = LINE ( 'NONE', #3681, #3603 ) ;
#4114 = ORIENTED_EDGE ( 'NONE', *, *, #360, .T. ) ;
#4115 = CARTESIAN_POINT ( 'NONE',  ( -0.1923045226972646682, 0.01043397083894668717, -0.1328784837007927766 ) ) ;
#4116 = LINE ( 'NONE', #2831, #2026 ) ;
#4117 = VERTEX_POINT ( 'NONE', #2352 ) ;
#4118 = ORIENTED_EDGE ( 'NONE', *, *, #2586, .F. ) ;
#4119 = EDGE_CURVE ( 'NONE', #1206, #3633, #2044, .T. ) ;
#4120 = ORIENTED_EDGE ( 'NONE', *, *, #2892, .F. ) ;
#4121 = CARTESIAN_POINT ( 'NONE',  ( 0.05216535433070868671, -0.1950787401574803070, 0.04940944881889759721 ) ) ;
#4122 = EDGE_CURVE ( 'NONE', #527, #3142, #1740, .T. ) ;
#4123 = DIMENSIONAL_EXPONENTS ( 1.000000000000000000, 0.000000000000000000, 0.000000000000000000, 0.000000000000000000, 0.000000000000000000, 0.000000000000000000, 0.000000000000000000 ) ;
#4124 = PLANE ( 'NONE',  #2634 ) ;
#4125 = FACE_OUTER_BOUND ( 'NONE', #2786, .T. ) ;
#4126 = CARTESIAN_POINT ( 'NONE',  ( -0.1055118110236220597, -0.1005905511811023834, 0.06338582677165355284 ) ) ;
#4127 = VECTOR ( 'NONE', #1343, 39.37007874015748143 ) ;
#4128 = LINE ( 'NONE', #3813, #1262 ) ;
#4129 = ORIENTED_EDGE ( 'NONE', *, *, #1312, .F. ) ;
#4130 =( LENGTH_UNIT ( ) NAMED_UNIT ( * ) SI_UNIT ( $, .METRE. ) );
#4131 = CARTESIAN_POINT ( 'NONE',  ( -0.1446850393700787329, 0.06476377952755904555, 0.02381889763779527353 ) ) ;
#4132 = VECTOR ( 'NONE', #3639, 39.37007874015748143 ) ;
#4133 = PRESENTATION_STYLE_ASSIGNMENT (( #869 ) ) ;
#4134 = FILL_AREA_STYLE ('',( #2522 ) ) ;
#4135 = EDGE_LOOP ( 'NONE', ( #1428, #1171, #4137, #3755 ) ) ;
#4136 = LINE ( 'NONE', #180, #2777 ) ;
#4137 = ORIENTED_EDGE ( 'NONE', *, *, #738, .T. ) ;
#4138 = VERTEX_POINT ( 'NONE', #4013 ) ;
#4139 = VECTOR ( 'NONE', #4141, 39.37007874015748143 ) ;
#4140 = VECTOR ( 'NONE', #3053, 39.37007874015748143 ) ;
#4141 = DIRECTION ( 'NONE',  ( -1.000000000000000000, 2.032879073410350002E-15, -0.000000000000000000 ) ) ;
#4142 = ORIENTED_EDGE ( 'NONE', *, *, #156, .T. ) ;
#4143 = VECTOR ( 'NONE', #3707, 39.37007874015748143 ) ;
#4144 = CARTESIAN_POINT ( 'NONE',  ( 0.1842584275423112539, -0.02958069154074415355, -0.1464385887811102960 ) ) ;
#4145 = VECTOR ( 'NONE', #2663, 39.37007874015748143 ) ;
#4146 = CARTESIAN_POINT ( 'NONE',  ( 0.3120078740157480324, 0.1950787401574803348, 0.1519685039370078927 ) ) ;
#4147 = EDGE_CURVE ( 'NONE', #2889, #2142, #3304, .T. ) ;
#4148 = VECTOR ( 'NONE', #822, 39.37007874015748143 ) ;
#4149 = CARTESIAN_POINT ( 'NONE',  ( 0.2096456692913385711, 0.06476377952755904555, 0.02381889763779525618 ) ) ;
#4150 = LENGTH_MEASURE_WITH_UNIT ( LENGTH_MEASURE( 0.02539999999999999897 ), #4107 );
#4151 = CARTESIAN_POINT ( 'NONE',  ( -0.1840551181102362266, 0.06476377952755904555, 0.1281496062992128204 ) ) ;
#4152 = VERTEX_POINT ( 'NONE', #2059 ) ;
#4153 =( NAMED_UNIT ( * ) SI_UNIT ( $, .STERADIAN. ) SOLID_ANGLE_UNIT ( ) );
#4154 = COLOUR_RGB ( '',0.6470588235294117974, 0.5176470588235293491, 0.000000000000000000 ) ;
#4155 = CARTESIAN_POINT ( 'NONE',  ( -0.2106299212598425064, 0.000000000000000000, 0.000000000000000000 ) ) ;
#4156 = MECHANICAL_DESIGN_GEOMETRIC_PRESENTATION_REPRESENTATION (  '', ( #3545 ), #2581 ) ;
#4157 = FACE_OUTER_BOUND ( 'NONE', #1260, .T. ) ;
#4158 = VERTEX_POINT ( 'NONE', #1073 ) ;
#4159 =( GEOMETRIC_REPRESENTATION_CONTEXT ( 3 ) GLOBAL_UNCERTAINTY_ASSIGNED_CONTEXT ( ( #4025 ) ) GLOBAL_UNIT_ASSIGNED_CONTEXT ( ( #165, #2890, #891 ) ) REPRESENTATION_CONTEXT ( 'NONE', 'WORKASPACE' ) );
#4160 = PLANE ( 'NONE',  #1117 ) ;
#4161 = DIRECTION ( 'NONE',  ( 1.000000000000000000, -0.000000000000000000, 0.000000000000000000 ) ) ;
#4162 = ORIENTED_EDGE ( 'NONE', *, *, #2835, .F. ) ;
#4163 = ORIENTED_EDGE ( 'NONE', *, *, #3393, .T. ) ;
#4164 = ORIENTED_EDGE ( 'NONE', *, *, #287, .F. ) ;
#4165 = CARTESIAN_POINT ( 'NONE',  ( 0.05216535433070863814, -0.1950787401574803070, 0.1281496062992125984 ) ) ;
#4166 = CARTESIAN_POINT ( 'NONE',  ( -0.1840551181102362266, -0.1950787401574803348, 0.1281496062992125984 ) ) ;
#4167 = DIRECTION ( 'NONE',  ( -0.000000000000000000, -1.000000000000000000, -0.000000000000000000 ) ) ;
#4168 =( NAMED_UNIT ( * ) SI_UNIT ( $, .STERADIAN. ) SOLID_ANGLE_UNIT ( ) );
#4169 = EDGE_LOOP ( 'NONE', ( #3205, #2674, #4042, #3745 ) ) ;
#4170 = CARTESIAN_POINT ( 'NONE',  ( 0.1739476577609835317, -0.03790604938488264380, -0.1443838085974292751 ) ) ;
#4171 = CARTESIAN_POINT ( 'NONE',  ( 0.1055118110236223650, 0.1679133858267715662, 0.000000000000000000 ) ) ;
#4172 = DIRECTION ( 'NONE',  ( -6.776263578034520253E-15, -1.000000000000000000, -0.000000000000000000 ) ) ;
#4173 = CARTESIAN_POINT ( 'NONE',  ( -0.1767196476443829989, -0.0001335306329784415025, -0.1491510089724693289 ) ) ;
#4174 = LINE ( 'NONE', #2911, #714 ) ;
#4175 = EDGE_CURVE ( 'NONE', #2092, #3773, #941, .T. ) ;
#4176 = ORIENTED_EDGE ( 'NONE', *, *, #1486, .T. ) ;
#4177 = EDGE_CURVE ( 'NONE', #1069, #2324, #330, .T. ) ;
#4178 = LINE ( 'NONE', #2856, #1957 ) ;
#4179 = CARTESIAN_POINT ( 'NONE',  ( 0.05216535433070867978, 0.06476377952755904555, 0.04940944881889762497 ) ) ;
#4180 = EDGE_LOOP ( 'NONE', ( #1191, #2326, #703, #2445 ) ) ;
#4181 = EDGE_LOOP ( 'NONE', ( #760, #2308, #1572, #3027 ) ) ;
#4182 = ORIENTED_EDGE ( 'NONE', *, *, #144, .T. ) ;
#4183 = LINE ( 'NONE', #2250, #790 ) ;
#4184 = PLANE ( 'NONE',  #4209 ) ;
#4185 = DIRECTION ( 'NONE',  ( 1.000000000000000000, -0.000000000000000000, -1.636531581110200093E-16 ) ) ;
#4186 = CARTESIAN_POINT ( 'NONE',  ( -0.3120078740157480324, -0.1950787401574803348, 0.02381889763779528046 ) ) ;
#4187 = ORIENTED_EDGE ( 'NONE', *, *, #3471, .F. ) ;
#4188 = CARTESIAN_POINT ( 'NONE',  ( -0.02755905511811023584, 0.000000000000000000, 0.1519685039370078927 ) ) ;
#4189 = CARTESIAN_POINT ( 'NONE',  ( -0.01259842519685019924, 0.1679133858267713442, -0.1460629921259842534 ) ) ;
#4190 = CARTESIAN_POINT ( 'NONE',  ( 0.1712598425196842911, -0.02777997789748671426, -0.1492114446302252873 ) ) ;
#4191 = VECTOR ( 'NONE', #3657, 39.37007874015748143 ) ;
#4192 = CARTESIAN_POINT ( 'NONE',  ( -0.1842584275414150541, 0.001627935634796063864, -0.1464385887817821474 ) ) ;
#4193 = DIRECTION ( 'NONE',  ( 0.000000000000000000, 1.000000000000000000, 0.000000000000000000 ) ) ;
#4194 = ORIENTED_EDGE ( 'NONE', *, *, #3072, .F. ) ;
#4195 =( NAMED_UNIT ( * ) PLANE_ANGLE_UNIT ( ) SI_UNIT ( $, .RADIAN. ) );
#4196 =( NAMED_UNIT ( * ) PLANE_ANGLE_UNIT ( ) SI_UNIT ( $, .RADIAN. ) );
#4197 = VERTEX_POINT ( 'NONE', #1657 ) ;
#4198 = EDGE_CURVE ( 'NONE', #199, #2548, #1587, .T. ) ;
#4199 = DIRECTION ( 'NONE',  ( 0.000000000000000000, -0.000000000000000000, -1.000000000000000000 ) ) ;
#4200 = EDGE_CURVE ( 'NONE', #1108, #1006, #243, .T. ) ;
#4201 = ORIENTED_EDGE ( 'NONE', *, *, #30, .T. ) ;
#4202 = ORIENTED_EDGE ( 'NONE', *, *, #3224, .T. ) ;
#4203 = ADVANCED_FACE ( 'NONE', ( #2767 ), #3392, .T. ) ;
#4204 = ORIENTED_EDGE ( 'NONE', *, *, #1924, .F. ) ;
#4205 = AXIS2_PLACEMENT_3D ( 'NONE', #462, #1496, #1148 ) ;
#4206 = CARTESIAN_POINT ( 'NONE',  ( -0.05216535433070865202, -0.1950787401574803070, 0.02381889763779494046 ) ) ;
#4207 = CARTESIAN_POINT ( 'NONE',  ( 0.1712598425196850405, -0.05334645669291339376, -0.02125984251968488642 ) ) ;
#4208 = AXIS2_PLACEMENT_3D ( 'NONE', #4242, #3262, #3235 ) ;
#4209 = AXIS2_PLACEMENT_3D ( 'NONE', #901, #3871, #2512 ) ;
#4210 = DIRECTION ( 'NONE',  ( 1.000000000000000000, 0.000000000000000000, -0.000000000000000000 ) ) ;
#4211 = ORIENTED_EDGE ( 'NONE', *, *, #2001, .T. ) ;
#4212 = CARTESIAN_POINT ( 'NONE',  ( 0.1723721879592927664, 0.004262503846271856363, -0.1511177842647714042 ) ) ;
#4213 = CARTESIAN_POINT ( 'NONE',  ( 0.2058974762643020207, -0.05334645669291340764, -0.1350393700787401730 ) ) ;
#4214 = VECTOR ( 'NONE', #3535, 39.37007874015748143 ) ;
#4215 = AXIS2_PLACEMENT_3D ( 'NONE', #2599, #1875, #229 ) ;
#4216 = DIRECTION ( 'NONE',  ( 1.000000000000000000, 0.000000000000000000, 0.000000000000000000 ) ) ;
#4217 = AXIS2_PLACEMENT_3D ( 'NONE', #3317, #1369, #362 ) ;
#4218 = VERTEX_POINT ( 'NONE', #808 ) ;
#4219 =( CONVERSION_BASED_UNIT ( 'INCH', #2653 ) LENGTH_UNIT ( ) NAMED_UNIT ( #2413 ) );
#4220 = DIRECTION ( 'NONE',  ( 1.000000000000000000, 0.000000000000000000, -0.000000000000000000 ) ) ;
#4221 = ORIENTED_EDGE ( 'NONE', *, *, #2868, .T. ) ;
#4222 = EDGE_CURVE ( 'NONE', #2614, #2848, #1240, .T. ) ;
#4223 = VECTOR ( 'NONE', #2272, 39.37007874015748143 ) ;
#4224 = UNCERTAINTY_MEASURE_WITH_UNIT (LENGTH_MEASURE( 1.000000000000000082E-05 ), #755, 'distance_accuracy_value', 'NONE');
#4225 = LINE ( 'NONE', #2282, #3184 ) ;
#4226 = ORIENTED_EDGE ( 'NONE', *, *, #3441, .T. ) ;
#4227 = EDGE_LOOP ( 'NONE', ( #3694, #2397, #2920, #2584 ) ) ;
#4228 = VECTOR ( 'NONE', #1569, 39.37007874015748143 ) ;
#4229 = ORIENTED_EDGE ( 'NONE', *, *, #3655, .T. ) ;
#4230 = ADVANCED_FACE ( 'NONE', ( #2415 ), #2074, .T. ) ;
#4231 = LINE ( 'NONE', #555, #3879 ) ;
#4232 = EDGE_CURVE ( 'NONE', #2717, #3375, #1884, .T. ) ;
#4233 = FACE_OUTER_BOUND ( 'NONE', #2594, .T. ) ;
#4234 = ORIENTED_EDGE ( 'NONE', *, *, #1954, .F. ) ;
#4235 = CARTESIAN_POINT ( 'NONE',  ( 0.1772928440131584238, -0.01397637795275590532, -0.1512698035913803141 ) ) ;
#4236 = EDGE_CURVE ( 'NONE', #944, #3285, #3191, .T. ) ;
#4237 = CARTESIAN_POINT ( 'NONE',  ( 0.1712598425196850405, -0.1271653543307086631, -0.02125984251968503908 ) ) ;
#4238 = LINE ( 'NONE', #2297, #1732 ) ;
#4239 = DIRECTION ( 'NONE',  ( 0.000000000000000000, 9.637352644315589080E-17, 1.000000000000000000 ) ) ;
#4240 = ORIENTED_EDGE ( 'NONE', *, *, #2852, .T. ) ;
#4241 = ORIENTED_EDGE ( 'NONE', *, *, #1457, .T. ) ;
#4242 = CARTESIAN_POINT ( 'NONE',  ( 0.000000000000000000, 0.06476377952755905942, 0.000000000000000000 ) ) ;
#4243 = ORIENTED_EDGE ( 'NONE', *, *, #511, .F. ) ;
#4244 = ORIENTED_EDGE ( 'NONE', *, *, #3066, .T. ) ;
#4245 = ADVANCED_FACE ( 'NONE', ( #2874 ), #2303, .T. ) ;
#4246 = ORIENTED_EDGE ( 'NONE', *, *, #2729, .F. ) ;
#4247 = MANIFOLD_SOLID_BREP ( 'Imported1', #4054 ) ;
#4248 = CARTESIAN_POINT ( 'NONE',  ( -0.2488188976377949668, 0.1679133858267715662, 0.000000000000000000 ) ) ;
#4249 = EDGE_CURVE ( 'NONE', #3104, #1249, #3409, .T. ) ;
#4250 = DIRECTION ( 'NONE',  ( 0.000000000000000000, 0.000000000000000000, 1.000000000000000000 ) ) ;
#4251 = EDGE_CURVE ( 'NONE', #957, #2923, #2608, .T. ) ;
#4252 = ORIENTED_EDGE ( 'NONE', *, *, #3233, .F. ) ;
#4253 = CARTESIAN_POINT ( 'NONE',  ( 0.1711628345665477391, -0.01577054975494877539, -0.1447401325263843741 ) ) ;
#4254 = FACE_OUTER_BOUND ( 'NONE', #2698, .T. ) ;
#4255 = FACE_BOUND ( 'NONE', #828, .T. ) ;
#4256 = CARTESIAN_POINT ( 'NONE',  ( -0.1307086614173228467, 0.06476377952755905942, 0.08858267716535433989 ) ) ;
#4257 = FACE_BOUND ( 'NONE', #2328, .T. ) ;
#4258 = VERTEX_POINT ( 'NONE', #3923 ) ;
#4259 = DIRECTION ( 'NONE',  ( 1.000000000000000000, 1.094462760868649956E-16, -0.000000000000000000 ) ) ;
#4260 = DIRECTION ( 'NONE',  ( 0.000000000000000000, -0.000000000000000000, 1.000000000000000000 ) ) ;
#4261 = ORIENTED_EDGE ( 'NONE', *, *, #3911, .T. ) ;
ENDSEC;
END-ISO-10303-21;
